city,datetime,lead_days,temperature,rainfall,wind_speed
Agartala,2026-10-03 00:00:00,1,25.745028499999997,0.0,6.577485977485979
Agartala,2026-10-03 01:00:00,1,25.690235799999996,0.0635874,6.394611094611095
Agartala,2026-10-03 02:00:00,1,25.593492899999998,0.0635874,6.516376216376218
Agartala,2026-10-03 03:00:00,1,25.4347065,0.1497158,6.650544250544252
Agartala,2026-10-03 04:00:00,1,25.301034099999995,0.1073242,6.837054137054137
Agartala,2026-10-03 05:00:00,1,25.7394867,0.1073242,6.722411822411823
Agartala,2026-10-03 06:00:00,1,26.1709192,0.5416509,7.190917490917491
Agartala,2026-10-03 07:00:00,1,27.055556199999998,0.6052095,8.046768046768047
Agartala,2026-10-03 08:00:00,1,27.9417984,0.5416221,7.597234497234499
Agartala,2026-10-03 09:00:00,1,29.3031053,0.16027049999999998,6.3414398414398425
Agartala,2026-10-03 10:00:00,1,30.565749999999998,0.0649326,5.353432453432454
Agartala,2026-10-03 11:00:00,1,31.5069669,0.0649326,5.190091990091991
Agartala,2026-10-03 12:00:00,1,32.003283999999994,0.0960249,5.421560121560122
Agartala,2026-10-03 13:00:00,1,32.0238064,0.22314209999999998,6.245359745359746
Agartala,2026-10-03 14:00:00,1,31.480960699999997,0.2032593,6.711134911134911
Agartala,2026-10-03 15:00:00,1,30.7926342,0.0291172,6.718111718111718
Agartala,2026-10-03 16:00:00,1,29.507254,0.0211958,5.802189902189903
Agartala,2026-10-03 17:00:00,1,28.504730199999997,0.0211958,4.917257017257017
Agartala,2026-10-03 18:00:00,1,27.9556915,0.0,5.660454760454761
Agartala,2026-10-03 19:00:00,1,27.4737137,0.0,6.910693110693112
Agartala,2026-10-03 20:00:00,1,27.0407779,0.0,6.900871700871701
Agartala,2026-10-03 21:00:00,1,26.6350239,0.0,6.630845030845031
Agartala,2026-10-03 22:00:00,1,26.276518099999997,0.0,6.413002013002014
Agartala,2026-10-03 23:00:00,1,25.8928983,0.0,6.363367963367963
Agartala,2026-10-04 00:00:00,2,25.6599139,0.0,6.320577800000001
Agartala,2026-10-04 01:00:00,2,25.4314468,0.0,6.410442
Agartala,2026-10-04 02:00:00,2,25.2507521,0.0,6.893796600000001
Agartala,2026-10-04 03:00:00,2,24.9411161,0.0,6.5639259
Agartala,2026-10-04 04:00:00,2,24.7348597,0.0,5.9346030999999995
Agartala,2026-10-04 05:00:00,2,24.7561843,0.0,6.0206962
Agartala,2026-10-04 06:00:00,2,25.441391799999998,0.0,6.2707769
Agartala,2026-10-04 07:00:00,2,26.9268507,0.0,6.3937597
Agartala,2026-10-04 08:00:00,2,28.189567099999998,0.0,6.666768500000001
Agartala,2026-10-04 09:00:00,2,29.2307408,0.0291198,5.655946
Agartala,2026-10-04 10:00:00,2,30.4484767,0.069417,5.2524913
Agartala,2026-10-04 11:00:00,2,31.5166919,0.0291198,5.1819421
Agartala,2026-10-04 12:00:00,2,32.1526438,0.0582396,4.7629534
Agartala,2026-10-04 13:00:00,2,32.1409552,0.4068996,5.4924978
Agartala,2026-10-04 14:00:00,2,31.1339856,1.7724846,5.859229900000001
Agartala,2026-10-04 15:00:00,2,29.9302257,1.424019,4.896312900000001
Agartala,2026-10-04 16:00:00,2,28.7178977,0.523314,4.6713651
Agartala,2026-10-04 17:00:00,2,27.8714856,0.174654,4.211333600000001
Agartala,2026-10-04 18:00:00,2,27.3746138,0.0581748,3.6651701
Agartala,2026-10-04 19:00:00,2,27.262105700000003,0.0291198,4.3119113
Agartala,2026-10-04 20:00:00,2,26.9276959,0.0291198,5.320843399999999
Agartala,2026-10-04 21:00:00,2,26.5006467,0.0,5.6790404
Agartala,2026-10-04 22:00:00,2,26.1538513,0.08716499999999999,6.063758999999999
Agartala,2026-10-04 23:00:00,2,25.8016237,0.029054999999999997,6.681819000000001
Agartala,2026-10-05 00:00:00,3,25.53736593736594,0.0,6.172166599999999
Agartala,2026-10-05 01:00:00,3,25.33776563776564,0.0,5.7609822
Agartala,2026-10-05 02:00:00,3,25.21183441183441,0.0,5.257047999999999
Agartala,2026-10-05 03:00:00,3,24.976733376733378,0.0,5.117552799999999
Agartala,2026-10-05 04:00:00,3,24.793494793494794,0.0,5.002352999999999
Agartala,2026-10-05 05:00:00,3,24.784611584611586,0.0,4.730003799999999
Agartala,2026-10-05 06:00:00,3,25.55005505005505,0.0,4.606429599999999
Agartala,2026-10-05 07:00:00,3,27.110166710166713,0.0,4.387603399999999
Agartala,2026-10-05 08:00:00,3,28.615554215554216,0.0,3.775110599999999
Agartala,2026-10-05 09:00:00,3,29.72649972649973,0.0,3.261975999999999
Agartala,2026-10-05 10:00:00,3,30.769305469305472,0.0559784,2.5164767999999995
Agartala,2026-10-05 11:00:00,3,31.399103399103403,0.0279892,1.7779863999999996
Agartala,2026-10-05 12:00:00,3,31.566093366093366,0.057102,1.3677353999999997
Agartala,2026-10-05 13:00:00,3,30.76712066712067,0.698111,2.0366953999999997
Agartala,2026-10-05 14:00:00,3,30.211675111675113,0.6982416,2.6462901999999993
Agartala,2026-10-05 15:00:00,3,29.697144797144798,0.2843864,2.5486098
Agartala,2026-10-05 16:00:00,3,28.575781075781077,0.1444404,3.541573799999999
Agartala,2026-10-05 17:00:00,3,27.146362246362248,0.1164512,4.322038599999999
Agartala,2026-10-05 18:00:00,3,26.42988742988743,0.0582256,4.354573599999999
Agartala,2026-10-05 19:00:00,3,26.300622900622898,0.0582256,3.4531289999999992
Agartala,2026-10-05 20:00:00,3,26.171737471737472,0.0582256,3.2944147999999993
Agartala,2026-10-05 21:00:00,3,25.889677389677395,0.0,3.2960755999999996
Agartala,2026-10-05 22:00:00,3,25.443497143497147,0.0,2.2603791999999996
Agartala,2026-10-05 23:00:00,3,25.181952081952083,0.0,2.7001927999999995
Agra,2026-10-03 00:00:00,1,25.8138789,0.0,4.851179699999999
Agra,2026-10-03 01:00:00,1,25.190230500000002,0.0,5.301765
Agra,2026-10-03 02:00:00,1,24.7538934,0.0,6.094360699999999
Agra,2026-10-03 03:00:00,1,24.2330173,0.0,6.244865399999999
Agra,2026-10-03 04:00:00,1,23.872769400000003,0.0,5.9885407
Agra,2026-10-03 05:00:00,1,24.2493056,0.0,5.9667249
Agra,2026-10-03 06:00:00,1,23.928921900000002,0.0,4.9856054
Agra,2026-10-03 07:00:00,1,25.271956600000003,0.0,5.3651214
Agra,2026-10-03 08:00:00,1,27.411763800000003,0.0,5.8687427
Agra,2026-10-03 09:00:00,1,29.419709100000006,0.0,7.063126799999999
Agra,2026-10-03 10:00:00,1,31.304778199999998,0.0,7.2713164
Agra,2026-10-03 11:00:00,1,32.8665159,0.0,7.415682699999999
Agra,2026-10-03 12:00:00,1,33.989536099999995,0.0,7.791318199999999
Agra,2026-10-03 13:00:00,1,34.746363200000005,0.0,8.3497797
Agra,2026-10-03 14:00:00,1,35.0414526,0.0,8.7061634
Agra,2026-10-03 15:00:00,1,34.8932251,0.0,7.938770699999999
Agra,2026-10-03 16:00:00,1,34.279839100000004,0.0,5.349380999999999
Agra,2026-10-03 17:00:00,1,32.821161700000005,0.0,2.5243281
Agra,2026-10-03 18:00:00,1,30.962259599999996,0.0,2.6731263
Agra,2026-10-03 19:00:00,1,29.394714899999997,0.0,4.9246984
Agra,2026-10-03 20:00:00,1,28.2038388,0.0,6.0377942
Agra,2026-10-03 21:00:00,1,27.2536803,0.0,6.594117599999999
Agra,2026-10-03 22:00:00,1,26.5118532,0.0,6.812760299999999
Agra,2026-10-03 23:00:00,1,25.918833,0.0,7.062448099999999
Agra,2026-10-04 00:00:00,2,25.551007300000002,0.0,7.184734784734785
Agra,2026-10-04 01:00:00,2,25.202544200000002,0.0,7.4499143499143505
Agra,2026-10-04 02:00:00,2,24.865466500000004,0.0,7.760880960880961
Agra,2026-10-04 03:00:00,2,24.432079200000004,0.0,8.287425187425187
Agra,2026-10-04 04:00:00,2,24.050793900000002,0.0,8.374628774628775
Agra,2026-10-04 05:00:00,2,23.926738200000003,0.0,8.83106643106643
Agra,2026-10-04 06:00:00,2,24.143237199999994,0.0,9.55970045970046
Agra,2026-10-04 07:00:00,2,25.1631359,0.0,10.02979242979243
Agra,2026-10-04 08:00:00,2,27.291508099999998,0.0,10.924641924641925
Agra,2026-10-04 09:00:00,2,29.5014563,0.0,11.530402030402032
Agra,2026-10-04 10:00:00,2,31.4051092,0.0,12.945540945540946
Agra,2026-10-04 11:00:00,2,32.9489886,0.0,13.019165919165918
Agra,2026-10-04 12:00:00,2,34.099379,0.0,12.215762915762916
Agra,2026-10-04 13:00:00,2,34.8843782,0.0,11.463777063777064
Agra,2026-10-04 14:00:00,2,35.2348061,0.0,10.44966454966455
Agra,2026-10-04 15:00:00,2,35.20079989999999,0.0,8.28835148835149
Agra,2026-10-04 16:00:00,2,34.6501188,0.0,5.068827468827469
Agra,2026-10-04 17:00:00,2,32.9893276,0.0,2.6665219665219664
Agra,2026-10-04 18:00:00,2,31.0581583,0.0,4.405051405051405
Agra,2026-10-04 19:00:00,2,29.589834,0.0,5.547021347021347
Agra,2026-10-04 20:00:00,2,28.5707911,0.0,6.077792177792178
Agra,2026-10-04 21:00:00,2,27.826546,0.0,6.033749733749734
Agra,2026-10-04 22:00:00,2,27.2945421,0.0,6.792000392000393
Agra,2026-10-04 23:00:00,2,26.773030300000002,0.0,7.532877232877232
Agra,2026-10-05 00:00:00,3,26.420739400000002,0.0,7.986547686547688
Agra,2026-10-05 01:00:00,3,25.943340499999998,0.0,8.826484626484628
Agra,2026-10-05 02:00:00,3,25.4218556,0.0,10.031637231637234
Agra,2026-10-05 03:00:00,3,24.8360472,0.0,10.414070414070416
Agra,2026-10-05 04:00:00,3,24.333551500000002,0.0,10.434286034286036
Agra,2026-10-05 05:00:00,3,24.065616499999997,0.0,10.355597855597857
Agra,2026-10-05 06:00:00,3,24.0583934,0.0,10.183247583247585
Agra,2026-10-05 07:00:00,3,25.1156869,0.0,10.273214173214175
Agra,2026-10-05 08:00:00,3,27.229412699999997,0.0,10.36031636031636
Agra,2026-10-05 09:00:00,3,29.3492543,0.0,10.72960082960083
Agra,2026-10-05 10:00:00,3,31.127180399999997,0.0,11.106734406734407
Agra,2026-10-05 11:00:00,3,32.5818465,0.0,11.537082737082738
Agra,2026-10-05 12:00:00,3,33.7128571,0.0,11.33925093925094
Agra,2026-10-05 13:00:00,3,34.5290172,0.0,10.579772879772882
Agra,2026-10-05 14:00:00,3,35.036372300000004,0.0,9.192026492026493
Agra,2026-10-05 15:00:00,3,35.068367,0.0,7.260466560466561
Agra,2026-10-05 16:00:00,3,34.6099573,0.0,4.609689709689711
Agra,2026-10-05 17:00:00,3,33.0964331,0.0,3.316168616168617
Agra,2026-10-05 18:00:00,3,31.294860399999997,0.0,5.198271098271098
Agra,2026-10-05 19:00:00,3,30.113981699999997,0.0,6.36989576989577
Agra,2026-10-05 20:00:00,3,29.234087099999996,0.0,6.3433763433763435
Agra,2026-10-05 21:00:00,3,28.335335,0.0,6.201946101946103
Agra,2026-10-05 22:00:00,3,27.6443335,0.0,5.370648970648971
Agra,2026-10-05 23:00:00,3,27.036644699999997,0.0,4.897613097613098
Ahmedabad,2026-10-03 00:00:00,1,26.496733496733494,0.0,3.7477011
Ahmedabad,2026-10-03 01:00:00,1,25.81178391178391,0.0,3.4302565
Ahmedabad,2026-10-03 02:00:00,1,25.069637669637668,0.0,3.7008848
Ahmedabad,2026-10-03 03:00:00,1,24.377673577673576,0.0,4.617112700000001
Ahmedabad,2026-10-03 04:00:00,1,23.897222197222195,0.0,4.3710887
Ahmedabad,2026-10-03 05:00:00,1,24.251411151411148,0.0,5.099238199999999
Ahmedabad,2026-10-03 06:00:00,1,23.51015661015661,0.0,6.037592
Ahmedabad,2026-10-03 07:00:00,1,24.334208634208633,0.0,5.0868970000000004
Ahmedabad,2026-10-03 08:00:00,1,26.554720254720255,0.0,5.1564444
Ahmedabad,2026-10-03 09:00:00,1,29.363818763818763,0.0,7.348203999999999
Ahmedabad,2026-10-03 10:00:00,1,31.709900409900406,0.0,8.383604
Ahmedabad,2026-10-03 11:00:00,1,33.62286752286752,0.0,8.671533
Ahmedabad,2026-10-03 12:00:00,1,34.81988991988992,0.0,8.6206672
Ahmedabad,2026-10-03 13:00:00,1,35.54304504304504,0.0,6.9692392000000005
Ahmedabad,2026-10-03 14:00:00,1,35.90242200242201,0.0,6.4313884
Ahmedabad,2026-10-03 15:00:00,1,35.9065559065559,0.0,6.4620131999999995
Ahmedabad,2026-10-03 16:00:00,1,35.56715796715797,0.0,6.2692868
Ahmedabad,2026-10-03 17:00:00,1,34.83073763073763,0.0,5.6759033
Ahmedabad,2026-10-03 18:00:00,1,32.99610519610519,0.0,4.5040005
Ahmedabad,2026-10-03 19:00:00,1,31.13930553930554,0.0,4.5938263
Ahmedabad,2026-10-03 20:00:00,1,29.75144455144455,0.0,4.1757333999999995
Ahmedabad,2026-10-03 21:00:00,1,28.79391899391899,0.0,2.9388335999999997
Ahmedabad,2026-10-03 22:00:00,1,28.039302239302238,0.0,3.5228865000000003
Ahmedabad,2026-10-03 23:00:00,1,27.33357633357633,0.0,4.341569399999999
Ahmedabad,2026-10-04 00:00:00,2,26.781022399999998,0.0,4.2252587
Ahmedabad,2026-10-04 01:00:00,2,26.142750699999997,0.0,5.2925857999999995
Ahmedabad,2026-10-04 02:00:00,2,25.1102356,0.0,6.457444300000001
Ahmedabad,2026-10-04 03:00:00,2,24.675321,0.0,5.7672317
Ahmedabad,2026-10-04 04:00:00,2,24.3664522,0.0,6.1655298
Ahmedabad,2026-10-04 05:00:00,2,24.113782399999998,0.0,6.118929100000001
Ahmedabad,2026-10-04 06:00:00,2,24.000472199999997,0.0,5.1278593
Ahmedabad,2026-10-04 07:00:00,2,24.629627199999998,0.0,4.5943024
Ahmedabad,2026-10-04 08:00:00,2,26.5559803,0.0,4.9657849
Ahmedabad,2026-10-04 09:00:00,2,28.893395599999998,0.0,7.3654665999999995
Ahmedabad,2026-10-04 10:00:00,2,30.9339607,0.0,7.9711994
Ahmedabad,2026-10-04 11:00:00,2,32.669065,0.0,7.6963209
Ahmedabad,2026-10-04 12:00:00,2,33.9668134,0.0,7.9796176
Ahmedabad,2026-10-04 13:00:00,2,34.8645618,0.0,8.9003084
Ahmedabad,2026-10-04 14:00:00,2,35.3202511,0.0,8.7304103
Ahmedabad,2026-10-04 15:00:00,2,35.292869499999995,0.0,8.0177526
Ahmedabad,2026-10-04 16:00:00,2,34.9129763,0.0,7.2251496
Ahmedabad,2026-10-04 17:00:00,2,34.1550936,0.0,5.739974699999999
Ahmedabad,2026-10-04 18:00:00,2,32.4711372,0.0,4.803034500000001
Ahmedabad,2026-10-04 19:00:00,2,30.954916599999997,0.0,4.5831565
Ahmedabad,2026-10-04 20:00:00,2,29.913246,0.0,3.5890193999999997
Ahmedabad,2026-10-04 21:00:00,2,28.909947099999997,0.0,3.7614451
Ahmedabad,2026-10-04 22:00:00,2,27.7457775,0.0,5.0377522
Ahmedabad,2026-10-04 23:00:00,2,26.7570561,0.0,6.0441149
Ahmedabad,2026-10-05 00:00:00,3,26.0728274,0.0,6.306760499999999
Ahmedabad,2026-10-05 01:00:00,3,25.464736900000002,0.0,7.635586
Ahmedabad,2026-10-05 02:00:00,3,24.9271671,0.0,8.591019099999999
Ahmedabad,2026-10-05 03:00:00,3,24.4329565,0.0,8.3149291
Ahmedabad,2026-10-05 04:00:00,3,23.8963061,0.0,8.352707599999999
Ahmedabad,2026-10-05 05:00:00,3,23.545364199999998,0.0,8.1007479
Ahmedabad,2026-10-05 06:00:00,3,23.5158085,0.0,7.4096463
Ahmedabad,2026-10-05 07:00:00,3,24.042763899999997,0.0,7.0390441
Ahmedabad,2026-10-05 08:00:00,3,25.982485299999997,0.0,7.1088173
Ahmedabad,2026-10-05 09:00:00,3,28.208820499999998,0.0,7.2771525
Ahmedabad,2026-10-05 10:00:00,3,30.4604475,0.0,6.2534943
Ahmedabad,2026-10-05 11:00:00,3,32.2380687,0.0,6.424702699999999
Ahmedabad,2026-10-05 12:00:00,3,33.483923600000004,0.0,6.7061195
Ahmedabad,2026-10-05 13:00:00,3,34.2994671,0.0,7.664899299999999
Ahmedabad,2026-10-05 14:00:00,3,34.8296488,0.0,8.2194445
Ahmedabad,2026-10-05 15:00:00,3,34.912650400000004,0.0,8.045693499999999
Ahmedabad,2026-10-05 16:00:00,3,34.6500764,0.0,7.029723
Ahmedabad,2026-10-05 17:00:00,3,34.0142549,0.0,5.4973419
Ahmedabad,2026-10-05 18:00:00,3,32.4159833,0.0,5.907557199999999
Ahmedabad,2026-10-05 19:00:00,3,30.892287600000003,0.0,6.8092383
Ahmedabad,2026-10-05 20:00:00,3,29.7881874,0.0,6.7761960000000006
Ahmedabad,2026-10-05 21:00:00,3,28.677528000000002,0.0,7.0193107
Ahmedabad,2026-10-05 22:00:00,3,27.7514015,0.0,6.5264693000000005
Ahmedabad,2026-10-05 23:00:00,3,27.065498400000003,0.0,7.2797125000000005
Amritsar,2026-10-03 00:00:00,1,25.264117164117163,0.0,3.4690228690228686
Amritsar,2026-10-03 01:00:00,1,24.693141093141094,0.0,2.934395234395234
Amritsar,2026-10-03 02:00:00,1,24.1984097984098,0.0,2.6036385036385035
Amritsar,2026-10-03 03:00:00,1,23.77948767948768,0.0,1.7057315057315057
Amritsar,2026-10-03 04:00:00,1,23.464552764552764,0.0,1.8999187999187999
Amritsar,2026-10-03 05:00:00,1,23.834198134198136,0.0,2.4448584448584447
Amritsar,2026-10-03 06:00:00,1,23.572285672285673,0.0,2.8098760098760094
Amritsar,2026-10-03 07:00:00,1,24.722186922186925,0.0,2.9247084247084247
Amritsar,2026-10-03 08:00:00,1,27.11213051213051,0.0,3.2792718792718794
Amritsar,2026-10-03 09:00:00,1,29.6003832003832,0.0,2.337139137139137
Amritsar,2026-10-03 10:00:00,1,31.907196807196808,0.0,3.6665571665571663
Amritsar,2026-10-03 11:00:00,1,33.63892643892644,0.0,6.086149386149385
Amritsar,2026-10-03 12:00:00,1,34.69073899073899,0.0,8.418054818054818
Amritsar,2026-10-03 13:00:00,1,35.37640857640858,0.0,9.84158974158974
Amritsar,2026-10-03 14:00:00,1,35.53916883916884,0.0,10.357122557122558
Amritsar,2026-10-03 15:00:00,1,35.2997534997535,0.0,10.52949362949363
Amritsar,2026-10-03 16:00:00,1,34.721091721091724,0.0,9.788154188154188
Amritsar,2026-10-03 17:00:00,1,33.47478927478927,0.0,8.076351376351376
Amritsar,2026-10-03 18:00:00,1,31.0976292976293,0.0,6.983847883847883
Amritsar,2026-10-03 19:00:00,1,29.16790636790637,0.0,6.1895074895074895
Amritsar,2026-10-03 20:00:00,1,27.910898610898606,0.0,5.563593863593864
Amritsar,2026-10-03 21:00:00,1,27.043668343668344,0.0,4.526787526787526
Amritsar,2026-10-03 22:00:00,1,26.31967171967172,0.0,4.264987864987865
Amritsar,2026-10-03 23:00:00,1,25.743016643016645,0.0,4.033957333957334
Amritsar,2026-10-04 00:00:00,2,25.395488795488795,0.0,3.902798802798803
Amritsar,2026-10-04 01:00:00,2,25.136236536236538,0.0,4.308716208716209
Amritsar,2026-10-04 02:00:00,2,24.835031235031238,0.0,4.553838453838455
Amritsar,2026-10-04 03:00:00,2,24.32203772203772,0.0,4.544333744333745
Amritsar,2026-10-04 04:00:00,2,23.82111842111842,0.0,4.2973759973759975
Amritsar,2026-10-04 05:00:00,2,23.452820852820853,0.0,4.866375866375868
Amritsar,2026-10-04 06:00:00,2,23.357473857473856,0.0,4.679628979628981
Amritsar,2026-10-04 07:00:00,2,24.574574774574774,0.0,4.825996625996626
Amritsar,2026-10-04 08:00:00,2,27.13991613991614,0.0,4.985158985158986
Amritsar,2026-10-04 09:00:00,2,29.518607318607316,0.0,5.582298482298483
Amritsar,2026-10-04 10:00:00,2,31.646361546361547,0.0,5.932075432075433
Amritsar,2026-10-04 11:00:00,2,33.48306448306448,0.0,5.92875622875623
Amritsar,2026-10-04 12:00:00,2,34.84002904002904,0.0,5.9769837769837775
Amritsar,2026-10-04 13:00:00,2,35.67587407587408,0.0,5.7545298545298555
Amritsar,2026-10-04 14:00:00,2,35.92876752876753,0.0,6.224465224465225
Amritsar,2026-10-04 15:00:00,2,35.67172147172147,0.0,6.223582723582725
Amritsar,2026-10-04 16:00:00,2,35.04652084652085,0.0,6.352436552436554
Amritsar,2026-10-04 17:00:00,2,33.86907016907017,0.0,6.262833762833763
Amritsar,2026-10-04 18:00:00,2,31.523591623591624,0.0,7.508769808769809
Amritsar,2026-10-04 19:00:00,2,29.773190273190274,0.0,6.430676930676931
Amritsar,2026-10-04 20:00:00,2,28.609152009152012,0.0,6.58878478878479
Amritsar,2026-10-04 21:00:00,2,27.827717927717927,0.0,6.132305532305533
Amritsar,2026-10-04 22:00:00,2,27.073690673690674,0.0,5.672286272286273
Amritsar,2026-10-04 23:00:00,2,26.426369626369624,0.0,4.586441186441187
Amritsar,2026-10-05 00:00:00,3,25.848079100000003,0.0,4.3991276
Amritsar,2026-10-05 01:00:00,3,25.1403342,0.0,6.916103400000001
Amritsar,2026-10-05 02:00:00,3,24.5559492,0.0,7.032031
Amritsar,2026-10-05 03:00:00,3,24.015082500000002,0.0,6.715631
Amritsar,2026-10-05 04:00:00,3,23.5017857,0.0,6.0100434
Amritsar,2026-10-05 05:00:00,3,23.2193266,0.0,5.7405464
Amritsar,2026-10-05 06:00:00,3,23.1981506,0.0,5.5493606
Amritsar,2026-10-05 07:00:00,3,24.386360699999997,0.0,5.9372436
Amritsar,2026-10-05 08:00:00,3,27.003008100000002,0.0,6.7812124
Amritsar,2026-10-05 09:00:00,3,29.8297775,0.0,7.493781799999999
Amritsar,2026-10-05 10:00:00,3,32.174471000000004,0.0,8.1658096
Amritsar,2026-10-05 11:00:00,3,33.8832244,0.0,8.0825468
Amritsar,2026-10-05 12:00:00,3,34.9644079,0.0,7.5943426
Amritsar,2026-10-05 13:00:00,3,35.567741999999996,0.0,7.1212082
Amritsar,2026-10-05 14:00:00,3,35.92008,0.0,6.360930799999998
Amritsar,2026-10-05 15:00:00,3,35.7313846,0.0,5.6564244
Amritsar,2026-10-05 16:00:00,3,35.0985547,0.0,5.2852862
Amritsar,2026-10-05 17:00:00,3,33.8496438,0.0,4.5751956
Amritsar,2026-10-05 18:00:00,3,31.4209089,0.0,6.5773611999999995
Amritsar,2026-10-05 19:00:00,3,29.6493547,0.0,7.0570965999999995
Amritsar,2026-10-05 20:00:00,3,28.3857784,0.0,6.8519466
Amritsar,2026-10-05 21:00:00,3,27.5374911,0.0,6.885387199999999
Amritsar,2026-10-05 22:00:00,3,27.01789,0.0,6.5039712000000005
Amritsar,2026-10-05 23:00:00,3,26.299557099999998,0.0,8.4294744
Bengaluru,2026-10-03 00:00:00,1,22.162724037275957,0.0,11.267286599999998
Bengaluru,2026-10-03 01:00:00,1,21.558984241015757,0.0,10.3391089
Bengaluru,2026-10-03 02:00:00,1,21.03301486698513,0.0,9.4495261
Bengaluru,2026-10-03 03:00:00,1,20.610647589352407,0.0,8.804132599999999
Bengaluru,2026-10-03 04:00:00,1,20.308773291226707,0.0,8.0887469
Bengaluru,2026-10-03 05:00:00,1,20.52287527712472,0.0,8.3756863
Bengaluru,2026-10-03 06:00:00,1,20.505969094030903,0.0,7.5425866
Bengaluru,2026-10-03 07:00:00,1,21.685891514108484,0.0,8.4462937
Bengaluru,2026-10-03 08:00:00,1,23.54620455379544,0.0,9.3855653
Bengaluru,2026-10-03 09:00:00,1,25.33466766533233,0.0,9.3327056
Bengaluru,2026-10-03 10:00:00,1,27.086199813800178,0.0,9.422914299999999
Bengaluru,2026-10-03 11:00:00,1,28.36904003095996,0.0,9.544535400000001
Bengaluru,2026-10-03 12:00:00,1,29.31637068362931,0.0,9.8937642
Bengaluru,2026-10-03 13:00:00,1,29.996883703116293,0.0,9.7914772
Bengaluru,2026-10-03 14:00:00,1,30.18821181178818,0.0,9.331275899999998
Bengaluru,2026-10-03 15:00:00,1,29.989817210182785,0.027458100000000003,9.2279911
Bengaluru,2026-10-03 16:00:00,1,29.416985383014612,0.027458100000000003,9.3123518
Bengaluru,2026-10-03 17:00:00,1,28.500693899306093,0.027458100000000003,9.4843425
Bengaluru,2026-10-03 18:00:00,1,27.26590613409386,0.0,8.963006
Bengaluru,2026-10-03 19:00:00,1,26.149015250984746,0.0,8.6242321
Bengaluru,2026-10-03 20:00:00,1,25.43446036553963,0.0,7.2233918
Bengaluru,2026-10-03 21:00:00,1,24.962628037371957,0.0,6.073629500000001
Bengaluru,2026-10-03 22:00:00,1,24.500280799719196,0.0,5.8337387
Bengaluru,2026-10-03 23:00:00,1,24.04254165745834,0.0,7.2501163
Bengaluru,2026-10-04 00:00:00,2,23.453596600000004,0.0,8.3049788
Bengaluru,2026-10-04 01:00:00,2,22.926542,0.0,7.6691708
Bengaluru,2026-10-04 02:00:00,2,22.4460538,0.0,7.1909114
Bengaluru,2026-10-04 03:00:00,2,21.9349144,0.0,7.3849783
Bengaluru,2026-10-04 04:00:00,2,21.414787999999998,0.0,8.3411969
Bengaluru,2026-10-04 05:00:00,2,21.1358314,0.0,8.1153869
Bengaluru,2026-10-04 06:00:00,2,21.225099200000002,0.0,7.3662543
Bengaluru,2026-10-04 07:00:00,2,22.221341,0.0,6.9325283
Bengaluru,2026-10-04 08:00:00,2,23.7670126,0.0,6.6861356
Bengaluru,2026-10-04 09:00:00,2,25.606560599999998,0.027970872029127965,6.2272497
Bengaluru,2026-10-04 10:00:00,2,27.441354999999998,0.027970872029127965,4.6965912
Bengaluru,2026-10-04 11:00:00,2,28.9631198,0.027970872029127965,3.9134840000000004
Bengaluru,2026-10-04 12:00:00,2,29.7386532,0.0,4.582967699999999
Bengaluru,2026-10-04 13:00:00,2,30.0134756,0.04472835527164473,4.5483436
Bengaluru,2026-10-04 14:00:00,2,30.059790200000002,0.0,4.6821416000000005
Bengaluru,2026-10-04 15:00:00,2,29.3568664,0.2517378482621517,4.711531000000001
Bengaluru,2026-10-04 16:00:00,2,28.0391296,0.351067748932251,5.6448439
Bengaluru,2026-10-04 17:00:00,2,25.680054600000002,1.4183696816303182,6.9198547
Bengaluru,2026-10-04 18:00:00,2,24.423049399999996,1.3249540750459246,6.112814200000001
Bengaluru,2026-10-04 19:00:00,2,23.6974938,1.3999460000539996,4.857635800000001
Bengaluru,2026-10-04 20:00:00,2,23.1178942,1.8524775475224522,7.4391625
Bengaluru,2026-10-04 21:00:00,2,22.566473600000002,0.7226142773857225,7.774555100000001
Bengaluru,2026-10-04 22:00:00,2,22.0926556,0.6476223523776475,5.218812
Bengaluru,2026-10-04 23:00:00,2,21.8820302,0.5288994711005288,4.1790285
Bengaluru,2026-10-05 00:00:00,3,21.6141519,0.5944458,4.5026092
Bengaluru,2026-10-05 01:00:00,3,21.3751936,0.2576297,4.731048299999999
Bengaluru,2026-10-05 02:00:00,3,21.1737299,0.7753511,4.7128891
Bengaluru,2026-10-05 03:00:00,3,20.92284,0.8739646999999999,4.972296200000001
Bengaluru,2026-10-05 04:00:00,3,20.8017733,0.2231805,4.5694533999999996
Bengaluru,2026-10-05 05:00:00,3,20.859509,0.14051439999999998,3.2960108
Bengaluru,2026-10-05 06:00:00,3,21.0320978,0.184595,3.3183077000000005
Bengaluru,2026-10-05 07:00:00,3,21.7163021,0.3127005,3.4834007
Bengaluru,2026-10-05 08:00:00,3,22.95882,0.3967254,5.0538185
Bengaluru,2026-10-05 09:00:00,3,24.4907391,0.3746851,5.5842754
Bengaluru,2026-10-05 10:00:00,3,26.0657481,0.206202,5.347576200000001
Bengaluru,2026-10-05 11:00:00,3,27.3401249,0.024653400000000002,4.6810304
Bengaluru,2026-10-05 12:00:00,3,28.088329400000003,0.21208500000000002,3.4371231
Bengaluru,2026-10-05 13:00:00,3,27.944755200000003,0.37681950000000003,3.33253
Bengaluru,2026-10-05 14:00:00,3,27.1540786,1.3629555,4.3630627
Bengaluru,2026-10-05 15:00:00,3,26.583415199999997,0.9417546,3.5858065000000003
Bengaluru,2026-10-05 16:00:00,3,26.110297099999997,0.3526861,2.3529964999999997
Bengaluru,2026-10-05 17:00:00,3,25.2215965,0.49799340000000003,3.9187740000000004
Bengaluru,2026-10-05 18:00:00,3,23.501646299999997,1.4465341999999999,4.0105971
Bengaluru,2026-10-05 19:00:00,3,22.306242400000002,2.3116153,5.0955654
Bengaluru,2026-10-05 20:00:00,3,21.7360854,2.197383,5.022937300000001
Bengaluru,2026-10-05 21:00:00,3,21.272477900000002,1.5691773,5.3825275
Bengaluru,2026-10-05 22:00:00,3,20.8527638,1.7275957,3.294747
Bengaluru,2026-10-05 23:00:00,3,20.357952500000003,3.1230484,3.1179594
Bhopal,2026-10-03 00:00:00,1,23.050187200000003,0.0,3.0155032999999998
Bhopal,2026-10-03 01:00:00,1,22.5811353,0.0,3.5090896999999996
Bhopal,2026-10-03 02:00:00,1,22.189195400000003,0.0,3.5793354999999996
Bhopal,2026-10-03 03:00:00,1,21.945752600000002,0.0,3.9197949999999997
Bhopal,2026-10-03 04:00:00,1,21.682861800000005,0.0,4.0818233
Bhopal,2026-10-03 05:00:00,1,21.8006113,0.0,3.9144252999999996
Bhopal,2026-10-03 06:00:00,1,21.754280500000007,0.0,3.8191669999999998
Bhopal,2026-10-03 07:00:00,1,23.6203739,0.0,3.6599627
Bhopal,2026-10-03 08:00:00,1,26.167208500000005,0.0,4.0703202
Bhopal,2026-10-03 09:00:00,1,28.4064172,0.0,5.3193673
Bhopal,2026-10-03 10:00:00,1,30.056263200000004,0.0,6.3772617
Bhopal,2026-10-03 11:00:00,1,31.386535000000006,0.0,7.150053399999999
Bhopal,2026-10-03 12:00:00,1,31.9765656,0.0,7.6484679
Bhopal,2026-10-03 13:00:00,1,32.239764400000006,0.0,8.0193077
Bhopal,2026-10-03 14:00:00,1,32.184191500000004,0.0,7.926500599999999
Bhopal,2026-10-03 15:00:00,1,31.818159400000006,0.0,7.134439899999999
Bhopal,2026-10-03 16:00:00,1,31.1022813,0.0,6.1556166999999995
Bhopal,2026-10-03 17:00:00,1,29.445624900000006,0.0,5.1134697
Bhopal,2026-10-03 18:00:00,1,27.427716900000007,0.0,4.2496879
Bhopal,2026-10-03 19:00:00,1,26.1742917,0.0,3.9623047
Bhopal,2026-10-03 20:00:00,1,25.361671800000003,0.0,3.8143033
Bhopal,2026-10-03 21:00:00,1,24.8249968,0.0,4.3562748
Bhopal,2026-10-03 22:00:00,1,24.223955900000004,0.0,4.8252188
Bhopal,2026-10-03 23:00:00,1,23.747894100000003,0.0,4.7739418
Bhopal,2026-10-04 00:00:00,2,23.1724046,0.0,5.2804271
Bhopal,2026-10-04 01:00:00,2,22.504631599999996,0.0,5.486358900000001
Bhopal,2026-10-04 02:00:00,2,21.943889700000003,0.0,5.901446
Bhopal,2026-10-04 03:00:00,2,21.448419,0.0,6.226827500000001
Bhopal,2026-10-04 04:00:00,2,21.105586099999996,0.0,6.5556942
Bhopal,2026-10-04 05:00:00,2,21.0163199,0.0,7.063408600000001
Bhopal,2026-10-04 06:00:00,2,21.0761458,0.0,7.599849900000001
Bhopal,2026-10-04 07:00:00,2,22.7027363,0.0,7.983545400000001
Bhopal,2026-10-04 08:00:00,2,25.5199152,0.0,7.940378
Bhopal,2026-10-04 09:00:00,2,27.9205592,0.0,9.5350423
Bhopal,2026-10-04 10:00:00,2,29.839502200000002,0.0,10.708422500000001
Bhopal,2026-10-04 11:00:00,2,31.241097899999996,0.0,10.9742812
Bhopal,2026-10-04 12:00:00,2,32.0356625,0.0,10.6172264
Bhopal,2026-10-04 13:00:00,2,32.3840977,0.0,9.4015659
Bhopal,2026-10-04 14:00:00,2,32.4412648,0.0,8.4430034
Bhopal,2026-10-04 15:00:00,2,32.1028447,0.0,7.685465800000001
Bhopal,2026-10-04 16:00:00,2,31.4361219,0.0,6.7336197
Bhopal,2026-10-04 17:00:00,2,29.802912799999998,0.0,5.1605195
Bhopal,2026-10-04 18:00:00,2,27.925425800000003,0.0,4.5265043
Bhopal,2026-10-04 19:00:00,2,26.6592485,0.0,4.4328607
Bhopal,2026-10-04 20:00:00,2,25.5908477,0.0,4.9668058
Bhopal,2026-10-04 21:00:00,2,24.737593500000003,0.0,5.655967100000001
Bhopal,2026-10-04 22:00:00,2,24.0382213,0.0,6.2938471
Bhopal,2026-10-04 23:00:00,2,23.4893799,0.0,7.0614712
Bhopal,2026-10-05 00:00:00,3,23.1014056,0.0,7.5464702
Bhopal,2026-10-05 01:00:00,3,22.7573821,0.0,8.528599100000001
Bhopal,2026-10-05 02:00:00,3,22.397529500000005,0.0,9.02222
Bhopal,2026-10-05 03:00:00,3,21.8429546,0.0,9.228911700000001
Bhopal,2026-10-05 04:00:00,3,21.4280201,0.0,9.0711689
Bhopal,2026-10-05 05:00:00,3,21.3163783,0.0,9.1710881
Bhopal,2026-10-05 06:00:00,3,21.362237999999998,0.0,8.2399278
Bhopal,2026-10-05 07:00:00,3,22.976917,0.0,7.7058882
Bhopal,2026-10-05 08:00:00,3,25.7402628,0.0,7.6199425000000005
Bhopal,2026-10-05 09:00:00,3,27.9975597,0.0,8.840080799999999
Bhopal,2026-10-05 10:00:00,3,29.9198548,0.0,9.645201
Bhopal,2026-10-05 11:00:00,3,31.316370300000003,0.0,10.628439
Bhopal,2026-10-05 12:00:00,3,32.0869104,0.0,11.323541500000001
Bhopal,2026-10-05 13:00:00,3,32.4548606,0.0,10.927769600000001
Bhopal,2026-10-05 14:00:00,3,32.428885199999996,0.0,10.0171584
Bhopal,2026-10-05 15:00:00,3,32.0936024,0.0,9.119156199999999
Bhopal,2026-10-05 16:00:00,3,31.350959000000003,0.0,7.794611
Bhopal,2026-10-05 17:00:00,3,29.729699399999998,0.0,5.805195200000001
Bhopal,2026-10-05 18:00:00,3,27.8769814,0.0,4.7664059000000005
Bhopal,2026-10-05 19:00:00,3,26.4826507,0.0,3.9170317000000003
Bhopal,2026-10-05 20:00:00,3,25.5010522,0.0,3.6944801000000003
Bhopal,2026-10-05 21:00:00,3,24.656368099999998,0.0,4.5108406
Bhopal,2026-10-05 22:00:00,3,24.020484399999997,0.0,5.507508
Bhopal,2026-10-05 23:00:00,3,23.458685,0.0,6.125237200000001
Bhubaneswar,2026-10-03 00:00:00,1,26.4131767,0.0,8.358823300000001
Bhubaneswar,2026-10-03 01:00:00,1,26.2225488,0.0,8.2401178
Bhubaneswar,2026-10-03 02:00:00,1,26.0433112,0.0,8.2169183
Bhubaneswar,2026-10-03 03:00:00,1,25.8406559,0.0,7.794135799999999
Bhubaneswar,2026-10-03 04:00:00,1,25.672289,0.0,7.1401656
Bhubaneswar,2026-10-03 05:00:00,1,25.9741897,0.0,6.623787599999999
Bhubaneswar,2026-10-03 06:00:00,1,26.4727484,0.0,6.9354709
Bhubaneswar,2026-10-03 07:00:00,1,28.2768846,0.0,8.737729
Bhubaneswar,2026-10-03 08:00:00,1,29.868341800000003,0.0,10.514584399999999
Bhubaneswar,2026-10-03 09:00:00,1,31.112311999999996,0.0,10.378774699999997
Bhubaneswar,2026-10-03 10:00:00,1,32.1927063,0.0,9.461418199999999
Bhubaneswar,2026-10-03 11:00:00,1,32.918049800000006,0.0,8.6013025
Bhubaneswar,2026-10-03 12:00:00,1,33.4231505,0.028033200000000005,7.674078899999999
Bhubaneswar,2026-10-03 13:00:00,1,33.699273399999996,0.028033200000000005,7.081165099999999
Bhubaneswar,2026-10-03 14:00:00,1,33.6519786,0.028033200000000005,6.5080357
Bhubaneswar,2026-10-03 15:00:00,1,33.2348183,0.0,5.3180244000000005
Bhubaneswar,2026-10-03 16:00:00,1,32.1883956,0.42542250000000004,3.7525012999999996
Bhubaneswar,2026-10-03 17:00:00,1,30.072861699999997,0.6239530000000001,5.415965099999999
Bhubaneswar,2026-10-03 18:00:00,1,28.592524700000002,0.4821455,8.571606599999999
Bhubaneswar,2026-10-03 19:00:00,1,27.7550363,0.2579745,9.1261538
Bhubaneswar,2026-10-03 20:00:00,1,27.3103968,0.0,9.3900356
Bhubaneswar,2026-10-03 21:00:00,1,26.810489200000003,0.0,9.2234114
Bhubaneswar,2026-10-03 22:00:00,1,26.5487216,0.0,9.283684
Bhubaneswar,2026-10-03 23:00:00,1,26.3579762,0.0,8.8947694
Bhubaneswar,2026-10-04 00:00:00,2,26.170107899999998,0.0,8.410928989071012
Bhubaneswar,2026-10-04 01:00:00,2,25.922312400000003,0.0,7.601940098059902
Bhubaneswar,2026-10-04 02:00:00,2,25.675932599999996,0.0,6.9875668124331884
Bhubaneswar,2026-10-04 03:00:00,2,25.3960446,0.0,6.567582832417169
Bhubaneswar,2026-10-04 04:00:00,2,25.0885295,0.0,6.215225484774516
Bhubaneswar,2026-10-04 05:00:00,2,24.9393747,0.0,5.962591037408963
Bhubaneswar,2026-10-04 06:00:00,2,25.6439529,0.0,5.845243854756146
Bhubaneswar,2026-10-04 07:00:00,2,27.491642900000002,0.0,6.221313578686422
Bhubaneswar,2026-10-04 08:00:00,2,29.202936899999997,0.0,6.907588292411708
Bhubaneswar,2026-10-04 09:00:00,2,30.7216332,0.0,7.418539981460018
Bhubaneswar,2026-10-04 10:00:00,2,32.101408400000004,0.0,8.166840233159768
Bhubaneswar,2026-10-04 11:00:00,2,33.163903000000005,0.0,8.72928807071193
Bhubaneswar,2026-10-04 12:00:00,2,33.7741931,0.0,9.42974907025093
Bhubaneswar,2026-10-04 13:00:00,2,34.033856300000004,0.0,9.995779704220297
Bhubaneswar,2026-10-04 14:00:00,2,33.9017638,0.0,9.892664907335092
Bhubaneswar,2026-10-04 15:00:00,2,33.38679,0.0,8.963256436743563
Bhubaneswar,2026-10-04 16:00:00,2,32.211311,0.0,6.766286433713566
Bhubaneswar,2026-10-04 17:00:00,2,30.225604699999998,0.0,5.320085179914821
Bhubaneswar,2026-10-04 18:00:00,2,28.9508306,0.0,4.653035046964954
Bhubaneswar,2026-10-04 19:00:00,2,28.042960100000002,0.0,4.351550848449151
Bhubaneswar,2026-10-04 20:00:00,2,27.2888153,0.0,5.355697044302956
Bhubaneswar,2026-10-04 21:00:00,2,26.6700626,0.0,5.976568023431977
Bhubaneswar,2026-10-04 22:00:00,2,26.0369171,0.0,6.415447484552516
Bhubaneswar,2026-10-04 23:00:00,2,25.587543999999998,0.0,6.432368067631932
Bhubaneswar,2026-10-05 00:00:00,3,25.3293278,0.0,6.032668567331432
Bhubaneswar,2026-10-05 01:00:00,3,25.121125999999997,0.0,5.806738793261206
Bhubaneswar,2026-10-05 02:00:00,3,24.9699414,0.0,5.87062472937527
Bhubaneswar,2026-10-05 03:00:00,3,24.6901116,0.0,5.985669314330685
Bhubaneswar,2026-10-05 04:00:00,3,24.3601452,0.0,5.708742191257809
Bhubaneswar,2026-10-05 05:00:00,3,24.3086112,0.0,4.952271547728452
Bhubaneswar,2026-10-05 06:00:00,3,25.060464399999997,0.0,4.965571334428665
Bhubaneswar,2026-10-05 07:00:00,3,27.07582,0.0,5.5852150147849855
Bhubaneswar,2026-10-05 08:00:00,3,29.2662222,0.0,6.218643781356218
Bhubaneswar,2026-10-05 09:00:00,3,31.121098599999996,0.0,6.925686774313226
Bhubaneswar,2026-10-05 10:00:00,3,32.597739600000004,0.0,7.756228443771555
Bhubaneswar,2026-10-05 11:00:00,3,33.5701424,0.0,7.675714124285875
Bhubaneswar,2026-10-05 12:00:00,3,34.1688212,0.0,8.175514024485976
Bhubaneswar,2026-10-05 13:00:00,3,34.3516428,0.0,9.008928191071806
Bhubaneswar,2026-10-05 14:00:00,3,34.1649324,0.0,9.184642515357485
Bhubaneswar,2026-10-05 15:00:00,3,33.567651,0.0,8.517287882712116
Bhubaneswar,2026-10-05 16:00:00,3,32.4522954,0.0,5.752204547795452
Bhubaneswar,2026-10-05 17:00:00,3,30.427615000000003,0.0,3.162875737124262
Bhubaneswar,2026-10-05 18:00:00,3,28.922797799999998,0.0,4.264987035012965
Bhubaneswar,2026-10-05 19:00:00,3,27.946581,0.0,5.4522408477591515
Bhubaneswar,2026-10-05 20:00:00,3,27.329904199999998,0.0,6.013169086830913
Bhubaneswar,2026-10-05 21:00:00,3,26.5554828,0.0,7.434071265928733
Bhubaneswar,2026-10-05 22:00:00,3,26.0641562,0.0,7.430841969158029
Bhubaneswar,2026-10-05 23:00:00,3,25.8968412,0.0,6.352553547446451
Chandigarh,2026-10-03 00:00:00,1,24.5892317,0.0,5.352455947544053
Chandigarh,2026-10-03 01:00:00,1,24.059445100000005,0.0,5.35976264023736
Chandigarh,2026-10-03 02:00:00,1,23.541960500000002,0.0,5.168476331523669
Chandigarh,2026-10-03 03:00:00,1,23.170416000000003,0.0,5.875555124444876
Chandigarh,2026-10-03 04:00:00,1,22.914266400000002,0.0,5.562588337411663
Chandigarh,2026-10-03 05:00:00,1,23.177988600000003,0.0,6.297614502385498
Chandigarh,2026-10-03 06:00:00,1,22.9676386,0.0,6.604888095111905
Chandigarh,2026-10-03 07:00:00,1,24.188891400000003,0.0,6.158931041068959
Chandigarh,2026-10-03 08:00:00,1,26.511243099999998,0.0,6.156938643061357
Chandigarh,2026-10-03 09:00:00,1,28.6722626,0.0,7.781001418998581
Chandigarh,2026-10-03 10:00:00,1,30.426511400000003,0.0,10.331850768149232
Chandigarh,2026-10-03 11:00:00,1,31.6907127,0.0,12.024921275078725
Chandigarh,2026-10-03 12:00:00,1,32.503773300000006,0.0,12.772025427974574
Chandigarh,2026-10-03 13:00:00,1,33.0956535,0.0,12.072612627387374
Chandigarh,2026-10-03 14:00:00,1,33.364019,0.0,11.300377299622701
Chandigarh,2026-10-03 15:00:00,1,33.221915200000005,0.0,11.012103587896412
Chandigarh,2026-10-03 16:00:00,1,32.5801393,0.0,10.765601734398267
Chandigarh,2026-10-03 17:00:00,1,30.8851163,0.0,9.956395643604358
Chandigarh,2026-10-03 18:00:00,1,29.0447908,0.0,10.645531454468546
Chandigarh,2026-10-03 19:00:00,1,27.833593299999997,0.0,9.708305691694308
Chandigarh,2026-10-03 20:00:00,1,26.8547585,0.0,7.878379421620579
Chandigarh,2026-10-03 21:00:00,1,25.9877241,0.0,7.46966713033287
Chandigarh,2026-10-03 22:00:00,1,25.537846400000003,0.0,6.6657171342828665
Chandigarh,2026-10-03 23:00:00,1,25.091891099999998,0.0,6.494938405061596
Chandigarh,2026-10-04 00:00:00,2,24.7619051,0.0,6.4523195
Chandigarh,2026-10-04 01:00:00,2,24.462533,0.0,6.0006347
Chandigarh,2026-10-04 02:00:00,2,24.0667193,0.0,5.955751800000001
Chandigarh,2026-10-04 03:00:00,2,23.6720691,0.0,6.1744451
Chandigarh,2026-10-04 04:00:00,2,23.311751700000002,0.0,5.6885541
Chandigarh,2026-10-04 05:00:00,2,23.062697,0.0,5.0967366
Chandigarh,2026-10-04 06:00:00,2,22.999495700000004,0.0,4.6480752999999995
Chandigarh,2026-10-04 07:00:00,2,24.1758374,0.0,4.5696232
Chandigarh,2026-10-04 08:00:00,2,26.5359877,0.0,4.4412038
Chandigarh,2026-10-04 09:00:00,2,27.9888738,0.0,9.3538884
Chandigarh,2026-10-04 10:00:00,2,28.9147911,0.19835360000000002,9.1444339
Chandigarh,2026-10-04 11:00:00,2,30.240871799999997,0.0,8.6174255
Chandigarh,2026-10-04 12:00:00,2,31.3970151,0.0,6.8711877999999995
Chandigarh,2026-10-04 13:00:00,2,32.0467412,0.0,7.3300426000000005
Chandigarh,2026-10-04 14:00:00,2,32.4354381,0.0,6.8189166000000005
Chandigarh,2026-10-04 15:00:00,2,32.4637619,0.0,7.222252300000001
Chandigarh,2026-10-04 16:00:00,2,32.010421699999995,0.0,7.8999238
Chandigarh,2026-10-04 17:00:00,2,30.7065384,0.0,6.7176518000000005
Chandigarh,2026-10-04 18:00:00,2,28.8768345,0.0,5.388605200000001
Chandigarh,2026-10-04 19:00:00,2,27.584127499999997,0.0,5.2454263999999995
Chandigarh,2026-10-04 20:00:00,2,26.458662499999996,0.0,5.1161544999999995
Chandigarh,2026-10-04 21:00:00,2,25.5460197,0.0,6.9214972
Chandigarh,2026-10-04 22:00:00,2,24.9707729,0.0,7.068707
Chandigarh,2026-10-04 23:00:00,2,24.707457099999996,0.0,7.2883677
Chandigarh,2026-10-05 00:00:00,3,24.544233400000003,0.0,6.889194189194189
Chandigarh,2026-10-05 01:00:00,3,24.4120856,0.0,6.085648285648286
Chandigarh,2026-10-05 02:00:00,3,24.1895548,0.0,5.824544524544525
Chandigarh,2026-10-05 03:00:00,3,23.821994500000002,0.0,5.471355671355671
Chandigarh,2026-10-05 04:00:00,3,23.423823400000003,0.0,5.244015444015444
Chandigarh,2026-10-05 05:00:00,3,23.124564,0.0,5.234708434708435
Chandigarh,2026-10-05 06:00:00,3,23.1394314,0.0,5.568706768706769
Chandigarh,2026-10-05 07:00:00,3,24.3164838,0.0,6.446414046414046
Chandigarh,2026-10-05 08:00:00,3,26.4851883,0.0,7.834727934727935
Chandigarh,2026-10-05 09:00:00,3,28.226828399999995,0.0,10.501258501258501
Chandigarh,2026-10-05 10:00:00,3,29.6998754,0.0,12.339016539016539
Chandigarh,2026-10-05 11:00:00,3,30.802500600000002,0.0,12.502923302923303
Chandigarh,2026-10-05 12:00:00,3,31.648034600000003,0.0,11.648426448426449
Chandigarh,2026-10-05 13:00:00,3,32.241223399999996,0.0,10.863466863466865
Chandigarh,2026-10-05 14:00:00,3,32.4202853,0.0,10.149134149134149
Chandigarh,2026-10-05 15:00:00,3,32.210848899999995,0.0,9.6979292979293
Chandigarh,2026-10-05 16:00:00,3,31.6063391,0.0,9.589161189161189
Chandigarh,2026-10-05 17:00:00,3,30.5067001,0.0,8.028787828787829
Chandigarh,2026-10-05 18:00:00,3,28.953391399999997,0.0,6.9121309121309125
Chandigarh,2026-10-05 19:00:00,3,27.7256421,0.0,7.887027187027188
Chandigarh,2026-10-05 20:00:00,3,26.7047596,0.0,9.5982973982974
Chandigarh,2026-10-05 21:00:00,3,26.0477239,0.0,9.316003716003717
Chandigarh,2026-10-05 22:00:00,3,25.624956899999997,0.0,8.46987196987197
Chandigarh,2026-10-05 23:00:00,3,25.3658562,0.0,7.994412594412594
Chennai,2026-10-03 00:00:00,1,28.355759355759353,0.0,5.8501367
Chennai,2026-10-03 01:00:00,1,28.096340696340697,0.0,4.598471399999999
Chennai,2026-10-03 02:00:00,1,27.827314127314125,0.0,3.3132235000000003
Chennai,2026-10-03 03:00:00,1,27.55996395996396,0.06783486783486783,1.7911227
Chennai,2026-10-03 04:00:00,1,27.29093739093739,0.06783486783486783,2.2591116
Chennai,2026-10-03 05:00:00,1,27.37835077835077,0.06783486783486783,2.2972571999999998
Chennai,2026-10-03 06:00:00,1,27.351146851146847,0.02261162261162261,2.7757756999999996
Chennai,2026-10-03 07:00:00,1,28.24270824270824,0.02261162261162261,3.064381
Chennai,2026-10-03 08:00:00,1,29.45395875395875,0.02261162261162261,2.6992481999999995
Chennai,2026-10-03 09:00:00,1,30.83344503344503,0.02261162261162261,4.578195000000001
Chennai,2026-10-03 10:00:00,1,31.910445710445707,0.02261162261162261,8.6133066
Chennai,2026-10-03 11:00:00,1,32.512955512955514,0.02261162261162261,11.7773453
Chennai,2026-10-03 12:00:00,1,32.91375071375071,0.0,14.118072599999998
Chennai,2026-10-03 13:00:00,1,32.75900115900116,0.0,15.5787542
Chennai,2026-10-03 14:00:00,1,32.34776904776905,0.0,15.583073200000001
Chennai,2026-10-03 15:00:00,1,31.740211640211637,0.0,14.9096937
Chennai,2026-10-03 16:00:00,1,31.004621304621303,0.0,13.8500619
Chennai,2026-10-03 17:00:00,1,30.176583976583977,0.0,12.6642361
Chennai,2026-10-03 18:00:00,1,29.48240398240398,0.0,11.0555792
Chennai,2026-10-03 19:00:00,1,29.056047456047455,0.0,9.8289351
Chennai,2026-10-03 20:00:00,1,28.79410499410499,0.0,9.1273132
Chennai,2026-10-03 21:00:00,1,28.526754826754825,0.0,8.364118900000001
Chennai,2026-10-03 22:00:00,1,28.26360486360486,0.0,7.4842376999999995
Chennai,2026-10-03 23:00:00,1,28.028487828487826,0.0,6.7296615
Chennai,2026-10-04 00:00:00,2,27.836613200000002,0.0,6.000284800000001
Chennai,2026-10-04 01:00:00,2,27.6069296,0.0,5.7267193
Chennai,2026-10-04 02:00:00,2,27.3606756,0.0,5.542933
Chennai,2026-10-04 03:00:00,2,27.1022698,0.0,5.5947421
Chennai,2026-10-04 04:00:00,2,26.840686599999998,0.0,6.2290144000000005
Chennai,2026-10-04 05:00:00,2,26.7056598,0.0,6.6286711
Chennai,2026-10-04 06:00:00,2,26.997189400000003,0.0,6.5361694
Chennai,2026-10-04 07:00:00,2,28.1069126,0.0,6.766905400000001
Chennai,2026-10-04 08:00:00,2,29.549168599999998,0.0,7.0814272
Chennai,2026-10-04 09:00:00,2,31.001273400000002,0.04490040000000001,6.8263239
Chennai,2026-10-04 10:00:00,2,32.173125999999996,0.04490040000000001,7.758692
Chennai,2026-10-04 11:00:00,2,32.909498,0.04490040000000001,9.543743500000001
Chennai,2026-10-04 12:00:00,2,33.197083400000004,0.1609203,12.5327102
Chennai,2026-10-04 13:00:00,2,33.1089222,0.1347012,15.4303223
Chennai,2026-10-04 14:00:00,2,32.0030374,0.2657967,17.0884642
Chennai,2026-10-04 15:00:00,2,31.553798799999996,0.0,16.5762451
Chennai,2026-10-04 16:00:00,2,30.9326188,0.0,16.1704656
Chennai,2026-10-04 17:00:00,2,29.972918,0.0,15.210595200000002
Chennai,2026-10-04 18:00:00,2,29.315574,0.0,13.4833757
Chennai,2026-10-04 19:00:00,2,28.9756748,0.0,12.447074099999998
Chennai,2026-10-04 20:00:00,2,28.8245484,0.0,12.025708300000002
Chennai,2026-10-04 21:00:00,2,28.6191182,0.0,11.455348
Chennai,2026-10-04 22:00:00,2,28.373788800000003,0.0,10.679626299999999
Chennai,2026-10-04 23:00:00,2,28.0683586,0.0,9.6999703
Chennai,2026-10-05 00:00:00,3,27.828308771691223,0.0,8.833488133488133
Chennai,2026-10-05 01:00:00,3,27.446173053826943,0.18721378721378723,7.381896581896582
Chennai,2026-10-05 02:00:00,3,27.11185488814511,0.04680344680344681,7.495978995978994
Chennai,2026-10-05 03:00:00,3,26.817193582806414,0.04868564868564868,7.389019189019189
Chennai,2026-10-05 04:00:00,3,26.548006751993242,0.04868564868564868,7.3602909602909605
Chennai,2026-10-05 05:00:00,3,26.401745598254394,0.04868564868564868,7.172140472140471
Chennai,2026-10-05 06:00:00,3,26.6016451983548,0.0,7.022038022038021
Chennai,2026-10-05 07:00:00,3,27.867282632717362,0.0,7.668709868709868
Chennai,2026-10-05 08:00:00,3,29.538600261399736,0.0,8.118295718295718
Chennai,2026-10-05 09:00:00,3,31.06717403282596,0.02434282434282434,7.787507787507787
Chennai,2026-10-05 10:00:00,3,32.4063568936431,0.02434282434282434,6.886459486459486
Chennai,2026-10-05 11:00:00,3,33.33737906262093,0.05096695096695096,7.935238135238135
Chennai,2026-10-05 12:00:00,3,33.72244947755052,0.1217141217141217,10.653749653749653
Chennai,2026-10-05 13:00:00,3,33.53750526249473,0.14833824833824832,14.048259848259846
Chennai,2026-10-05 14:00:00,3,32.52902287097713,0.30808300808300804,16.08149598149598
Chennai,2026-10-05 15:00:00,3,31.85190294809705,0.0,15.497379897379897
Chennai,2026-10-05 16:00:00,3,31.19383130616869,0.0,15.128333328333326
Chennai,2026-10-05 17:00:00,3,30.180364019635977,0.0,13.957122257122258
Chennai,2026-10-05 18:00:00,3,29.480946619053377,0.0,12.476237576237576
Chennai,2026-10-05 19:00:00,3,29.140948259051736,0.0,11.147709547709548
Chennai,2026-10-05 20:00:00,3,28.85220824779175,0.0,9.721805621805622
Chennai,2026-10-05 21:00:00,3,28.317648982351013,0.04868564868564868,7.936741336741336
Chennai,2026-10-05 22:00:00,3,27.72308807691192,0.04868564868564868,5.9994754994754995
Chennai,2026-10-05 23:00:00,3,27.179508220491776,0.15518215518215517,6.122757022757023
Coimbatore,2026-10-03 00:00:00,1,25.5694869,0.2246844,5.9129195
Coimbatore,2026-10-03 01:00:00,1,24.7969091,0.27335519999999996,8.4948524
Coimbatore,2026-10-03 02:00:00,1,24.386691600000002,0.17596520000000002,10.132789800000001
Coimbatore,2026-10-03 03:00:00,1,24.1905597,0.0,10.6940334
Coimbatore,2026-10-03 04:00:00,1,24.1621192,0.0,10.068987100000001
Coimbatore,2026-10-03 05:00:00,1,24.4314495,0.0,9.9780427
Coimbatore,2026-10-03 06:00:00,1,24.3392945,0.0,9.537822
Coimbatore,2026-10-03 07:00:00,1,25.1039837,0.0,9.999829499999999
Coimbatore,2026-10-03 08:00:00,1,26.403217500000004,0.0,10.550140500000001
Coimbatore,2026-10-03 09:00:00,1,27.8881431,0.0,10.6855044
Coimbatore,2026-10-03 10:00:00,1,29.564473400000004,0.0,10.6619136
Coimbatore,2026-10-03 11:00:00,1,30.9950134,0.0,10.761995699999998
Coimbatore,2026-10-03 12:00:00,1,32.144840900000005,0.027168300000000003,10.9464562
Coimbatore,2026-10-03 13:00:00,1,32.989513200000005,0.027168300000000003,10.7184814
Coimbatore,2026-10-03 14:00:00,1,33.3361626,0.027168300000000003,9.6477006
Coimbatore,2026-10-03 15:00:00,1,33.0069632,0.1358415,7.7262997
Coimbatore,2026-10-03 16:00:00,1,32.25568680000001,0.1358415,7.7176479
Coimbatore,2026-10-03 17:00:00,1,31.211104800000005,0.1358415,8.287694100000001
Coimbatore,2026-10-03 18:00:00,1,28.616836199999998,0.05145530000000001,10.1323918
Coimbatore,2026-10-03 19:00:00,1,26.580951000000002,0.31799070000000007,11.539157300000001
Coimbatore,2026-10-03 20:00:00,1,25.9083129,0.07574230000000001,10.697953
Coimbatore,2026-10-03 21:00:00,1,25.373735700000005,0.0,9.5886096
Coimbatore,2026-10-03 22:00:00,1,25.0185839,0.0,9.1471784
Coimbatore,2026-10-03 23:00:00,1,24.6660063,0.0,8.6501286
Coimbatore,2026-10-04 00:00:00,2,24.2935677,0.0,7.686795013204986
Coimbatore,2026-10-04 01:00:00,2,24.058468899999998,0.0,5.855106844893155
Coimbatore,2026-10-04 02:00:00,2,23.8848345,0.0,4.375220224779775
Coimbatore,2026-10-04 03:00:00,2,23.6580865,0.0,3.5758804241195756
Coimbatore,2026-10-04 04:00:00,2,23.4680336,0.0,2.3605816394183603
Coimbatore,2026-10-04 05:00:00,2,23.4127764,0.025417099999999998,1.6097476902523093
Coimbatore,2026-10-04 06:00:00,2,23.679900699999997,0.025417099999999998,2.095439804560195
Coimbatore,2026-10-04 07:00:00,2,24.9180541,0.0,4.16037663962336
Coimbatore,2026-10-04 08:00:00,2,26.538232700000002,0.0,6.652936447063552
Coimbatore,2026-10-04 09:00:00,2,28.167223600000003,0.0,7.015409984590015
Coimbatore,2026-10-04 10:00:00,2,29.8700931,0.0,6.184876115123884
Coimbatore,2026-10-04 11:00:00,2,31.251775,0.0,5.003624996375003
Coimbatore,2026-10-04 12:00:00,2,32.057256100000004,0.0243506,5.271539028460971
Coimbatore,2026-10-04 13:00:00,2,32.3739573,0.07465920000000001,7.857846842153156
Coimbatore,2026-10-04 14:00:00,2,31.6938904,0.5531165,8.478000721999274
Coimbatore,2026-10-04 15:00:00,2,29.7581119,2.2635501,11.280405319594678
Coimbatore,2026-10-04 16:00:00,2,28.047148899999996,2.3882958000000003,12.15120314879685
Coimbatore,2026-10-04 17:00:00,2,26.900321400000003,1.8616578000000001,13.097600802399196
Coimbatore,2026-10-04 18:00:00,2,26.0310337,0.12496780000000002,12.263962536037461
Coimbatore,2026-10-04 19:00:00,2,25.480486499999998,0.0243506,9.875608024391974
Coimbatore,2026-10-04 20:00:00,2,24.9932642,0.0243506,8.827157072842926
Coimbatore,2026-10-04 21:00:00,2,24.6988448,0.0487012,8.616448883551115
Coimbatore,2026-10-04 22:00:00,2,24.4988448,0.0487012,8.286338213661786
Coimbatore,2026-10-04 23:00:00,2,24.22711,0.0487012,8.56208603791396
Coimbatore,2026-10-05 00:00:00,3,23.952011152011153,0.07421587421587422,7.737441862558137
Coimbatore,2026-10-05 01:00:00,3,23.67846207846208,0.024738624738624742,7.196783403216597
Coimbatore,2026-10-05 02:00:00,3,23.48763438763439,0.12306592306592307,6.17928612071388
Coimbatore,2026-10-05 03:00:00,3,23.32175962175962,0.07390227390227391,5.535321564678435
Coimbatore,2026-10-05 04:00:00,3,23.154262654262656,0.0,5.040716259283741
Coimbatore,2026-10-05 05:00:00,3,23.10716450716451,0.0,4.585042914957085
Coimbatore,2026-10-05 06:00:00,3,23.342980542980545,0.024425024425024425,3.598009601990398
Coimbatore,2026-10-05 07:00:00,3,24.562322562322564,0.024425024425024425,2.7964609035390966
Coimbatore,2026-10-05 08:00:00,3,26.300804600804604,0.0,1.967031832968167
Coimbatore,2026-10-05 09:00:00,3,28.061936961936965,0.0,2.092966707033293
Coimbatore,2026-10-05 10:00:00,3,29.73536183536184,0.0,3.194895605104395
Coimbatore,2026-10-05 11:00:00,3,31.117017217017224,0.0,5.110456689543311
Coimbatore,2026-10-05 12:00:00,3,31.869101469101473,0.02637022637022637,7.067213132786867
Coimbatore,2026-10-05 13:00:00,3,32.28113708113708,0.02637022637022637,8.412176887823113
Coimbatore,2026-10-05 14:00:00,3,32.01862621862622,0.05083635083635084,10.246209353790647
Coimbatore,2026-10-05 15:00:00,3,30.90789560789561,0.07362977362977363,11.636088963911035
Coimbatore,2026-10-05 16:00:00,3,29.602045502045502,0.46839886839886846,11.48778171221829
Coimbatore,2026-10-05 17:00:00,3,28.534787934787936,0.09786449786449787,12.364679335320666
Coimbatore,2026-10-05 18:00:00,3,27.240720540720545,0.0,10.883840816159184
Coimbatore,2026-10-05 19:00:00,3,26.116199616199616,0.0,10.136297463702537
Coimbatore,2026-10-05 20:00:00,3,25.25668475668476,0.09895449895449897,9.042312457687544
Coimbatore,2026-10-05 21:00:00,3,24.671909371909372,0.7503133503133503,6.785524614475386
Coimbatore,2026-10-05 22:00:00,3,24.211718811718814,1.9108076108076109,5.46962253037747
Coimbatore,2026-10-05 23:00:00,3,24.003171303171303,0.5767471767471768,5.36070823929176
Dehradun,2026-10-03 00:00:00,1,21.956854399999997,0.0,4.3972643
Dehradun,2026-10-03 01:00:00,1,21.5529023,0.0,4.6513493
Dehradun,2026-10-03 02:00:00,1,21.197985,0.0,4.6770021999999996
Dehradun,2026-10-03 03:00:00,1,20.9048468,0.0,4.5930954999999996
Dehradun,2026-10-03 04:00:00,1,20.686226000000005,0.0,4.5497144
Dehradun,2026-10-03 05:00:00,1,20.8368274,0.0,4.4223444999999995
Dehradun,2026-10-03 06:00:00,1,20.814135,0.0,4.805324799999999
Dehradun,2026-10-03 07:00:00,1,22.2421628,0.0,4.081881
Dehradun,2026-10-03 08:00:00,1,24.4578055,0.0,2.5615596
Dehradun,2026-10-03 09:00:00,1,26.2173912,0.0,3.8284103000000003
Dehradun,2026-10-03 10:00:00,1,27.324469099999998,0.0,4.9565624999999995
Dehradun,2026-10-03 11:00:00,1,28.1950686,0.0,5.8919035000000015
Dehradun,2026-10-03 12:00:00,1,28.7687886,0.0,6.029424700000001
Dehradun,2026-10-03 13:00:00,1,29.0542676,0.0,6.774985999999999
Dehradun,2026-10-03 14:00:00,1,29.0460278,0.0,6.898581300000001
Dehradun,2026-10-03 15:00:00,1,28.7050449,0.0,6.148774700000001
Dehradun,2026-10-03 16:00:00,1,27.9723018,0.0,4.9361965
Dehradun,2026-10-03 17:00:00,1,26.4896084,0.0,3.1894793
Dehradun,2026-10-03 18:00:00,1,25.1559082,0.0,3.2513721
Dehradun,2026-10-03 19:00:00,1,24.2170718,0.0,4.5511992
Dehradun,2026-10-03 20:00:00,1,23.5545073,0.0,4.6223313
Dehradun,2026-10-03 21:00:00,1,23.1999947,0.0,4.5282258
Dehradun,2026-10-03 22:00:00,1,22.8668589,0.0,4.692271600000001
Dehradun,2026-10-03 23:00:00,1,22.572741399999998,0.0,4.4598945
Dehradun,2026-10-04 00:00:00,2,22.2570126,0.0,4.6811069
Dehradun,2026-10-04 01:00:00,2,21.9039167,0.0,4.7292307
Dehradun,2026-10-04 02:00:00,2,21.5751405,0.0,4.7863109
Dehradun,2026-10-04 03:00:00,2,21.2444394,0.0,4.9066204
Dehradun,2026-10-04 04:00:00,2,20.9907368,0.0,4.9168734999999995
Dehradun,2026-10-04 05:00:00,2,20.8987487,0.0,5.0267919
Dehradun,2026-10-04 06:00:00,2,21.0778052,0.0,5.0338364
Dehradun,2026-10-04 07:00:00,2,22.4833138,0.0,4.7026931
Dehradun,2026-10-04 08:00:00,2,24.758889299999996,0.0,3.2911026000000003
Dehradun,2026-10-04 09:00:00,2,26.350432,0.0,4.5293994
Dehradun,2026-10-04 10:00:00,2,27.200417899999998,0.0,5.9222459
Dehradun,2026-10-04 11:00:00,2,28.034664,0.0,6.5124607
Dehradun,2026-10-04 12:00:00,2,28.600824600000003,0.0280796,6.693258799999999
Dehradun,2026-10-04 13:00:00,2,28.8608982,0.0280796,7.121658299999999
Dehradun,2026-10-04 14:00:00,2,28.873650599999998,0.0280796,7.2182116
Dehradun,2026-10-04 15:00:00,2,28.516686999999997,0.0,6.3324976
Dehradun,2026-10-04 16:00:00,2,27.7993271,0.0,4.9219311999999995
Dehradun,2026-10-04 17:00:00,2,26.435367900000003,0.0,3.2354564
Dehradun,2026-10-04 18:00:00,2,25.1642385,0.0,2.639923
Dehradun,2026-10-04 19:00:00,2,24.251931499999998,0.0,5.147670000000001
Dehradun,2026-10-04 20:00:00,2,23.8139583,0.0,5.828088899999999
Dehradun,2026-10-04 21:00:00,2,23.2890319,0.0,4.448512
Dehradun,2026-10-04 22:00:00,2,22.953884700000003,0.0,4.151745099999999
Dehradun,2026-10-04 23:00:00,2,22.6893546,0.0,4.155886
Dehradun,2026-10-05 00:00:00,3,22.4165321,0.0,4.264468300000001
Dehradun,2026-10-05 01:00:00,3,22.214500100000002,0.0,4.4354868000000005
Dehradun,2026-10-05 02:00:00,3,21.983637299999998,0.0,4.418702700000001
Dehradun,2026-10-05 03:00:00,3,21.7343957,0.0,4.3267351000000005
Dehradun,2026-10-05 04:00:00,3,21.4818031,0.0,4.2775616
Dehradun,2026-10-05 05:00:00,3,21.3892181,0.0,4.1693589
Dehradun,2026-10-05 06:00:00,3,21.5467981,0.0,4.681452200000001
Dehradun,2026-10-05 07:00:00,3,22.8253822,0.0,4.269665
Dehradun,2026-10-05 08:00:00,3,24.7460724,0.0,3.7815005
Dehradun,2026-10-05 09:00:00,3,26.187585,0.0241,4.683487800000001
Dehradun,2026-10-05 10:00:00,3,26.7680033,0.0241,5.7655703
Dehradun,2026-10-05 11:00:00,3,27.060918200000003,0.0241,6.3922457999999995
Dehradun,2026-10-05 12:00:00,3,27.529358400000003,0.07229999999999999,6.293308100000001
Dehradun,2026-10-05 13:00:00,3,28.1006219,0.07229999999999999,6.2118739000000005
Dehradun,2026-10-05 14:00:00,3,28.3254797,0.07229999999999999,5.880636300000001
Dehradun,2026-10-05 15:00:00,3,28.0130774,0.0241,5.7856246
Dehradun,2026-10-05 16:00:00,3,27.2730598,0.0241,5.1775012
Dehradun,2026-10-05 17:00:00,3,26.0611727,0.0241,3.1997112000000003
Dehradun,2026-10-05 18:00:00,3,24.617119699999996,0.1909145,3.5065952000000005
Dehradun,2026-10-05 19:00:00,3,23.670318299999998,0.11974579999999999,5.1611082
Dehradun,2026-10-05 20:00:00,3,22.922091,0.07229999999999999,5.5559709
Dehradun,2026-10-05 21:00:00,3,22.568085099999998,0.0,5.3787558
Dehradun,2026-10-05 22:00:00,3,22.5073772,0.0,4.8905493
Dehradun,2026-10-05 23:00:00,3,22.3961087,0.0,4.9945686
Delhi,2026-10-03 00:00:00,1,26.1732945,0.0,4.9722706
Delhi,2026-10-03 01:00:00,1,25.525383500000004,0.0,5.745039800000001
Delhi,2026-10-03 02:00:00,1,24.9570778,0.0,6.6532474
Delhi,2026-10-03 03:00:00,1,24.5191338,0.0,6.8915445
Delhi,2026-10-03 04:00:00,1,24.1575588,0.0,6.765591499999999
Delhi,2026-10-03 05:00:00,1,24.7915315,0.0,6.7753062
Delhi,2026-10-03 06:00:00,1,24.4035898,0.0,6.355165899999999
Delhi,2026-10-03 07:00:00,1,25.6212875,0.0,6.3723545999999995
Delhi,2026-10-03 08:00:00,1,27.9285176,0.0,6.1569125
Delhi,2026-10-03 09:00:00,1,30.351649700000003,0.0,6.968883699999999
Delhi,2026-10-03 10:00:00,1,32.2144228,0.0,7.8715124
Delhi,2026-10-03 11:00:00,1,33.6417826,0.0,8.747467
Delhi,2026-10-03 12:00:00,1,34.7022594,0.0,9.7403835
Delhi,2026-10-03 13:00:00,1,35.4913507,0.0,10.3946794
Delhi,2026-10-03 14:00:00,1,35.804073,0.0,10.7529044
Delhi,2026-10-03 15:00:00,1,35.6732188,0.0,10.4222027
Delhi,2026-10-03 16:00:00,1,35.145600900000005,0.0,10.043963699999999
Delhi,2026-10-03 17:00:00,1,34.2200547,0.0,8.263545899999999
Delhi,2026-10-03 18:00:00,1,32.5371548,0.0,5.9608851
Delhi,2026-10-03 19:00:00,1,30.992589799999998,0.0,6.4353617
Delhi,2026-10-03 20:00:00,1,29.726914700000002,0.0,5.3774666
Delhi,2026-10-03 21:00:00,1,28.7963267,0.0,3.5568037999999995
Delhi,2026-10-03 22:00:00,1,28.106920700000003,0.0,2.9690152000000003
Delhi,2026-10-03 23:00:00,1,27.4538016,0.0,3.9139016
Delhi,2026-10-04 00:00:00,2,27.05385705385705,0.0,3.8449571000000002
Delhi,2026-10-04 01:00:00,2,26.558176458176458,0.0,3.8111826
Delhi,2026-10-04 02:00:00,2,26.147690747690746,0.0,4.0152233
Delhi,2026-10-04 03:00:00,2,25.796037696037693,0.0,5.253663700000001
Delhi,2026-10-04 04:00:00,2,25.53211633211633,0.0,6.931740099999999
Delhi,2026-10-04 05:00:00,2,25.37988107988108,0.0,7.138374000000001
Delhi,2026-10-04 06:00:00,2,25.32755942755943,0.0,6.926753999999999
Delhi,2026-10-04 07:00:00,2,26.316765416765413,0.0,7.9464247
Delhi,2026-10-04 08:00:00,2,28.408265008265005,0.0,9.7565195
Delhi,2026-10-04 09:00:00,2,30.404823004823008,0.0,10.7368636
Delhi,2026-10-04 10:00:00,2,32.22805112805113,0.0,11.371424600000001
Delhi,2026-10-04 11:00:00,2,33.82616082616083,0.0,11.043038200000002
Delhi,2026-10-04 12:00:00,2,35.080199980199986,0.0,10.76335
Delhi,2026-10-04 13:00:00,2,35.96363396363397,0.0,10.2811386
Delhi,2026-10-04 14:00:00,2,36.35751065751066,0.0,9.8299681
Delhi,2026-10-04 15:00:00,2,36.3035579035579,0.0,9.291617599999999
Delhi,2026-10-04 16:00:00,2,35.661377661377664,0.0,8.3682355
Delhi,2026-10-04 17:00:00,2,34.281055681055676,0.0,6.214602999999999
Delhi,2026-10-04 18:00:00,2,32.456697556697556,0.0,5.3950868
Delhi,2026-10-04 19:00:00,2,30.933777333777332,0.0,5.0985605000000005
Delhi,2026-10-04 20:00:00,2,29.818892418892414,0.0,4.5918162
Delhi,2026-10-04 21:00:00,2,29.028630528630526,0.0,5.4504819
Delhi,2026-10-04 22:00:00,2,28.197367097367092,0.0,5.4922088
Delhi,2026-10-04 23:00:00,2,27.486924386924386,0.0,5.0587197999999995
Delhi,2026-10-05 00:00:00,3,26.862575437424567,0.0,5.0634494000000005
Delhi,2026-10-05 01:00:00,3,26.3974532025468,0.0,5.320216800000001
Delhi,2026-10-05 02:00:00,3,26.11383738616262,0.0,4.439046600000001
Delhi,2026-10-05 03:00:00,3,25.93553026446974,0.0,5.067045500000002
Delhi,2026-10-05 04:00:00,3,25.81872518127482,0.0,6.0511018000000005
Delhi,2026-10-05 05:00:00,3,25.635658164341834,0.0,7.311484600000001
Delhi,2026-10-05 06:00:00,3,25.487997812002188,0.0,7.899168000000001
Delhi,2026-10-05 07:00:00,3,26.439830960169044,0.0,8.888370600000002
Delhi,2026-10-05 08:00:00,3,28.279113720886286,0.0,10.1750775
Delhi,2026-10-05 09:00:00,3,29.953685146314854,0.0,10.840706900000002
Delhi,2026-10-05 10:00:00,3,31.85606144393856,0.0,10.349618500000002
Delhi,2026-10-05 11:00:00,3,33.52118367881633,0.0,9.6510563
Delhi,2026-10-05 12:00:00,3,34.73916076083925,0.0,8.879773700000001
Delhi,2026-10-05 13:00:00,3,35.626988973011024,0.0,8.486894900000001
Delhi,2026-10-05 14:00:00,3,36.16776763223237,0.0,8.025077800000002
Delhi,2026-10-05 15:00:00,3,36.238357461642536,0.0,8.0198677
Delhi,2026-10-05 16:00:00,3,35.86266873733126,0.0,7.3125762000000005
Delhi,2026-10-05 17:00:00,3,34.893250906749095,0.0,4.8523000000000005
Delhi,2026-10-05 18:00:00,3,33.100142499857505,0.0,4.280733000000001
Delhi,2026-10-05 19:00:00,3,31.546576153423846,0.0,6.410808400000001
Delhi,2026-10-05 20:00:00,3,30.45744804255196,0.0,8.1983657
Delhi,2026-10-05 21:00:00,3,29.499864300135698,0.0,8.298315200000001
Delhi,2026-10-05 22:00:00,3,28.94667175332825,0.0,6.954886300000001
Delhi,2026-10-05 23:00:00,3,28.45841024158976,0.0,6.395298500000001
Ghaziabad,2026-10-03 00:00:00,1,25.1490222,0.0,4.777924377924378
Ghaziabad,2026-10-03 01:00:00,1,24.570411399999998,0.0,5.472312172312173
Ghaziabad,2026-10-03 02:00:00,1,24.1058424,0.0,5.589771489771491
Ghaziabad,2026-10-03 03:00:00,1,23.7830172,0.0,5.38949258949259
Ghaziabad,2026-10-03 04:00:00,1,23.5296392,0.0,5.463981963981965
Ghaziabad,2026-10-03 05:00:00,1,24.1550636,0.0,6.226377826377826
Ghaziabad,2026-10-03 06:00:00,1,23.922103399999997,0.0,6.294088894088894
Ghaziabad,2026-10-03 07:00:00,1,25.198033799999997,0.0,6.443835343835344
Ghaziabad,2026-10-03 08:00:00,1,27.5651172,0.0,6.484923684923686
Ghaziabad,2026-10-03 09:00:00,1,29.916933999999998,0.0,7.366386566386566
Ghaziabad,2026-10-03 10:00:00,1,31.7382176,0.0,8.0978572978573
Ghaziabad,2026-10-03 11:00:00,1,33.1241124,0.0,8.993537893537892
Ghaziabad,2026-10-03 12:00:00,1,34.109796,0.0,10.052438852438852
Ghaziabad,2026-10-03 13:00:00,1,34.763174,0.0,11.110238410238411
Ghaziabad,2026-10-03 14:00:00,1,34.9704792,0.0,11.66958526958527
Ghaziabad,2026-10-03 15:00:00,1,34.7206896,0.0,11.26977586977587
Ghaziabad,2026-10-03 16:00:00,1,34.027678,0.0,9.772655572655573
Ghaziabad,2026-10-03 17:00:00,1,32.7907702,0.0,8.859008059008058
Ghaziabad,2026-10-03 18:00:00,1,30.958274399999997,0.0,7.33060043060043
Ghaziabad,2026-10-03 19:00:00,1,29.4824496,0.0,6.5291668291668294
Ghaziabad,2026-10-03 20:00:00,1,28.3620302,0.0,5.316033016033017
Ghaziabad,2026-10-03 21:00:00,1,27.436016199999997,0.0,4.362951562951563
Ghaziabad,2026-10-03 22:00:00,1,26.7667802,0.0,4.577241877241877
Ghaziabad,2026-10-03 23:00:00,1,26.145982399999998,0.0,4.58033018033018
Ghaziabad,2026-10-04 00:00:00,2,25.807854200000005,0.0,4.1016826
Ghaziabad,2026-10-04 01:00:00,2,25.462863500000005,0.0,3.9825942000000003
Ghaziabad,2026-10-04 02:00:00,2,25.216367600000005,0.0,4.608758700000001
Ghaziabad,2026-10-04 03:00:00,2,24.996873000000004,0.0,4.8525715
Ghaziabad,2026-10-04 04:00:00,2,24.729377300000003,0.0,4.833857900000001
Ghaziabad,2026-10-04 05:00:00,2,24.5537899,0.0,5.3257083000000005
Ghaziabad,2026-10-04 06:00:00,2,24.5900195,0.0,5.3174373
Ghaziabad,2026-10-04 07:00:00,2,25.6682835,0.0,5.371863200000001
Ghaziabad,2026-10-04 08:00:00,2,28.027174200000005,0.0,6.399393100000001
Ghaziabad,2026-10-04 09:00:00,2,30.295009600000004,0.0,8.7201956
Ghaziabad,2026-10-04 10:00:00,2,32.028513000000004,0.0,9.759587400000001
Ghaziabad,2026-10-04 11:00:00,2,33.318318000000005,0.0,10.111749600000003
Ghaziabad,2026-10-04 12:00:00,2,34.32331490000001,0.0,9.950169000000002
Ghaziabad,2026-10-04 13:00:00,2,35.03850680000001,0.0,9.5518286
Ghaziabad,2026-10-04 14:00:00,2,35.33258970000001,0.0,9.2432598
Ghaziabad,2026-10-04 15:00:00,2,35.0324557,0.0,9.503979600000001
Ghaziabad,2026-10-04 16:00:00,2,34.183120300000006,0.0,8.344122700000002
Ghaziabad,2026-10-04 17:00:00,2,32.740622200000004,0.0,6.099062300000002
Ghaziabad,2026-10-04 18:00:00,2,30.924601700000004,0.0,4.79927
Ghaziabad,2026-10-04 19:00:00,2,29.3799579,0.0,4.8406345
Ghaziabad,2026-10-04 20:00:00,2,28.217391900000003,0.0,5.1379356000000005
Ghaziabad,2026-10-04 21:00:00,2,27.3135033,0.0,5.154148500000002
Ghaziabad,2026-10-04 22:00:00,2,26.534307400000003,0.0,4.6803588000000005
Ghaziabad,2026-10-04 23:00:00,2,25.862905900000005,0.0,4.3794942
Ghaziabad,2026-10-05 00:00:00,3,25.269434,0.0,4.442872557127443
Ghaziabad,2026-10-05 01:00:00,3,24.90233,0.0,4.655499944500056
Ghaziabad,2026-10-05 02:00:00,3,24.684707699999997,0.0,3.844778555221445
Ghaziabad,2026-10-05 03:00:00,3,24.571849200000003,0.0,4.45080824919175
Ghaziabad,2026-10-05 04:00:00,3,24.5261513,0.0,4.722975877024123
Ghaziabad,2026-10-05 05:00:00,3,24.638522500000004,0.0,3.788543511456489
Ghaziabad,2026-10-05 06:00:00,3,24.7624456,0.0,4.397226602773397
Ghaziabad,2026-10-05 07:00:00,3,25.962874,0.0,5.084915115084885
Ghaziabad,2026-10-05 08:00:00,3,28.1633138,0.0,7.778340821659179
Ghaziabad,2026-10-05 09:00:00,3,29.886211700000004,0.0,9.507330492669508
Ghaziabad,2026-10-05 10:00:00,3,31.438480399999996,0.0,9.633906966093036
Ghaziabad,2026-10-05 11:00:00,3,32.8484387,0.0,9.08924081075919
Ghaziabad,2026-10-05 12:00:00,3,33.8911721,0.0,8.167818132181868
Ghaziabad,2026-10-05 13:00:00,3,34.6211036,0.0,7.06880273119727
Ghaziabad,2026-10-05 14:00:00,3,34.9601909,0.0,6.72964977035023
Ghaziabad,2026-10-05 15:00:00,3,34.717533200000005,0.0,6.784435215564786
Ghaziabad,2026-10-05 16:00:00,3,33.9683935,0.0,7.2167159832840175
Ghaziabad,2026-10-05 17:00:00,3,32.8647474,0.0,6.155854244145756
Ghaziabad,2026-10-05 18:00:00,3,31.125643300000004,0.0,6.551220648779351
Ghaziabad,2026-10-05 19:00:00,3,29.653953,0.0,6.914549485450516
Ghaziabad,2026-10-05 20:00:00,3,28.5356414,0.0,8.030692869307131
Ghaziabad,2026-10-05 21:00:00,3,27.685664700000004,0.0,8.425038674961325
Ghaziabad,2026-10-05 22:00:00,3,27.072116899999997,0.0,7.98943241056759
Ghaziabad,2026-10-05 23:00:00,3,26.6189325,0.0,8.091103708896291
Goa,2026-10-03 00:00:00,1,26.3113899,0.0,4.177549577549577
Goa,2026-10-03 01:00:00,1,26.045024599999998,0.0,4.308231808231808
Goa,2026-10-03 02:00:00,1,25.7031636,0.0,4.532101632101632
Goa,2026-10-03 03:00:00,1,25.4298644,0.0,4.443588243588244
Goa,2026-10-03 04:00:00,1,25.1724842,0.0,5.0883131883131885
Goa,2026-10-03 05:00:00,1,25.2636775,0.0,4.918221618221618
Goa,2026-10-03 06:00:00,1,25.252412099999997,0.0,5.243945143945144
Goa,2026-10-03 07:00:00,1,26.2896049,0.0,5.283609183609183
Goa,2026-10-03 08:00:00,1,28.786171399999997,0.0,3.9904000904000907
Goa,2026-10-03 09:00:00,1,31.463802099999995,0.0,3.7744683744683747
Goa,2026-10-03 10:00:00,1,33.496239,0.0,3.8624768624768624
Goa,2026-10-03 11:00:00,1,35.021963400000004,0.0,3.6906758906758905
Goa,2026-10-03 12:00:00,1,35.6078019,0.133708,4.580894580894581
Goa,2026-10-03 13:00:00,1,34.6700479,0.1597739,9.351816751816752
Goa,2026-10-03 14:00:00,1,33.1252501,0.41275680000000003,10.097541397541397
Goa,2026-10-03 15:00:00,1,31.7734308,0.4553626,10.346440746440747
Goa,2026-10-03 16:00:00,1,30.9346404,0.28468360000000004,7.227970927970928
Goa,2026-10-03 17:00:00,1,29.9942171,0.2782166,5.749674149674149
Goa,2026-10-03 18:00:00,1,28.8905253,0.0,6.38000678000678
Goa,2026-10-03 19:00:00,1,28.1919445,0.0,3.96983876983877
Goa,2026-10-03 20:00:00,1,27.6621469,0.0,2.745589145589146
Goa,2026-10-03 21:00:00,1,27.2242791,0.0,3.7971745971745974
Goa,2026-10-03 22:00:00,1,27.0016476,0.0,4.488600488600489
Goa,2026-10-03 23:00:00,1,26.680675200000003,0.0,4.778225378225377
Goa,2026-10-04 00:00:00,2,26.129480800000003,0.0,4.574365
Goa,2026-10-04 01:00:00,2,25.728442800000003,0.0,3.9431877
Goa,2026-10-04 02:00:00,2,25.390582,0.0,3.5739080999999997
Goa,2026-10-04 03:00:00,2,25.053759200000002,0.0,3.6410665
Goa,2026-10-04 04:00:00,2,24.714800400000005,0.0,3.6163209
Goa,2026-10-04 05:00:00,2,24.373780000000004,0.0647802,3.8555453
Goa,2026-10-04 06:00:00,2,24.4054128,0.0863736,4.5128239
Goa,2026-10-04 07:00:00,2,25.6801276,0.0,4.1666544000000005
Goa,2026-10-04 08:00:00,2,28.0094912,0.0,2.6798264
Goa,2026-10-04 09:00:00,2,29.848406400000002,0.0,2.7849631
Goa,2026-10-04 10:00:00,2,31.3968424,0.0215934,4.5645995
Goa,2026-10-04 11:00:00,2,32.562080800000004,0.0,6.1578382
Goa,2026-10-04 12:00:00,2,33.1304332,0.0780375,8.291121
Goa,2026-10-04 13:00:00,2,32.9018992,0.0780375,11.0240759
Goa,2026-10-04 14:00:00,2,30.9705336,0.5361768,10.6512986
Goa,2026-10-04 15:00:00,2,29.3728476,2.0663842,9.519502200000002
Goa,2026-10-04 16:00:00,2,28.763416,1.4769385,7.1890795
Goa,2026-10-04 17:00:00,2,28.362332800000004,0.3701474,5.5264911
Goa,2026-10-04 18:00:00,2,27.831752,0.0,4.1519507
Goa,2026-10-04 19:00:00,2,27.3674772,0.0,3.0703218000000003
Goa,2026-10-04 20:00:00,2,27.017973599999998,0.0,2.2412081
Goa,2026-10-04 21:00:00,2,26.7032024,0.0,2.3387479
Goa,2026-10-04 22:00:00,2,26.3431996,0.0,3.4249564
Goa,2026-10-04 23:00:00,2,26.036882000000006,0.0,3.9635915000000006
Goa,2026-10-05 00:00:00,3,25.726693599999997,0.0,3.8834416000000003
Goa,2026-10-05 01:00:00,3,25.4969727,0.0,3.6013941999999997
Goa,2026-10-05 02:00:00,3,25.3094808,0.0,3.7029645999999996
Goa,2026-10-05 03:00:00,3,25.0430347,0.0,3.5736934
Goa,2026-10-05 04:00:00,3,24.7974363,0.0,3.6484384
Goa,2026-10-05 05:00:00,3,24.6969727,0.0,3.9433888
Goa,2026-10-05 06:00:00,3,24.820262600000003,0.0,4.094282
Goa,2026-10-05 07:00:00,3,25.8630371,0.0,3.8210368
Goa,2026-10-05 08:00:00,3,27.3828479,0.0,3.6005453999999997
Goa,2026-10-05 09:00:00,3,28.150769299999997,0.052871600000000005,4.000646
Goa,2026-10-05 10:00:00,3,29.0461253,0.0252927,4.0097076
Goa,2026-10-05 11:00:00,3,29.8424785,0.08045050000000001,4.9002418
Goa,2026-10-05 12:00:00,3,30.4615576,0.0505854,5.5821394
Goa,2026-10-05 13:00:00,3,30.583621800000003,0.3263744,7.3835966
Goa,2026-10-05 14:00:00,3,30.3966847,0.5194267,9.3089866
Goa,2026-10-05 15:00:00,3,29.8838385,0.6663334999999999,9.1827074
Goa,2026-10-05 16:00:00,3,29.2892723,0.7653506000000001,8.464499
Goa,2026-10-05 17:00:00,3,28.122027099999997,0.8205084,6.525602599999999
Goa,2026-10-05 18:00:00,3,26.978176099999995,0.0886084,4.4020354
Goa,2026-10-05 19:00:00,3,26.4314405,0.0,2.6729396000000003
Goa,2026-10-05 20:00:00,3,26.0637872,0.0,2.8105796
Goa,2026-10-05 21:00:00,3,25.6543804,0.0,3.1891346000000005
Goa,2026-10-05 22:00:00,3,25.3412106,0.0,2.9830082
Goa,2026-10-05 23:00:00,3,24.9862754,0.0,3.5421106
Guwahati,2026-10-03 00:00:00,1,26.53458376541623,0.0,6.602311499999999
Guwahati,2026-10-03 01:00:00,1,26.166752833247163,0.0,6.0786006
Guwahati,2026-10-03 02:00:00,1,25.948337151662844,0.0,5.6766049999999995
Guwahati,2026-10-03 03:00:00,1,25.727134772865224,0.0,5.2516441
Guwahati,2026-10-03 04:00:00,1,25.5029911970088,0.0,4.5136123999999995
Guwahati,2026-10-03 05:00:00,1,25.508343091656904,0.0,4.5095957
Guwahati,2026-10-03 06:00:00,1,26.328989971010024,0.0,3.5961497
Guwahati,2026-10-03 07:00:00,1,28.06725833274166,0.0,4.5451291
Guwahati,2026-10-03 08:00:00,1,29.57218812781187,0.0,7.4228041
Guwahati,2026-10-03 09:00:00,1,30.636923363076633,0.03081623081623082,10.4173981
Guwahati,2026-10-03 10:00:00,1,31.536238363761633,0.03081623081623082,12.257056699999998
Guwahati,2026-10-03 11:00:00,1,32.1073404926595,0.03081623081623082,12.9646164
Guwahati,2026-10-03 12:00:00,1,32.44293525706474,0.0,13.4224507
Guwahati,2026-10-03 13:00:00,1,32.389409310590686,0.0,13.903096999999999
Guwahati,2026-10-03 14:00:00,1,32.04225025774974,0.0,13.1494802
Guwahati,2026-10-03 15:00:00,1,31.325802174197825,0.0,11.8207469
Guwahati,2026-10-03 16:00:00,1,30.1067678932321,0.0,10.210638600000001
Guwahati,2026-10-03 17:00:00,1,28.87201262798737,0.0,8.238818299999998
Guwahati,2026-10-03 18:00:00,1,28.089943810056184,0.0,5.4728265
Guwahati,2026-10-03 19:00:00,1,27.689743310256688,0.0,4.6486701
Guwahati,2026-10-03 20:00:00,1,27.230819469180528,0.0,4.032331299999999
Guwahati,2026-10-03 21:00:00,1,26.66181443818556,0.0,3.6890492
Guwahati,2026-10-03 22:00:00,1,26.280317519682477,0.0,4.1172109
Guwahati,2026-10-03 23:00:00,1,25.970566329433666,0.0,4.0979456
Guwahati,2026-10-04 00:00:00,2,25.593344100000003,0.0,4.1429130999999995
Guwahati,2026-10-04 01:00:00,2,25.314563200000002,0.0,3.7182844
Guwahati,2026-10-04 02:00:00,2,25.132360300000002,0.0465912,2.8743795
Guwahati,2026-10-04 03:00:00,2,24.650894400000002,0.0,2.9304416
Guwahati,2026-10-04 04:00:00,2,24.310774100000003,0.0,3.2824295
Guwahati,2026-10-04 05:00:00,2,24.264697400000003,0.0,3.4462184999999996
Guwahati,2026-10-04 06:00:00,2,24.8144011,0.0,3.428945
Guwahati,2026-10-04 07:00:00,2,26.088498,0.0,4.5188811
Guwahati,2026-10-04 08:00:00,2,27.108514,0.0,5.2945419
Guwahati,2026-10-04 09:00:00,2,28.773157700000002,0.0,5.9089182000000005
Guwahati,2026-10-04 10:00:00,2,29.9251454,0.0,6.160096
Guwahati,2026-10-04 11:00:00,2,30.5742226,0.0,7.113080200000001
Guwahati,2026-10-04 12:00:00,2,30.8210425,0.027261900000000002,8.0187206
Guwahati,2026-10-04 13:00:00,2,30.8046712,0.027261900000000002,8.6083994
Guwahati,2026-10-04 14:00:00,2,30.571079400000002,0.027261900000000002,8.3206343
Guwahati,2026-10-04 15:00:00,2,29.984934000000003,0.1599712,6.9060137
Guwahati,2026-10-04 16:00:00,2,28.7369449,0.3729265,5.4657048999999995
Guwahati,2026-10-04 17:00:00,2,27.332552500000002,0.6805285999999999,4.0687343
Guwahati,2026-10-04 18:00:00,2,26.726229,0.32879309999999995,4.4020892
Guwahati,2026-10-04 19:00:00,2,26.353659399999998,0.0,4.1193121999999995
Guwahati,2026-10-04 20:00:00,2,25.8718219,0.0,3.5746329999999995
Guwahati,2026-10-04 21:00:00,2,25.4518059,0.0,3.3390221999999996
Guwahati,2026-10-04 22:00:00,2,25.157595699999998,0.0,2.9209655000000003
Guwahati,2026-10-04 23:00:00,2,24.9644397,0.0,2.9758081000000005
Guwahati,2026-10-05 00:00:00,3,24.676250099999997,0.288507,2.9409649999999994
Guwahati,2026-10-05 01:00:00,3,24.3595652,0.288507,3.9675304999999996
Guwahati,2026-10-05 02:00:00,3,24.0457382,0.3123976,4.345838199999999
Guwahati,2026-10-05 03:00:00,3,23.6335605,0.3601788,4.723623099999999
Guwahati,2026-10-05 04:00:00,3,23.2295049,0.3601788,4.901411599999999
Guwahati,2026-10-05 05:00:00,3,23.164684800000003,0.3105675,5.2191571
Guwahati,2026-10-05 06:00:00,3,23.7276811,0.07976190000000001,5.3869256000000005
Guwahati,2026-10-05 07:00:00,3,24.6872152,0.07976190000000001,6.255990099999999
Guwahati,2026-10-05 08:00:00,3,25.8451,0.05770140000000001,6.6051563
Guwahati,2026-10-05 09:00:00,3,27.2565179,0.0,6.8603565
Guwahati,2026-10-05 10:00:00,3,28.4876313,0.0238906,6.8881876
Guwahati,2026-10-05 11:00:00,3,29.400402399999997,0.0477812,7.5138514999999995
Guwahati,2026-10-05 12:00:00,3,29.956782499999996,0.0955624,7.5799961
Guwahati,2026-10-05 13:00:00,3,30.134988900000003,0.0477812,7.1405243
Guwahati,2026-10-05 14:00:00,3,29.9770823,0.0477812,6.5840761
Guwahati,2026-10-05 15:00:00,3,29.4468596,0.1360232,5.9794433
Guwahati,2026-10-05 16:00:00,3,28.2986028,0.220605,4.3760905
Guwahati,2026-10-05 17:00:00,3,26.9780206,0.5294519999999999,3.6703640999999996
Guwahati,2026-10-05 18:00:00,3,26.242094599999998,0.567201,3.694638
Guwahati,2026-10-05 19:00:00,3,25.6251152,0.0503964,4.8684177
Guwahati,2026-10-05 20:00:00,3,25.295792900000002,0.0,5.7310982
Guwahati,2026-10-05 21:00:00,3,24.8801639,0.0,6.203019899999999
Guwahati,2026-10-05 22:00:00,3,24.4352126,0.0,6.1489949
Guwahati,2026-10-05 23:00:00,3,24.0264971,0.0,5.666309999999999
Hyderabad,2026-10-03 00:00:00,1,24.4345936,0.0,4.9608951999999995
Hyderabad,2026-10-03 01:00:00,1,23.9661974,0.0,4.145844899999999
Hyderabad,2026-10-03 02:00:00,1,23.6297018,0.0,3.6199605999999998
Hyderabad,2026-10-03 03:00:00,1,23.325777199999997,0.0,3.6425482000000002
Hyderabad,2026-10-03 04:00:00,1,23.01097,0.0,3.188007
Hyderabad,2026-10-03 05:00:00,1,23.3033626,0.0,2.9240984
Hyderabad,2026-10-03 06:00:00,1,23.3197638,0.0,2.7788038000000004
Hyderabad,2026-10-03 07:00:00,1,24.6687036,0.0,3.2460555
Hyderabad,2026-10-03 08:00:00,1,26.7472792,0.0,5.5849231
Hyderabad,2026-10-03 09:00:00,1,28.6370892,0.0,7.2678075
Hyderabad,2026-10-03 10:00:00,1,30.0621086,0.0,7.795594300000001
Hyderabad,2026-10-03 11:00:00,1,31.147972199999998,0.0,8.1445256
Hyderabad,2026-10-03 12:00:00,1,31.826581000000004,0.0,8.7574357
Hyderabad,2026-10-03 13:00:00,1,32.227251800000005,0.0,8.8685616
Hyderabad,2026-10-03 14:00:00,1,32.317710000000005,0.0,8.695888199999999
Hyderabad,2026-10-03 15:00:00,1,31.816389400000002,0.0,8.705224900000001
Hyderabad,2026-10-03 16:00:00,1,31.2141024,0.0,8.8210204
Hyderabad,2026-10-03 17:00:00,1,30.4216544,0.0,9.546239100000001
Hyderabad,2026-10-03 18:00:00,1,29.1699776,0.08045288045288046,9.7057951
Hyderabad,2026-10-03 19:00:00,1,28.341034800000003,0.0,10.089098799999999
Hyderabad,2026-10-03 20:00:00,1,27.173343,0.23923553923553925,8.494676100000001
Hyderabad,2026-10-03 21:00:00,1,26.474365600000002,0.1594903594903595,8.2379449
Hyderabad,2026-10-03 22:00:00,1,25.9770258,0.07974517974517975,7.4660446
Hyderabad,2026-10-03 23:00:00,1,25.6141914,0.0,7.2627977
Hyderabad,2026-10-04 00:00:00,2,25.4144251,0.0,6.7914376
Hyderabad,2026-10-04 01:00:00,2,25.2719419,0.0,6.423509999999999
Hyderabad,2026-10-04 02:00:00,2,24.993959200000003,0.0,5.9171859
Hyderabad,2026-10-04 03:00:00,2,24.4495493,0.0,5.349929100000001
Hyderabad,2026-10-04 04:00:00,2,23.952194400000003,0.0,4.276536800000001
Hyderabad,2026-10-04 05:00:00,2,23.686014500000002,0.0,3.3440783
Hyderabad,2026-10-04 06:00:00,2,23.937902700000002,0.0,3.0273838999999994
Hyderabad,2026-10-04 07:00:00,2,25.336854600000002,0.0,3.0879554000000002
Hyderabad,2026-10-04 08:00:00,2,27.3774064,0.0,4.4861853
Hyderabad,2026-10-04 09:00:00,2,29.2409412,0.0,5.2593678
Hyderabad,2026-10-04 10:00:00,2,30.7834244,0.0,5.3967127
Hyderabad,2026-10-04 11:00:00,2,31.8994237,0.0,6.454747899999999
Hyderabad,2026-10-04 12:00:00,2,32.5947326,0.0,7.7937184
Hyderabad,2026-10-04 13:00:00,2,32.881131100000005,0.0,8.3219908
Hyderabad,2026-10-04 14:00:00,2,32.873996600000005,0.0,8.951740999999998
Hyderabad,2026-10-04 15:00:00,2,32.139568,0.21451498548501455,10.1639053
Hyderabad,2026-10-04 16:00:00,2,31.376715400000002,0.05362874637125364,10.3047168
Hyderabad,2026-10-04 17:00:00,2,30.6669586,0.0,9.757803599999999
Hyderabad,2026-10-04 18:00:00,2,29.6268136,0.0,8.951358899999999
Hyderabad,2026-10-04 19:00:00,2,28.698553800000003,0.0,9.0121587
Hyderabad,2026-10-04 20:00:00,2,27.5782072,0.0,7.5327028
Hyderabad,2026-10-04 21:00:00,2,26.7736354,0.0,6.2698313
Hyderabad,2026-10-04 22:00:00,2,26.2572608,0.0,5.3827883
Hyderabad,2026-10-04 23:00:00,2,25.837019400000003,0.0,4.4783691999999995
Hyderabad,2026-10-05 00:00:00,3,25.365846534153462,0.0,3.9402327402327404
Hyderabad,2026-10-05 01:00:00,3,24.817230882769117,0.0,4.973106473106473
Hyderabad,2026-10-05 02:00:00,3,24.435102964897034,0.0,4.579023379023379
Hyderabad,2026-10-05 03:00:00,3,24.137931662068336,0.0,3.1176439176439175
Hyderabad,2026-10-05 04:00:00,3,23.99348920651079,0.0,3.5574125574125572
Hyderabad,2026-10-05 05:00:00,3,24.05612474387525,0.0,2.112840612840613
Hyderabad,2026-10-05 06:00:00,3,24.44298865701134,0.0,3.0242643242643243
Hyderabad,2026-10-05 07:00:00,3,25.724549375450625,0.0,3.0966825966825966
Hyderabad,2026-10-05 08:00:00,3,27.65044684955315,0.0,4.655909555909556
Hyderabad,2026-10-05 09:00:00,3,29.435679264320733,0.0,5.755991755991756
Hyderabad,2026-10-05 10:00:00,3,30.831506068493926,0.0,5.976377976377976
Hyderabad,2026-10-05 11:00:00,3,31.888623911376087,0.0,5.483901983901983
Hyderabad,2026-10-05 12:00:00,3,32.45713264286735,0.0,5.2119850119850115
Hyderabad,2026-10-05 13:00:00,3,32.64735085264915,0.0,7.857764457764458
Hyderabad,2026-10-05 14:00:00,3,32.353956946043056,0.0,10.86061506061506
Hyderabad,2026-10-05 15:00:00,3,32.044356455643545,0.0,11.075427275427275
Hyderabad,2026-10-05 16:00:00,3,31.606716193283802,0.0,10.238521238521239
Hyderabad,2026-10-05 17:00:00,3,30.68133581866418,0.0,9.342434142434142
Hyderabad,2026-10-05 18:00:00,3,29.26448723551276,0.0,8.041548241548242
Hyderabad,2026-10-05 19:00:00,3,27.854580545419452,0.0,8.23169773169773
Hyderabad,2026-10-05 20:00:00,3,26.772452627547366,0.0,7.795241095241095
Hyderabad,2026-10-05 21:00:00,3,26.11616218383781,0.0,6.591500391500391
Hyderabad,2026-10-05 22:00:00,3,25.416007683992312,0.0,4.712004512004512
Hyderabad,2026-10-05 23:00:00,3,24.843174856825144,0.0,3.727408927408927
Imphal,2026-10-03 00:00:00,1,20.372941027058975,0.0325634,2.6310823999999995
Imphal,2026-10-03 01:00:00,1,20.14767485232515,0.0162817,2.7172308
Imphal,2026-10-03 02:00:00,1,19.98041851958148,0.0162817,2.4233016000000003
Imphal,2026-10-03 03:00:00,1,19.860513839486163,0.0652948,2.2409602
Imphal,2026-10-03 04:00:00,1,19.93849236150764,0.0815765,3.3061497999999996
Imphal,2026-10-03 05:00:00,1,20.6000930999069,0.049013100000000004,2.7247186
Imphal,2026-10-03 06:00:00,1,21.134065165934835,0.0652948,2.2082226
Imphal,2026-10-03 07:00:00,1,22.284119315880687,0.0327314,1.5677268000000002
Imphal,2026-10-03 08:00:00,1,23.653839446160553,0.0327314,2.5264642
Imphal,2026-10-03 09:00:00,1,25.155716744283257,0.0327314,5.015781199999999
Imphal,2026-10-03 10:00:00,1,26.048817151182853,0.19554839999999998,6.7496124
Imphal,2026-10-03 11:00:00,1,25.877073722926276,0.5211823999999999,8.2111032
Imphal,2026-10-03 12:00:00,1,26.210871889128114,0.2932386,8.467017
Imphal,2026-10-03 13:00:00,1,26.684725115274883,0.0327314,10.514344999999999
Imphal,2026-10-03 14:00:00,1,26.411117588882412,0.0327314,10.8174566
Imphal,2026-10-03 15:00:00,1,25.699167000833,0.0,8.8264468
Imphal,2026-10-03 16:00:00,1,24.283221516778482,0.0,6.5092788
Imphal,2026-10-03 17:00:00,1,22.738124861875143,0.0,5.1154756
Imphal,2026-10-03 18:00:00,1,21.815223584776415,0.0,3.8623693999999995
Imphal,2026-10-03 19:00:00,1,20.968349331650668,0.0,3.198839
Imphal,2026-10-03 20:00:00,1,20.365582034417965,0.0,3.207947
Imphal,2026-10-03 21:00:00,1,19.80733429266571,0.0,3.0002268
Imphal,2026-10-03 22:00:00,1,19.31911018088982,0.0,2.8698758
Imphal,2026-10-03 23:00:00,1,19.051441248558753,0.0,2.7881706
Imphal,2026-10-04 00:00:00,2,18.643832956167046,0.0,2.5098118
Imphal,2026-10-04 01:00:00,2,18.482674817325183,0.0,2.7037499
Imphal,2026-10-04 02:00:00,2,18.305932794067207,0.0,2.3943412000000004
Imphal,2026-10-04 03:00:00,2,18.042514257485742,0.0,2.6986588
Imphal,2026-10-04 04:00:00,2,17.856933543066457,0.0,2.4795708000000003
Imphal,2026-10-04 05:00:00,2,17.83910206089794,0.0,2.5036150000000004
Imphal,2026-10-04 06:00:00,2,19.053220346779653,0.0,2.2694847
Imphal,2026-10-04 07:00:00,2,20.885337014662987,0.0,1.9140715000000001
Imphal,2026-10-04 08:00:00,2,22.76005433994566,0.0,1.9640083000000002
Imphal,2026-10-04 09:00:00,2,24.326469673530326,0.0334916,3.4981847999999998
Imphal,2026-10-04 10:00:00,2,25.703902496097502,0.0334916,5.6710868
Imphal,2026-10-04 11:00:00,2,26.67049752950247,0.0334916,6.9983080000000015
Imphal,2026-10-04 12:00:00,2,27.05098794901205,0.041879200000000005,8.5474625
Imphal,2026-10-04 13:00:00,2,26.895635704364295,0.020939600000000003,9.2984597
Imphal,2026-10-04 14:00:00,2,26.694886505113494,0.0,8.523893600000001
Imphal,2026-10-04 15:00:00,2,26.05888734111266,0.0,7.200546300000001
Imphal,2026-10-04 16:00:00,2,24.572368127631872,0.0,5.1044482
Imphal,2026-10-04 17:00:00,2,22.783993516006483,0.0,4.0764008
Imphal,2026-10-04 18:00:00,2,21.565079034920966,0.0,3.5451853000000004
Imphal,2026-10-04 19:00:00,2,20.655170144829853,0.0,3.0752816000000003
Imphal,2026-10-04 20:00:00,2,19.94675965324035,0.0,3.3014298
Imphal,2026-10-04 21:00:00,2,19.30867979132021,0.0,2.9803074
Imphal,2026-10-04 22:00:00,2,18.792929007070992,0.0,2.6544541000000006
Imphal,2026-10-04 23:00:00,2,18.415258084741915,0.0,3.0028309
Imphal,2026-10-05 00:00:00,3,18.0537265,0.0,2.9467646467646467
Imphal,2026-10-05 01:00:00,3,17.7243832,0.0,2.597091797091797
Imphal,2026-10-05 02:00:00,3,17.4753134,0.0,2.6813825813825813
Imphal,2026-10-05 03:00:00,3,17.242768599999998,0.0,2.9022482022482023
Imphal,2026-10-05 04:00:00,3,17.1067697,0.0,3.0355317355317357
Imphal,2026-10-05 05:00:00,3,17.2726312,0.0,3.227356727356727
Imphal,2026-10-05 06:00:00,3,18.8623584,0.0,2.2593253593253593
Imphal,2026-10-05 07:00:00,3,21.2473403,0.0,1.5874068874068876
Imphal,2026-10-05 08:00:00,3,23.2565255,0.0,2.0517587517587517
Imphal,2026-10-05 09:00:00,3,24.975642299999997,0.0,3.0783249783249786
Imphal,2026-10-05 10:00:00,3,26.371907399999998,0.0,4.564455364455364
Imphal,2026-10-05 11:00:00,3,27.278548899999997,0.0,5.242158142158143
Imphal,2026-10-05 12:00:00,3,27.713447000000002,0.07244452755547244,5.413442113442113
Imphal,2026-10-05 13:00:00,3,27.696655299999996,0.07244452755547244,6.1977538977538975
Imphal,2026-10-05 14:00:00,3,27.406765,0.07244452755547244,6.423257523257523
Imphal,2026-10-05 15:00:00,3,26.722011100000003,0.07077812922187078,5.346479946479946
Imphal,2026-10-05 16:00:00,3,25.152858600000002,0.07077812922187078,3.1235470235470233
Imphal,2026-10-05 17:00:00,3,23.292502900000002,0.0482963517036483,3.543103443103443
Imphal,2026-10-05 18:00:00,3,22.0661349,0.0,3.2683220683220684
Imphal,2026-10-05 19:00:00,3,21.3266819,0.0,2.672066972066972
Imphal,2026-10-05 20:00:00,3,20.813104000000003,0.0,2.336717636717637
Imphal,2026-10-05 21:00:00,3,20.3720432,0.0,3.0800871800871805
Imphal,2026-10-05 22:00:00,3,19.8954905,0.0,3.4464019464019464
Imphal,2026-10-05 23:00:00,3,19.5101692,0.0,3.7922206922206922
Indore,2026-10-03 00:00:00,1,23.753484399999998,0.0,4.6485962999999995
Indore,2026-10-03 01:00:00,1,23.121429699999997,0.0,4.009259200000001
Indore,2026-10-03 02:00:00,1,22.464639899999998,0.0,2.9900575
Indore,2026-10-03 03:00:00,1,21.8102984,0.0,2.9610043
Indore,2026-10-03 04:00:00,1,21.2404694,0.0,3.1367154999999998
Indore,2026-10-03 05:00:00,1,21.0748252,0.0,3.2298001
Indore,2026-10-03 06:00:00,1,21.1794512,0.0,3.2115008
Indore,2026-10-03 07:00:00,1,23.1833629,0.0,3.4406903
Indore,2026-10-03 08:00:00,1,26.240892999999996,0.0,2.9850399999999997
Indore,2026-10-03 09:00:00,1,28.8698627,0.0,3.4976111999999997
Indore,2026-10-03 10:00:00,1,30.4579138,0.0,3.9179183
Indore,2026-10-03 11:00:00,1,31.613106199999997,0.0,3.6424064
Indore,2026-10-03 12:00:00,1,32.262743,0.0,4.4616918000000005
Indore,2026-10-03 13:00:00,1,32.534502599999996,0.0,5.6807997
Indore,2026-10-03 14:00:00,1,32.492903,0.0,6.708034100000001
Indore,2026-10-03 15:00:00,1,32.1394325,0.0,7.136856
Indore,2026-10-03 16:00:00,1,31.334110499999998,0.0,7.2482205
Indore,2026-10-03 17:00:00,1,29.797743899999997,0.0,5.9697554
Indore,2026-10-03 18:00:00,1,27.509876199999997,0.0,3.7820219999999996
Indore,2026-10-03 19:00:00,1,25.8650353,0.0,2.2799951
Indore,2026-10-03 20:00:00,1,24.7010039,0.0,3.3414153000000004
Indore,2026-10-03 21:00:00,1,23.965212899999997,0.0,3.7837224999999997
Indore,2026-10-03 22:00:00,1,23.4733475,0.0,4.0826283
Indore,2026-10-03 23:00:00,1,23.1052045,0.0,4.3806232
Indore,2026-10-04 00:00:00,2,22.600466400000006,0.0,5.417501517501518
Indore,2026-10-04 01:00:00,2,21.777220400000004,0.0,6.041424441424442
Indore,2026-10-04 02:00:00,2,20.891123200000003,0.0,6.78988378988379
Indore,2026-10-04 03:00:00,2,20.521685200000004,0.0,6.160385060385061
Indore,2026-10-04 04:00:00,2,20.355095600000002,0.0,6.07856157856158
Indore,2026-10-04 05:00:00,2,20.332656000000004,0.0,5.937389837389839
Indore,2026-10-04 06:00:00,2,20.670816600000002,0.0,6.013650513650514
Indore,2026-10-04 07:00:00,2,22.6261566,0.0,6.276158476158477
Indore,2026-10-04 08:00:00,2,25.7053576,0.0,6.658155058155059
Indore,2026-10-04 09:00:00,2,28.314019800000004,0.0,8.277639977639978
Indore,2026-10-04 10:00:00,2,30.212434000000002,0.0,8.817453217453217
Indore,2026-10-04 11:00:00,2,31.509884800000002,0.0,8.075708675708677
Indore,2026-10-04 12:00:00,2,32.22267840000001,0.0,6.632342232342232
Indore,2026-10-04 13:00:00,2,32.5953196,0.0,5.810386110386111
Indore,2026-10-04 14:00:00,2,32.716536600000005,0.0,5.351865651865652
Indore,2026-10-04 15:00:00,2,32.47291340000001,0.0,5.154851354851355
Indore,2026-10-04 16:00:00,2,32.0016722,0.0,4.835402035402036
Indore,2026-10-04 17:00:00,2,30.589425000000002,0.0,4.471186371186372
Indore,2026-10-04 18:00:00,2,28.357421200000005,0.0,4.6003421003421
Indore,2026-10-04 19:00:00,2,26.552004000000004,0.0,5.066530866530867
Indore,2026-10-04 20:00:00,2,25.367699800000004,0.0,5.208863808863809
Indore,2026-10-04 21:00:00,2,24.463846200000003,0.0,5.2377975377975385
Indore,2026-10-04 22:00:00,2,23.729390600000002,0.0,6.509247109247109
Indore,2026-10-04 23:00:00,2,23.076867400000005,0.0,6.5458896458896465
Indore,2026-10-05 00:00:00,3,22.728289099999998,0.0,6.958098
Indore,2026-10-05 01:00:00,3,22.2803865,0.0,6.899423
Indore,2026-10-05 02:00:00,3,21.9343091,0.0,6.2451095
Indore,2026-10-05 03:00:00,3,21.500054,0.0,5.668162000000001
Indore,2026-10-05 04:00:00,3,21.101372,0.0,5.2652269
Indore,2026-10-05 05:00:00,3,20.9849008,0.0,5.0351542
Indore,2026-10-05 06:00:00,3,21.3506935,0.0,4.5105557
Indore,2026-10-05 07:00:00,3,23.3030617,0.0,5.105953100000001
Indore,2026-10-05 08:00:00,3,26.2167261,0.0,6.2621585
Indore,2026-10-05 09:00:00,3,28.591690099999997,0.0,8.072334699999999
Indore,2026-10-05 10:00:00,3,30.4268534,0.0,9.0489988
Indore,2026-10-05 11:00:00,3,31.715079799999998,0.0,8.859224300000001
Indore,2026-10-05 12:00:00,3,32.4766299,0.0,8.6580222
Indore,2026-10-05 13:00:00,3,32.860965099999994,0.0,8.449459000000001
Indore,2026-10-05 14:00:00,3,32.8917831,0.0,8.3670267
Indore,2026-10-05 15:00:00,3,32.59173,0.0,8.2680502
Indore,2026-10-05 16:00:00,3,31.907288599999998,0.0,7.727281999999999
Indore,2026-10-05 17:00:00,3,30.297404899999997,0.0,7.337708599999999
Indore,2026-10-05 18:00:00,3,28.0806345,0.0,6.4290952
Indore,2026-10-05 19:00:00,3,26.6627647,0.0,5.3069701
Indore,2026-10-05 20:00:00,3,25.5265454,0.0,5.1531910000000005
Indore,2026-10-05 21:00:00,3,24.5190197,0.0,6.217854900000001
Indore,2026-10-05 22:00:00,3,23.9168678,0.0,6.076295699999999
Indore,2026-10-05 23:00:00,3,23.148704600000002,0.0,5.7596349
Jabalpur,2026-10-03 00:00:00,1,23.2025452,0.0,3.3791345208654784
Jabalpur,2026-10-03 01:00:00,1,22.565437199999998,0.0,3.687182912817086
Jabalpur,2026-10-03 02:00:00,1,22.0078653,0.0,3.5174462825537174
Jabalpur,2026-10-03 03:00:00,1,21.49099,0.0,3.5009994990005007
Jabalpur,2026-10-03 04:00:00,1,20.999041400000003,0.0,3.508852191147808
Jabalpur,2026-10-03 05:00:00,1,21.4068494,0.0,3.67042362957637
Jabalpur,2026-10-03 06:00:00,1,21.0913578,0.0,3.721626278373721
Jabalpur,2026-10-03 07:00:00,1,23.0484571,0.0,4.219196280803718
Jabalpur,2026-10-03 08:00:00,1,25.587280500000002,0.0,4.762579237420762
Jabalpur,2026-10-03 09:00:00,1,27.604460800000002,0.0,5.7886296113703875
Jabalpur,2026-10-03 10:00:00,1,29.347635500000003,0.0,6.572420627579372
Jabalpur,2026-10-03 11:00:00,1,30.578423599999997,0.0,6.947709652290347
Jabalpur,2026-10-03 12:00:00,1,31.2183995,0.0,7.647393452606547
Jabalpur,2026-10-03 13:00:00,1,31.603560700000003,0.0,8.148458351541649
Jabalpur,2026-10-03 14:00:00,1,31.5932106,0.0,8.161607638392361
Jabalpur,2026-10-03 15:00:00,1,31.150699699999997,0.0,7.272119427880572
Jabalpur,2026-10-03 16:00:00,1,30.3080094,0.0,5.849688650311349
Jabalpur,2026-10-03 17:00:00,1,28.4633037,0.0,3.9990850009149987
Jabalpur,2026-10-03 18:00:00,1,26.6542835,0.0,3.422076177923822
Jabalpur,2026-10-03 19:00:00,1,25.367213399999997,0.0,3.973408426591573
Jabalpur,2026-10-03 20:00:00,1,24.3992655,0.0,5.162673537326462
Jabalpur,2026-10-03 21:00:00,1,23.5688672,0.0,5.848512351487647
Jabalpur,2026-10-03 22:00:00,1,22.8409211,0.0,5.746219753780245
Jabalpur,2026-10-03 23:00:00,1,22.2525611,0.0,5.53116506883493
Jabalpur,2026-10-04 00:00:00,2,21.765869000000002,0.0,5.481746981746982
Jabalpur,2026-10-04 01:00:00,2,21.3253046,0.0,5.3642852642852645
Jabalpur,2026-10-04 02:00:00,2,20.9195156,0.0,5.582337682337682
Jabalpur,2026-10-04 03:00:00,2,20.6199096,0.0,5.4996190996191
Jabalpur,2026-10-04 04:00:00,2,20.2688832,0.0,5.212062712062712
Jabalpur,2026-10-04 05:00:00,2,20.1646456,0.0,5.218214218214218
Jabalpur,2026-10-04 06:00:00,2,20.3403548,0.0,5.908449108449108
Jabalpur,2026-10-04 07:00:00,2,22.398591600000003,0.0,6.184672384672385
Jabalpur,2026-10-04 08:00:00,2,24.6703518,0.0,7.211796011796012
Jabalpur,2026-10-04 09:00:00,2,26.727453800000003,0.0,8.38186418186418
Jabalpur,2026-10-04 10:00:00,2,28.6178684,0.0,9.168050868050868
Jabalpur,2026-10-04 11:00:00,2,30.120141800000006,0.0,10.168752668752667
Jabalpur,2026-10-04 12:00:00,2,31.0657732,0.0,10.566638366638367
Jabalpur,2026-10-04 13:00:00,2,31.484471,0.0,9.897768797768798
Jabalpur,2026-10-04 14:00:00,2,31.5280496,0.0,9.236371936371937
Jabalpur,2026-10-04 15:00:00,2,31.206141599999995,0.0,8.661307261307261
Jabalpur,2026-10-04 16:00:00,2,30.287903800000002,0.0,7.786181286181286
Jabalpur,2026-10-04 17:00:00,2,28.4173068,0.0,6.565712165712165
Jabalpur,2026-10-04 18:00:00,2,26.600750400000003,0.0,5.903505103505104
Jabalpur,2026-10-04 19:00:00,2,25.542818999999998,0.0,5.566874766874767
Jabalpur,2026-10-04 20:00:00,2,24.6481668,0.0,5.766232466232466
Jabalpur,2026-10-04 21:00:00,2,23.9224094,0.0,6.114548214548215
Jabalpur,2026-10-04 22:00:00,2,23.4238062,0.0,5.939931839931839
Jabalpur,2026-10-04 23:00:00,2,22.9073346,0.0,5.7137344137344135
Jabalpur,2026-10-05 00:00:00,3,22.531240399999994,0.0,5.31958421958422
Jabalpur,2026-10-05 01:00:00,3,22.1361932,0.0,5.2462864462864465
Jabalpur,2026-10-05 02:00:00,3,21.6751522,0.0,5.260171360171361
Jabalpur,2026-10-05 03:00:00,3,21.1941853,0.0,5.393792393792394
Jabalpur,2026-10-05 04:00:00,3,20.8311257,0.0,5.4766202766202765
Jabalpur,2026-10-05 05:00:00,3,20.629804200000002,0.0,5.26945536945537
Jabalpur,2026-10-05 06:00:00,3,20.835859999999997,0.0,5.198847798847799
Jabalpur,2026-10-05 07:00:00,3,22.8337832,0.0,5.013544213544213
Jabalpur,2026-10-05 08:00:00,3,25.1680416,0.0,6.4847740847740845
Jabalpur,2026-10-05 09:00:00,3,27.051374799999998,0.0,7.946547246547246
Jabalpur,2026-10-05 10:00:00,3,28.659353699999997,0.0,9.076013076013076
Jabalpur,2026-10-05 11:00:00,3,30.0055945,0.0,9.91063401063401
Jabalpur,2026-10-05 12:00:00,3,31.104214800000005,0.0,10.877598977598979
Jabalpur,2026-10-05 13:00:00,3,31.651408499999995,0.0,11.05897205897206
Jabalpur,2026-10-05 14:00:00,3,31.822507100000003,0.0,10.866948066948066
Jabalpur,2026-10-05 15:00:00,3,31.4697008,0.0,9.794974394974394
Jabalpur,2026-10-05 16:00:00,3,30.662452699999996,0.0,7.783255883255883
Jabalpur,2026-10-05 17:00:00,3,29.003603199999997,0.0,5.212596312596312
Jabalpur,2026-10-05 18:00:00,3,27.3500205,0.0,4.635237335237335
Jabalpur,2026-10-05 19:00:00,3,26.156862699999998,0.0,4.4341701341701345
Jabalpur,2026-10-05 20:00:00,3,25.281125300000003,0.0,4.547427447427447
Jabalpur,2026-10-05 21:00:00,3,24.5297797,0.0,4.76009796009796
Jabalpur,2026-10-05 22:00:00,3,23.849786599999998,0.0,4.857198357198357
Jabalpur,2026-10-05 23:00:00,3,23.2301956,0.0,5.637802537802537
Jaipur,2026-10-03 00:00:00,1,25.024526,0.0,5.0928016000000005
Jaipur,2026-10-03 01:00:00,1,24.438093000000002,0.0,5.393178600000001
Jaipur,2026-10-03 02:00:00,1,23.905631,0.0,5.5452165
Jaipur,2026-10-03 03:00:00,1,23.425634000000002,0.0,5.369572
Jaipur,2026-10-03 04:00:00,1,23.03731,0.0,5.1422498
Jaipur,2026-10-03 05:00:00,1,23.904996,0.0,5.761821100000001
Jaipur,2026-10-03 06:00:00,1,23.365115000000003,0.0,6.479048400000001
Jaipur,2026-10-03 07:00:00,1,24.836535,0.0,6.667001300000001
Jaipur,2026-10-03 08:00:00,1,27.619718999999996,0.0,8.6556038
Jaipur,2026-10-03 09:00:00,1,29.997115,0.0,12.4816124
Jaipur,2026-10-03 10:00:00,1,32.048795,0.0,13.664730500000001
Jaipur,2026-10-03 11:00:00,1,33.665524000000005,0.0,14.3770679
Jaipur,2026-10-03 12:00:00,1,34.719495,0.0,14.0626015
Jaipur,2026-10-03 13:00:00,1,35.318487000000005,0.0,13.2917947
Jaipur,2026-10-03 14:00:00,1,35.546369000000006,0.0,12.5859245
Jaipur,2026-10-03 15:00:00,1,35.308979,0.0,11.701336300000001
Jaipur,2026-10-03 16:00:00,1,34.593633,0.0,10.776137199999999
Jaipur,2026-10-03 17:00:00,1,33.430875,0.0,9.0384513
Jaipur,2026-10-03 18:00:00,1,31.327562999999998,0.0,8.565838800000002
Jaipur,2026-10-03 19:00:00,1,29.725584,0.0,8.8781805
Jaipur,2026-10-03 20:00:00,1,28.668589,0.0,10.0520701
Jaipur,2026-10-03 21:00:00,1,27.900976,0.0,10.887301
Jaipur,2026-10-03 22:00:00,1,27.195548000000002,0.0,11.3574859
Jaipur,2026-10-03 23:00:00,1,26.596506,0.0,11.4033224
Jaipur,2026-10-04 00:00:00,2,26.042756500000003,0.0,11.4298799
Jaipur,2026-10-04 01:00:00,2,25.558676,0.0,11.5109089
Jaipur,2026-10-04 02:00:00,2,25.193806,0.0,12.067915599999997
Jaipur,2026-10-04 03:00:00,2,24.7350139,0.0,13.0550407
Jaipur,2026-10-04 04:00:00,2,24.324046900000003,0.0,13.2597883
Jaipur,2026-10-04 05:00:00,2,24.0272713,0.0,13.353677300000001
Jaipur,2026-10-04 06:00:00,2,23.9001914,0.0,13.341365600000001
Jaipur,2026-10-04 07:00:00,2,24.881376799999998,0.0,14.0258771
Jaipur,2026-10-04 08:00:00,2,27.079800499999997,0.0,16.872317699999996
Jaipur,2026-10-04 09:00:00,2,29.339343900000003,0.0,18.1055689
Jaipur,2026-10-04 10:00:00,2,31.5581169,0.0,18.9934975
Jaipur,2026-10-04 11:00:00,2,33.3169724,0.0,18.975679699999997
Jaipur,2026-10-04 12:00:00,2,34.4982628,0.0,18.5768099
Jaipur,2026-10-04 13:00:00,2,35.2246516,0.0,17.933332
Jaipur,2026-10-04 14:00:00,2,35.546087899999996,0.0,17.0843217
Jaipur,2026-10-04 15:00:00,2,35.337911,0.0,15.9695015
Jaipur,2026-10-04 16:00:00,2,34.63747669999999,0.0,14.7502043
Jaipur,2026-10-04 17:00:00,2,33.3611388,0.0,11.6814476
Jaipur,2026-10-04 18:00:00,2,31.294684100000005,0.0,10.2225386
Jaipur,2026-10-04 19:00:00,2,29.5986796,0.0,10.174519499999999
Jaipur,2026-10-04 20:00:00,2,28.3135403,0.0,10.0649386
Jaipur,2026-10-04 21:00:00,2,27.3306268,0.0,9.8104823
Jaipur,2026-10-04 22:00:00,2,26.5724374,0.0,9.5119321
Jaipur,2026-10-04 23:00:00,2,25.8834044,0.0,9.4007506
Jaipur,2026-10-05 00:00:00,3,25.422222977777025,0.0,10.393750306249693
Jaipur,2026-10-05 01:00:00,3,24.881171818828186,0.0,11.98806931193069
Jaipur,2026-10-05 02:00:00,3,24.360178239821764,0.0,12.541282458717543
Jaipur,2026-10-05 03:00:00,3,23.932179667820336,0.0,12.8972985027015
Jaipur,2026-10-05 04:00:00,3,23.528415571584432,0.0,12.794437905562095
Jaipur,2026-10-05 05:00:00,3,23.281784818215186,0.0,12.522159977840023
Jaipur,2026-10-05 06:00:00,3,23.324228875771126,0.0,12.597500802499198
Jaipur,2026-10-05 07:00:00,3,24.445367454632546,0.0,13.722668577331426
Jaipur,2026-10-05 08:00:00,3,26.83039746960253,0.0,16.792601707398294
Jaipur,2026-10-05 09:00:00,3,29.255365144634858,0.0,18.67732852267148
Jaipur,2026-10-05 10:00:00,3,31.45682304317696,0.0,19.64038895961104
Jaipur,2026-10-05 11:00:00,3,33.104879195120816,0.0,19.664209735790266
Jaipur,2026-10-05 12:00:00,3,34.228934871065135,0.0,19.175530624469378
Jaipur,2026-10-05 13:00:00,3,35.02151707848293,0.0,18.446127153872844
Jaipur,2026-10-05 14:00:00,3,35.38633471366529,0.0,17.43136206863793
Jaipur,2026-10-05 15:00:00,3,35.23644036355964,0.0,15.881720918279083
Jaipur,2026-10-05 16:00:00,3,34.61054648945351,0.0,14.635778264221738
Jaipur,2026-10-05 17:00:00,3,33.417785482214526,0.0,11.76980463019537
Jaipur,2026-10-05 18:00:00,3,31.321697178302824,0.0,9.472664027335973
Jaipur,2026-10-05 19:00:00,3,29.638459961540043,0.0,9.040006759993242
Jaipur,2026-10-05 20:00:00,3,28.363809236190765,0.0,8.933829166170835
Jaipur,2026-10-05 21:00:00,3,27.455167544832456,0.0,8.41152218847781
Jaipur,2026-10-05 22:00:00,3,26.652884047115954,0.0,7.974842625157375
Jaipur,2026-10-05 23:00:00,3,25.88765361234639,0.0,8.511336388663612
Jodhpur,2026-10-03 00:00:00,1,26.858493841506153,0.0,7.862120999999999
Jodhpur,2026-10-03 01:00:00,1,26.019832380167617,0.0,8.5888986
Jodhpur,2026-10-03 02:00:00,1,25.290468609531388,0.0,8.638417299999999
Jodhpur,2026-10-03 03:00:00,1,24.690468609531386,0.0,8.4653118
Jodhpur,2026-10-03 04:00:00,1,24.22237037762962,0.0,7.868909299999999
Jodhpur,2026-10-03 05:00:00,1,24.867187132812862,0.0,7.307087299999999
Jodhpur,2026-10-03 06:00:00,1,23.937267562732433,0.0,6.1674378999999995
Jodhpur,2026-10-03 07:00:00,1,24.623658076341922,0.0,5.5250693
Jodhpur,2026-10-03 08:00:00,1,26.99679440320559,0.0,6.5684116
Jodhpur,2026-10-03 09:00:00,1,29.924918475081522,0.0,8.5584202
Jodhpur,2026-10-03 10:00:00,1,32.58582221417778,0.0,10.550851399999999
Jodhpur,2026-10-03 11:00:00,1,34.686547613452376,0.0,12.6100305
Jodhpur,2026-10-03 12:00:00,1,36.02822067177932,0.0,14.085541099999999
Jodhpur,2026-10-03 13:00:00,1,36.836179363820634,0.0,14.5922165
Jodhpur,2026-10-03 14:00:00,1,37.22941967058033,0.0,14.342484599999999
Jodhpur,2026-10-03 15:00:00,1,37.19007160992838,0.0,13.883769099999999
Jodhpur,2026-10-03 16:00:00,1,36.789385010614986,0.0,13.639809999999999
Jodhpur,2026-10-03 17:00:00,1,35.85748324251675,0.0,12.284180399999999
Jodhpur,2026-10-03 18:00:00,1,33.571953528046464,0.0,10.965083199999999
Jodhpur,2026-10-03 19:00:00,1,31.600783199216792,0.0,10.6489695
Jodhpur,2026-10-03 20:00:00,1,30.19392880607119,0.0,11.189698099999998
Jodhpur,2026-10-03 21:00:00,1,29.168117231882768,0.0,12.1863227
Jodhpur,2026-10-03 22:00:00,1,28.327643172356822,0.0,12.5839782
Jodhpur,2026-10-03 23:00:00,1,27.703682996317,0.0,12.935913099999999
Jodhpur,2026-10-04 00:00:00,2,27.162007199999998,0.0,12.890609000000001
Jodhpur,2026-10-04 01:00:00,2,26.5224588,0.0,12.013212800000002
Jodhpur,2026-10-04 02:00:00,2,25.8738766,0.0,11.933019300000002
Jodhpur,2026-10-04 03:00:00,2,25.203794600000002,0.0,11.9853729
Jodhpur,2026-10-04 04:00:00,2,24.5634345,0.0,11.508597599999998
Jodhpur,2026-10-04 05:00:00,2,24.054964599999998,0.0,11.263914000000002
Jodhpur,2026-10-04 06:00:00,2,23.7388365,0.0,10.7118267
Jodhpur,2026-10-04 07:00:00,2,24.317696200000004,0.0,10.3972141
Jodhpur,2026-10-04 08:00:00,2,26.5587301,0.0,12.3720028
Jodhpur,2026-10-04 09:00:00,2,29.135198099999997,0.0,14.415645600000001
Jodhpur,2026-10-04 10:00:00,2,31.8064323,0.0,15.692888700000001
Jodhpur,2026-10-04 11:00:00,2,34.0885608,0.0,17.6849211
Jodhpur,2026-10-04 12:00:00,2,35.6879452,0.0,19.1894335
Jodhpur,2026-10-04 13:00:00,2,36.6876374,0.0,19.901215399999998
Jodhpur,2026-10-04 14:00:00,2,37.2072577,0.0,19.9358762
Jodhpur,2026-10-04 15:00:00,2,37.2455939,0.0,19.5300658
Jodhpur,2026-10-04 16:00:00,2,36.8133959,0.0,18.7058811
Jodhpur,2026-10-04 17:00:00,2,35.8133959,0.0,16.7246025
Jodhpur,2026-10-04 18:00:00,2,33.593134500000005,0.0,14.220311099999998
Jodhpur,2026-10-04 19:00:00,2,31.8237798,0.0,14.9487955
Jodhpur,2026-10-04 20:00:00,2,30.540943000000002,0.0,15.957891699999998
Jodhpur,2026-10-04 21:00:00,2,29.4616311,0.0,15.240008799999998
Jodhpur,2026-10-04 22:00:00,2,28.6030073,0.0,14.676631
Jodhpur,2026-10-04 23:00:00,2,27.773849300000002,0.0,14.047602900000001
Jodhpur,2026-10-05 00:00:00,3,27.02492442492442,0.0,13.404139700000002
Jodhpur,2026-10-05 01:00:00,3,26.31301251301251,0.0,12.8302081
Jodhpur,2026-10-05 02:00:00,3,25.677628777628776,0.0,12.6124416
Jodhpur,2026-10-05 03:00:00,3,25.099446599446598,0.0,12.547266100000002
Jodhpur,2026-10-05 04:00:00,3,24.54166984166984,0.0,12.138335099999999
Jodhpur,2026-10-05 05:00:00,3,23.97032617032617,0.0,11.627146100000001
Jodhpur,2026-10-05 06:00:00,3,23.609594109594106,0.0,11.3992484
Jodhpur,2026-10-05 07:00:00,3,24.074340874340876,0.0,11.690967500000001
Jodhpur,2026-10-05 08:00:00,3,26.043343243343244,0.0,13.595189300000001
Jodhpur,2026-10-05 09:00:00,3,28.303127003127006,0.0,15.204764200000001
Jodhpur,2026-10-05 10:00:00,3,30.674804274804277,0.0,16.2575984
Jodhpur,2026-10-05 11:00:00,3,32.77560197560197,0.0,17.7590735
Jodhpur,2026-10-05 12:00:00,3,34.376066076066074,0.0,18.547361600000002
Jodhpur,2026-10-05 13:00:00,3,35.425591925591924,0.0,18.9874792
Jodhpur,2026-10-05 14:00:00,3,36.11804671804672,0.0,18.7844438
Jodhpur,2026-10-05 15:00:00,3,36.252482152482145,0.0,18.3470605
Jodhpur,2026-10-05 16:00:00,3,35.94398864398865,0.0,17.642111300000003
Jodhpur,2026-10-05 17:00:00,3,35.07617547617548,0.0,16.4684125
Jodhpur,2026-10-05 18:00:00,3,32.96682636682637,0.0,13.769158899999999
Jodhpur,2026-10-05 19:00:00,3,31.098942298942298,0.0,14.0453154
Jodhpur,2026-10-05 20:00:00,3,29.743434243434244,0.0,14.570013500000002
Jodhpur,2026-10-05 21:00:00,3,28.696974796974796,0.0,14.0957708
Jodhpur,2026-10-05 22:00:00,3,27.85889675889676,0.0,13.706404899999999
Jodhpur,2026-10-05 23:00:00,3,27.116339916339918,0.0,13.102455899999999
Kanpur,2026-10-03 00:00:00,1,24.74580015419984,0.0,4.7159055
Kanpur,2026-10-03 01:00:00,1,24.235729364270632,0.0,5.6932201
Kanpur,2026-10-03 02:00:00,1,23.857965042034955,0.0,6.3734929000000005
Kanpur,2026-10-03 03:00:00,1,23.471410528589466,0.0,6.418973899999999
Kanpur,2026-10-03 04:00:00,1,23.25418044581955,0.0,6.6375101999999995
Kanpur,2026-10-03 05:00:00,1,23.62345497654502,0.0,6.6824258
Kanpur,2026-10-03 06:00:00,1,23.640509659490338,0.0,7.0318764
Kanpur,2026-10-03 07:00:00,1,25.23259596740403,0.0,7.081090099999999
Kanpur,2026-10-03 08:00:00,1,27.426837673162325,0.0,7.5660605
Kanpur,2026-10-03 09:00:00,1,29.28527901472098,0.0,8.566137600000001
Kanpur,2026-10-03 10:00:00,1,30.77847002152997,0.0,9.705649
Kanpur,2026-10-03 11:00:00,1,31.920845579154417,0.0,10.2855214
Kanpur,2026-10-03 12:00:00,1,32.65908744091256,0.0,10.9993432
Kanpur,2026-10-03 13:00:00,1,33.06042423957576,0.0,11.688369400000001
Kanpur,2026-10-03 14:00:00,1,33.093308506691486,0.0,12.0418591
Kanpur,2026-10-03 15:00:00,1,32.75686834313165,0.0,11.6724889
Kanpur,2026-10-03 16:00:00,1,31.959430740569253,0.0,9.8288249
Kanpur,2026-10-03 17:00:00,1,30.499081100918897,0.0,7.832639899999999
Kanpur,2026-10-03 18:00:00,1,29.051987748012245,0.0,6.6898616
Kanpur,2026-10-03 19:00:00,1,27.886961513038486,0.0,5.6948089
Kanpur,2026-10-03 20:00:00,1,27.009715390284605,0.0,4.5994405
Kanpur,2026-10-03 21:00:00,1,26.260177139822858,0.0,4.3302829
Kanpur,2026-10-03 22:00:00,1,25.655111944888052,0.0,4.8366582
Kanpur,2026-10-03 23:00:00,1,25.080722319277676,0.0,5.2575308
Kanpur,2026-10-04 00:00:00,2,24.6714817,0.0,6.2468484
Kanpur,2026-10-04 01:00:00,2,24.281296400000006,0.0,6.819401500000001
Kanpur,2026-10-04 02:00:00,2,23.928632300000004,0.0,8.2189399
Kanpur,2026-10-04 03:00:00,2,23.581303700000003,0.0,8.141220400000002
Kanpur,2026-10-04 04:00:00,2,23.246463400000003,0.0,7.6140495999999995
Kanpur,2026-10-04 05:00:00,2,23.097349000000005,0.0,7.6376889
Kanpur,2026-10-04 06:00:00,2,23.230377200000003,0.0,7.8125782
Kanpur,2026-10-04 07:00:00,2,24.692844300000004,0.0,8.6157024
Kanpur,2026-10-04 08:00:00,2,26.758902000000003,0.0,10.2011402
Kanpur,2026-10-04 09:00:00,2,28.416018200000003,0.0,11.2636727
Kanpur,2026-10-04 10:00:00,2,29.856198400000004,0.0,11.6253706
Kanpur,2026-10-04 11:00:00,2,30.905366200000003,0.0,11.3299516
Kanpur,2026-10-04 12:00:00,2,31.597383400000002,0.0,10.978041699999999
Kanpur,2026-10-04 13:00:00,2,32.142948100000005,0.0,10.743378
Kanpur,2026-10-04 14:00:00,2,32.4643706,0.0,10.485159
Kanpur,2026-10-04 15:00:00,2,32.33042100000001,0.0,9.409256500000001
Kanpur,2026-10-04 16:00:00,2,31.5776428,0.0,7.6977585
Kanpur,2026-10-04 17:00:00,2,30.068602600000006,0.0,6.4518746
Kanpur,2026-10-04 18:00:00,2,28.611498100000002,0.0,5.620564000000001
Kanpur,2026-10-04 19:00:00,2,27.575842400000006,0.0,4.5522285
Kanpur,2026-10-04 20:00:00,2,26.823204600000004,0.0,3.8910572000000005
Kanpur,2026-10-04 21:00:00,2,26.2598497,0.0,3.8702651
Kanpur,2026-10-04 22:00:00,2,25.767017100000004,0.0,4.1174607000000005
Kanpur,2026-10-04 23:00:00,2,25.346478000000005,0.0,3.6231594
Kanpur,2026-10-05 00:00:00,3,25.012889299999998,0.0,4.2885513
Kanpur,2026-10-05 01:00:00,3,24.598226699999998,0.0,5.9110892
Kanpur,2026-10-05 02:00:00,3,24.2191074,0.0,6.802892600000001
Kanpur,2026-10-05 03:00:00,3,23.9485278,0.0,7.177708600000001
Kanpur,2026-10-05 04:00:00,3,23.741289599999998,0.0,7.1426233
Kanpur,2026-10-05 05:00:00,3,23.690436,0.0,8.0245967
Kanpur,2026-10-05 06:00:00,3,23.9229251,0.0,8.652369400000001
Kanpur,2026-10-05 07:00:00,3,25.1994475,0.0,9.062894800000002
Kanpur,2026-10-05 08:00:00,3,26.8628799,0.0,10.5974286
Kanpur,2026-10-05 09:00:00,3,28.506962900000005,0.0,11.2421649
Kanpur,2026-10-05 10:00:00,3,30.0085852,0.0,12.006070399999999
Kanpur,2026-10-05 11:00:00,3,31.158931800000005,0.0,11.9476993
Kanpur,2026-10-05 12:00:00,3,32.0168435,0.0,11.884844600000001
Kanpur,2026-10-05 13:00:00,3,32.5498354,0.0,11.9102126
Kanpur,2026-10-05 14:00:00,3,32.6903469,0.0,11.811854800000003
Kanpur,2026-10-05 15:00:00,3,32.4069587,0.0,10.417605700000001
Kanpur,2026-10-05 16:00:00,3,31.6112731,0.0,9.0167484
Kanpur,2026-10-05 17:00:00,3,30.2633869,0.0,6.9997191
Kanpur,2026-10-05 18:00:00,3,28.8693236,0.0,5.6013319
Kanpur,2026-10-05 19:00:00,3,27.861477100000002,0.0,4.6621309
Kanpur,2026-10-05 20:00:00,3,27.074838200000002,0.0,3.7495983
Kanpur,2026-10-05 21:00:00,3,26.4505661,0.0,2.9729905
Kanpur,2026-10-05 22:00:00,3,25.938500399999995,0.0,3.0100321
Kanpur,2026-10-05 23:00:00,3,25.427409299999997,0.0,3.3335708
Kochi,2026-10-03 00:00:00,1,25.6031762,0.133095,6.7124553124553135
Kochi,2026-10-03 01:00:00,1,25.2308005,0.606577,7.9364237364237376
Kochi,2026-10-03 02:00:00,1,25.1973047,0.80188,9.229986829986832
Kochi,2026-10-03 03:00:00,1,24.9759264,1.2910872,9.283068283068285
Kochi,2026-10-03 04:00:00,1,24.9173,0.932881,8.105965605965606
Kochi,2026-10-03 05:00:00,1,25.613640099999998,0.38912379999999996,6.732607332607334
Kochi,2026-10-03 06:00:00,1,25.259773000000003,0.12869850000000002,6.355035955035955
Kochi,2026-10-03 07:00:00,1,25.8820083,0.07691210000000001,4.546460446460447
Kochi,2026-10-03 08:00:00,1,26.6548895,0.0791312,3.627331327331328
Kochi,2026-10-03 09:00:00,1,27.7831502,0.2604151,2.8260464260464264
Kochi,2026-10-03 10:00:00,1,28.732050199999996,0.023674100000000003,4.285526285526286
Kochi,2026-10-03 11:00:00,1,29.551166900000002,0.0,8.165218265218266
Kochi,2026-10-03 12:00:00,1,29.8823896,0.053238,12.020203520203522
Kochi,2026-10-03 13:00:00,1,29.8020091,0.053238,14.013148013148015
Kochi,2026-10-03 14:00:00,1,29.4090158,0.053238,14.452735052735056
Kochi,2026-10-03 15:00:00,1,29.334122,0.58275,13.787263687263687
Kochi,2026-10-03 16:00:00,1,28.759249899999997,0.2017308,12.922095622095624
Kochi,2026-10-03 17:00:00,1,28.2068811,0.1301501,9.547585047585049
Kochi,2026-10-03 18:00:00,1,27.6136428,0.1035311,5.682835982835983
Kochi,2026-10-03 19:00:00,1,27.1595179,0.22273919999999997,3.263547063547064
Kochi,2026-10-03 20:00:00,1,26.6975408,0.6754005999999999,4.076412776412776
Kochi,2026-10-03 21:00:00,1,26.281542699999996,1.0309411,4.837405537405537
Kochi,2026-10-03 22:00:00,1,25.9932985,0.41574279999999997,4.69035389035389
Kochi,2026-10-03 23:00:00,1,25.8320462,0.182704,4.199890699890701
Kochi,2026-10-04 00:00:00,2,25.630252669747335,0.1008889,4.061638
Kochi,2026-10-04 01:00:00,2,25.38658611341389,0.021825800000000003,4.4672271
Kochi,2026-10-04 02:00:00,2,25.168772331227675,0.1630704,4.8332861000000005
Kochi,2026-10-04 03:00:00,2,24.902153797846204,0.37203829999999993,4.859083200000001
Kochi,2026-10-04 04:00:00,2,24.653601246398757,0.7714538999999999,5.1387308
Kochi,2026-10-04 05:00:00,2,24.594757405242596,0.9165971999999999,4.8528468
Kochi,2026-10-04 06:00:00,2,24.669667130332872,0.45850189999999996,4.148989200000001
Kochi,2026-10-04 07:00:00,2,25.380342619657384,0.0539414,3.8597027
Kochi,2026-10-04 08:00:00,2,26.407958492041516,0.0,3.5251476999999998
Kochi,2026-10-04 09:00:00,2,27.77358342641658,0.0,3.3699507000000004
Kochi,2026-10-04 10:00:00,2,28.918991981008023,0.0,4.9830869
Kochi,2026-10-04 11:00:00,2,29.600400499599502,0.08730320000000001,7.411596300000001
Kochi,2026-10-04 12:00:00,2,30.103147896852107,0.048389900000000007,9.2458738
Kochi,2026-10-04 13:00:00,2,30.218943281056724,0.048389900000000007,11.7820273
Kochi,2026-10-04 14:00:00,2,29.972520027479973,0.026564100000000004,12.789576199999999
Kochi,2026-10-04 15:00:00,2,29.58029781970218,0.1328205,12.159021200000002
Kochi,2026-10-04 16:00:00,2,29.02383547616453,0.1328205,9.7288853
Kochi,2026-10-04 17:00:00,2,28.354826445173558,0.1328205,6.6700119
Kochi,2026-10-04 18:00:00,2,27.60351129648871,0.1270464,4.435714
Kochi,2026-10-04 19:00:00,2,27.154829545170458,0.3980798,3.4307485
Kochi,2026-10-04 20:00:00,2,26.77791662208338,0.1488722,3.9991332
Kochi,2026-10-04 21:00:00,2,26.475664324335682,0.0,4.4227026
Kochi,2026-10-04 22:00:00,2,26.152955547044456,0.4801676,4.0817107
Kochi,2026-10-04 23:00:00,2,25.991856308143696,0.2400838,4.1636315
Kochi,2026-10-05 00:00:00,3,25.7789579,0.0725487,4.1410127
Kochi,2026-10-05 01:00:00,3,25.595581400000004,0.1209145,3.4809396
Kochi,2026-10-05 02:00:00,3,25.489376699999998,0.0725487,3.7068807999999995
Kochi,2026-10-05 03:00:00,3,25.285023799999998,0.0501195,3.9247113000000002
Kochi,2026-10-05 04:00:00,3,25.008991,0.0259366,3.863278
Kochi,2026-10-05 05:00:00,3,24.9317453,0.0259366,3.7670103
Kochi,2026-10-05 06:00:00,3,25.0344591,0.0,3.8279249
Kochi,2026-10-05 07:00:00,3,25.9348114,0.0,4.0731798
Kochi,2026-10-05 08:00:00,3,27.5230313,0.0,3.2876068
Kochi,2026-10-05 09:00:00,3,28.937635200000003,0.0,2.2238549
Kochi,2026-10-05 10:00:00,3,30.1223538,0.0,4.042966699999999
Kochi,2026-10-05 11:00:00,3,30.5272807,0.0,8.306237399999999
Kochi,2026-10-05 12:00:00,3,30.5665846,0.1037464,12.0845382
Kochi,2026-10-05 13:00:00,3,30.1440534,0.1037464,13.817805500000002
Kochi,2026-10-05 14:00:00,3,29.820872899999998,0.1037464,13.869062200000002
Kochi,2026-10-05 15:00:00,3,29.546915,0.0259366,13.365997
Kochi,2026-10-05 16:00:00,3,29.0780228,0.0259366,11.403669299999999
Kochi,2026-10-05 17:00:00,3,28.556278300000002,0.0259366,8.8622792
Kochi,2026-10-05 18:00:00,3,27.9529352,0.0259366,5.6756523
Kochi,2026-10-05 19:00:00,3,27.633171700000002,0.0259366,3.6498705
Kochi,2026-10-05 20:00:00,3,27.428106,0.120675,3.2551268999999996
Kochi,2026-10-05 21:00:00,3,27.093155,0.1421076,3.793022
Kochi,2026-10-05 22:00:00,3,26.6933677,0.0,4.2076648
Kochi,2026-10-05 23:00:00,3,26.276318,0.0,4.6615601
Kolkata,2026-10-03 00:00:00,1,27.0414884,0.0,6.797958502041499
Kolkata,2026-10-03 01:00:00,1,26.7653944,0.0,7.111006688993312
Kolkata,2026-10-03 02:00:00,1,26.5670546,0.0,7.163176836823164
Kolkata,2026-10-03 03:00:00,1,26.4751937,0.025407600000000002,7.122360677639323
Kolkata,2026-10-03 04:00:00,1,26.4260238,0.025407600000000002,7.142812457187544
Kolkata,2026-10-03 05:00:00,1,26.637741300000002,0.025407600000000002,6.528515071484929
Kolkata,2026-10-03 06:00:00,1,27.197950799999997,0.050815200000000005,6.47901802098198
Kolkata,2026-10-03 07:00:00,1,28.815431600000004,0.0742139,7.432577167422833
Kolkata,2026-10-03 08:00:00,1,30.189149800000003,0.09761260000000001,7.076692623307377
Kolkata,2026-10-03 09:00:00,1,31.3308229,0.025407600000000002,6.756913043086957
Kolkata,2026-10-03 10:00:00,1,32.286467,0.025407600000000002,6.601627398372602
Kolkata,2026-10-03 11:00:00,1,33.043264699999995,0.025407600000000002,6.580999419000582
Kolkata,2026-10-03 12:00:00,1,33.4458252,0.050815200000000005,6.803337996662004
Kolkata,2026-10-03 13:00:00,1,33.6110153,0.050815200000000005,7.414946185053815
Kolkata,2026-10-03 14:00:00,1,33.4571671,0.050815200000000005,6.787134812865187
Kolkata,2026-10-03 15:00:00,1,32.9987535,0.127038,5.675579124420876
Kolkata,2026-10-03 16:00:00,1,31.935385500000002,0.127038,5.079689620310381
Kolkata,2026-10-03 17:00:00,1,30.726092799999996,0.127038,5.984873115126886
Kolkata,2026-10-03 18:00:00,1,29.860907400000002,0.0,6.8097155902844095
Kolkata,2026-10-03 19:00:00,1,29.0799551,0.0,7.707810292189709
Kolkata,2026-10-03 20:00:00,1,28.5378574,0.0,8.069774830225171
Kolkata,2026-10-03 21:00:00,1,27.9411288,0.0,8.342190357809642
Kolkata,2026-10-03 22:00:00,1,27.5112552,0.0,8.328318971681028
Kolkata,2026-10-03 23:00:00,1,27.2590182,0.0,7.74939665060335
Kolkata,2026-10-04 00:00:00,2,27.093576093576097,0.0,7.151152999999999
Kolkata,2026-10-04 01:00:00,2,26.877357377357374,0.0,6.769926
Kolkata,2026-10-04 02:00:00,2,26.765291765291764,0.0,6.5996799
Kolkata,2026-10-04 03:00:00,2,26.55737925737926,0.0,6.4390599
Kolkata,2026-10-04 04:00:00,2,26.33018983018983,0.0,6.212193500000001
Kolkata,2026-10-04 05:00:00,2,26.214672314672313,0.0,5.6571006
Kolkata,2026-10-04 06:00:00,2,26.959755759755758,0.0,5.6727381999999995
Kolkata,2026-10-04 07:00:00,2,28.58095768095768,0.0,6.6875567
Kolkata,2026-10-04 08:00:00,2,30.025604725604722,0.0,6.6389879
Kolkata,2026-10-04 09:00:00,2,31.14640044640045,0.0,5.5936298
Kolkata,2026-10-04 10:00:00,2,32.193976793976795,0.0,4.9423188
Kolkata,2026-10-04 11:00:00,2,33.223099323099326,0.0,5.1784085
Kolkata,2026-10-04 12:00:00,2,33.7016024016024,0.0,5.773798899999999
Kolkata,2026-10-04 13:00:00,2,33.736833236833235,0.0,6.9117968
Kolkata,2026-10-04 14:00:00,2,33.65220675220675,0.0,7.4244725
Kolkata,2026-10-04 15:00:00,2,33.247602147602144,0.0,7.3507102
Kolkata,2026-10-04 16:00:00,2,32.097090997091,0.0,6.039619500000001
Kolkata,2026-10-04 17:00:00,2,30.92207552207552,0.0,3.9996160000000005
Kolkata,2026-10-04 18:00:00,2,30.003258203258202,0.0,3.5941799999999997
Kolkata,2026-10-04 19:00:00,2,29.316048216048216,0.0,3.7423554999999995
Kolkata,2026-10-04 20:00:00,2,28.766273966273964,0.0,4.0507995
Kolkata,2026-10-04 21:00:00,2,28.195547495547494,0.0,4.7597235
Kolkata,2026-10-04 22:00:00,2,27.681268881268885,0.0,5.6048785
Kolkata,2026-10-04 23:00:00,2,27.059370159370157,0.0,5.8264876999999995
Kolkata,2026-10-05 00:00:00,3,26.6485598,0.0,5.6536003
Kolkata,2026-10-05 01:00:00,3,26.2593664,0.0,5.8085181
Kolkata,2026-10-05 02:00:00,3,26.123422400000003,0.0,5.403287300000001
Kolkata,2026-10-05 03:00:00,3,25.8884603,0.0,4.7484316
Kolkata,2026-10-05 04:00:00,3,25.571117700000002,0.0,3.9937780000000003
Kolkata,2026-10-05 05:00:00,3,25.5653619,0.0,3.5348972000000005
Kolkata,2026-10-05 06:00:00,3,26.4827425,0.0,3.5932124000000005
Kolkata,2026-10-05 07:00:00,3,28.4109115,0.0,4.532587100000001
Kolkata,2026-10-05 08:00:00,3,30.351231,0.0,5.5653512
Kolkata,2026-10-05 09:00:00,3,31.848125000000003,0.0,5.860053000000001
Kolkata,2026-10-05 10:00:00,3,32.8423312,0.0,6.019792
Kolkata,2026-10-05 11:00:00,3,33.6369184,0.0,5.9927797
Kolkata,2026-10-05 12:00:00,3,34.0121992,0.0,5.9791937
Kolkata,2026-10-05 13:00:00,3,34.1691555,0.0,5.623479700000001
Kolkata,2026-10-05 14:00:00,3,33.8637427,0.0,5.539963
Kolkata,2026-10-05 15:00:00,3,33.2639824,0.0,5.15662
Kolkata,2026-10-05 16:00:00,3,32.2252283,0.0,5.0212991
Kolkata,2026-10-05 17:00:00,3,31.0612756,0.0,3.7386297000000006
Kolkata,2026-10-05 18:00:00,3,30.0539172,0.0,2.4781285
Kolkata,2026-10-05 19:00:00,3,29.308528700000004,0.05544774455225544,2.3771197
Kolkata,2026-10-05 20:00:00,3,28.6413667,0.0,2.9159444
Kolkata,2026-10-05 21:00:00,3,27.970915999999995,0.0,3.3249418
Kolkata,2026-10-05 22:00:00,3,27.3807779,0.0,3.637435
Kolkata,2026-10-05 23:00:00,3,26.7929656,0.0,4.1659203
Kota,2026-10-03 00:00:00,1,24.477823700000002,0.0,7.4410958
Kota,2026-10-03 01:00:00,1,24.118521299999998,0.0,8.3417174
Kota,2026-10-03 02:00:00,1,23.8373728,0.0,9.0181497
Kota,2026-10-03 03:00:00,1,23.547359999999998,0.0,8.9196603
Kota,2026-10-03 04:00:00,1,23.297035700000002,0.0,7.9150534000000015
Kota,2026-10-03 05:00:00,1,23.634672899999998,0.0,7.7257240000000005
Kota,2026-10-03 06:00:00,1,23.156977999999995,0.0,6.647389
Kota,2026-10-03 07:00:00,1,24.318372699999998,0.0,5.5519603
Kota,2026-10-03 08:00:00,1,27.004457600000002,0.0,4.817451200000001
Kota,2026-10-03 09:00:00,1,29.849449799999995,0.0,5.584725500000001
Kota,2026-10-03 10:00:00,1,32.0749266,0.0,8.0211672
Kota,2026-10-03 11:00:00,1,33.566643600000006,0.0,9.629049100000001
Kota,2026-10-03 12:00:00,1,34.446601900000005,0.0,9.461366500000002
Kota,2026-10-03 13:00:00,1,34.9722186,0.0,8.8172948
Kota,2026-10-03 14:00:00,1,35.1173354,0.0,8.111340600000002
Kota,2026-10-03 15:00:00,1,34.922403200000005,0.0,7.267137100000001
Kota,2026-10-03 16:00:00,1,34.289553999999995,0.0,6.0880688
Kota,2026-10-03 17:00:00,1,32.9811311,0.0,4.596305200000001
Kota,2026-10-03 18:00:00,1,30.790635499999997,0.0,4.8489962
Kota,2026-10-03 19:00:00,1,29.103068899999997,0.0,6.395637600000001
Kota,2026-10-03 20:00:00,1,27.871147899999997,0.0,8.066096400000001
Kota,2026-10-03 21:00:00,1,26.9492141,0.0,8.5871656
Kota,2026-10-03 22:00:00,1,26.292913099999996,0.0,8.290652000000001
Kota,2026-10-03 23:00:00,1,25.7300677,0.0,8.3992017
Kota,2026-10-04 00:00:00,2,25.1349129,0.0,9.025983925983926
Kota,2026-10-04 01:00:00,2,24.7072268,0.0,9.365164765164764
Kota,2026-10-04 02:00:00,2,24.3485945,0.0,9.705721405721405
Kota,2026-10-04 03:00:00,2,23.948594500000002,0.0,9.708900208900209
Kota,2026-10-04 04:00:00,2,23.490318000000002,0.0,9.564077664077661
Kota,2026-10-04 05:00:00,2,23.2881832,0.0,8.892879592879593
Kota,2026-10-04 06:00:00,2,23.5000983,0.0,8.272818272818272
Kota,2026-10-04 07:00:00,2,24.788291100000002,0.0,7.939027639027638
Kota,2026-10-04 08:00:00,2,27.440493200000002,0.0,9.048629348629348
Kota,2026-10-04 09:00:00,2,29.830675400000004,0.0,10.656745556745555
Kota,2026-10-04 10:00:00,2,31.824238100000002,0.0,11.150065950065947
Kota,2026-10-04 11:00:00,2,33.4468476,0.0,11.348240748240748
Kota,2026-10-04 12:00:00,2,34.558178600000005,0.0,11.285703785703785
Kota,2026-10-04 13:00:00,2,35.2860501,0.0,10.624736924736924
Kota,2026-10-04 14:00:00,2,35.5643501,0.0,9.643189543189543
Kota,2026-10-04 15:00:00,2,35.4120722,0.0,8.266296166296165
Kota,2026-10-04 16:00:00,2,34.785713900000005,0.0,6.864235164235163
Kota,2026-10-04 17:00:00,2,33.39628330000001,0.0,5.1702947702947695
Kota,2026-10-04 18:00:00,2,31.2768064,0.0,6.073426773426773
Kota,2026-10-04 19:00:00,2,29.5843915,0.0,8.218246618246617
Kota,2026-10-04 20:00:00,2,28.356003800000003,0.0,10.735665435665435
Kota,2026-10-04 21:00:00,2,27.435281200000002,0.0,11.433655633655633
Kota,2026-10-04 22:00:00,2,26.639583700000003,0.0,12.038357938357937
Kota,2026-10-04 23:00:00,2,26.0921095,0.0,13.358233058233054
Kota,2026-10-05 00:00:00,3,25.834111734111733,0.0,13.835015764984234
Kota,2026-10-05 01:00:00,3,25.419949319949318,0.0,13.319057280942719
Kota,2026-10-05 02:00:00,3,25.001589001589004,0.0,12.438220161779835
Kota,2026-10-05 03:00:00,3,24.465214165214164,0.0,11.245043954956042
Kota,2026-10-05 04:00:00,3,23.899950299950298,0.0,10.174451525548474
Kota,2026-10-05 05:00:00,3,23.6020153020153,0.0,9.483230516769481
Kota,2026-10-05 06:00:00,3,23.59022029022029,0.0,9.119409280590718
Kota,2026-10-05 07:00:00,3,24.716618016618014,0.0,8.620334979665019
Kota,2026-10-05 08:00:00,3,27.323957523957525,0.0,9.927073872926126
Kota,2026-10-05 09:00:00,3,29.803991403991404,0.0,10.906526793473205
Kota,2026-10-05 10:00:00,3,31.772588672588668,0.0,11.37983442016558
Kota,2026-10-05 11:00:00,3,33.312296912296915,0.0,11.298228101771898
Kota,2026-10-05 12:00:00,3,34.45162435162435,0.0,11.243646456353542
Kota,2026-10-05 13:00:00,3,35.2030842030842,0.0,10.78180481819518
Kota,2026-10-05 14:00:00,3,35.498505498505494,0.0,10.008261591738407
Kota,2026-10-05 15:00:00,3,35.30984130984131,0.0,9.12017327982672
Kota,2026-10-05 16:00:00,3,34.66682276682277,0.0,7.799598000401998
Kota,2026-10-05 17:00:00,3,33.101596001596,0.0,6.114943785056214
Kota,2026-10-05 18:00:00,3,30.962031962031965,0.0,5.699127700872299
Kota,2026-10-05 19:00:00,3,29.11920031920032,0.0,7.4298523701476284
Kota,2026-10-05 20:00:00,3,27.718277718277715,0.0,9.392977507022493
Kota,2026-10-05 21:00:00,3,27.006974806974807,0.0,10.67214732785267
Kota,2026-10-05 22:00:00,3,26.503225603225605,0.0,11.878428721571277
Kota,2026-10-05 23:00:00,3,25.773529473529475,0.0,12.453750246249752
Lucknow,2026-10-03 00:00:00,1,25.38938598938599,0.0,5.2603823
Lucknow,2026-10-03 01:00:00,1,24.97995037995038,0.0,5.6302297
Lucknow,2026-10-03 02:00:00,1,24.552555452555453,0.0,5.9985800000000005
Lucknow,2026-10-03 03:00:00,1,24.213584813584816,0.0,6.3199503
Lucknow,2026-10-03 04:00:00,1,24.02770662770663,0.0,6.5760489
Lucknow,2026-10-03 05:00:00,1,24.420875820875825,0.0,6.4984412
Lucknow,2026-10-03 06:00:00,1,24.35692945692946,0.0,6.238174900000001
Lucknow,2026-10-03 07:00:00,1,25.88985068985069,0.0,6.915472099999999
Lucknow,2026-10-03 08:00:00,1,27.862307162307168,0.0,7.6430894
Lucknow,2026-10-03 09:00:00,1,29.536975536975536,0.0,8.1454015
Lucknow,2026-10-03 10:00:00,1,30.964447264447262,0.0,9.011601800000001
Lucknow,2026-10-03 11:00:00,1,32.012930312930315,0.0,9.772185200000001
Lucknow,2026-10-03 12:00:00,1,32.70534570534571,0.0,10.442407800000002
Lucknow,2026-10-03 13:00:00,1,32.996835596835595,0.0,11.316235599999999
Lucknow,2026-10-03 14:00:00,1,33.0000999000999,0.0,11.509040800000001
Lucknow,2026-10-03 15:00:00,1,32.61486311486311,0.0,10.7234263
Lucknow,2026-10-03 16:00:00,1,31.84282264282264,0.0,9.1893478
Lucknow,2026-10-03 17:00:00,1,30.617048317048315,0.0,6.7844298
Lucknow,2026-10-03 18:00:00,1,29.34550874550875,0.0,5.7161411
Lucknow,2026-10-03 19:00:00,1,28.31705281705282,0.0,5.4803560000000004
Lucknow,2026-10-03 20:00:00,1,27.538064138064136,0.0,5.5367101000000005
Lucknow,2026-10-03 21:00:00,1,26.90917910917911,0.0,5.129800100000001
Lucknow,2026-10-03 22:00:00,1,26.367946467946467,0.0,4.6363319
Lucknow,2026-10-03 23:00:00,1,25.805779305779303,0.0,4.7050574
Lucknow,2026-10-04 00:00:00,2,25.26852016852017,0.0,4.8087949912050085
Lucknow,2026-10-04 01:00:00,2,24.82991942991943,0.0,4.839075960924039
Lucknow,2026-10-04 02:00:00,2,24.466792266792268,0.0,4.514845885154115
Lucknow,2026-10-04 03:00:00,2,24.100972600972597,0.0,4.077141422858578
Lucknow,2026-10-04 04:00:00,2,23.805247905247903,0.0,4.603788996211004
Lucknow,2026-10-04 05:00:00,2,23.643363543363545,0.0,6.2200847799152195
Lucknow,2026-10-04 06:00:00,2,23.815804615804616,0.0,5.74996025003975
Lucknow,2026-10-04 07:00:00,2,25.162031062031062,0.0,5.701841898158102
Lucknow,2026-10-04 08:00:00,2,27.019985719985716,0.0,6.304304895695104
Lucknow,2026-10-04 09:00:00,2,28.80956770956771,0.0,6.670311729688271
Lucknow,2026-10-04 10:00:00,2,30.31446121446121,0.0,6.165259334740665
Lucknow,2026-10-04 11:00:00,2,31.43122243122243,0.0,5.331463968536031
Lucknow,2026-10-04 12:00:00,2,32.1981397981398,0.0,5.539284760715239
Lucknow,2026-10-04 13:00:00,2,32.90621090621091,0.0,6.684826715173284
Lucknow,2026-10-04 14:00:00,2,33.09134479134479,0.0,7.608164291835708
Lucknow,2026-10-04 15:00:00,2,32.75653985653985,0.0,7.718658881341119
Lucknow,2026-10-04 16:00:00,2,32.02411512411513,0.0,6.788142211857789
Lucknow,2026-10-04 17:00:00,2,30.76302816302816,0.0,5.08021971978028
Lucknow,2026-10-04 18:00:00,2,29.405737805737807,0.0,4.577331722668277
Lucknow,2026-10-04 19:00:00,2,28.407327007327005,0.0,4.760315839684161
Lucknow,2026-10-04 20:00:00,2,27.614294814294816,0.0,5.082539717460282
Lucknow,2026-10-04 21:00:00,2,27.009222109222108,0.0,5.540626959373041
Lucknow,2026-10-04 22:00:00,2,26.524706424706423,0.0,5.223708476291524
Lucknow,2026-10-04 23:00:00,2,26.122326222326222,0.0,4.591088808911191
Lucknow,2026-10-05 00:00:00,3,25.7410563,0.0,4.331980931980931
Lucknow,2026-10-05 01:00:00,3,25.2712592,0.0,3.6654956654956656
Lucknow,2026-10-05 02:00:00,3,24.8511666,0.0,3.3237075237075238
Lucknow,2026-10-05 03:00:00,3,24.4223437,0.0,3.9464550464550463
Lucknow,2026-10-05 04:00:00,3,24.110949400000003,0.0,4.013548113548113
Lucknow,2026-10-05 05:00:00,3,23.9637942,0.0,5.256164856164856
Lucknow,2026-10-05 06:00:00,3,24.1613125,0.0,5.597681297681296
Lucknow,2026-10-05 07:00:00,3,25.5703718,0.0,5.3221914221914215
Lucknow,2026-10-05 08:00:00,3,27.3660465,0.0,5.744427544427544
Lucknow,2026-10-05 09:00:00,3,28.913760699999997,0.0,6.11050411050411
Lucknow,2026-10-05 10:00:00,3,30.1346423,0.0,5.672105472105471
Lucknow,2026-10-05 11:00:00,3,31.2346423,0.0,5.459098059098059
Lucknow,2026-10-05 12:00:00,3,32.1071674,0.0,4.955922055922055
Lucknow,2026-10-05 13:00:00,3,32.6214557,0.0,4.877384477384478
Lucknow,2026-10-05 14:00:00,3,32.8162104,0.0,4.7045167045167045
Lucknow,2026-10-05 15:00:00,3,32.203946200000004,0.16439293560706436,3.992068892068892
Lucknow,2026-10-05 16:00:00,3,31.470437,0.07306352693647304,3.8975173975173973
Lucknow,2026-10-05 17:00:00,3,30.3338364,0.03653176346823652,4.013765813765813
Lucknow,2026-10-05 18:00:00,3,29.0998515,0.0,4.282411282411282
Lucknow,2026-10-05 19:00:00,3,28.154587,0.0,4.55987865987866
Lucknow,2026-10-05 20:00:00,3,27.369664299999997,0.0,5.357350357350357
Lucknow,2026-10-05 21:00:00,3,26.725962099999997,0.4383811616188383,5.695893195893195
Lucknow,2026-10-05 22:00:00,3,26.156577300000002,0.3287858712141287,6.056190856190856
Lucknow,2026-10-05 23:00:00,3,25.8216054,0.0,6.369854969854969
Ludhiana,2026-10-03 00:00:00,1,25.020734520734518,0.0,5.122481499999999
Ludhiana,2026-10-03 01:00:00,1,24.4016001016001,0.0,3.3410129
Ludhiana,2026-10-03 02:00:00,1,23.79333139333139,0.0,2.5537768
Ludhiana,2026-10-03 03:00:00,1,23.45345135345135,0.0,2.8814067000000003
Ludhiana,2026-10-03 04:00:00,1,23.164157064157063,0.0,3.4256213
Ludhiana,2026-10-03 05:00:00,1,23.328206728206727,0.0,3.6453432
Ludhiana,2026-10-03 06:00:00,1,23.158501258501257,0.0,3.454575
Ludhiana,2026-10-03 07:00:00,1,24.534223034223032,0.0,3.214097
Ludhiana,2026-10-03 08:00:00,1,27.271607571607568,0.0,2.4546451
Ludhiana,2026-10-03 09:00:00,1,30.064852464852464,0.0,2.7573591
Ludhiana,2026-10-03 10:00:00,1,32.09556849556849,0.0,4.4042378
Ludhiana,2026-10-03 11:00:00,1,33.46968256968257,0.0,6.949465
Ludhiana,2026-10-03 12:00:00,1,34.465873765873766,0.0,9.645322799999999
Ludhiana,2026-10-03 13:00:00,1,35.25809615809615,0.0,11.176308800000001
Ludhiana,2026-10-03 14:00:00,1,35.6051785051785,0.0,12.033287299999998
Ludhiana,2026-10-03 15:00:00,1,35.45226085226085,0.0,11.9961366
Ludhiana,2026-10-03 16:00:00,1,34.82389762389762,0.0,11.274821200000002
Ludhiana,2026-10-03 17:00:00,1,33.52055902055902,0.0,9.740753400000001
Ludhiana,2026-10-03 18:00:00,1,31.314536514536506,0.0,8.287652300000001
Ludhiana,2026-10-03 19:00:00,1,29.767323367323364,0.0,8.0406141
Ludhiana,2026-10-03 20:00:00,1,28.716592216592215,0.0,7.141274699999999
Ludhiana,2026-10-03 21:00:00,1,27.961546561546562,0.0,5.1440186
Ludhiana,2026-10-03 22:00:00,1,27.181641081641075,0.0,3.1782603
Ludhiana,2026-10-03 23:00:00,1,26.456700656700654,0.0,2.8855296
Ludhiana,2026-10-04 00:00:00,2,25.803200300000004,0.0,4.438489499999999
Ludhiana,2026-10-04 01:00:00,2,25.119805,0.0,4.2259692
Ludhiana,2026-10-04 02:00:00,2,24.447993599999997,0.0,3.9400744999999997
Ludhiana,2026-10-04 03:00:00,2,23.900665800000002,0.0,3.573944
Ludhiana,2026-10-04 04:00:00,2,23.459956199999997,0.0,3.1192516
Ludhiana,2026-10-04 05:00:00,2,23.2589406,0.0,3.5054968000000004
Ludhiana,2026-10-04 06:00:00,2,23.376203500000003,0.0,3.8639301
Ludhiana,2026-10-04 07:00:00,2,24.692899800000003,0.0,4.7674888
Ludhiana,2026-10-04 08:00:00,2,27.105569600000003,0.0,6.7193016
Ludhiana,2026-10-04 09:00:00,2,29.604636,0.0,8.1151396
Ludhiana,2026-10-04 10:00:00,2,31.576580999999997,0.0,8.6322116
Ludhiana,2026-10-04 11:00:00,2,33.2366419,0.0,7.603412899999999
Ludhiana,2026-10-04 12:00:00,2,34.5789159,0.0,5.8466639
Ludhiana,2026-10-04 13:00:00,2,35.4948204,0.0,3.9092399999999996
Ludhiana,2026-10-04 14:00:00,2,35.8011384,0.0,3.7520568999999995
Ludhiana,2026-10-04 15:00:00,2,35.573531599999995,0.0,3.8220022
Ludhiana,2026-10-04 16:00:00,2,35.147007200000004,0.0,3.4280769999999996
Ludhiana,2026-10-04 17:00:00,2,33.9451543,0.0,3.2395187
Ludhiana,2026-10-04 18:00:00,2,31.077204799999997,0.12751,4.0071421
Ludhiana,2026-10-04 19:00:00,2,29.339559799999996,0.0,4.6478196
Ludhiana,2026-10-04 20:00:00,2,28.2176857,0.0,4.6410752
Ludhiana,2026-10-04 21:00:00,2,27.537437000000004,0.0,4.3956032
Ludhiana,2026-10-04 22:00:00,2,26.965692400000002,0.0,3.7914144
Ludhiana,2026-10-04 23:00:00,2,26.386080600000003,0.0,3.9624368
Ludhiana,2026-10-05 00:00:00,3,25.629842,0.0,5.0101881
Ludhiana,2026-10-05 01:00:00,3,24.925435800000002,0.0,6.152319200000001
Ludhiana,2026-10-05 02:00:00,3,24.406731899999997,0.0,6.6290721
Ludhiana,2026-10-05 03:00:00,3,24.0363225,0.0,6.4334478
Ludhiana,2026-10-05 04:00:00,3,23.7210331,0.0,6.064816199999999
Ludhiana,2026-10-05 05:00:00,3,23.454411099999998,0.0,5.8519982
Ludhiana,2026-10-05 06:00:00,3,23.484371099999997,0.0,6.1386024
Ludhiana,2026-10-05 07:00:00,3,24.6960574,0.0,6.9290544999999995
Ludhiana,2026-10-05 08:00:00,3,27.2565663,0.0,8.057007899999999
Ludhiana,2026-10-05 09:00:00,3,29.9459723,0.0,7.9902315
Ludhiana,2026-10-05 10:00:00,3,32.188981999999996,0.0,7.8767657
Ludhiana,2026-10-05 11:00:00,3,33.8647579,0.0,7.350935699999999
Ludhiana,2026-10-05 12:00:00,3,35.0614565,0.0,6.1986965
Ludhiana,2026-10-05 13:00:00,3,35.8182931,0.0,5.0791777
Ludhiana,2026-10-05 14:00:00,3,36.1709624,0.0,4.5329801
Ludhiana,2026-10-05 15:00:00,3,35.9001766,0.0,5.3589723
Ludhiana,2026-10-05 16:00:00,3,35.4587146,0.0,6.0782347
Ludhiana,2026-10-05 17:00:00,3,34.16041250000001,0.0,5.9894229999999995
Ludhiana,2026-10-05 18:00:00,3,31.544498100000002,0.0,7.420279300000001
Ludhiana,2026-10-05 19:00:00,3,29.7036255,0.0,6.809767399999999
Ludhiana,2026-10-05 20:00:00,3,28.5089417,0.0,6.7149559
Ludhiana,2026-10-05 21:00:00,3,27.627093099999996,0.0,7.990418099999999
Ludhiana,2026-10-05 22:00:00,3,26.9713578,0.0,7.943918399999999
Ludhiana,2026-10-05 23:00:00,3,26.131492299999998,0.0,7.6042313
Madurai,2026-10-03 00:00:00,1,26.3413498,0.04991965008034991,4.903792200000001
Madurai,2026-10-03 01:00:00,1,25.7709908,0.5758366241633757,4.9938211
Madurai,2026-10-03 02:00:00,1,25.5030624,0.12518187481812515,5.972144
Madurai,2026-10-03 03:00:00,1,25.327943200000004,0.25021064978935015,7.1978189
Madurai,2026-10-03 04:00:00,1,25.2084846,0.10014549985450012,6.306173
Madurai,2026-10-03 05:00:00,1,25.2934814,0.05007274992725006,4.6102038
Madurai,2026-10-03 06:00:00,1,25.174542,0.14925035074964924,4.7259449
Madurai,2026-10-03 07:00:00,1,26.0225116,0.07475362524637474,5.8937
Madurai,2026-10-03 08:00:00,1,27.315044400000005,0.07475362524637474,6.060575099999999
Madurai,2026-10-03 09:00:00,1,28.4882704,0.09948380051619946,5.9270385
Madurai,2026-10-03 10:00:00,1,29.5247974,0.09948380051619946,4.7917805
Madurai,2026-10-03 11:00:00,1,29.7989428,0.32670117329882664,6.7018763
Madurai,2026-10-03 12:00:00,1,30.4836664,0.050080349919650075,7.1963834
Madurai,2026-10-03 13:00:00,1,31.443211400000003,0.1002099997900002,5.623280599999999
Madurai,2026-10-03 14:00:00,1,31.925743999999998,0.0746005253994746,4.7788752
Madurai,2026-10-03 15:00:00,1,31.426363600000002,0.5006375993624006,8.0200166
Madurai,2026-10-03 16:00:00,1,30.496305800000002,0.4505079494920505,8.4987495
Madurai,2026-10-03 17:00:00,1,29.515988200000002,0.3231867768132231,7.560737400000001
Madurai,2026-10-03 18:00:00,1,28.3845382,0.37315052684947314,6.502391
Madurai,2026-10-03 19:00:00,1,27.59526,0.42291707708292287,7.855938500000001
Madurai,2026-10-03 20:00:00,1,27.057319800000002,0.04966795033204966,6.6641523
Madurai,2026-10-03 21:00:00,1,26.6108646,0.09933590066409932,5.2092966999999994
Madurai,2026-10-03 22:00:00,1,26.1599338,0.09933590066409932,5.1433392
Madurai,2026-10-03 23:00:00,1,25.765731600000002,0.09933590066409932,3.9432677
Madurai,2026-10-04 00:00:00,2,25.461742761742762,0.049373400000000005,4.060353760353761
Madurai,2026-10-04 01:00:00,2,25.25960045960046,0.049373400000000005,3.8169962169962175
Madurai,2026-10-04 02:00:00,2,25.055484755484756,0.049373400000000005,3.3964966964966963
Madurai,2026-10-04 03:00:00,2,24.85136905136905,0.0,3.1991051991051993
Madurai,2026-10-04 04:00:00,2,24.672574872574874,0.0,2.982493182493183
Madurai,2026-10-04 05:00:00,2,24.59180729180729,0.0,2.860952360952361
Madurai,2026-10-04 06:00:00,2,24.79111999111999,0.0,3.1000128000128004
Madurai,2026-10-04 07:00:00,2,26.023527223527225,0.0,3.3890017890017887
Madurai,2026-10-04 08:00:00,2,27.517533217533217,0.0,3.045976045976046
Madurai,2026-10-04 09:00:00,2,29.060068460068457,0.0,3.278163778163778
Madurai,2026-10-04 10:00:00,2,30.45147075147075,0.0,3.7326794326794333
Madurai,2026-10-04 11:00:00,2,31.59025659025659,0.0,4.069098669098669
Madurai,2026-10-04 12:00:00,2,32.526900126900124,0.0,4.838017738017738
Madurai,2026-10-04 13:00:00,2,33.24178434178434,0.0,5.62903002903003
Madurai,2026-10-04 14:00:00,2,33.51731901731902,0.0,6.383970483970483
Madurai,2026-10-04 15:00:00,2,33.250273150273145,0.19749360000000002,7.931948131948133
Madurai,2026-10-04 16:00:00,2,31.866821466821467,0.5950200000000001,10.574029374029374
Madurai,2026-10-04 17:00:00,2,30.049607749607752,0.9180102,12.840903840903842
Madurai,2026-10-04 18:00:00,2,28.776133476133477,0.09906420000000002,11.469778969778972
Madurai,2026-10-04 19:00:00,2,28.05070665070665,0.049373400000000005,10.35877595877596
Madurai,2026-10-04 20:00:00,2,27.23001263001263,0.049373400000000005,8.707070907070909
Madurai,2026-10-04 21:00:00,2,26.56811116811117,0.386901,6.530619030619031
Madurai,2026-10-04 22:00:00,2,26.340734340734343,0.0773802,4.897801397801398
Madurai,2026-10-04 23:00:00,2,25.9978327978328,0.0257934,4.216728016728017
Madurai,2026-10-05 00:00:00,3,25.711560588439408,0.0,3.3195718
Madurai,2026-10-05 01:00:00,3,25.376101323898673,0.228123,2.5958987000000002
Madurai,2026-10-05 02:00:00,3,25.104693995306,0.228123,3.0845227000000004
Madurai,2026-10-05 03:00:00,3,24.796187903812093,0.050693999999999996,3.4775957
Madurai,2026-10-05 04:00:00,3,24.54397635602364,0.0,3.8818215
Madurai,2026-10-05 05:00:00,3,24.480815219184777,0.0,4.0985376
Madurai,2026-10-05 06:00:00,3,24.68178621821378,0.0,3.7528661000000003
Madurai,2026-10-05 07:00:00,3,25.936416963583035,0.0,3.1562355
Madurai,2026-10-05 08:00:00,3,27.508610591389402,0.0,3.4936613
Madurai,2026-10-05 09:00:00,3,29.136090163909834,0.0239397,3.6885268999999994
Madurai,2026-10-05 10:00:00,3,30.732044767955227,0.0239397,3.8314016
Madurai,2026-10-05 11:00:00,3,31.933455366544628,0.0492867,4.354850900000001
Madurai,2026-10-05 12:00:00,3,33.04196145803854,0.0,5.781483
Madurai,2026-10-05 13:00:00,3,33.88362541637458,0.0,7.3398904
Madurai,2026-10-05 14:00:00,3,34.23664096335903,0.0,8.3601594
Madurai,2026-10-05 15:00:00,3,33.67906632093367,0.1927604,8.3829683
Madurai,2026-10-05 16:00:00,3,32.37552242447757,0.1927604,7.552442299999999
Madurai,2026-10-05 17:00:00,3,31.031247968752027,0.1675779,7.0630404
Madurai,2026-10-05 18:00:00,3,29.554191645808352,0.1688207,8.6091138
Madurai,2026-10-05 19:00:00,3,28.439876760123237,0.2443682,11.0099454
Madurai,2026-10-05 20:00:00,3,27.731939668060328,0.1436382,9.538532100000001
Madurai,2026-10-05 21:00:00,3,27.0090252909747,0.0,6.8256247000000005
Madurai,2026-10-05 22:00:00,3,26.465542134457863,0.025182500000000003,5.2812071
Madurai,2026-10-05 23:00:00,3,25.95637414362585,0.8813875000000001,4.4913885
Mumbai,2026-10-03 00:00:00,1,29.4113602,0.0,7.706509906509906
Mumbai,2026-10-03 01:00:00,1,28.9491661,0.0,7.595226195226195
Mumbai,2026-10-03 02:00:00,1,28.636940799999998,0.0,7.537277937277937
Mumbai,2026-10-03 03:00:00,1,28.280107699999995,0.0,7.528421428421428
Mumbai,2026-10-03 04:00:00,1,27.871998400000003,0.0,7.165217465217465
Mumbai,2026-10-03 05:00:00,1,27.1200384,0.0,6.894990694990694
Mumbai,2026-10-03 06:00:00,1,26.8467701,0.0,6.383092883092883
Mumbai,2026-10-03 07:00:00,1,27.392330900000005,0.0,6.128818728818729
Mumbai,2026-10-03 08:00:00,1,29.053150799999997,0.0,6.0436557436557425
Mumbai,2026-10-03 09:00:00,1,31.349783199999997,0.0,6.929187629187629
Mumbai,2026-10-03 10:00:00,1,33.3352079,0.0,6.497942297942297
Mumbai,2026-10-03 11:00:00,1,34.8579631,0.0,6.054430854430854
Mumbai,2026-10-03 12:00:00,1,35.7664225,0.0,5.044016744016743
Mumbai,2026-10-03 13:00:00,1,36.18003229999999,0.0,4.392612692612692
Mumbai,2026-10-03 14:00:00,1,36.0579067,0.0,6.4579799579799575
Mumbai,2026-10-03 15:00:00,1,35.5841548,0.0,8.907710807710806
Mumbai,2026-10-03 16:00:00,1,34.863927000000004,0.0,9.756161156161156
Mumbai,2026-10-03 17:00:00,1,33.986732599999996,0.0,8.838285138285137
Mumbai,2026-10-03 18:00:00,1,32.852571600000005,0.0,7.249210449210449
Mumbai,2026-10-03 19:00:00,1,31.8714778,0.0,6.878459278459278
Mumbai,2026-10-03 20:00:00,1,30.8846811,0.0,6.7226947226947225
Mumbai,2026-10-03 21:00:00,1,29.8724558,0.0,6.174263274263274
Mumbai,2026-10-03 22:00:00,1,28.9112272,0.0,5.306971506971506
Mumbai,2026-10-03 23:00:00,1,28.116244100000003,0.0,4.881292381292381
Mumbai,2026-10-04 00:00:00,2,27.4323054,0.0,5.0583713999999995
Mumbai,2026-10-04 01:00:00,2,26.7964337,0.0,5.1357614
Mumbai,2026-10-04 02:00:00,2,26.2024367,0.0,4.9769125
Mumbai,2026-10-04 03:00:00,2,25.708712300000002,0.0,5.2113478
Mumbai,2026-10-04 04:00:00,2,25.277181300000002,0.0,5.5577159
Mumbai,2026-10-04 05:00:00,2,24.959943099999997,0.0,5.5509485
Mumbai,2026-10-04 06:00:00,2,24.897833999999996,0.0,5.556989
Mumbai,2026-10-04 07:00:00,2,25.5729584,0.0,5.6050849
Mumbai,2026-10-04 08:00:00,2,27.539805299999998,0.0,5.4643052999999995
Mumbai,2026-10-04 09:00:00,2,30.070513500000004,0.0,6.497145099999999
Mumbai,2026-10-04 10:00:00,2,32.2217672,0.0,7.4206165
Mumbai,2026-10-04 11:00:00,2,33.83696210000001,0.0,7.2037479
Mumbai,2026-10-04 12:00:00,2,34.83696210000001,0.0,6.307891
Mumbai,2026-10-04 13:00:00,2,35.290099899999994,0.0,6.0756908
Mumbai,2026-10-04 14:00:00,2,35.3455016,0.0,7.1511586000000005
Mumbai,2026-10-04 15:00:00,2,35.0157748,0.0,8.4993583
Mumbai,2026-10-04 16:00:00,2,34.3024176,0.0,10.717587799999999
Mumbai,2026-10-04 17:00:00,2,33.3695248,0.0,12.2703116
Mumbai,2026-10-04 18:00:00,2,31.9457675,0.0,11.6555106
Mumbai,2026-10-04 19:00:00,2,30.7721412,0.0,10.2277498
Mumbai,2026-10-04 20:00:00,2,29.874048200000004,0.0,9.5970348
Mumbai,2026-10-04 21:00:00,2,29.158717000000003,0.0,8.5019756
Mumbai,2026-10-04 22:00:00,2,28.5255181,0.0,7.075640699999999
Mumbai,2026-10-04 23:00:00,2,27.9654523,0.0,6.091609099999999
Mumbai,2026-10-05 00:00:00,3,27.448745251254742,0.0,5.1611612000000004
Mumbai,2026-10-05 01:00:00,3,26.89217550782449,0.0,4.8718306
Mumbai,2026-10-05 02:00:00,3,26.478480821519174,0.0,4.802635800000001
Mumbai,2026-10-05 03:00:00,3,26.02436817563182,0.0,5.3405756
Mumbai,2026-10-05 04:00:00,3,25.65354854645145,0.0,5.8390775999999995
Mumbai,2026-10-05 05:00:00,3,25.460441639558358,0.0,5.6135934
Mumbai,2026-10-05 06:00:00,3,25.416460883539113,0.0,5.4382506
Mumbai,2026-10-05 07:00:00,3,25.990495209504786,0.0,5.481264400000001
Mumbai,2026-10-05 08:00:00,3,27.614631485368506,0.0,5.0987748
Mumbai,2026-10-05 09:00:00,3,29.890495609504384,0.0,5.7437568
Mumbai,2026-10-05 10:00:00,3,31.880059119940874,0.0,7.1659074
Mumbai,2026-10-05 11:00:00,3,33.349063650936344,0.0,7.3658406
Mumbai,2026-10-05 12:00:00,3,34.23293596706403,0.0,6.6383834
Mumbai,2026-10-05 13:00:00,3,34.43921116078883,0.0,8.3981546
Mumbai,2026-10-05 14:00:00,3,34.23371766628233,0.0,12.0301522
Mumbai,2026-10-05 15:00:00,3,33.69904380095619,0.0,14.955748
Mumbai,2026-10-05 16:00:00,3,32.88601521398478,0.0,16.6653466
Mumbai,2026-10-05 17:00:00,3,31.75131724868275,0.0,16.9972122
Mumbai,2026-10-05 18:00:00,3,30.48976101023898,0.0,15.733244
Mumbai,2026-10-05 19:00:00,3,29.56540803459196,0.0,13.3213614
Mumbai,2026-10-05 20:00:00,3,28.899464000535993,0.0,11.543220000000002
Mumbai,2026-10-05 21:00:00,3,28.358404041595954,0.0,9.8611114
Mumbai,2026-10-05 22:00:00,3,27.87262982737017,0.0,7.394377200000001
Mumbai,2026-10-05 23:00:00,3,27.413578886421114,0.0,5.924309000000001
Nagpur,2026-10-03 00:00:00,1,24.606025106025104,0.0,4.537937200000001
Nagpur,2026-10-03 01:00:00,1,23.95362005362005,0.0,4.889494900000001
Nagpur,2026-10-03 02:00:00,1,23.398118898118895,0.0,4.6536409
Nagpur,2026-10-03 03:00:00,1,22.830973030973027,0.0,4.807827800000001
Nagpur,2026-10-03 04:00:00,1,22.356393756393754,0.0,4.9754342000000005
Nagpur,2026-10-03 05:00:00,1,22.205380305380302,0.0,5.7047778000000005
Nagpur,2026-10-03 06:00:00,1,22.37258887258887,0.0,4.892414100000001
Nagpur,2026-10-03 07:00:00,1,24.035191435191436,0.0,3.5075808000000004
Nagpur,2026-10-03 08:00:00,1,26.31511451511451,0.0,3.1263123000000004
Nagpur,2026-10-03 09:00:00,1,28.7004197004197,0.0,3.5479646000000002
Nagpur,2026-10-03 10:00:00,1,30.8050334050334,0.0,3.8482302000000006
Nagpur,2026-10-03 11:00:00,1,32.24314364314364,0.0,3.5723342000000002
Nagpur,2026-10-03 12:00:00,1,32.961533361533355,0.0,4.097385
Nagpur,2026-10-03 13:00:00,1,33.28033508033508,0.0,5.373994600000001
Nagpur,2026-10-03 14:00:00,1,33.242787242787244,0.0,6.105466600000001
Nagpur,2026-10-03 15:00:00,1,32.92720762720762,0.0,5.9096489000000005
Nagpur,2026-10-03 16:00:00,1,32.26327426327426,0.0,4.6905451
Nagpur,2026-10-03 17:00:00,1,30.982905182905178,0.0,3.0541406
Nagpur,2026-10-03 18:00:00,1,29.106997006997005,0.0,2.7953512000000003
Nagpur,2026-10-03 19:00:00,1,27.558044458044456,0.0,3.990434600000001
Nagpur,2026-10-03 20:00:00,1,26.419817819817816,0.0,5.0847819
Nagpur,2026-10-03 21:00:00,1,25.58584848584848,0.0,5.7976182000000005
Nagpur,2026-10-03 22:00:00,1,24.974606174606173,0.0,5.1134893
Nagpur,2026-10-03 23:00:00,1,24.518668618668617,0.0,4.9798860000000005
Nagpur,2026-10-04 00:00:00,2,23.9488319,0.0,5.5732753
Nagpur,2026-10-04 01:00:00,2,23.3089998,0.0,5.933645
Nagpur,2026-10-04 02:00:00,2,22.6106098,0.0,6.1832651
Nagpur,2026-10-04 03:00:00,2,21.9528888,0.0,6.4140047
Nagpur,2026-10-04 04:00:00,2,21.312862700000004,0.0,6.318742799999999
Nagpur,2026-10-04 05:00:00,2,21.010727600000003,0.0,5.9304304000000005
Nagpur,2026-10-04 06:00:00,2,21.1763268,0.0,5.5287656
Nagpur,2026-10-04 07:00:00,2,22.8362418,0.0,5.0790866
Nagpur,2026-10-04 08:00:00,2,25.127404000000002,0.0,4.8302742
Nagpur,2026-10-04 09:00:00,2,27.5835739,0.0,3.5541602
Nagpur,2026-10-04 10:00:00,2,29.9059859,0.0,2.6356588000000003
Nagpur,2026-10-04 11:00:00,2,31.789149800000004,0.0,2.9416569
Nagpur,2026-10-04 12:00:00,2,32.8625533,0.0,3.9015435999999997
Nagpur,2026-10-04 13:00:00,2,33.2478304,0.0,4.8514794
Nagpur,2026-10-04 14:00:00,2,33.2564791,0.0,5.2944125
Nagpur,2026-10-04 15:00:00,2,32.8742967,0.0,5.0703201
Nagpur,2026-10-04 16:00:00,2,32.0810776,0.0,4.1335383
Nagpur,2026-10-04 17:00:00,2,30.545587,0.0,2.6995721
Nagpur,2026-10-04 18:00:00,2,28.643307300000004,0.0,2.6772374
Nagpur,2026-10-04 19:00:00,2,27.2221078,0.0,2.2455397
Nagpur,2026-10-04 20:00:00,2,26.0636726,0.0,2.8286632000000003
Nagpur,2026-10-04 21:00:00,2,25.2010529,0.0,2.5277248
Nagpur,2026-10-04 22:00:00,2,24.508548,0.0,4.351579
Nagpur,2026-10-04 23:00:00,2,24.0591001,0.0,4.5042552
Nagpur,2026-10-05 00:00:00,3,23.5001841,0.0,4.334229899999999
Nagpur,2026-10-05 01:00:00,3,23.017158000000002,0.0,3.959892499999999
Nagpur,2026-10-05 02:00:00,3,22.723311900000002,0.0,3.8955010999999997
Nagpur,2026-10-05 03:00:00,3,22.363478699999998,0.0,4.387749899999999
Nagpur,2026-10-05 04:00:00,3,22.095637500000002,0.0,4.1084967
Nagpur,2026-10-05 05:00:00,3,21.794208,0.0,4.101035899999999
Nagpur,2026-10-05 06:00:00,3,21.9128296,0.0,3.6543205
Nagpur,2026-10-05 07:00:00,3,23.6236496,0.0,3.176108399999999
Nagpur,2026-10-05 08:00:00,3,25.997854999999998,0.0,3.1163073999999993
Nagpur,2026-10-05 09:00:00,3,28.459386300000002,0.0,2.443423
Nagpur,2026-10-05 10:00:00,3,30.733976399999996,0.0,2.9752922999999996
Nagpur,2026-10-05 11:00:00,3,32.3403372,0.0,4.148389399999999
Nagpur,2026-10-05 12:00:00,3,33.1559685,0.0,3.8356963999999993
Nagpur,2026-10-05 13:00:00,3,33.5207942,0.0,3.5291750999999993
Nagpur,2026-10-05 14:00:00,3,33.5283558,0.0,3.4603761999999993
Nagpur,2026-10-05 15:00:00,3,33.203250499999996,0.0,3.1529819999999997
Nagpur,2026-10-05 16:00:00,3,32.594672700000004,0.0,2.4518877999999997
Nagpur,2026-10-05 17:00:00,3,31.241320299999998,0.0,2.1440154
Nagpur,2026-10-05 18:00:00,3,29.332183999999998,0.0,2.4292382999999997
Nagpur,2026-10-05 19:00:00,3,27.831625,0.0,3.0648416999999997
Nagpur,2026-10-05 20:00:00,3,26.750783300000002,0.0,4.412469299999999
Nagpur,2026-10-05 21:00:00,3,25.9483851,0.0,4.861052299999999
Nagpur,2026-10-05 22:00:00,3,25.583381099999997,0.0,3.535757699999999
Nagpur,2026-10-05 23:00:00,3,25.155975299999998,0.0,3.9258067999999993
Nashik,2026-10-03 00:00:00,1,23.955454555454555,0.0,2.0792915999999995
Nashik,2026-10-03 01:00:00,1,23.437834837834835,0.0,1.8564996
Nashik,2026-10-03 02:00:00,1,23.03410933410933,0.0,1.8620356
Nashik,2026-10-03 03:00:00,1,22.6004176004176,0.0,2.4976872
Nashik,2026-10-03 04:00:00,1,22.056945656945654,0.0,2.9015072000000006
Nashik,2026-10-03 05:00:00,1,21.752339252339247,0.0,2.841531
Nashik,2026-10-03 06:00:00,1,21.703058903058903,0.0,2.6001914
Nashik,2026-10-03 07:00:00,1,22.889187589187586,0.0,2.2835582
Nashik,2026-10-03 08:00:00,1,25.18527688527688,0.0,2.8795546000000005
Nashik,2026-10-03 09:00:00,1,27.61529501529501,0.0,5.0411196
Nashik,2026-10-03 10:00:00,1,29.621150921150917,0.0,7.1526298
Nashik,2026-10-03 11:00:00,1,30.92427542427542,0.0,7.4131518
Nashik,2026-10-03 12:00:00,1,31.634141334141333,0.0,5.2473022
Nashik,2026-10-03 13:00:00,1,32.08050068050068,0.0,3.9286785999999996
Nashik,2026-10-03 14:00:00,1,32.115096215096216,0.0,4.6403686
Nashik,2026-10-03 15:00:00,1,31.8036963036963,0.0,5.9099936
Nashik,2026-10-03 16:00:00,1,30.855111655111653,0.0,8.89542
Nashik,2026-10-03 17:00:00,1,29.08464368464368,0.0,10.9571438
Nashik,2026-10-03 18:00:00,1,26.977330477330472,0.0,10.327134999999998
Nashik,2026-10-03 19:00:00,1,25.606334706334703,0.0,9.456748
Nashik,2026-10-03 20:00:00,1,24.575232175232177,0.0,7.811988400000001
Nashik,2026-10-03 21:00:00,1,23.814291914291914,0.0,6.35952
Nashik,2026-10-03 22:00:00,1,23.203565003565,0.0,5.2502276
Nashik,2026-10-03 23:00:00,1,22.622221622221623,0.0,4.0249926
Nashik,2026-10-04 00:00:00,2,22.170992170992168,0.0,3.4362209999999997
Nashik,2026-10-04 01:00:00,2,21.817904417904415,0.0,2.8213536
Nashik,2026-10-04 02:00:00,2,21.627888027888027,0.0,2.6166465000000003
Nashik,2026-10-04 03:00:00,2,21.300705100705095,0.0,2.6252474
Nashik,2026-10-04 04:00:00,2,20.93341453341453,0.0,2.8621583000000004
Nashik,2026-10-04 05:00:00,2,20.77269067269067,0.0,2.3605654
Nashik,2026-10-04 06:00:00,2,20.91793991793992,0.0,2.0016086
Nashik,2026-10-04 07:00:00,2,22.192297192297193,0.0,1.8482806999999999
Nashik,2026-10-04 08:00:00,2,24.501558301558298,0.0,1.9606278000000001
Nashik,2026-10-04 09:00:00,2,26.981644681644678,0.0,3.7404694999999997
Nashik,2026-10-04 10:00:00,2,29.115921215921215,0.0,7.0099985
Nashik,2026-10-04 11:00:00,2,30.560036860036856,0.0,8.831011
Nashik,2026-10-04 12:00:00,2,31.42153432153432,0.0,7.5132107
Nashik,2026-10-04 13:00:00,2,31.879348279348278,0.0,5.2910064000000006
Nashik,2026-10-04 14:00:00,2,31.939803039803035,0.0,3.9189364999999996
Nashik,2026-10-04 15:00:00,2,31.690007590007585,0.0,4.271467400000001
Nashik,2026-10-04 16:00:00,2,30.955570955570952,0.0,7.5115822
Nashik,2026-10-04 17:00:00,2,29.12701852701852,0.0,10.745254300000001
Nashik,2026-10-04 18:00:00,2,26.908578608578605,0.0,9.925442
Nashik,2026-10-04 19:00:00,2,25.523530623530622,0.0,8.684778699999999
Nashik,2026-10-04 20:00:00,2,24.46111506111506,0.0,8.212961100000001
Nashik,2026-10-04 21:00:00,2,23.808265208265205,0.0,7.7654718
Nashik,2026-10-04 22:00:00,2,23.41221781221781,0.0,7.0732353
Nashik,2026-10-04 23:00:00,2,23.01013941013941,0.0,5.0903849999999995
Nashik,2026-10-05 00:00:00,3,22.55132314867685,0.0,3.7301454698545298
Nashik,2026-10-05 01:00:00,3,22.151688848311153,0.0,2.07015272984727
Nashik,2026-10-05 02:00:00,3,21.8958613041387,0.0,3.1857078142921855
Nashik,2026-10-05 03:00:00,3,21.633657666342334,0.0,2.9780759219240776
Nashik,2026-10-05 04:00:00,3,21.362062637937363,0.0,2.8424883575116424
Nashik,2026-10-05 05:00:00,3,21.246917953082047,0.0,2.512202987797012
Nashik,2026-10-05 06:00:00,3,21.335036264963733,0.0,2.419239280760719
Nashik,2026-10-05 07:00:00,3,22.47857182142818,0.0,2.405297794702205
Nashik,2026-10-05 08:00:00,3,24.785969314030687,0.0,2.0625850374149626
Nashik,2026-10-05 09:00:00,3,27.18723091276909,0.0,3.7058852941147054
Nashik,2026-10-05 10:00:00,3,29.18935691064309,0.0,6.647257052742946
Nashik,2026-10-05 11:00:00,3,30.533038166961834,0.0,8.327765172234827
Nashik,2026-10-05 12:00:00,3,31.429912870087133,0.0,7.682599817400181
Nashik,2026-10-05 13:00:00,3,31.895497504502494,0.0,5.417798282201717
Nashik,2026-10-05 14:00:00,3,32.05155914844085,0.0,3.1921555078444914
Nashik,2026-10-05 15:00:00,3,31.788596411403592,0.0,3.9271644728355266
Nashik,2026-10-05 16:00:00,3,30.934758565241435,0.0,7.951348148651849
Nashik,2026-10-05 17:00:00,3,29.036693663306337,0.0,10.920416079583921
Nashik,2026-10-05 18:00:00,3,26.8974265025735,0.0,9.085031814968184
Nashik,2026-10-05 19:00:00,3,25.623694676305327,0.0,8.455712844287156
Nashik,2026-10-05 20:00:00,3,24.732824267175733,0.0,8.55043764956235
Nashik,2026-10-05 21:00:00,3,24.166742333257666,0.0,8.42301127698872
Nashik,2026-10-05 22:00:00,3,23.710423589576408,0.0,7.0770145229854755
Nashik,2026-10-05 23:00:00,3,23.354230345769658,0.0,5.682266117733882
Patna,2026-10-03 00:00:00,1,25.72444762444762,0.0,6.141136941136941
Patna,2026-10-03 01:00:00,1,25.229902329902327,0.0,6.091646591646591
Patna,2026-10-03 02:00:00,1,24.878197378197378,0.0,6.273578773578773
Patna,2026-10-03 03:00:00,1,24.65994995994996,0.0,6.439687939687939
Patna,2026-10-03 04:00:00,1,24.56028866028866,0.0,6.933727933727933
Patna,2026-10-03 05:00:00,1,25.228172328172327,0.0,7.2947620947620955
Patna,2026-10-03 06:00:00,1,25.41052451052451,0.0,8.213659713659712
Patna,2026-10-03 07:00:00,1,26.981987581987582,0.0,9.095930195930196
Patna,2026-10-03 08:00:00,1,28.745333545333544,0.0,10.21136001136001
Patna,2026-10-03 09:00:00,1,30.417103717103714,0.0279906,10.716475916475915
Patna,2026-10-03 10:00:00,1,31.57348427348427,0.0279906,10.94889414889415
Patna,2026-10-03 11:00:00,1,32.245481445481445,0.0279906,10.530005030005029
Patna,2026-10-03 12:00:00,1,32.69681379681379,0.0839718,10.584191184191184
Patna,2026-10-03 13:00:00,1,32.876148976148976,0.0839718,11.14887574887575
Patna,2026-10-03 14:00:00,1,32.679186279186275,0.1331206,11.29032719032719
Patna,2026-10-03 15:00:00,1,32.154186854186854,0.0245744,11.109368409368408
Patna,2026-10-03 16:00:00,1,30.815222715222717,0.14744639999999998,10.234470934470934
Patna,2026-10-03 17:00:00,1,29.83780473780474,0.0,9.57020647020647
Patna,2026-10-03 18:00:00,1,29.196915496915498,0.0,9.933141633141634
Patna,2026-10-03 19:00:00,1,28.776284576284578,0.0,9.684741384741384
Patna,2026-10-03 20:00:00,1,28.294531994531994,0.0,9.907057407057408
Patna,2026-10-03 21:00:00,1,27.806332206332208,0.0,9.907322107322107
Patna,2026-10-03 22:00:00,1,27.26342406342406,0.0,9.017151117151117
Patna,2026-10-03 23:00:00,1,26.757010757010754,0.0,8.233833633833633
Patna,2026-10-04 00:00:00,2,26.377424300000005,0.0,7.9762469
Patna,2026-10-04 01:00:00,2,25.903344000000004,0.0,8.0077152
Patna,2026-10-04 02:00:00,2,25.477830400000006,0.0,8.210363000000001
Patna,2026-10-04 03:00:00,2,25.078526200000006,0.0,8.2314015
Patna,2026-10-04 04:00:00,2,24.6577391,0.0,8.161332
Patna,2026-10-04 05:00:00,2,24.435966500000003,0.0,7.6454228
Patna,2026-10-04 06:00:00,2,24.789459500000003,0.0,7.251353
Patna,2026-10-04 07:00:00,2,26.359186400000006,0.0,7.264823400000001
Patna,2026-10-04 08:00:00,2,28.197487900000006,0.0,8.3482774
Patna,2026-10-04 09:00:00,2,29.785458000000006,0.0,8.6593377
Patna,2026-10-04 10:00:00,2,31.241617800000007,0.0,8.6683063
Patna,2026-10-04 11:00:00,2,32.2687016,0.0,8.982525899999999
Patna,2026-10-04 12:00:00,2,32.892740200000006,0.0,9.765426000000001
Patna,2026-10-04 13:00:00,2,33.17224280000001,0.0,10.6926083
Patna,2026-10-04 14:00:00,2,33.067806000000004,0.0,11.1749895
Patna,2026-10-04 15:00:00,2,32.6611984,0.0,10.741590599999999
Patna,2026-10-04 16:00:00,2,31.902461700000003,0.0,9.3863523
Patna,2026-10-04 17:00:00,2,30.626521500000003,0.0,7.3959615
Patna,2026-10-04 18:00:00,2,29.406968600000003,0.0,6.8576412
Patna,2026-10-04 19:00:00,2,28.6447396,0.0,6.175983199999999
Patna,2026-10-04 20:00:00,2,27.999735300000005,0.0,5.3003443
Patna,2026-10-04 21:00:00,2,27.417883300000003,0.0,4.509192
Patna,2026-10-04 22:00:00,2,26.8839022,0.0,4.149508
Patna,2026-10-04 23:00:00,2,26.400658600000007,0.0,4.1653688
Patna,2026-10-05 00:00:00,3,25.900863000862998,0.0,4.4101318898681106
Patna,2026-10-05 01:00:00,3,25.478884678884675,0.0,5.0640172359827655
Patna,2026-10-05 02:00:00,3,25.150094750094745,0.0,5.382122517877482
Patna,2026-10-05 03:00:00,3,24.88329828329828,0.0,4.976445423554576
Patna,2026-10-05 04:00:00,3,24.628116428116428,0.0,4.57004082995917
Patna,2026-10-05 05:00:00,3,24.510259110259106,0.0,5.459550140449861
Patna,2026-10-05 06:00:00,3,24.969059469059466,0.0,6.351713048286952
Patna,2026-10-05 07:00:00,3,26.37154017154017,0.156421,4.761091738908261
Patna,2026-10-05 08:00:00,3,27.473600273600276,0.469263,3.083869716130285
Patna,2026-10-05 09:00:00,3,28.154281354281352,0.3399784,4.197650002349999
Patna,2026-10-05 10:00:00,3,28.749919249919245,1.0282308000000002,6.396548003451997
Patna,2026-10-05 11:00:00,3,29.306561906561903,0.5589677999999999,7.1876856123143895
Patna,2026-10-05 12:00:00,3,30.16057556057556,0.0,6.742138857861143
Patna,2026-10-05 13:00:00,3,30.65718185718186,0.019697400000000004,5.784030615969385
Patna,2026-10-05 14:00:00,3,30.850528650528652,0.019697400000000004,6.71900358099642
Patna,2026-10-05 15:00:00,3,30.33204393204393,0.21185200000000004,7.201006198993802
Patna,2026-10-05 16:00:00,3,29.64080474080474,0.0542728,7.180792319207683
Patna,2026-10-05 17:00:00,3,28.52057982057982,0.0542728,6.736671763328237
Patna,2026-10-05 18:00:00,3,27.683352083352084,0.03939480000000001,6.624406975593025
Patna,2026-10-05 19:00:00,3,27.22443862443862,0.0,5.403593496406504
Patna,2026-10-05 20:00:00,3,26.817154917154916,0.0,3.913627686372314
Patna,2026-10-05 21:00:00,3,26.55361795361795,0.0,3.8982092017907988
Patna,2026-10-05 22:00:00,3,26.28739038739039,0.0,4.988472011527989
Patna,2026-10-05 23:00:00,3,26.06233206233206,0.0,5.443592656407344
Pune,2026-10-03 00:00:00,1,24.914400014400012,0.0,1.7100541
Pune,2026-10-03 01:00:00,1,24.368334368334367,0.0,1.9683318999999997
Pune,2026-10-03 02:00:00,1,23.86385456385456,0.0,2.2044401
Pune,2026-10-03 03:00:00,1,23.63278773278773,0.0,2.7388475
Pune,2026-10-03 04:00:00,1,23.514273714273713,0.0,2.7927166999999997
Pune,2026-10-03 05:00:00,1,23.699490799490796,0.0,3.1293365
Pune,2026-10-03 06:00:00,1,23.465135265135263,0.0,3.5473451999999996
Pune,2026-10-03 07:00:00,1,24.218593118593116,0.0,3.9070495000000003
Pune,2026-10-03 08:00:00,1,26.218706718706716,0.0,4.6014498
Pune,2026-10-03 09:00:00,1,28.029924029924025,0.0,7.1959102999999995
Pune,2026-10-03 10:00:00,1,29.525239925239923,0.0,8.574153500000001
Pune,2026-10-03 11:00:00,1,30.77890207890207,0.0,8.1862493
Pune,2026-10-03 12:00:00,1,31.703259003259,0.0,6.5056346000000005
Pune,2026-10-03 13:00:00,1,32.358410558410554,0.0,4.4678473
Pune,2026-10-03 14:00:00,1,32.519873519873514,0.0,5.8509659
Pune,2026-10-03 15:00:00,1,32.32978612978612,0.0,7.837599100000001
Pune,2026-10-03 16:00:00,1,31.55496975496975,0.0,10.261576699999999
Pune,2026-10-03 17:00:00,1,30.097111597111596,0.0,10.776843500000002
Pune,2026-10-03 18:00:00,1,28.309432509432508,0.0,9.342731500000001
Pune,2026-10-03 19:00:00,1,26.63960473960474,0.0,7.463185499999999
Pune,2026-10-03 20:00:00,1,25.58057618057618,0.0,5.8143865
Pune,2026-10-03 21:00:00,1,24.999498799498795,0.0,5.286415799999999
Pune,2026-10-03 22:00:00,1,24.540198040198035,0.0,5.1159384
Pune,2026-10-03 23:00:00,1,24.05349155349155,0.0,4.5560123
Pune,2026-10-04 00:00:00,2,23.708666,0.0,3.5434271
Pune,2026-10-04 01:00:00,2,23.3584083,0.0,1.7814640000000002
Pune,2026-10-04 02:00:00,2,22.960231999999998,0.0,1.3557083
Pune,2026-10-04 03:00:00,2,22.4825834,0.0,1.5485158
Pune,2026-10-04 04:00:00,2,22.0528534,0.0,2.0670023
Pune,2026-10-04 05:00:00,2,21.8476976,0.0,1.7309575999999998
Pune,2026-10-04 06:00:00,2,22.025192399999998,0.0,1.2938752
Pune,2026-10-04 07:00:00,2,23.2628079,0.0,1.0887381
Pune,2026-10-04 08:00:00,2,25.497602699999998,0.0,2.0499301
Pune,2026-10-04 09:00:00,2,27.6183632,0.0,5.1948531
Pune,2026-10-04 10:00:00,2,29.4625096,0.0,7.299063499999999
Pune,2026-10-04 11:00:00,2,30.9401582,0.0,7.8412101
Pune,2026-10-04 12:00:00,2,31.9148238,0.0,6.5243289
Pune,2026-10-04 13:00:00,2,32.3836897,0.0,5.322754
Pune,2026-10-04 14:00:00,2,32.5802581,0.0,5.4564983
Pune,2026-10-04 15:00:00,2,32.2859498,0.0,6.8601068000000005
Pune,2026-10-04 16:00:00,2,31.603299199999995,0.0,8.5043682
Pune,2026-10-04 17:00:00,2,30.3921191,0.0,9.7705473
Pune,2026-10-04 18:00:00,2,28.0802493,0.0,8.811026
Pune,2026-10-04 19:00:00,2,26.341873899999996,0.0,6.843389599999999
Pune,2026-10-04 20:00:00,2,25.2826092,0.0,5.174575699999999
Pune,2026-10-04 21:00:00,2,24.6146988,0.0,4.1179973
Pune,2026-10-04 22:00:00,2,24.121425,0.0,4.4893411
Pune,2026-10-04 23:00:00,2,23.721649300000003,0.0,4.732501
Pune,2026-10-05 00:00:00,3,23.5496088,0.0,4.3519747
Pune,2026-10-05 01:00:00,3,23.1269671,0.0,3.3863056
Pune,2026-10-05 02:00:00,3,22.732441200000004,0.0,1.8246
Pune,2026-10-05 03:00:00,3,22.2938587,0.0,2.4114381000000003
Pune,2026-10-05 04:00:00,3,21.946499700000004,0.0,2.2187509000000003
Pune,2026-10-05 05:00:00,3,21.946451099999997,0.0,2.6187296
Pune,2026-10-05 06:00:00,3,22.3210156,0.0,2.2896693
Pune,2026-10-05 07:00:00,3,23.3423653,0.0,2.0685704
Pune,2026-10-05 08:00:00,3,25.4943338,0.0,2.0400755999999998
Pune,2026-10-05 09:00:00,3,27.5985465,0.0,4.8206395
Pune,2026-10-05 10:00:00,3,29.4046916,0.0,6.0021325
Pune,2026-10-05 11:00:00,3,30.8917996,0.0,5.6169438000000005
Pune,2026-10-05 12:00:00,3,31.9301131,0.0,3.6761749000000004
Pune,2026-10-05 13:00:00,3,32.5068004,0.0,4.6011063000000005
Pune,2026-10-05 14:00:00,3,32.5882742,0.0,7.441068899999999
Pune,2026-10-05 15:00:00,3,32.3296814,0.0,9.051300600000001
Pune,2026-10-05 16:00:00,3,31.165412100000005,0.0,12.7486799
Pune,2026-10-05 17:00:00,3,29.4111103,0.12522,12.034415500000001
Pune,2026-10-05 18:00:00,3,27.709415200000002,0.0,9.127888400000002
Pune,2026-10-05 19:00:00,3,26.260635,0.0,8.1908327
Pune,2026-10-05 20:00:00,3,25.2021537,0.0,7.2860905
Pune,2026-10-05 21:00:00,3,24.384888900000004,0.0,6.3749424
Pune,2026-10-05 22:00:00,3,23.794638600000003,0.0,5.1571526
Pune,2026-10-05 23:00:00,3,23.369953300000002,0.0,4.8303871
Raipur,2026-10-03 00:00:00,1,23.8015136,0.0,3.7157948000000003
Raipur,2026-10-03 01:00:00,1,23.319376300000002,0.0,3.7442432000000005
Raipur,2026-10-03 02:00:00,1,22.9123163,0.0,3.6680269000000005
Raipur,2026-10-03 03:00:00,1,22.5420042,0.0,3.8224350000000005
Raipur,2026-10-03 04:00:00,1,22.256675299999998,0.0,3.675718100000001
Raipur,2026-10-03 05:00:00,1,23.1133556,0.0,3.4355456
Raipur,2026-10-03 06:00:00,1,23.4744976,0.0,3.437711900000001
Raipur,2026-10-03 07:00:00,1,25.3627981,0.0,3.9713042000000005
Raipur,2026-10-03 08:00:00,1,27.3523265,0.0,4.255462400000001
Raipur,2026-10-03 09:00:00,1,29.0777638,0.0,2.903042900000001
Raipur,2026-10-03 10:00:00,1,30.428851700000003,0.0,3.7107641000000005
Raipur,2026-10-03 11:00:00,1,31.351656400000003,0.0,5.4208017
Raipur,2026-10-03 12:00:00,1,31.9456554,0.0,6.744803300000002
Raipur,2026-10-03 13:00:00,1,32.089845499999996,0.0,7.6292515000000005
Raipur,2026-10-03 14:00:00,1,32.000471399999995,0.0,7.254929000000001
Raipur,2026-10-03 15:00:00,1,31.6010511,0.0,6.257120000000001
Raipur,2026-10-03 16:00:00,1,30.8401656,0.0,4.511443900000001
Raipur,2026-10-03 17:00:00,1,29.031173900000002,0.0,3.8406890000000002
Raipur,2026-10-03 18:00:00,1,27.4907776,0.0,2.6380424000000002
Raipur,2026-10-03 19:00:00,1,26.387842499999998,0.0,3.7929477000000005
Raipur,2026-10-03 20:00:00,1,25.6249726,0.0,5.8188576
Raipur,2026-10-03 21:00:00,1,24.8615516,0.0,6.147245500000001
Raipur,2026-10-03 22:00:00,1,24.2763995,0.0,5.369631200000001
Raipur,2026-10-03 23:00:00,1,23.782951599999997,0.0,5.016628900000001
Raipur,2026-10-04 00:00:00,2,23.309405509405508,0.0,4.6822096
Raipur,2026-10-04 01:00:00,2,22.85000635000635,0.0,4.6219719
Raipur,2026-10-04 02:00:00,2,22.425419825419823,0.0,4.829887899999999
Raipur,2026-10-04 03:00:00,2,21.909155909155906,0.0,4.810473200000001
Raipur,2026-10-04 04:00:00,2,21.512086712086706,0.0,4.8489612
Raipur,2026-10-04 05:00:00,2,21.438665238665237,0.0,4.778970899999999
Raipur,2026-10-04 06:00:00,2,21.902298002298004,0.0,5.0562197
Raipur,2026-10-04 07:00:00,2,23.997859297859296,0.0,5.397225000000001
Raipur,2026-10-04 08:00:00,2,26.293243593243595,0.0,5.4209996
Raipur,2026-10-04 09:00:00,2,28.399412299412298,0.0,5.220965700000001
Raipur,2026-10-04 10:00:00,2,30.18616688616688,0.0,5.2655245
Raipur,2026-10-04 11:00:00,2,31.43731683731684,0.0,6.1699157
Raipur,2026-10-04 12:00:00,2,32.18560938560938,0.0,5.2644406
Raipur,2026-10-04 13:00:00,2,32.54508194508195,0.0,5.0642896
Raipur,2026-10-04 14:00:00,2,32.537390237390234,0.0,4.7128729
Raipur,2026-10-04 15:00:00,2,32.143970443970446,0.0,3.9121236
Raipur,2026-10-04 16:00:00,2,31.374887574887573,0.0,2.4434089
Raipur,2026-10-04 17:00:00,2,29.271395771395767,0.0,1.5783999999999998
Raipur,2026-10-04 18:00:00,2,27.47283107283107,0.0,2.9038242
Raipur,2026-10-04 19:00:00,2,26.024773824773824,0.0,4.495819
Raipur,2026-10-04 20:00:00,2,25.02287032287032,0.0,5.5238051
Raipur,2026-10-04 21:00:00,2,24.277435177435176,0.0,6.229975
Raipur,2026-10-04 22:00:00,2,23.675061875061875,0.0,6.037172999999999
Raipur,2026-10-04 23:00:00,2,23.14247574247574,0.0,5.916574499999999
Raipur,2026-10-05 00:00:00,3,22.731718500000003,0.0,6.211334288665711
Raipur,2026-10-05 01:00:00,3,22.285985800000002,0.0,5.942008557991441
Raipur,2026-10-05 02:00:00,3,21.8336637,0.0,5.542426357573642
Raipur,2026-10-05 03:00:00,3,21.392661899999997,0.0,5.187380612619386
Raipur,2026-10-05 04:00:00,3,20.9718357,0.0,5.023996476003523
Raipur,2026-10-05 05:00:00,3,20.8059274,0.0,4.763515436484563
Raipur,2026-10-05 06:00:00,3,21.2777062,0.0,5.04101635898364
Raipur,2026-10-05 07:00:00,3,23.2696514,0.0,5.48998931001069
Raipur,2026-10-05 08:00:00,3,25.799286199999997,0.0,6.297265602734397
Raipur,2026-10-05 09:00:00,3,27.9995694,0.0,6.56051903948096
Raipur,2026-10-05 10:00:00,3,29.835360500000004,0.0,7.011767688232311
Raipur,2026-10-05 11:00:00,3,31.1768913,0.0,7.43130046869953
Raipur,2026-10-05 12:00:00,3,32.0314793,0.0,7.22030947969052
Raipur,2026-10-05 13:00:00,3,32.4653627,0.0,6.383690516309482
Raipur,2026-10-05 14:00:00,3,32.5330079,0.0,5.311013188986811
Raipur,2026-10-05 15:00:00,3,32.208857800000004,0.0,4.1698494301505695
Raipur,2026-10-05 16:00:00,3,31.4212644,0.0,3.3399626600373398
Raipur,2026-10-05 17:00:00,3,29.426788400000003,0.0,3.9371813628186367
Raipur,2026-10-05 18:00:00,3,27.769379800000003,0.0,3.7683492316507676
Raipur,2026-10-05 19:00:00,3,26.1677179,0.19389420610579386,3.523821776178224
Raipur,2026-10-05 20:00:00,3,25.3155457,0.0,4.451995248004751
Raipur,2026-10-05 21:00:00,3,24.857275600000005,0.0,4.34016195983804
Raipur,2026-10-05 22:00:00,3,24.358212,0.0,4.996679203320796
Raipur,2026-10-05 23:00:00,3,23.9194761,0.0,4.871453428546571
Ranchi,2026-10-03 00:00:00,1,22.1084197,0.0,4.6953982000000005
Ranchi,2026-10-03 01:00:00,1,21.983857,0.0,4.8557422
Ranchi,2026-10-03 02:00:00,1,21.6927093,0.0,5.262870599999999
Ranchi,2026-10-03 03:00:00,1,21.2407717,0.0,5.3952356
Ranchi,2026-10-03 04:00:00,1,20.8422268,0.0,5.1289442
Ranchi,2026-10-03 05:00:00,1,20.8797046,0.0,5.1000309999999995
Ranchi,2026-10-03 06:00:00,1,21.4370249,0.0,5.266914399999999
Ranchi,2026-10-03 07:00:00,1,23.6831674,0.0,5.908913399999999
Ranchi,2026-10-03 08:00:00,1,25.5708793,0.0,7.6738742
Ranchi,2026-10-03 09:00:00,1,26.738613500000003,0.0,8.814335999999999
Ranchi,2026-10-03 10:00:00,1,27.650888099999996,0.0,8.749014999999998
Ranchi,2026-10-03 11:00:00,1,28.250582199999997,0.0,9.402530599999999
Ranchi,2026-10-03 12:00:00,1,28.7288435,0.0,10.150751
Ranchi,2026-10-03 13:00:00,1,29.0502763,0.0,10.789317200000001
Ranchi,2026-10-03 14:00:00,1,28.9462287,0.0,12.582157600000002
Ranchi,2026-10-03 15:00:00,1,28.1071792,0.0,13.4046868
Ranchi,2026-10-03 16:00:00,1,26.6313803,0.0,11.5550526
Ranchi,2026-10-03 17:00:00,1,25.359290899999998,0.0,8.681607799999998
Ranchi,2026-10-03 18:00:00,1,24.212681900000003,0.0,7.544893999999999
Ranchi,2026-10-03 19:00:00,1,23.3743878,0.0,6.647495999999999
Ranchi,2026-10-03 20:00:00,1,22.791772999999996,0.0,7.532076000000001
Ranchi,2026-10-03 21:00:00,1,22.3400551,0.0,7.722362599999999
Ranchi,2026-10-03 22:00:00,1,21.9942776,0.0,7.534332600000001
Ranchi,2026-10-03 23:00:00,1,21.604265599999998,0.0,7.522208000000001
Ranchi,2026-10-04 00:00:00,2,21.1943711,0.0,7.0869588
Ranchi,2026-10-04 01:00:00,2,20.7956845,0.0,6.9390556
Ranchi,2026-10-04 02:00:00,2,20.4469391,0.0,7.0518529
Ranchi,2026-10-04 03:00:00,2,20.1536046,0.0,7.315055599999999
Ranchi,2026-10-04 04:00:00,2,19.8629828,0.0,7.8796213999999996
Ranchi,2026-10-04 05:00:00,2,19.8672857,0.0,8.222737400000002
Ranchi,2026-10-04 06:00:00,2,20.7152587,0.0,8.628190600000002
Ranchi,2026-10-04 07:00:00,2,23.4081698,0.0,8.391448
Ranchi,2026-10-04 08:00:00,2,25.881097000000004,0.0,8.922032600000001
Ranchi,2026-10-04 09:00:00,2,27.3471552,0.0,9.4846669
Ranchi,2026-10-04 10:00:00,2,28.268494099999998,0.0,9.269175299999999
Ranchi,2026-10-04 11:00:00,2,28.814205699999995,0.0,9.5997777
Ranchi,2026-10-04 12:00:00,2,29.1925457,0.0,10.466545100000001
Ranchi,2026-10-04 13:00:00,2,29.2370615,0.0,11.879514200000001
Ranchi,2026-10-04 14:00:00,2,28.92761,0.0,12.955899900000002
Ranchi,2026-10-04 15:00:00,2,28.1488756,0.0,12.431334200000002
Ranchi,2026-10-04 16:00:00,2,26.8428939,0.0,9.8933683
Ranchi,2026-10-04 17:00:00,2,24.9859218,0.0,7.865969400000001
Ranchi,2026-10-04 18:00:00,2,23.664496999999997,0.0,6.3864131
Ranchi,2026-10-04 19:00:00,2,22.8611864,0.0,5.3605685
Ranchi,2026-10-04 20:00:00,2,22.3163938,0.0,4.8755784
Ranchi,2026-10-04 21:00:00,2,21.9338242,0.0,4.7451419
Ranchi,2026-10-04 22:00:00,2,21.7149945,0.0,4.4986607
Ranchi,2026-10-04 23:00:00,2,21.4674449,0.0,4.1834184
Ranchi,2026-10-05 00:00:00,3,21.17015182984817,0.0,4.287287087287087
Ranchi,2026-10-05 01:00:00,3,20.856634743365255,0.0,4.888297688297689
Ranchi,2026-10-05 02:00:00,3,20.653542846457153,0.0,5.422643722643722
Ranchi,2026-10-05 03:00:00,3,20.452906947093055,0.0,5.681775081775081
Ranchi,2026-10-05 04:00:00,3,20.385063114936887,0.0,5.681747981747982
Ranchi,2026-10-05 05:00:00,3,20.475509424490575,0.0,5.913588913588914
Ranchi,2026-10-05 06:00:00,3,21.342107057892946,0.0,6.515313915313914
Ranchi,2026-10-05 07:00:00,3,23.544901355098645,0.0,6.921163321163321
Ranchi,2026-10-05 08:00:00,3,25.66834373165627,0.0,7.365481765481766
Ranchi,2026-10-05 09:00:00,3,27.15940034059966,0.031467231467231474,8.373465373465374
Ranchi,2026-10-05 10:00:00,3,28.261024138975863,0.031467231467231474,9.312627012627011
Ranchi,2026-10-05 11:00:00,3,28.947507052492952,0.031467231467231474,9.378278478278478
Ranchi,2026-10-05 12:00:00,3,29.3964822035178,0.0,9.965910265910265
Ranchi,2026-10-05 13:00:00,3,29.509769690230314,0.0,10.757713957713957
Ranchi,2026-10-05 14:00:00,3,29.37273622726378,0.0,10.383166183166184
Ranchi,2026-10-05 15:00:00,3,28.744146255853746,0.0,10.692034492034493
Ranchi,2026-10-05 16:00:00,3,27.388581011418992,0.0,9.32900142900143
Ranchi,2026-10-05 17:00:00,3,25.559007740992264,0.0,6.870224170224169
Ranchi,2026-10-05 18:00:00,3,24.201481798518206,0.0,5.087559787559788
Ranchi,2026-10-05 19:00:00,3,23.350721249278752,0.0,3.77992857992858
Ranchi,2026-10-05 20:00:00,3,22.647893652106347,0.0,4.8296451296451295
Ranchi,2026-10-05 21:00:00,3,22.098546901453098,0.0,3.9447281447281446
Ranchi,2026-10-05 22:00:00,3,21.71845778154222,0.0194018194018194,3.40990450990451
Ranchi,2026-10-05 23:00:00,3,21.497465402534598,0.0,3.8255926255926256
Shillong,2026-10-03 00:00:00,1,16.7018747,0.0,6.936906300000001
Shillong,2026-10-03 01:00:00,1,16.2819697,0.0,6.966057700000001
Shillong,2026-10-03 02:00:00,1,15.900100400000001,0.0,7.055635600000001
Shillong,2026-10-03 03:00:00,1,15.5742379,0.0,6.770642800000001
Shillong,2026-10-03 04:00:00,1,15.365376600000001,0.0,6.8012668000000005
Shillong,2026-10-03 05:00:00,1,15.376304000000001,0.0,7.284333400000001
Shillong,2026-10-03 06:00:00,1,16.7441825,0.0,7.008706700000001
Shillong,2026-10-03 07:00:00,1,19.2080236,0.0,6.447918700000002
Shillong,2026-10-03 08:00:00,1,21.125931700000002,0.0,6.5523138
Shillong,2026-10-03 09:00:00,1,22.461233200000002,0.0,6.855089400000001
Shillong,2026-10-03 10:00:00,1,23.4490067,0.0,7.7743068000000015
Shillong,2026-10-03 11:00:00,1,23.986926100000005,0.0,8.197023000000002
Shillong,2026-10-03 12:00:00,1,23.997335000000003,0.07064219999999999,7.5842033
Shillong,2026-10-03 13:00:00,1,23.3422607,0.09634849999999999,7.135754200000001
Shillong,2026-10-03 14:00:00,1,22.4481275,0.09634849999999999,6.374558000000001
Shillong,2026-10-03 15:00:00,1,21.252854799999998,0.0985074,5.613017800000001
Shillong,2026-10-03 16:00:00,1,19.9559182,0.12421369999999998,4.496132600000001
Shillong,2026-10-03 17:00:00,1,18.6185073,0.1336398,3.5336263000000008
Shillong,2026-10-03 18:00:00,1,17.9208867,0.0784049,3.4308382000000006
Shillong,2026-10-03 19:00:00,1,17.2481054,0.0257063,3.9797761000000005
Shillong,2026-10-03 20:00:00,1,16.5348557,0.0,5.4273908
Shillong,2026-10-03 21:00:00,1,16.0466208,0.0,6.2706768
Shillong,2026-10-03 22:00:00,1,15.7213201,0.0,6.738854000000001
Shillong,2026-10-03 23:00:00,1,15.4682171,0.0,6.944415900000001
Shillong,2026-10-04 00:00:00,2,15.265655299999999,0.0,6.994839994839994
Shillong,2026-10-04 01:00:00,2,15.045083099999998,0.0,6.828493028493028
Shillong,2026-10-04 02:00:00,2,14.841379199999999,0.0,6.9395638395638395
Shillong,2026-10-04 03:00:00,2,14.6271439,0.0,6.804109104109104
Shillong,2026-10-04 04:00:00,2,14.495530399999998,0.0,6.577824577824577
Shillong,2026-10-04 05:00:00,2,15.009124999999997,0.0,6.243307243307243
Shillong,2026-10-04 06:00:00,2,16.6167761,0.0,5.129447329447329
Shillong,2026-10-04 07:00:00,2,18.833744099999997,0.0,4.101717201717202
Shillong,2026-10-04 08:00:00,2,20.5185105,0.0,3.980903780903781
Shillong,2026-10-04 09:00:00,2,21.764039099999998,0.0221739,4.29026219026219
Shillong,2026-10-04 10:00:00,2,22.781723500000002,0.0523458,5.040526340526341
Shillong,2026-10-04 11:00:00,2,23.340251100000003,0.1410563,5.485503485503486
Shillong,2026-10-04 12:00:00,2,22.7990017,0.3264604,6.274897274897274
Shillong,2026-10-04 13:00:00,2,21.706136899999997,0.32826560000000005,6.570956070956071
Shillong,2026-10-04 14:00:00,2,21.0666247,0.5109988999999999,5.32044752044752
Shillong,2026-10-04 15:00:00,2,20.1726143,0.40187550000000005,3.951219851219851
Shillong,2026-10-04 16:00:00,2,19.0926305,0.5136404,2.6173014173014173
Shillong,2026-10-04 17:00:00,2,18.0296072,0.31847729999999996,2.05020205020205
Shillong,2026-10-04 18:00:00,2,17.428346599999998,0.0833982,1.2358567358567358
Shillong,2026-10-04 19:00:00,2,17.1613836,0.047914,0.9519162519162518
Shillong,2026-10-04 20:00:00,2,16.865741,0.0780859,1.7553243553243554
Shillong,2026-10-04 21:00:00,2,16.4677398,0.0301719,2.385197885197885
Shillong,2026-10-04 22:00:00,2,16.1079759,0.0301719,2.9854920854920857
Shillong,2026-10-04 23:00:00,2,15.786959200000002,0.0301719,3.494864894864895
Shillong,2026-10-05 00:00:00,3,15.597524499999999,0.03759970000000001,4.0361241
Shillong,2026-10-05 01:00:00,3,15.447579,0.0,4.8048722999999995
Shillong,2026-10-05 02:00:00,3,15.2131844,0.0,5.1354049999999996
Shillong,2026-10-05 03:00:00,3,14.9325176,0.0,5.1863472
Shillong,2026-10-05 04:00:00,3,14.6581792,0.0,4.9856169
Shillong,2026-10-05 05:00:00,3,14.8050681,0.0,4.8131445
Shillong,2026-10-05 06:00:00,3,16.2010143,0.0,4.1147442000000005
Shillong,2026-10-05 07:00:00,3,18.6845752,0.0,2.316178
Shillong,2026-10-05 08:00:00,3,20.4506205,0.03759970000000001,3.0309802
Shillong,2026-10-05 09:00:00,3,21.627632200000004,0.11170940000000001,4.5375735
Shillong,2026-10-05 10:00:00,3,22.547913,0.11170940000000001,5.8539389
Shillong,2026-10-05 11:00:00,3,22.7932558,0.11170940000000001,6.466753799999999
Shillong,2026-10-05 12:00:00,3,22.429487899999998,0.23802449999999997,5.4402671
Shillong,2026-10-05 13:00:00,3,21.4929801,0.49027449999999995,4.3533271
Shillong,2026-10-05 14:00:00,3,20.714655699999998,0.6224268,4.1864127
Shillong,2026-10-05 15:00:00,3,19.736045500000003,0.4342297,3.7663824000000004
Shillong,2026-10-05 16:00:00,3,18.630809,0.2535298,2.9023982999999998
Shillong,2026-10-05 17:00:00,3,17.446377,0.1339504,2.1909623000000003
Shillong,2026-10-05 18:00:00,3,16.9462327,0.0,1.8130488000000002
Shillong,2026-10-05 19:00:00,3,16.660294099999998,0.0,1.6405501999999998
Shillong,2026-10-05 20:00:00,3,16.538651,0.0,1.9353938
Shillong,2026-10-05 21:00:00,3,16.410095300000002,0.0,2.3522026
Shillong,2026-10-05 22:00:00,3,16.322135399999997,0.03759970000000001,2.7944008
Shillong,2026-10-05 23:00:00,3,16.2531282,0.03759970000000001,3.4216085
Shimla,2026-10-03 00:00:00,1,11.1791644,0.0,4.7045539
Shimla,2026-10-03 01:00:00,1,10.786845199999998,0.0,4.9233998
Shimla,2026-10-03 02:00:00,1,10.4885032,0.0,5.2538653
Shimla,2026-10-03 03:00:00,1,10.215083,0.0,5.1780347
Shimla,2026-10-03 04:00:00,1,10.036782,0.0,4.9905418
Shimla,2026-10-03 05:00:00,1,10.3812616,0.0,4.6177957
Shimla,2026-10-03 06:00:00,1,10.417447,0.0,4.7987129
Shimla,2026-10-03 07:00:00,1,12.6157408,0.0,4.3041758
Shimla,2026-10-03 08:00:00,1,16.081808,0.0,3.3022909
Shimla,2026-10-03 09:00:00,1,18.2259416,0.0,3.3709464000000002
Shimla,2026-10-03 10:00:00,1,19.5932458,0.0,5.0353615
Shimla,2026-10-03 11:00:00,1,20.666150000000002,0.0,6.6745696
Shimla,2026-10-03 12:00:00,1,21.243935000000004,0.0,8.031993799999999
Shimla,2026-10-03 13:00:00,1,21.2714536,0.0,9.0530557
Shimla,2026-10-03 14:00:00,1,20.8953266,0.0,9.2515581
Shimla,2026-10-03 15:00:00,1,20.1741436,0.0,8.7601779
Shimla,2026-10-03 16:00:00,1,19.240414,0.0,7.3182683
Shimla,2026-10-03 17:00:00,1,17.6230844,0.0,5.7445506
Shimla,2026-10-03 18:00:00,1,15.7602114,0.0,3.9720841
Shimla,2026-10-03 19:00:00,1,14.4747728,0.0,3.3818563
Shimla,2026-10-03 20:00:00,1,13.544497799999998,0.0,4.0995443
Shimla,2026-10-03 21:00:00,1,12.916946,0.0,4.5893821
Shimla,2026-10-03 22:00:00,1,12.4145356,0.0,5.0352867
Shimla,2026-10-03 23:00:00,1,11.9855454,0.0,5.1411694
Shimla,2026-10-04 00:00:00,2,11.5213439,0.0,5.493877006122994
Shimla,2026-10-04 01:00:00,2,11.1254369,0.0,5.563245736754264
Shimla,2026-10-04 02:00:00,2,10.8595006,0.0,5.339086460913539
Shimla,2026-10-04 03:00:00,2,10.6976573,0.0,5.276310023689977
Shimla,2026-10-04 04:00:00,2,10.6374507,0.0,5.111817288182713
Shimla,2026-10-04 05:00:00,2,10.6528002,0.0,4.862910637089364
Shimla,2026-10-04 06:00:00,2,10.9857501,0.0,5.073129026870974
Shimla,2026-10-04 07:00:00,2,12.9042934,0.0,4.354002345997654
Shimla,2026-10-04 08:00:00,2,15.997758300000001,0.0,2.634101565898434
Shimla,2026-10-04 09:00:00,2,18.2129962,0.0,2.487828112171888
Shimla,2026-10-04 10:00:00,2,19.653983500000002,0.0,4.977961222038779
Shimla,2026-10-04 11:00:00,2,20.7026912,0.0,6.9801945198054804
Shimla,2026-10-04 12:00:00,2,21.1489451,0.0329211,8.279404020595981
Shimla,2026-10-04 13:00:00,2,21.233707199999998,0.0329211,8.757706342293659
Shimla,2026-10-04 14:00:00,2,20.8077154,0.0,8.678957521042479
Shimla,2026-10-04 15:00:00,2,20.1677734,0.09876329999999998,7.686682913317088
Shimla,2026-10-04 16:00:00,2,19.2661022,0.0,6.825936574063427
Shimla,2026-10-04 17:00:00,2,17.5576326,0.0,5.26953223046777
Shimla,2026-10-04 18:00:00,2,15.6192385,0.0,2.9107790892209113
Shimla,2026-10-04 19:00:00,2,14.4032322,0.0,2.9134733865266136
Shimla,2026-10-04 20:00:00,2,13.6786514,0.0,3.552435747564253
Shimla,2026-10-04 21:00:00,2,13.233568600000002,0.0,4.300538999461001
Shimla,2026-10-04 22:00:00,2,12.963073699999999,0.0,4.4996371003629
Shimla,2026-10-04 23:00:00,2,12.5486554,0.0,4.4229197770802235
Shimla,2026-10-05 00:00:00,3,12.095800400000002,0.0,4.694866494866495
Shimla,2026-10-05 01:00:00,3,11.6868985,0.0,5.052818552818553
Shimla,2026-10-05 02:00:00,3,11.401385099999999,0.0,5.035264435264435
Shimla,2026-10-05 03:00:00,3,11.144522599999998,0.0,5.084562284562284
Shimla,2026-10-05 04:00:00,3,11.1153648,0.0,5.011277511277512
Shimla,2026-10-05 05:00:00,3,11.2652744,0.0,4.923635023635024
Shimla,2026-10-05 06:00:00,3,11.7650653,0.0,4.666765966765967
Shimla,2026-10-05 07:00:00,3,13.323558299999998,0.0,4.187195187195187
Shimla,2026-10-05 08:00:00,3,16.114635699999997,0.0,2.825786225786226
Shimla,2026-10-05 09:00:00,3,18.1558563,0.0,2.600672900672901
Shimla,2026-10-05 10:00:00,3,19.353996000000002,0.0,5.132026732026732
Shimla,2026-10-05 11:00:00,3,20.019112,0.0,6.92984752984753
Shimla,2026-10-05 12:00:00,3,20.569907399999998,0.0,7.853744953744954
Shimla,2026-10-05 13:00:00,3,20.8342432,0.032479100000000004,8.348745048745048
Shimla,2026-10-05 14:00:00,3,20.582203800000002,0.0,7.763255963255964
Shimla,2026-10-05 15:00:00,3,19.9483754,0.0,7.363626963626964
Shimla,2026-10-05 16:00:00,3,19.0185088,0.032479100000000004,6.384105184105184
Shimla,2026-10-05 17:00:00,3,17.428909,0.0,4.984396384396384
Shimla,2026-10-05 18:00:00,3,15.784314599999998,0.0,2.6503137503137504
Shimla,2026-10-05 19:00:00,3,14.6919235,0.0,2.3673771673771675
Shimla,2026-10-05 20:00:00,3,13.964459999999999,0.0,3.0406080406080407
Shimla,2026-10-05 21:00:00,3,13.3992025,0.0,4.223758823758824
Shimla,2026-10-05 22:00:00,3,12.9930788,0.0,4.604701704701705
Shimla,2026-10-05 23:00:00,3,12.6300077,0.0,4.632969632969633
Srinagar,2026-10-03 00:00:00,1,14.6776297,0.0,2.1374018
Srinagar,2026-10-03 01:00:00,1,13.8236544,0.0,1.5480335
Srinagar,2026-10-03 02:00:00,1,13.101703200000001,0.0,1.4149271
Srinagar,2026-10-03 03:00:00,1,12.559057899999999,0.0,1.3058923000000002
Srinagar,2026-10-03 04:00:00,1,12.248436700000001,0.0,1.270276
Srinagar,2026-10-03 05:00:00,1,12.573459500000002,0.0,2.1096776000000004
Srinagar,2026-10-03 06:00:00,1,12.177849,0.0,2.0578967
Srinagar,2026-10-03 07:00:00,1,13.631353,0.0,1.626135
Srinagar,2026-10-03 08:00:00,1,16.559927800000004,0.0,1.7459204000000001
Srinagar,2026-10-03 09:00:00,1,19.6347854,0.0,1.7718826
Srinagar,2026-10-03 10:00:00,1,22.4012732,0.0,1.8879985000000001
Srinagar,2026-10-03 11:00:00,1,24.6780921,0.0,2.2587154000000003
Srinagar,2026-10-03 12:00:00,1,26.476862200000003,0.0,2.4326932
Srinagar,2026-10-03 13:00:00,1,27.747873400000003,0.0,2.9361278999999993
Srinagar,2026-10-03 14:00:00,1,28.473365,0.0,3.4750661
Srinagar,2026-10-03 15:00:00,1,28.5746381,0.0,4.188202
Srinagar,2026-10-03 16:00:00,1,28.0905347,0.0,5.4549038
Srinagar,2026-10-03 17:00:00,1,26.4307132,0.0,5.713505400000001
Srinagar,2026-10-03 18:00:00,1,22.6961678,0.0,4.2286894
Srinagar,2026-10-03 19:00:00,1,20.0474519,0.0,2.6575317
Srinagar,2026-10-03 20:00:00,1,18.4472162,0.0,2.0416629
Srinagar,2026-10-03 21:00:00,1,17.2624851,0.0,2.2446921
Srinagar,2026-10-03 22:00:00,1,16.55101,0.0,2.0472948000000004
Srinagar,2026-10-03 23:00:00,1,15.85101,0.0,1.8967022000000002
Srinagar,2026-10-04 00:00:00,2,15.026717773282227,0.0,1.7690211
Srinagar,2026-10-04 01:00:00,2,14.240862659137342,0.0,1.5378123000000001
Srinagar,2026-10-04 02:00:00,2,13.513152586847415,0.0,1.5999596999999999
Srinagar,2026-10-04 03:00:00,2,12.856086943913056,0.0,1.6245856
Srinagar,2026-10-04 04:00:00,2,12.378040421959579,0.0,1.4846437
Srinagar,2026-10-04 05:00:00,2,12.14004315995684,0.0,1.4597191
Srinagar,2026-10-04 06:00:00,2,12.033667066332935,0.0,1.5305589999999998
Srinagar,2026-10-04 07:00:00,2,13.385977114022888,0.0,1.4265311
Srinagar,2026-10-04 08:00:00,2,16.234194565805435,0.0,1.5996396999999998
Srinagar,2026-10-04 09:00:00,2,19.292119507880493,0.0,2.2579027
Srinagar,2026-10-04 10:00:00,2,22.33853126146874,0.0,1.6564229
Srinagar,2026-10-04 11:00:00,2,24.864229135770863,0.0,1.8333013
Srinagar,2026-10-04 12:00:00,2,26.720575579424423,0.0,1.9661369
Srinagar,2026-10-04 13:00:00,2,28.152962847037152,0.0,2.4704006
Srinagar,2026-10-04 14:00:00,2,28.951883448116554,0.0,3.0843255999999997
Srinagar,2026-10-04 15:00:00,2,29.132708267291736,0.0,3.7574702999999996
Srinagar,2026-10-04 16:00:00,2,28.725979074020927,0.0,4.493557
Srinagar,2026-10-04 17:00:00,2,26.973023326976673,0.0,4.520248199999999
Srinagar,2026-10-04 18:00:00,2,23.024318175681827,0.0,3.2915732
Srinagar,2026-10-04 19:00:00,2,20.298873701126297,0.0,2.1256641999999997
Srinagar,2026-10-04 20:00:00,2,18.445199954800046,0.0,1.9467615999999999
Srinagar,2026-10-04 21:00:00,2,17.50940839059161,0.0,2.0558347
Srinagar,2026-10-04 22:00:00,2,16.922000977999023,0.0,1.8776517000000001
Srinagar,2026-10-04 23:00:00,2,16.243914656085344,0.0,2.1827293
Srinagar,2026-10-05 00:00:00,3,15.223895300000002,0.0,2.2147112
Srinagar,2026-10-05 01:00:00,3,14.298953000000001,0.0,1.7333783
Srinagar,2026-10-05 02:00:00,3,13.5920612,0.0,1.8561789
Srinagar,2026-10-05 03:00:00,3,12.951745799999998,0.0,1.8711091
Srinagar,2026-10-05 04:00:00,3,12.408175,0.0,1.2104424
Srinagar,2026-10-05 05:00:00,3,12.206530399999998,0.0,1.6359605
Srinagar,2026-10-05 06:00:00,3,12.209944499999999,0.0,1.5862469
Srinagar,2026-10-05 07:00:00,3,13.534658799999999,0.0,1.4110155999999998
Srinagar,2026-10-05 08:00:00,3,16.3253928,0.0,1.4887039
Srinagar,2026-10-05 09:00:00,3,19.286495700000003,0.0,1.3509641
Srinagar,2026-10-05 10:00:00,3,22.2162304,0.0,1.9054756999999998
Srinagar,2026-10-05 11:00:00,3,24.6901917,0.0,2.4483697
Srinagar,2026-10-05 12:00:00,3,26.633984799999997,0.0,3.1590105
Srinagar,2026-10-05 13:00:00,3,28.058631,0.0,4.0395202999999995
Srinagar,2026-10-05 14:00:00,3,28.8652267,0.0,4.298999599999999
Srinagar,2026-10-05 15:00:00,3,28.961127,0.0,4.5998019
Srinagar,2026-10-05 16:00:00,3,28.5167119,0.0,4.0695573000000005
Srinagar,2026-10-05 17:00:00,3,26.872022,0.0,3.2827164
Srinagar,2026-10-05 18:00:00,3,23.295935800000002,0.028143028143028145,3.7771973999999995
Srinagar,2026-10-05 19:00:00,3,20.8549121,0.11257211257211258,2.5261629
Srinagar,2026-10-05 20:00:00,3,18.9986359,0.028143028143028145,3.8562421999999996
Srinagar,2026-10-05 21:00:00,3,17.7389967,0.0,2.8911605
Srinagar,2026-10-05 22:00:00,3,16.9133915,0.0,1.9862874
Srinagar,2026-10-05 23:00:00,3,16.1340456,0.0,2.0732632
Surat,2026-10-03 00:00:00,1,26.6125126,0.0,7.357561200000001
Surat,2026-10-03 01:00:00,1,26.0802451,0.0,7.3573842
Surat,2026-10-03 02:00:00,1,25.495374499999997,0.0,7.175193500000001
Surat,2026-10-03 03:00:00,1,24.9643047,0.0,6.7413961
Surat,2026-10-03 04:00:00,1,24.4377893,0.0,5.6745049000000005
Surat,2026-10-03 05:00:00,1,24.2219432,0.0,6.4941926
Surat,2026-10-03 06:00:00,1,23.993673299999998,0.0,6.679338100000001
Surat,2026-10-03 07:00:00,1,24.821941199999998,0.0,6.3952539999999996
Surat,2026-10-03 08:00:00,1,27.1357014,0.0,6.9385366
Surat,2026-10-03 09:00:00,1,29.518326899999998,0.0,7.9434945
Surat,2026-10-03 10:00:00,1,31.7943982,0.0,8.994706100000002
Surat,2026-10-03 11:00:00,1,33.4973272,0.0,10.630942899999999
Surat,2026-10-03 12:00:00,1,34.5634343,0.0,11.7292289
Surat,2026-10-03 13:00:00,1,35.1169577,0.0,12.0779724
Surat,2026-10-03 14:00:00,1,35.2485201,0.0,12.1753878
Surat,2026-10-03 15:00:00,1,34.9008458,0.0,12.277452
Surat,2026-10-03 16:00:00,1,34.103497399999995,0.0,11.53684
Surat,2026-10-03 17:00:00,1,32.807485400000004,0.0,9.287901399999999
Surat,2026-10-03 18:00:00,1,30.8432606,0.0,7.4066057
Surat,2026-10-03 19:00:00,1,29.3856549,0.0,8.1210171
Surat,2026-10-03 20:00:00,1,28.558434400000003,0.0,7.6598579
Surat,2026-10-03 21:00:00,1,27.9156568,0.0,6.6209411
Surat,2026-10-03 22:00:00,1,27.404719,0.0,5.2638361
Surat,2026-10-03 23:00:00,1,26.4936753,0.0,5.746187599999999
Surat,2026-10-04 00:00:00,2,25.5766404,0.0,6.042505257494742
Surat,2026-10-04 01:00:00,2,25.003412600000004,0.0,3.9444899555100443
Surat,2026-10-04 02:00:00,2,24.58941,0.0,4.266222633777366
Surat,2026-10-04 03:00:00,2,24.2371762,0.0,4.957199542800456
Surat,2026-10-04 04:00:00,2,24.2192138,0.0,5.018715381284618
Surat,2026-10-04 05:00:00,2,23.7598719,0.0,6.065288734711265
Surat,2026-10-04 06:00:00,2,23.530745800000002,0.0,6.453992146007854
Surat,2026-10-04 07:00:00,2,24.344163800000004,0.0,7.8466464533535465
Surat,2026-10-04 08:00:00,2,26.6736536,0.0,7.28062651937348
Surat,2026-10-04 09:00:00,2,29.2120178,0.0,7.889545010454988
Surat,2026-10-04 10:00:00,2,31.4004071,0.0,8.575538924461075
Surat,2026-10-04 11:00:00,2,32.9612306,0.0,8.797535602464396
Surat,2026-10-04 12:00:00,2,33.9104225,0.0,9.548064051935947
Surat,2026-10-04 13:00:00,2,34.3184428,0.0,10.792726907273092
Surat,2026-10-04 14:00:00,2,34.3485191,0.0,11.353774046225952
Surat,2026-10-04 15:00:00,2,33.909579,0.0,11.403803896196102
Surat,2026-10-04 16:00:00,2,33.1392642,0.0,10.717709982290017
Surat,2026-10-04 17:00:00,2,31.945144999999997,0.0,9.211923788076211
Surat,2026-10-04 18:00:00,2,30.0618155,0.0,6.787928312071687
Surat,2026-10-04 19:00:00,2,28.584821400000003,0.0,5.538534761465238
Surat,2026-10-04 20:00:00,2,27.6846713,0.0,4.552954347045652
Surat,2026-10-04 21:00:00,2,27.0349963,0.0,4.778900021099979
Surat,2026-10-04 22:00:00,2,26.4003224,0.0,6.544868555131444
Surat,2026-10-04 23:00:00,2,25.8431151,0.0,7.6982943017056975
Surat,2026-10-05 00:00:00,3,25.6716135,0.0,6.064758364758365
Surat,2026-10-05 01:00:00,3,25.4443872,0.0,3.382871282871283
Surat,2026-10-05 02:00:00,3,24.9678207,0.0,3.8049558049558048
Surat,2026-10-05 03:00:00,3,24.262333499999997,0.0,4.176859976859976
Surat,2026-10-05 04:00:00,3,23.6903244,0.0,4.683168383168383
Surat,2026-10-05 05:00:00,3,23.2719023,0.0,4.983022583022583
Surat,2026-10-05 06:00:00,3,23.1974059,0.0,5.121545621545621
Surat,2026-10-05 07:00:00,3,24.089439,0.0,6.102328602328601
Surat,2026-10-05 08:00:00,3,26.3433281,0.0,5.471134271134271
Surat,2026-10-05 09:00:00,3,28.7419424,0.0,6.2474441474441464
Surat,2026-10-05 10:00:00,3,30.5361664,0.0,7.49076839076839
Surat,2026-10-05 11:00:00,3,31.987201,0.0,8.582083282083282
Surat,2026-10-05 12:00:00,3,32.93173180000001,0.0,10.006851306851306
Surat,2026-10-05 13:00:00,3,33.372469800000005,0.0,11.234578234578233
Surat,2026-10-05 14:00:00,3,33.4400735,0.0,12.232942232942232
Surat,2026-10-05 15:00:00,3,33.0033218,0.0,12.461776961776959
Surat,2026-10-05 16:00:00,3,32.2135957,0.0,11.917835217835217
Surat,2026-10-05 17:00:00,3,31.1091393,0.0,10.72025262025262
Surat,2026-10-05 18:00:00,3,29.2735713,0.0,8.49150729150729
Surat,2026-10-05 19:00:00,3,27.896378,0.0,6.821385421385421
Surat,2026-10-05 20:00:00,3,27.042834399999997,0.0,5.722343122343123
Surat,2026-10-05 21:00:00,3,26.3815259,0.0,8.397433897433897
Surat,2026-10-05 22:00:00,3,26.017815999999996,0.0,10.232459832459831
Surat,2026-10-05 23:00:00,3,25.8920245,0.0,10.413160213160213
Thane,2026-10-03 00:00:00,1,28.04560065439935,0.0,5.78012828012828
Thane,2026-10-03 01:00:00,1,27.64734465265535,0.0,5.340466440466441
Thane,2026-10-03 02:00:00,1,27.318969481030518,0.0,5.371134371134371
Thane,2026-10-03 03:00:00,1,26.903560896439107,0.0,4.936286536286536
Thane,2026-10-03 04:00:00,1,26.339663560336444,0.0,4.657911257911258
Thane,2026-10-03 05:00:00,1,25.546132753867248,0.0,4.874820774820774
Thane,2026-10-03 06:00:00,1,25.30741709258291,0.0,4.5888075888075885
Thane,2026-10-03 07:00:00,1,26.032070067929933,0.0,4.6493631493631495
Thane,2026-10-03 08:00:00,1,28.01622668377332,0.0,4.897607097607097
Thane,2026-10-03 09:00:00,1,30.505849494150507,0.0,5.917427317427317
Thane,2026-10-03 10:00:00,1,32.76860523139477,0.0,6.057086257086256
Thane,2026-10-03 11:00:00,1,34.58957731042269,0.0,7.064595164595165
Thane,2026-10-03 12:00:00,1,35.719416780583224,0.0,7.6556355556355555
Thane,2026-10-03 13:00:00,1,36.25780094219906,0.0,7.866654666654665
Thane,2026-10-03 14:00:00,1,36.38547811452189,0.0,8.386333986333987
Thane,2026-10-03 15:00:00,1,35.97789092210908,0.0,9.654948654948655
Thane,2026-10-03 16:00:00,1,35.04819005180995,0.0,10.196029696029695
Thane,2026-10-03 17:00:00,1,33.70694389305611,0.0,9.847595847595848
Thane,2026-10-03 18:00:00,1,31.76730313269687,0.0,8.108267108267109
Thane,2026-10-03 19:00:00,1,30.255575444424558,0.0,6.603635503635504
Thane,2026-10-03 20:00:00,1,28.97855102144898,0.0,6.107534507534508
Thane,2026-10-03 21:00:00,1,27.820659079340924,0.0,5.048192748192748
Thane,2026-10-03 22:00:00,1,26.742235257764744,0.0,3.8856489856489853
Thane,2026-10-03 23:00:00,1,25.82710637289363,0.0,4.03984363984364
Thane,2026-10-04 00:00:00,2,25.238139000000004,0.0,4.146593600000001
Thane,2026-10-04 01:00:00,2,24.665882500000002,0.0,3.9786649
Thane,2026-10-04 02:00:00,2,24.211783200000003,0.0,3.7087963000000004
Thane,2026-10-04 03:00:00,2,23.718956600000006,0.0,3.9386082
Thane,2026-10-04 04:00:00,2,23.184530300000006,0.0,3.9067723
Thane,2026-10-04 05:00:00,2,22.943215700000003,0.0,3.7073598000000008
Thane,2026-10-04 06:00:00,2,23.067999600000004,0.0,3.5945485
Thane,2026-10-04 07:00:00,2,24.1777887,0.0,3.8241840000000007
Thane,2026-10-04 08:00:00,2,26.560991200000004,0.0,3.9332799
Thane,2026-10-04 09:00:00,2,29.257634000000007,0.0,5.5049676000000005
Thane,2026-10-04 10:00:00,2,31.6326739,0.0,6.9397777
Thane,2026-10-04 11:00:00,2,33.434845300000006,0.0,7.503801300000002
Thane,2026-10-04 12:00:00,2,34.6747237,0.0,7.344116100000001
Thane,2026-10-04 13:00:00,2,35.4870205,0.0,6.639401400000001
Thane,2026-10-04 14:00:00,2,35.79390880000001,0.0,6.0354540000000005
Thane,2026-10-04 15:00:00,2,35.518954300000004,0.0,6.243305500000001
Thane,2026-10-04 16:00:00,2,34.83031040000001,0.0,7.506724600000001
Thane,2026-10-04 17:00:00,2,33.327846300000004,0.0,8.968129700000002
Thane,2026-10-04 18:00:00,2,31.311323200000004,0.0,8.568335900000001
Thane,2026-10-04 19:00:00,2,29.774645900000003,0.0,6.926229200000001
Thane,2026-10-04 20:00:00,2,28.615633600000006,0.0,6.457710600000001
Thane,2026-10-04 21:00:00,2,27.753625700000004,0.0,5.370140300000001
Thane,2026-10-04 22:00:00,2,27.012231500000006,0.0,4.253404300000001
Thane,2026-10-04 23:00:00,2,26.354239500000006,0.0,3.2239747000000003
Thane,2026-10-05 00:00:00,3,25.7218373,0.0,2.3908263908263905
Thane,2026-10-05 01:00:00,3,25.0983706,0.0,2.353286653286653
Thane,2026-10-05 02:00:00,3,24.5804518,0.0,2.6367669367669366
Thane,2026-10-05 03:00:00,3,24.0735067,0.0,3.201871701871702
Thane,2026-10-05 04:00:00,3,23.641903499999998,0.0,3.6063074063074056
Thane,2026-10-05 05:00:00,3,23.4883573,0.0,3.288621688621688
Thane,2026-10-05 06:00:00,3,23.5961495,0.0,3.681989281989282
Thane,2026-10-05 07:00:00,3,24.6372656,0.0,4.132622532622532
Thane,2026-10-05 08:00:00,3,26.7983246,0.0,3.8673027673027667
Thane,2026-10-05 09:00:00,3,29.2184821,0.0,4.3851690851690845
Thane,2026-10-05 10:00:00,3,31.549330700000002,0.0,6.401136701136701
Thane,2026-10-05 11:00:00,3,33.2812574,0.0,7.468929268929268
Thane,2026-10-05 12:00:00,3,34.388320199999995,0.02553247446752553,6.967793867793867
Thane,2026-10-05 13:00:00,3,34.9732342,0.02553247446752553,6.437976137976137
Thane,2026-10-05 14:00:00,3,35.1308927,0.02553247446752553,6.904685704685704
Thane,2026-10-05 15:00:00,3,34.6763817,0.0,9.04005514005514
Thane,2026-10-05 16:00:00,3,33.7014426,0.0,10.681034181034178
Thane,2026-10-05 17:00:00,3,32.230095299999995,0.0,11.104165004165004
Thane,2026-10-05 18:00:00,3,30.3266243,0.0,10.370847270847271
Thane,2026-10-05 19:00:00,3,29.008382000000005,0.0,8.621572121572122
Thane,2026-10-05 20:00:00,3,28.0628842,0.0,7.018467118467118
Thane,2026-10-05 21:00:00,3,27.257012800000005,0.0,5.243724743724743
Thane,2026-10-05 22:00:00,3,26.541485599999998,0.0,3.689100089100089
Thane,2026-10-05 23:00:00,3,25.9699325,0.0,3.271262071262071
Thiruvananthapuram,2026-10-03 00:00:00,1,25.86367806367806,0.0537856,3.1648797
Thiruvananthapuram,2026-10-03 01:00:00,1,25.594168594168593,0.0,3.2580937
Thiruvananthapuram,2026-10-03 02:00:00,1,25.269409869409866,0.0,3.0166509999999995
Thiruvananthapuram,2026-10-03 03:00:00,1,25.076397476397474,0.0,3.1614305999999996
Thiruvananthapuram,2026-10-03 04:00:00,1,25.09125449125449,0.0,2.6408609
Thiruvananthapuram,2026-10-03 05:00:00,1,25.166340866340867,0.0,2.3921847
Thiruvananthapuram,2026-10-03 06:00:00,1,25.427733327733325,0.0,3.1509427
Thiruvananthapuram,2026-10-03 07:00:00,1,26.61277021277021,0.0,3.3566152000000002
Thiruvananthapuram,2026-10-03 08:00:00,1,28.104874004874006,0.0,3.7953405
Thiruvananthapuram,2026-10-03 09:00:00,1,29.007360807360804,0.1638553,3.6046178
Thiruvananthapuram,2026-10-03 10:00:00,1,29.98115318115318,0.1170395,4.4217468
Thiruvananthapuram,2026-10-03 11:00:00,1,31.045327645327646,0.0537856,6.3532266
Thiruvananthapuram,2026-10-03 12:00:00,1,30.96286336286336,0.6870661,8.4994584
Thiruvananthapuram,2026-10-03 13:00:00,1,29.84218264218264,1.2787077,7.896684700000001
Thiruvananthapuram,2026-10-03 14:00:00,1,28.779455079455076,2.03079,7.1832727
Thiruvananthapuram,2026-10-03 15:00:00,1,28.023017923017917,2.0281961,5.6979945
Thiruvananthapuram,2026-10-03 16:00:00,1,27.418840318840317,1.4015649000000003,3.8134207
Thiruvananthapuram,2026-10-03 17:00:00,1,26.95490005490005,0.6677529000000001,3.5988032
Thiruvananthapuram,2026-10-03 18:00:00,1,26.49134519134519,0.0,4.122423599999999
Thiruvananthapuram,2026-10-03 19:00:00,1,26.12465712465712,0.0,4.297349199999999
Thiruvananthapuram,2026-10-03 20:00:00,1,25.74911744911745,0.0,5.1294093
Thiruvananthapuram,2026-10-03 21:00:00,1,25.508519508519505,0.0,5.437325700000001
Thiruvananthapuram,2026-10-03 22:00:00,1,25.239812539812537,0.0,5.2255917
Thiruvananthapuram,2026-10-03 23:00:00,1,25.090064590064586,0.0,4.9281014999999995
Thiruvananthapuram,2026-10-04 00:00:00,2,24.910038,0.0,4.6911885
Thiruvananthapuram,2026-10-04 01:00:00,2,24.7920892,0.0,4.5139822999999994
Thiruvananthapuram,2026-10-04 02:00:00,2,24.6699228,0.0,4.2906398
Thiruvananthapuram,2026-10-04 03:00:00,2,24.575564,0.0,4.2149804
Thiruvananthapuram,2026-10-04 04:00:00,2,24.4741408,0.0,4.501832899999999
Thiruvananthapuram,2026-10-04 05:00:00,2,24.524564399999996,0.0,4.720310399999999
Thiruvananthapuram,2026-10-04 06:00:00,2,24.904667999999997,0.0,4.904974899999999
Thiruvananthapuram,2026-10-04 07:00:00,2,26.0989216,0.0,4.700909599999999
Thiruvananthapuram,2026-10-04 08:00:00,2,27.835687600000004,0.0,4.778175299999999
Thiruvananthapuram,2026-10-04 09:00:00,2,29.349366,0.0,4.8587177
Thiruvananthapuram,2026-10-04 10:00:00,2,30.6286748,0.0,5.8712618
Thiruvananthapuram,2026-10-04 11:00:00,2,31.2720864,0.022839,8.561485600000001
Thiruvananthapuram,2026-10-04 12:00:00,2,30.9414852,0.7075956,9.9548691
Thiruvananthapuram,2026-10-04 13:00:00,2,30.2930616,0.46944569999999997,9.015583
Thiruvananthapuram,2026-10-04 14:00:00,2,29.740315199999998,0.52599,8.273954799999998
Thiruvananthapuram,2026-10-04 15:00:00,2,29.2270344,0.41322459999999994,8.035876199999999
Thiruvananthapuram,2026-10-04 16:00:00,2,28.7217912,0.2845412,7.2696669
Thiruvananthapuram,2026-10-04 17:00:00,2,27.9497032,0.4433077999999999,6.079866
Thiruvananthapuram,2026-10-04 18:00:00,2,27.08895,0.0,4.7453278
Thiruvananthapuram,2026-10-04 19:00:00,2,26.6635396,0.0,4.1955183
Thiruvananthapuram,2026-10-04 20:00:00,2,26.3296416,0.0,4.3059753999999995
Thiruvananthapuram,2026-10-04 21:00:00,2,26.058474800000003,0.0,4.4021899
Thiruvananthapuram,2026-10-04 22:00:00,2,25.8127184,0.0,4.867092399999999
Thiruvananthapuram,2026-10-04 23:00:00,2,25.4490132,0.0,4.7991117999999995
Thiruvananthapuram,2026-10-05 00:00:00,3,25.1509737,0.0,4.7052534
Thiruvananthapuram,2026-10-05 01:00:00,3,24.806434399999997,0.25611520000000004,4.5372955
Thiruvananthapuram,2026-10-05 02:00:00,3,24.544090200000003,0.7683456,4.3835467999999995
Thiruvananthapuram,2026-10-05 03:00:00,3,24.405651300000002,0.2095488,4.242318299999999
Thiruvananthapuram,2026-10-05 04:00:00,3,24.2849948,0.2793984,4.2310887
Thiruvananthapuram,2026-10-05 05:00:00,3,24.352236599999998,0.0,4.3491364
Thiruvananthapuram,2026-10-05 06:00:00,3,24.697321000000002,0.1396992,4.3759972000000005
Thiruvananthapuram,2026-10-05 07:00:00,3,26.180049999999998,0.1629824,4.4381734
Thiruvananthapuram,2026-10-05 08:00:00,3,28.087788000000003,0.0,4.6608533
Thiruvananthapuram,2026-10-05 09:00:00,3,29.4755046,0.0268393,5.5431911
Thiruvananthapuram,2026-10-05 10:00:00,3,30.6202481,0.0268393,7.472126000000001
Thiruvananthapuram,2026-10-05 11:00:00,3,31.3901373,0.0268393,9.6020071
Thiruvananthapuram,2026-10-05 12:00:00,3,31.520804499999997,0.2952323,12.257746
Thiruvananthapuram,2026-10-05 13:00:00,3,31.190231200000003,0.3992251,13.4139735
Thiruvananthapuram,2026-10-05 14:00:00,3,30.583696,1.0204669,13.2513893
Thiruvananthapuram,2026-10-05 15:00:00,3,29.9714126,0.8126729999999999,12.4820674
Thiruvananthapuram,2026-10-05 16:00:00,3,29.2827087,0.4746964,10.7320729
Thiruvananthapuram,2026-10-05 17:00:00,3,28.536399000000003,0.2147144,9.085058100000001
Thiruvananthapuram,2026-10-05 18:00:00,3,27.6725111,0.0,7.4955924
Thiruvananthapuram,2026-10-05 19:00:00,3,27.113642400000003,0.0,6.260083399999999
Thiruvananthapuram,2026-10-05 20:00:00,3,26.678077599999998,0.0,5.6903771999999995
Thiruvananthapuram,2026-10-05 21:00:00,3,26.2733617,0.0,5.342184399999999
Thiruvananthapuram,2026-10-05 22:00:00,3,25.940626,0.0,5.5332548
Thiruvananthapuram,2026-10-05 23:00:00,3,25.6845864,0.0,5.7760307
Vadodara,2026-10-03 00:00:00,1,27.4485453,0.0,4.5419184
Vadodara,2026-10-03 01:00:00,1,26.703193,0.0,4.9528672
Vadodara,2026-10-03 02:00:00,1,26.1051832,0.0,4.6129724
Vadodara,2026-10-03 03:00:00,1,25.5229772,0.0,4.5418848
Vadodara,2026-10-03 04:00:00,1,25.0301122,0.0,4.3538166
Vadodara,2026-10-03 05:00:00,1,24.8652184,0.0,3.8821533999999995
Vadodara,2026-10-03 06:00:00,1,24.5097448,0.0,4.4720236
Vadodara,2026-10-03 07:00:00,1,25.4535886,0.0,3.9792354
Vadodara,2026-10-03 08:00:00,1,27.9846077,0.0,3.3086432
Vadodara,2026-10-03 09:00:00,1,30.3968693,0.0,5.1542102
Vadodara,2026-10-03 10:00:00,1,32.5505716,0.0,6.4121032
Vadodara,2026-10-03 11:00:00,1,34.244738600000005,0.0,8.2718356
Vadodara,2026-10-03 12:00:00,1,35.3603866,0.0,9.2242524
Vadodara,2026-10-03 13:00:00,1,36.0605496,0.0,8.944395
Vadodara,2026-10-03 14:00:00,1,36.329079699999994,0.0,7.8127303999999995
Vadodara,2026-10-03 15:00:00,1,36.258954200000005,0.0,7.809058199999999
Vadodara,2026-10-03 16:00:00,1,35.7607633,0.0,7.770013199999999
Vadodara,2026-10-03 17:00:00,1,34.8098026,0.0,7.4885926000000005
Vadodara,2026-10-03 18:00:00,1,32.969026400000004,0.0,5.3582292
Vadodara,2026-10-03 19:00:00,1,31.2199509,0.0,6.352271399999999
Vadodara,2026-10-03 20:00:00,1,29.6116879,0.0,6.9650318
Vadodara,2026-10-03 21:00:00,1,28.8624168,0.0,6.5263976
Vadodara,2026-10-03 22:00:00,1,28.4603324,0.0,6.478653399999999
Vadodara,2026-10-03 23:00:00,1,28.0813244,0.0,6.4420522
Vadodara,2026-10-04 00:00:00,2,27.467439199999998,0.0,4.844509055490946
Vadodara,2026-10-04 01:00:00,2,26.7311532,0.0,3.2468206531793466
Vadodara,2026-10-04 02:00:00,2,25.8975353,0.0,3.635095364904635
Vadodara,2026-10-04 03:00:00,2,25.363564000000004,0.0,2.5367327632672367
Vadodara,2026-10-04 04:00:00,2,24.911562,0.0,3.1427337572662433
Vadodara,2026-10-04 05:00:00,2,24.3517606,0.0,2.6282943717056284
Vadodara,2026-10-04 06:00:00,2,24.296835199999997,0.0,1.9300501699498303
Vadodara,2026-10-04 07:00:00,2,25.2351879,0.0,2.853751146248854
Vadodara,2026-10-04 08:00:00,2,27.494524000000002,0.0,3.9552908447091557
Vadodara,2026-10-04 09:00:00,2,29.723718000000005,0.0,5.356232743767256
Vadodara,2026-10-04 10:00:00,2,31.774578000000005,0.0,5.952614847385153
Vadodara,2026-10-04 11:00:00,2,33.4918852,0.0,6.394763005236995
Vadodara,2026-10-04 12:00:00,2,34.7344929,0.0,7.4007941992058015
Vadodara,2026-10-04 13:00:00,2,35.5501328,0.0,8.681780218219783
Vadodara,2026-10-04 14:00:00,2,35.878284300000004,0.0,8.915625484374516
Vadodara,2026-10-04 15:00:00,2,35.779692600000004,0.0,8.385973814026187
Vadodara,2026-10-04 16:00:00,2,35.2512821,0.0,7.747044052955948
Vadodara,2026-10-04 17:00:00,2,34.2550812,0.0,7.177187522812478
Vadodara,2026-10-04 18:00:00,2,32.312478600000006,0.0,6.215798984201017
Vadodara,2026-10-04 19:00:00,2,30.496279799999996,0.0,5.907179492820507
Vadodara,2026-10-04 20:00:00,2,29.196645599999997,0.0,6.308045591954409
Vadodara,2026-10-04 21:00:00,2,28.215201600000004,0.0,6.265244234755766
Vadodara,2026-10-04 22:00:00,2,27.5042161,0.0,5.22915647084353
Vadodara,2026-10-04 23:00:00,2,26.8424233,0.0,5.8964023035976965
Vadodara,2026-10-05 00:00:00,3,26.118982699999997,0.0,5.3235653764346225
Vadodara,2026-10-05 01:00:00,3,25.2117587,0.0,4.263110536889463
Vadodara,2026-10-05 02:00:00,3,24.5791968,0.0,4.218862581137419
Vadodara,2026-10-05 03:00:00,3,24.146700799999998,0.0,3.201165498834501
Vadodara,2026-10-05 04:00:00,3,24.02594,0.0,1.8276375723624274
Vadodara,2026-10-05 05:00:00,3,23.5780125,0.0,2.545157754842245
Vadodara,2026-10-05 06:00:00,3,23.470623099999997,0.0,3.0327017672982324
Vadodara,2026-10-05 07:00:00,3,24.4042667,0.0,4.319052580947418
Vadodara,2026-10-05 08:00:00,3,26.7977645,0.0,5.486767613232386
Vadodara,2026-10-05 09:00:00,3,29.0177762,0.0,6.580810419189581
Vadodara,2026-10-05 10:00:00,3,31.1282727,0.0,6.489292810707189
Vadodara,2026-10-05 11:00:00,3,32.86673939999999,0.0,6.465374634625364
Vadodara,2026-10-05 12:00:00,3,34.1459127,0.0,6.8265170734829255
Vadodara,2026-10-05 13:00:00,3,34.955342099999996,0.0,7.679026520973479
Vadodara,2026-10-05 14:00:00,3,35.3553965,0.0,7.940364759635241
Vadodara,2026-10-05 15:00:00,3,35.3752419,0.0,8.248854651145347
Vadodara,2026-10-05 16:00:00,3,35.0055179,0.0,7.842022157977841
Vadodara,2026-10-05 17:00:00,3,34.1462015,0.0,7.5035217964782035
Vadodara,2026-10-05 18:00:00,3,32.145766300000005,0.0,6.582613717386282
Vadodara,2026-10-05 19:00:00,3,30.2618266,0.0,4.799562000438
Vadodara,2026-10-05 20:00:00,3,28.9385822,0.0,5.725808974191025
Vadodara,2026-10-05 21:00:00,3,27.858364799999997,0.0,6.3212679787320205
Vadodara,2026-10-05 22:00:00,3,27.0886753,0.0,6.395769704230295
Vadodara,2026-10-05 23:00:00,3,26.4190057,0.0,7.413444886555112
Varanasi,2026-10-03 00:00:00,1,24.86563663436337,0.0,6.369286269286269
Varanasi,2026-10-03 01:00:00,1,24.55561764438236,0.0,6.886568286568286
Varanasi,2026-10-03 02:00:00,1,24.30914269085731,0.0,7.201192901192901
Varanasi,2026-10-03 03:00:00,1,24.10914269085731,0.0,7.364773764773764
Varanasi,2026-10-03 04:00:00,1,23.980643619356385,0.0,7.691003591003591
Varanasi,2026-10-03 05:00:00,1,24.536124163875837,0.0,7.864155264155263
Varanasi,2026-10-03 06:00:00,1,24.34790125209875,0.0,8.273438673438672
Varanasi,2026-10-03 07:00:00,1,25.961297038702966,0.0,8.74147554147554
Varanasi,2026-10-03 08:00:00,1,27.769388230611774,0.0,9.304759204759204
Varanasi,2026-10-03 09:00:00,1,29.294695405304598,0.0,9.663029763029762
Varanasi,2026-10-03 10:00:00,1,30.639870860129143,0.0,10.102749302749302
Varanasi,2026-10-03 11:00:00,1,31.538571361428644,0.0,10.810822110822109
Varanasi,2026-10-03 12:00:00,1,32.12714137285863,0.0,11.474115574115572
Varanasi,2026-10-03 13:00:00,1,32.370535929464076,0.0,12.321397521397522
Varanasi,2026-10-03 14:00:00,1,32.31116668883331,0.0,12.479471079471077
Varanasi,2026-10-03 15:00:00,1,31.850239549760452,0.0,10.88147948147948
Varanasi,2026-10-03 16:00:00,1,30.847756952243046,0.0,7.880559280559281
Varanasi,2026-10-03 17:00:00,1,29.23512866487134,0.0,5.672877472877473
Varanasi,2026-10-03 18:00:00,1,27.957649242350758,0.0,4.985764885764885
Varanasi,2026-10-03 19:00:00,1,27.00812929187071,0.0,5.442859842859843
Varanasi,2026-10-03 20:00:00,1,26.240521959478045,0.0,6.337291137291137
Varanasi,2026-10-03 21:00:00,1,25.62632817367183,0.0,6.514744014744014
Varanasi,2026-10-03 22:00:00,1,25.13174426825573,0.0,6.479548679548679
Varanasi,2026-10-03 23:00:00,1,24.624917175082828,0.0,6.689116489116488
Varanasi,2026-10-04 00:00:00,2,24.2624427,0.0,6.9247973
Varanasi,2026-10-04 01:00:00,2,23.9109919,0.0,7.0170733
Varanasi,2026-10-04 02:00:00,2,23.5914816,0.0,7.2158313
Varanasi,2026-10-04 03:00:00,2,23.2536655,0.0,7.6079171
Varanasi,2026-10-04 04:00:00,2,23.026835600000002,0.0,8.085094299999998
Varanasi,2026-10-04 05:00:00,2,22.9330507,0.0,8.2231212
Varanasi,2026-10-04 06:00:00,2,23.252460999999997,0.0,7.9815819999999995
Varanasi,2026-10-04 07:00:00,2,24.8608991,0.0,7.9353109
Varanasi,2026-10-04 08:00:00,2,26.878879,0.0,8.390687900000001
Varanasi,2026-10-04 09:00:00,2,28.6725775,0.0,8.9501815
Varanasi,2026-10-04 10:00:00,2,30.205622499999997,0.0,9.1399254
Varanasi,2026-10-04 11:00:00,2,31.4008514,0.0,9.364206300000001
Varanasi,2026-10-04 12:00:00,2,32.0891002,0.0,9.843119999999999
Varanasi,2026-10-04 13:00:00,2,32.4611658,0.0,10.197400400000001
Varanasi,2026-10-04 14:00:00,2,32.4854472,0.0,10.0090853
Varanasi,2026-10-04 15:00:00,2,32.067054999999996,0.0,8.8894146
Varanasi,2026-10-04 16:00:00,2,31.154877499999998,0.0,6.449758600000001
Varanasi,2026-10-04 17:00:00,2,29.4585297,0.0,4.3560661000000005
Varanasi,2026-10-04 18:00:00,2,28.218491399999998,0.0,4.5909564000000005
Varanasi,2026-10-04 19:00:00,2,27.283223800000002,0.0,4.794582800000001
Varanasi,2026-10-04 20:00:00,2,26.588420799999998,0.0,5.0585644
Varanasi,2026-10-04 21:00:00,2,25.913893100000003,0.0,5.5119854
Varanasi,2026-10-04 22:00:00,2,25.4225036,0.0,5.1699327
Varanasi,2026-10-04 23:00:00,2,24.959641100000002,0.0,4.7940648
Varanasi,2026-10-05 00:00:00,3,24.5716018,0.0,5.2073679
Varanasi,2026-10-05 01:00:00,3,24.167966999999997,0.0,6.0783366
Varanasi,2026-10-05 02:00:00,3,23.8253053,0.0,6.8916717
Varanasi,2026-10-05 03:00:00,3,23.5253053,0.0,6.962044199999999
Varanasi,2026-10-05 04:00:00,3,23.303038700000002,0.0,7.1557374
Varanasi,2026-10-05 05:00:00,3,23.2160602,0.0,7.3470358000000004
Varanasi,2026-10-05 06:00:00,3,23.538360199999996,0.0,7.3799546
Varanasi,2026-10-05 07:00:00,3,25.1734131,0.0,7.7115179000000005
Varanasi,2026-10-05 08:00:00,3,27.1229116,0.0,7.787221
Varanasi,2026-10-05 09:00:00,3,28.7484884,0.0,7.8357296000000005
Varanasi,2026-10-05 10:00:00,3,30.140987799999998,0.0,7.852588900000001
Varanasi,2026-10-05 11:00:00,3,31.0372448,0.020982220982220988,8.1028423
Varanasi,2026-10-05 12:00:00,3,31.516647899999995,0.1468755468755469,8.9262457
Varanasi,2026-10-05 13:00:00,3,31.6329942,0.18883998883998887,9.1738996
Varanasi,2026-10-05 14:00:00,3,31.786880699999998,0.0,8.853421599999999
Varanasi,2026-10-05 15:00:00,3,31.592278799999995,0.0,7.796857300000001
Varanasi,2026-10-05 16:00:00,3,30.778851699999997,0.0,5.8169668
Varanasi,2026-10-05 17:00:00,3,29.3138382,0.0,3.2855949
Varanasi,2026-10-05 18:00:00,3,28.055056999999998,0.0,3.9205455000000002
Varanasi,2026-10-05 19:00:00,3,27.044533199999996,0.0,5.8519871000000006
Varanasi,2026-10-05 20:00:00,3,26.200503399999995,0.0,6.3685731
Varanasi,2026-10-05 21:00:00,3,25.571258399999998,0.0,6.3180301
Varanasi,2026-10-05 22:00:00,3,25.0917617,0.0,6.6352646
Varanasi,2026-10-05 23:00:00,3,24.712265000000002,0.0,7.0834584000000005
Vijayawada,2026-10-03 00:00:00,1,25.979230820769175,0.0,3.4585462
Vijayawada,2026-10-03 01:00:00,1,25.714556285443713,0.0,2.0876763
Vijayawada,2026-10-03 02:00:00,1,25.48576841423158,0.0,1.5413122000000001
Vijayawada,2026-10-03 03:00:00,1,25.305900994099005,0.0,0.7826976
Vijayawada,2026-10-03 04:00:00,1,25.204344495655498,0.0,0.8987637
Vijayawada,2026-10-03 05:00:00,1,25.46403793596206,0.0,1.5144594
Vijayawada,2026-10-03 06:00:00,1,25.668665831334167,0.0,1.9584109
Vijayawada,2026-10-03 07:00:00,1,27.08688701311298,0.0,2.8489461
Vijayawada,2026-10-03 08:00:00,1,28.73300436699563,0.0,3.7092317
Vijayawada,2026-10-03 09:00:00,1,30.2017457982542,0.0,5.2344046
Vijayawada,2026-10-03 10:00:00,1,31.229598670401323,0.0,5.617561
Vijayawada,2026-10-03 11:00:00,1,32.24080575919424,0.0,5.5329636
Vijayawada,2026-10-03 12:00:00,1,33.03437176562823,0.0,5.2881282
Vijayawada,2026-10-03 13:00:00,1,33.41899148100851,0.15956459999999997,4.9937891
Vijayawada,2026-10-03 14:00:00,1,33.07847862152137,0.5052878999999999,5.5802242
Vijayawada,2026-10-03 15:00:00,1,32.074041725958274,0.8303347999999999,6.0987978
Vijayawada,2026-10-03 16:00:00,1,31.01393118606881,0.4643873,5.8380532
Vijayawada,2026-10-03 17:00:00,1,29.637863162136835,0.4281855,6.628915800000001
Vijayawada,2026-10-03 18:00:00,1,28.79265830734169,0.0574348,6.3987706
Vijayawada,2026-10-03 19:00:00,1,28.06302013697986,0.0,5.9925819
Vijayawada,2026-10-03 20:00:00,1,27.527507272492723,0.0,5.3890025
Vijayawada,2026-10-03 21:00:00,1,27.026283173716823,0.0,4.9212342
Vijayawada,2026-10-03 22:00:00,1,26.6974953025047,0.0,4.6187996
Vijayawada,2026-10-03 23:00:00,1,26.358454241545754,0.0,4.568486
Vijayawada,2026-10-04 00:00:00,2,26.106263593736408,0.021556500000000003,3.8012005
Vijayawada,2026-10-04 01:00:00,2,25.828619071380935,0.021556500000000003,2.6985687
Vijayawada,2026-10-04 02:00:00,2,25.591660208339796,0.021556500000000003,2.1461426000000006
Vijayawada,2026-10-04 03:00:00,2,25.380385019614984,0.0,1.5189791000000001
Vijayawada,2026-10-04 04:00:00,2,25.197853602146395,0.0,1.6672752000000002
Vijayawada,2026-10-04 05:00:00,2,25.093338406661594,0.0,1.9752822
Vijayawada,2026-10-04 06:00:00,2,25.53906086093914,0.0,2.0789745
Vijayawada,2026-10-04 07:00:00,2,26.902799097200905,0.0,3.0950661
Vijayawada,2026-10-04 08:00:00,2,28.544403655596348,0.0,5.243540100000001
Vijayawada,2026-10-04 09:00:00,2,29.96574763425237,0.043113000000000005,5.6414519
Vijayawada,2026-10-04 10:00:00,2,31.21773538226462,0.043113000000000005,4.9355605
Vijayawada,2026-10-04 11:00:00,2,32.25635304364695,0.043113000000000005,3.4736803000000007
Vijayawada,2026-10-04 12:00:00,2,32.97318182681818,0.043113000000000005,2.3804668000000007
Vijayawada,2026-10-04 13:00:00,2,33.41961598038402,0.043113000000000005,3.1345574000000003
Vijayawada,2026-10-04 14:00:00,2,33.57426522573478,0.043113000000000005,3.5912292000000003
Vijayawada,2026-10-04 15:00:00,2,33.32625297374703,0.043113000000000005,3.6928808
Vijayawada,2026-10-04 16:00:00,2,32.80738309261691,0.043113000000000005,3.5801816
Vijayawada,2026-10-04 17:00:00,2,31.399963500036506,0.17930500000000002,4.1276232
Vijayawada,2026-10-04 18:00:00,2,29.361797838202165,0.7569933000000001,5.9068714
Vijayawada,2026-10-04 19:00:00,2,28.294111005888997,0.48460929999999997,4.639447200000001
Vijayawada,2026-10-04 20:00:00,2,27.61903668096332,0.021556500000000003,4.329339200000001
Vijayawada,2026-10-04 21:00:00,2,26.994689905310096,0.0,4.117618800000001
Vijayawada,2026-10-04 22:00:00,2,26.569006230993768,0.0,3.5664073000000003
Vijayawada,2026-10-04 23:00:00,2,26.112946887053113,0.3324468,3.1820306
Vijayawada,2026-10-05 00:00:00,3,25.8272082,0.24331,3.8252562
Vijayawada,2026-10-05 01:00:00,3,25.5941658,0.24331,4.0071232
Vijayawada,2026-10-05 02:00:00,3,25.425079000000004,0.24331,3.5306990000000003
Vijayawada,2026-10-05 03:00:00,3,25.3869054,0.121655,3.4421869
Vijayawada,2026-10-05 04:00:00,3,25.191389899999997,0.1438921,3.5999604
Vijayawada,2026-10-05 05:00:00,3,25.113342799999998,0.121655,3.5861239
Vijayawada,2026-10-05 06:00:00,3,25.475074499999998,0.0,3.6782453
Vijayawada,2026-10-05 07:00:00,3,26.683705600000003,0.0,4.7278708
Vijayawada,2026-10-05 08:00:00,3,28.1531589,0.0,6.143339000000001
Vijayawada,2026-10-05 09:00:00,3,29.729592099999998,0.0,6.485767
Vijayawada,2026-10-05 10:00:00,3,31.0383633,0.0533762,5.9462766
Vijayawada,2026-10-05 11:00:00,3,32.2995517,0.0,4.2889547
Vijayawada,2026-10-05 12:00:00,3,33.2592576,0.0,2.6247179999999997
Vijayawada,2026-10-05 13:00:00,3,33.8580099,0.0,2.3651611999999997
Vijayawada,2026-10-05 14:00:00,3,33.961246700000004,0.0,2.7775724999999998
Vijayawada,2026-10-05 15:00:00,3,33.5905003,0.024331000000000002,3.8235596000000003
Vijayawada,2026-10-05 16:00:00,3,32.7728548,0.024331000000000002,7.0230023
Vijayawada,2026-10-05 17:00:00,3,31.0220896,0.024331000000000002,8.1499629
Vijayawada,2026-10-05 18:00:00,3,29.5540244,0.048662000000000004,6.6845421
Vijayawada,2026-10-05 19:00:00,3,28.331244400000003,0.048662000000000004,6.5258501
Vijayawada,2026-10-05 20:00:00,3,27.3937262,0.22655880000000003,5.578315099999999
Vijayawada,2026-10-05 21:00:00,3,26.8965878,0.0,4.5004498
Vijayawada,2026-10-05 22:00:00,3,26.5745402,0.0,3.3999838000000002
Vijayawada,2026-10-05 23:00:00,3,26.3058653,0.0,3.4532515000000004
Visakhapatnam,2026-10-03 00:00:00,1,27.0397539,0.10000010000010001,4.2175708175708175
Visakhapatnam,2026-10-03 01:00:00,1,26.619783,0.225000225000225,3.775735975735975
Visakhapatnam,2026-10-03 02:00:00,1,26.5643587,0.075000075000075,3.683296783296783
Visakhapatnam,2026-10-03 03:00:00,1,26.309786799999998,0.0,3.9466761466761464
Visakhapatnam,2026-10-03 04:00:00,1,26.0113782,0.0,4.006664806664807
Visakhapatnam,2026-10-03 05:00:00,1,26.0749267,0.0,4.764377264377265
Visakhapatnam,2026-10-03 06:00:00,1,26.428176399999998,0.0,4.590908090908091
Visakhapatnam,2026-10-03 07:00:00,1,27.7164102,0.0,4.371094471094471
Visakhapatnam,2026-10-03 08:00:00,1,29.042746700000002,0.0,4.351323851323851
Visakhapatnam,2026-10-03 09:00:00,1,30.183400599999995,0.0,4.25959795959796
Visakhapatnam,2026-10-03 10:00:00,1,31.029988600000003,0.0,4.896004396004395
Visakhapatnam,2026-10-03 11:00:00,1,31.501321700000002,0.0,7.3657043657043655
Visakhapatnam,2026-10-03 12:00:00,1,31.596779700000003,0.052591052591052595,10.229763029763028
Visakhapatnam,2026-10-03 13:00:00,1,31.236414,0.052591052591052595,12.648213648213648
Visakhapatnam,2026-10-03 14:00:00,1,30.6934887,0.0767993767993768,12.476281476281475
Visakhapatnam,2026-10-03 15:00:00,1,30.3340942,0.0,11.88956808956809
Visakhapatnam,2026-10-03 16:00:00,1,29.8674548,0.0,11.088028288028287
Visakhapatnam,2026-10-03 17:00:00,1,29.134445200000002,0.025000025000025003,9.531530431530431
Visakhapatnam,2026-10-03 18:00:00,1,28.631122100000002,0.0,8.65961725961726
Visakhapatnam,2026-10-03 19:00:00,1,28.2479102,0.0,8.971576371576372
Visakhapatnam,2026-10-03 20:00:00,1,28.0297898,0.025000025000025003,7.785662985662984
Visakhapatnam,2026-10-03 21:00:00,1,27.8199339,0.025000025000025003,6.930808430808431
Visakhapatnam,2026-10-03 22:00:00,1,27.581891000000002,0.10000010000010001,7.051257751257752
Visakhapatnam,2026-10-03 23:00:00,1,27.339786,0.17500017500017498,7.510995110995109
Visakhapatnam,2026-10-04 00:00:00,2,27.236575336575335,0.0746268,8.3134582
Visakhapatnam,2026-10-04 01:00:00,2,27.028365428365426,0.0,8.909236400000001
Visakhapatnam,2026-10-04 02:00:00,2,26.876779476779475,0.0,9.0167746
Visakhapatnam,2026-10-04 03:00:00,2,26.684423584423584,0.0,8.744352000000001
Visakhapatnam,2026-10-04 04:00:00,2,26.47973047973048,0.0248756,8.150104200000001
Visakhapatnam,2026-10-04 05:00:00,2,26.39049479049479,0.0497512,7.5376742000000005
Visakhapatnam,2026-10-04 06:00:00,2,26.706245406245404,0.0,6.787041
Visakhapatnam,2026-10-04 07:00:00,2,27.73833803833804,0.0,6.811882799999999
Visakhapatnam,2026-10-04 08:00:00,2,29.046275346275348,0.0,7.3426074
Visakhapatnam,2026-10-04 09:00:00,2,30.256006456006457,0.0,7.4968794
Visakhapatnam,2026-10-04 10:00:00,2,31.26003036003036,0.0,7.9895414
Visakhapatnam,2026-10-04 11:00:00,2,31.813553213553217,0.0,8.769458
Visakhapatnam,2026-10-04 12:00:00,2,31.893797793797795,0.0754266,10.417588
Visakhapatnam,2026-10-04 13:00:00,2,31.55920245920246,0.0754266,12.4281456
Visakhapatnam,2026-10-04 14:00:00,2,30.862589762589764,0.1499831,13.0184308
Visakhapatnam,2026-10-04 15:00:00,2,30.35727915727916,0.07546130000000001,11.7544658
Visakhapatnam,2026-10-04 16:00:00,2,30.053203553203552,0.0502844,11.0072404
Visakhapatnam,2026-10-04 17:00:00,2,29.485620485620487,0.0502844,11.053696
Visakhapatnam,2026-10-04 18:00:00,2,28.631642331642333,0.373134,10.4431278
Visakhapatnam,2026-10-04 19:00:00,2,28.40872200872201,0.3233828,9.439380799999999
Visakhapatnam,2026-10-04 20:00:00,2,28.183045483045483,0.0,8.828274
Visakhapatnam,2026-10-04 21:00:00,2,27.943653643653644,0.0248756,8.1488554
Visakhapatnam,2026-10-04 22:00:00,2,27.712614812614813,0.0,7.860614
Visakhapatnam,2026-10-04 23:00:00,2,27.48157598157598,0.0248756,7.6437136
Visakhapatnam,2026-10-05 00:00:00,3,27.229911199999997,0.0730473,7.2632932
Visakhapatnam,2026-10-05 01:00:00,3,27.0063755,0.1704437,7.4521716
Visakhapatnam,2026-10-05 02:00:00,3,26.887377899999997,0.024349100000000002,7.4383970999999995
Visakhapatnam,2026-10-05 03:00:00,3,26.615451699999998,0.30655319999999997,7.6097494999999995
Visakhapatnam,2026-10-05 04:00:00,3,26.3195848,0.2810071,7.014685699999999
Visakhapatnam,2026-10-05 05:00:00,3,26.2384268,0.2810071,6.9360616
Visakhapatnam,2026-10-05 06:00:00,3,26.6690873,0.0,6.608798799999999
Visakhapatnam,2026-10-05 07:00:00,3,27.8206453,0.0,6.0837687
Visakhapatnam,2026-10-05 08:00:00,3,29.0645943,0.0,6.243613199999999
Visakhapatnam,2026-10-05 09:00:00,3,30.2919345,0.0,6.8569197
Visakhapatnam,2026-10-05 10:00:00,3,31.274031500000003,0.0,7.1114513
Visakhapatnam,2026-10-05 11:00:00,3,31.7758597,0.025546100000000002,8.214372
Visakhapatnam,2026-10-05 12:00:00,3,31.9092127,0.0504534,10.0653803
Visakhapatnam,2026-10-05 13:00:00,3,31.6675686,0.0504534,11.3344977
Visakhapatnam,2026-10-05 14:00:00,3,31.2204723,0.0249073,11.459428
Visakhapatnam,2026-10-05 15:00:00,3,30.202007599999998,0.2241657,10.0323517
Visakhapatnam,2026-10-05 16:00:00,3,29.236173400000002,0.297213,9.360830400000001
Visakhapatnam,2026-10-05 17:00:00,3,28.2409712,0.6867986,8.1900087
Visakhapatnam,2026-10-05 18:00:00,3,27.8911575,0.024349100000000002,7.1997152
Visakhapatnam,2026-10-05 19:00:00,3,27.6230358,0.1217455,6.362462999999999
Visakhapatnam,2026-10-05 20:00:00,3,27.5069286,0.048698200000000004,5.6610446
Visakhapatnam,2026-10-05 21:00:00,3,27.2531623,0.0,5.1565425000000005
Visakhapatnam,2026-10-05 22:00:00,3,26.951919599999997,0.024349100000000002,4.650640299999999
Visakhapatnam,2026-10-05 23:00:00,3,26.7048482,0.0730473,4.5236268
