city,datetime,lead_days,temperature,rainfall,wind_speed
Agartala,2026-10-03 00:00:00,1,25.745028499999997,0.0,6.577485977485979
Agartala,2026-10-03 01:00:00,1,25.690235799999996,0.0635874,6.394611094611095
Agartala,2026-10-03 02:00:00,1,25.593492899999998,0.0635874,6.516376216376218
Agartala,2026-10-03 03:00:00,1,25.4347065,0.1497158,6.650544250544252
Agartala,2026-10-03 04:00:00,1,25.301034099999995,0.1073242,6.837054137054137
Agartala,2026-10-03 05:00:00,1,25.7394867,0.1073242,6.722411822411823
Agartala,2026-10-03 06:00:00,1,26.1709192,0.5416509,7.190917490917491
Agartala,2026-10-03 07:00:00,1,27.055556199999998,0.6052095,8.15029995029995
Agartala,2026-10-03 08:00:00,1,27.9417984,0.5416221,7.597234497234499
Agartala,2026-10-03 09:00:00,1,29.3031053,0.16027049999999998,6.030844130844132
Agartala,2026-10-03 10:00:00,1,30.596618,0.0649326,5.077347377347378
Agartala,2026-10-03 11:00:00,1,31.544038299999997,0.0649326,4.555593655593657
Agartala,2026-10-03 12:00:00,1,32.0292732,0.0960249,4.824132524132525
Agartala,2026-10-03 13:00:00,1,32.0728385,0.22314209999999998,5.195990095990096
Agartala,2026-10-03 14:00:00,1,31.8143327,0.15958350000000002,5.25960495960496
Agartala,2026-10-03 15:00:00,1,31.428672,0.0,4.677986277986278
Agartala,2026-10-03 16:00:00,1,30.0481739,0.0145586,4.172238472238473
Agartala,2026-10-03 17:00:00,1,28.7589453,0.0211958,4.686337686337687
Agartala,2026-10-03 18:00:00,1,28.028955800000002,0.0,5.392543792543793
Agartala,2026-10-03 19:00:00,1,27.5667638,0.0,6.087955787955789
Agartala,2026-10-03 20:00:00,1,27.116542399999997,0.0211958,6.133780033780034
Agartala,2026-10-03 21:00:00,1,26.7395886,0.0211958,6.307775607775609
Agartala,2026-10-03 22:00:00,1,26.3103324,0.0,6.083324983324983
Agartala,2026-10-03 23:00:00,1,25.9476877,0.0,6.015526315526316
Agartala,2026-10-04 00:00:00,2,25.6502446,0.0,5.9191085
Agartala,2026-10-04 01:00:00,2,25.391509199999998,0.0,6.0530716
Agartala,2026-10-04 02:00:00,2,25.254733100000003,0.0,5.625515999999999
Agartala,2026-10-04 03:00:00,2,24.9876887,0.0,5.1254411
Agartala,2026-10-04 04:00:00,2,24.769109,0.0,4.9711645
Agartala,2026-10-04 05:00:00,2,24.798742600000004,0.0,5.514386
Agartala,2026-10-04 06:00:00,2,25.565119000000003,0.0,5.768706300000001
Agartala,2026-10-04 07:00:00,2,27.2349083,0.0,5.8625598
Agartala,2026-10-04 08:00:00,2,28.6709921,0.0,5.4963438
Agartala,2026-10-04 09:00:00,2,29.9101798,0.0851044,5.6769281000000005
Agartala,2026-10-04 10:00:00,2,30.7289533,0.0582396,5.4995526
Agartala,2026-10-04 11:00:00,2,31.5579232,0.0582396,5.7277664999999995
Agartala,2026-10-04 12:00:00,2,32.0880596,0.0291198,5.3407722
Agartala,2026-10-04 13:00:00,2,32.1162753,0.3777798,5.259924600000001
Agartala,2026-10-04 14:00:00,2,31.1725296,1.7433648,5.1821807
Agartala,2026-10-04 15:00:00,2,30.4240073,1.3075397999999998,3.7790273
Agartala,2026-10-04 16:00:00,2,29.1208411,0.40683479999999994,3.5847825
Agartala,2026-10-04 17:00:00,2,27.9167312,0.0581748,3.8774287
Agartala,2026-10-04 18:00:00,2,27.5656458,0.029054999999999997,4.2445756999999995
Agartala,2026-10-04 19:00:00,2,27.342994200000003,0.0,4.65724
Agartala,2026-10-04 20:00:00,2,26.9796431,0.0,5.118296099999999
Agartala,2026-10-04 21:00:00,2,26.485388999999998,0.0,5.3346710999999996
Agartala,2026-10-04 22:00:00,2,26.2500308,0.08716499999999999,5.3356390000000005
Agartala,2026-10-04 23:00:00,2,25.9500308,0.029054999999999997,6.298068300000001
Agartala,2026-10-05 00:00:00,3,25.691032791032796,0.0,6.355324399999999
Agartala,2026-10-05 01:00:00,3,25.461747661747665,0.0,5.970774
Agartala,2026-10-05 02:00:00,3,25.291432491432495,0.0,5.511236199999998
Agartala,2026-10-05 03:00:00,3,25.015301415301415,0.0,5.702780399999999
Agartala,2026-10-05 04:00:00,3,24.776333676333675,0.0,5.637628599999999
Agartala,2026-10-05 05:00:00,3,24.767450467450466,0.0,4.9810522
Agartala,2026-10-05 06:00:00,3,25.487226487226486,0.0,4.8878195999999985
Agartala,2026-10-05 07:00:00,3,26.93124243124243,0.0,4.4573377999999995
Agartala,2026-10-05 08:00:00,3,28.384254684254685,0.0,3.5770109999999993
Agartala,2026-10-05 09:00:00,3,29.632989432989433,0.0291128,2.8473069999999994
Agartala,2026-10-05 10:00:00,3,30.333852633852636,0.0850912,2.1966611999999994
Agartala,2026-10-05 11:00:00,3,31.07885437885438,0.0850912,1.8507113999999998
Agartala,2026-10-05 12:00:00,3,31.22996672996673,0.1421932,2.5453668
Agartala,2026-10-05 13:00:00,3,30.448155148155152,0.8111914,2.9166299999999996
Agartala,2026-10-05 14:00:00,3,29.946263346263347,0.6993652,2.9706322
Agartala,2026-10-05 15:00:00,3,29.61872521872522,0.2552736,3.5087053999999993
Agartala,2026-10-05 16:00:00,3,28.643323643323644,0.0873384,3.1780193999999993
Agartala,2026-10-05 17:00:00,3,27.671838071838074,0.0873384,3.1210917999999994
Agartala,2026-10-05 18:00:00,3,27.155589455589457,0.0,3.3456561999999996
Agartala,2026-10-05 19:00:00,3,26.84140314140314,0.0,3.4082546
Agartala,2026-10-05 20:00:00,3,26.56773406773407,0.0,3.575805599999999
Agartala,2026-10-05 21:00:00,3,26.26979636979637,0.0,3.2409445999999997
Agartala,2026-10-05 22:00:00,3,25.975212575212574,0.0,2.1506039999999995
Agartala,2026-10-05 23:00:00,3,25.632890932890938,0.0,2.7146453999999993
Agra,2026-10-03 00:00:00,1,25.8138789,0.0,4.851179699999999
Agra,2026-10-03 01:00:00,1,25.190230500000002,0.0,5.301765
Agra,2026-10-03 02:00:00,1,24.7538934,0.0,6.094360699999999
Agra,2026-10-03 03:00:00,1,24.2330173,0.0,6.244865399999999
Agra,2026-10-03 04:00:00,1,23.872769400000003,0.0,5.9885407
Agra,2026-10-03 05:00:00,1,24.2493056,0.0,5.9667249
Agra,2026-10-03 06:00:00,1,23.928921900000002,0.0,4.9856054
Agra,2026-10-03 07:00:00,1,25.238149700000005,0.0,5.238222199999999
Agra,2026-10-03 08:00:00,1,27.411763800000003,0.0,5.8687427
Agra,2026-10-03 09:00:00,1,29.521129800000004,0.0,7.2852004
Agra,2026-10-03 10:00:00,1,31.5752334,0.0,7.588564399999999
Agra,2026-10-03 11:00:00,1,33.3848125,0.0,7.771556299999999
Agra,2026-10-03 12:00:00,1,34.4869566,0.0,7.9801891
Agra,2026-10-03 13:00:00,1,35.1563284,0.0,8.2934284
Agra,2026-10-03 14:00:00,1,35.36983860000001,0.0,8.5443534
Agra,2026-10-03 15:00:00,1,35.1888388,0.0,7.690362499999999
Agra,2026-10-03 16:00:00,1,34.5426805,0.0,5.4339097999999995
Agra,2026-10-03 17:00:00,1,33.0153547,0.0,2.6597216
Agra,2026-10-03 18:00:00,1,31.1205765,0.0,1.9934015
Agra,2026-10-03 19:00:00,1,29.683273900000003,0.0,3.8590687999999993
Agra,2026-10-03 20:00:00,1,28.5262047,0.0,5.2353764
Agra,2026-10-03 21:00:00,1,27.588977,0.0,5.925663599999999
Agra,2026-10-03 22:00:00,1,26.806432300000004,0.0,6.5639571
Agra,2026-10-03 23:00:00,1,26.1516744,0.0,6.816027399999999
Agra,2026-10-04 00:00:00,2,25.7781743,0.0,6.954728654728655
Agra,2026-10-04 01:00:00,2,25.2744839,0.0,7.096825896825897
Agra,2026-10-04 02:00:00,2,24.948425900000004,0.0,6.8168677168677165
Agra,2026-10-04 03:00:00,2,24.5325693,0.0,7.333810133810134
Agra,2026-10-04 04:00:00,2,24.122405399999998,0.0,7.828126228126228
Agra,2026-10-04 05:00:00,2,23.921901300000002,0.0,8.433016733016734
Agra,2026-10-04 06:00:00,2,24.0843195,0.0,8.953815453815455
Agra,2026-10-04 07:00:00,2,25.176157900000003,0.0,9.3996148996149
Agra,2026-10-04 08:00:00,2,27.3764698,0.0,10.478007178007179
Agra,2026-10-04 09:00:00,2,29.6359901,0.0,11.312964912964913
Agra,2026-10-04 10:00:00,2,31.566847499999998,0.0,12.986682886682887
Agra,2026-10-04 11:00:00,2,33.1648077,0.0,13.145872045872046
Agra,2026-10-04 12:00:00,2,34.308358899999995,0.0,12.28918218918219
Agra,2026-10-04 13:00:00,2,35.0913558,0.0,11.478702978702978
Agra,2026-10-04 14:00:00,2,35.3743527,0.0,10.39132579132579
Agra,2026-10-04 15:00:00,2,35.30212230000001,0.0,8.528077028077028
Agra,2026-10-04 16:00:00,2,34.76278909999999,0.0,5.600602300602301
Agra,2026-10-04 17:00:00,2,33.0796303,0.0,2.3135075135075134
Agra,2026-10-04 18:00:00,2,31.110236800000003,0.0,3.9321570321570323
Agra,2026-10-04 19:00:00,2,29.680136700000002,0.0,5.431304231304231
Agra,2026-10-04 20:00:00,2,28.676950400000003,0.0,5.857387857387858
Agra,2026-10-04 21:00:00,2,28.011484199999998,0.0,5.667435667435667
Agra,2026-10-04 22:00:00,2,27.684279700000005,0.0,6.492316392316392
Agra,2026-10-04 23:00:00,2,27.218851,0.0,7.268087668087667
Agra,2026-10-05 00:00:00,3,26.808850100000004,0.0,7.467532767532768
Agra,2026-10-05 01:00:00,3,26.1895971,0.0,8.593591993591994
Agra,2026-10-05 02:00:00,3,25.5411086,0.0,9.902798002798004
Agra,2026-10-05 03:00:00,3,24.996627099999998,0.0,10.399523399523401
Agra,2026-10-05 04:00:00,3,24.5295445,0.0,10.672439072439072
Agra,2026-10-05 05:00:00,3,24.2015568,0.0,10.697542297542299
Agra,2026-10-05 06:00:00,3,24.1943337,0.0,10.444266644266646
Agra,2026-10-05 07:00:00,3,25.2200894,0.0,10.474979674979675
Agra,2026-10-05 08:00:00,3,27.375142099999998,0.0,10.640767540767541
Agra,2026-10-05 09:00:00,3,29.6189644,0.0,11.262023962023964
Agra,2026-10-05 10:00:00,3,31.4156163,0.0,12.121951121951122
Agra,2026-10-05 11:00:00,3,32.889008200000006,0.0,12.26768876768877
Agra,2026-10-05 12:00:00,3,34.001293,0.0,12.04891074891075
Agra,2026-10-05 13:00:00,3,34.7683756,0.0,11.189075189075192
Agra,2026-10-05 14:00:00,3,35.29058119999999,0.0,9.893221093221094
Agra,2026-10-05 15:00:00,3,35.3549661,0.0,7.8941464941464945
Agra,2026-10-05 16:00:00,3,34.8974088,0.0,5.362549462549463
Agra,2026-10-05 17:00:00,3,33.3788232,0.0,4.9916800916800925
Agra,2026-10-05 18:00:00,3,31.630203299999998,0.0,6.128775728775729
Agra,2026-10-05 19:00:00,3,30.6301334,0.0,5.226043926043927
Agra,2026-10-05 20:00:00,3,29.731513,0.0,5.231379731379732
Agra,2026-10-05 21:00:00,3,28.5514249,0.0,5.7890555890555895
Agra,2026-10-05 22:00:00,3,27.7167325,0.0,5.24917654917655
Agra,2026-10-05 23:00:00,3,27.0498434,0.0,4.919171619171619
Ahmedabad,2026-10-03 00:00:00,1,26.496733496733494,0.0,3.7477011
Ahmedabad,2026-10-03 01:00:00,1,25.81178391178391,0.0,3.4302565
Ahmedabad,2026-10-03 02:00:00,1,25.069637669637668,0.0,3.7008848
Ahmedabad,2026-10-03 03:00:00,1,24.377673577673576,0.0,4.617112700000001
Ahmedabad,2026-10-03 04:00:00,1,23.897222197222195,0.0,4.3710887
Ahmedabad,2026-10-03 05:00:00,1,24.251411151411148,0.0,5.099238199999999
Ahmedabad,2026-10-03 06:00:00,1,23.51015661015661,0.0,6.037592
Ahmedabad,2026-10-03 07:00:00,1,24.334208634208633,0.0,5.0868970000000004
Ahmedabad,2026-10-03 08:00:00,1,26.554720254720255,0.0,5.1564444
Ahmedabad,2026-10-03 09:00:00,1,29.45114975114975,0.0,7.286998799999999
Ahmedabad,2026-10-03 10:00:00,1,31.855452055452055,0.0,8.2917962
Ahmedabad,2026-10-03 11:00:00,1,34.02795662795663,0.0,8.5276025
Ahmedabad,2026-10-03 12:00:00,1,35.18587918587919,0.0,8.422794
Ahmedabad,2026-10-03 13:00:00,1,35.91048871048871,0.0,6.820887
Ahmedabad,2026-10-03 14:00:00,1,36.1913678913679,0.0,6.4636032000000005
Ahmedabad,2026-10-03 15:00:00,1,36.156103856103854,0.0,6.545597299999999
Ahmedabad,2026-10-03 16:00:00,1,35.76731846731847,0.0,6.5626957
Ahmedabad,2026-10-03 17:00:00,1,34.9929545929546,0.0,6.337430499999999
Ahmedabad,2026-10-03 18:00:00,1,33.129211829211826,0.0,5.3914301
Ahmedabad,2026-10-03 19:00:00,1,31.230403530403528,0.0,4.8307932000000005
Ahmedabad,2026-10-03 20:00:00,1,29.823719823719824,0.0,4.1875513
Ahmedabad,2026-10-03 21:00:00,1,28.827094427094426,0.0,2.7533980000000002
Ahmedabad,2026-10-03 22:00:00,1,28.061033761033762,0.0,3.2874722000000003
Ahmedabad,2026-10-03 23:00:00,1,27.454082754082755,0.0,3.9884338
Ahmedabad,2026-10-04 00:00:00,2,27.0334443,0.0,4.2120024
Ahmedabad,2026-10-04 01:00:00,2,26.088645099999997,0.0,5.493729
Ahmedabad,2026-10-04 02:00:00,2,25.274825200000002,0.0,7.1204953
Ahmedabad,2026-10-04 03:00:00,2,24.7744052,0.0,6.0215107
Ahmedabad,2026-10-04 04:00:00,2,24.457913700000002,0.0,6.4309071
Ahmedabad,2026-10-04 05:00:00,2,24.2052439,0.0,6.0149969
Ahmedabad,2026-10-04 06:00:00,2,24.122493,0.0,5.0112645
Ahmedabad,2026-10-04 07:00:00,2,24.841673699999998,0.0,4.5221903999999995
Ahmedabad,2026-10-04 08:00:00,2,26.811421700000004,0.0,4.779744900000001
Ahmedabad,2026-10-04 09:00:00,2,29.178570199999996,0.0,6.8281722
Ahmedabad,2026-10-04 10:00:00,2,31.270979,0.0,7.1461002
Ahmedabad,2026-10-04 11:00:00,2,33.0991285,0.0,6.9646092
Ahmedabad,2026-10-04 12:00:00,2,34.4350589,0.0,7.3529901
Ahmedabad,2026-10-04 13:00:00,2,35.3709893,0.0,8.495173800000002
Ahmedabad,2026-10-04 14:00:00,2,35.744275599999995,0.0,8.5960408
Ahmedabad,2026-10-04 15:00:00,2,35.6734991,0.0,7.8820497000000005
Ahmedabad,2026-10-04 16:00:00,2,35.2799442,0.0,7.1853196
Ahmedabad,2026-10-04 17:00:00,2,34.486899,0.0,6.0749786
Ahmedabad,2026-10-04 18:00:00,2,32.8105653,0.0,3.8213291000000003
Ahmedabad,2026-10-04 19:00:00,2,31.274427599999996,0.0,3.2345374
Ahmedabad,2026-10-04 20:00:00,2,30.2021977,0.0,2.6451132
Ahmedabad,2026-10-04 21:00:00,2,29.1958793,0.0,3.6683756
Ahmedabad,2026-10-04 22:00:00,2,28.137658999999996,0.0,5.050688000000001
Ahmedabad,2026-10-04 23:00:00,2,27.1031329,0.0,5.1180376
Ahmedabad,2026-10-05 00:00:00,3,26.089825799999996,0.0,5.3564034
Ahmedabad,2026-10-05 01:00:00,3,25.5815324,0.0,6.810727399999999
Ahmedabad,2026-10-05 02:00:00,3,25.1172101,0.0,8.792988999999999
Ahmedabad,2026-10-05 03:00:00,3,24.4719138,0.0,8.9471372
Ahmedabad,2026-10-05 04:00:00,3,23.9418817,0.0,8.5010136
Ahmedabad,2026-10-05 05:00:00,3,23.561533700000002,0.0,8.253577499999999
Ahmedabad,2026-10-05 06:00:00,3,23.4967825,0.0,7.833111199999999
Ahmedabad,2026-10-05 07:00:00,3,24.0655517,0.0,7.395868199999999
Ahmedabad,2026-10-05 08:00:00,3,26.0090349,0.0,6.9358992
Ahmedabad,2026-10-05 09:00:00,3,28.2647762,0.0,6.8762217
Ahmedabad,2026-10-05 10:00:00,3,30.6000308,0.0,5.771717299999999
Ahmedabad,2026-10-05 11:00:00,3,32.453756,0.0,5.572305699999999
Ahmedabad,2026-10-05 12:00:00,3,33.741424699999996,0.0,6.127967
Ahmedabad,2026-10-05 13:00:00,3,34.579756,0.0,7.192970699999999
Ahmedabad,2026-10-05 14:00:00,3,35.0946735,0.0,8.171034200000001
Ahmedabad,2026-10-05 15:00:00,3,35.1586491,0.0,8.1262192
Ahmedabad,2026-10-05 16:00:00,3,34.828616999999994,0.0,6.9937491
Ahmedabad,2026-10-05 17:00:00,3,34.2346093,0.0,5.3843803
Ahmedabad,2026-10-05 18:00:00,3,32.7086799,0.0,4.9599242
Ahmedabad,2026-10-05 19:00:00,3,31.2057444,0.0,6.3208126
Ahmedabad,2026-10-05 20:00:00,3,30.0901418,0.0,6.2464538
Ahmedabad,2026-10-05 21:00:00,3,29.0755177,0.0,5.8034587
Ahmedabad,2026-10-05 22:00:00,3,28.0781713,0.0,5.5332874
Ahmedabad,2026-10-05 23:00:00,3,27.183199200000004,0.0,6.1530354
Amritsar,2026-10-03 00:00:00,1,25.264117164117163,0.0,3.4690228690228686
Amritsar,2026-10-03 01:00:00,1,24.693141093141094,0.0,2.934395234395234
Amritsar,2026-10-03 02:00:00,1,24.1984097984098,0.0,2.6036385036385035
Amritsar,2026-10-03 03:00:00,1,23.77948767948768,0.0,1.7057315057315057
Amritsar,2026-10-03 04:00:00,1,23.464552764552764,0.0,1.8999187999187999
Amritsar,2026-10-03 05:00:00,1,23.834198134198136,0.0,2.4448584448584447
Amritsar,2026-10-03 06:00:00,1,23.572285672285673,0.0,2.7105747105747104
Amritsar,2026-10-03 07:00:00,1,24.722186922186925,0.0,2.9247084247084247
Amritsar,2026-10-03 08:00:00,1,27.11213051213051,0.0,3.2792718792718794
Amritsar,2026-10-03 09:00:00,1,29.63424023424023,0.0,2.1716369716369717
Amritsar,2026-10-03 10:00:00,1,31.94105384105384,0.0,3.5672558672558674
Amritsar,2026-10-03 11:00:00,1,33.51215061215061,0.0,5.913744613744614
Amritsar,2026-10-03 12:00:00,1,34.54902824902825,0.0,8.325252525252525
Amritsar,2026-10-03 13:00:00,1,35.16299656299656,0.0,9.556566056566055
Amritsar,2026-10-03 14:00:00,1,35.25804275804276,0.0,10.297504697504698
Amritsar,2026-10-03 15:00:00,1,35.07539377539378,0.0,10.373829273829273
Amritsar,2026-10-03 16:00:00,1,34.458887758887755,0.0,9.440386240386239
Amritsar,2026-10-03 17:00:00,1,33.202919102919104,0.0,8.374742874742875
Amritsar,2026-10-03 18:00:00,1,30.812105712105712,0.0,7.625911525911524
Amritsar,2026-10-03 19:00:00,1,29.04869464869465,0.0,6.945455845455845
Amritsar,2026-10-03 20:00:00,1,27.777597877597877,0.0,6.158146458146458
Amritsar,2026-10-03 21:00:00,1,26.886612386612384,0.0,4.601806601806602
Amritsar,2026-10-03 22:00:00,1,26.14852674852675,0.0,3.726489326489326
Amritsar,2026-10-03 23:00:00,1,25.614549014549013,0.0,3.898098998098998
Amritsar,2026-10-04 00:00:00,2,25.22733422733423,0.0,4.013829013829015
Amritsar,2026-10-04 01:00:00,2,24.843979943979946,0.0,3.8550006550006555
Amritsar,2026-10-04 02:00:00,2,24.501169001169004,0.0,3.9068565068565078
Amritsar,2026-10-04 03:00:00,2,24.04962384962385,0.0,3.8479146479146484
Amritsar,2026-10-04 04:00:00,2,23.66968106968107,0.0,3.964148164148165
Amritsar,2026-10-04 05:00:00,2,23.323146423146426,0.0,4.741252741252742
Amritsar,2026-10-04 06:00:00,2,23.260707160707163,0.0,4.831884831884833
Amritsar,2026-10-04 07:00:00,2,24.485300685300686,0.0,5.364343964343965
Amritsar,2026-10-04 08:00:00,2,27.059339959339958,0.0,5.604181304181305
Amritsar,2026-10-04 09:00:00,2,29.423760823760823,0.0,6.030717330717331
Amritsar,2026-10-04 10:00:00,2,31.51424021424021,0.0,6.494950994950996
Amritsar,2026-10-04 11:00:00,2,33.27834997834998,0.0,6.307392707392709
Amritsar,2026-10-04 12:00:00,2,34.53610093610094,0.0,6.382173182173183
Amritsar,2026-10-04 13:00:00,2,35.38621628621628,0.0,6.212737412737414
Amritsar,2026-10-04 14:00:00,2,35.684367584367585,0.0,6.211492211492212
Amritsar,2026-10-04 15:00:00,2,35.43289393289393,0.0,6.286362486362487
Amritsar,2026-10-04 16:00:00,2,34.82196362196362,0.0,6.604167404167406
Amritsar,2026-10-04 17:00:00,2,33.604827504827504,0.0,7.247392147392148
Amritsar,2026-10-04 18:00:00,2,31.287889587889588,0.0,7.071740571740573
Amritsar,2026-10-04 19:00:00,2,29.516440216440216,0.0,6.8020018020018025
Amritsar,2026-10-04 20:00:00,2,28.40880460880461,0.0,6.828055628055629
Amritsar,2026-10-04 21:00:00,2,27.48026398026398,0.0,6.23945063945064
Amritsar,2026-10-04 22:00:00,2,26.671566071566073,0.0,5.664224364224365
Amritsar,2026-10-04 23:00:00,2,25.904473804473806,0.0,4.967158067158069
Amritsar,2026-10-05 00:00:00,3,25.357266300000003,0.0,4.9473612
Amritsar,2026-10-05 01:00:00,3,24.8304719,0.0,7.3881216
Amritsar,2026-10-05 02:00:00,3,24.432689699999997,0.0,7.3953484
Amritsar,2026-10-05 03:00:00,3,23.9797014,0.0,6.677296999999999
Amritsar,2026-10-05 04:00:00,3,23.4852874,0.0,5.950730600000001
Amritsar,2026-10-05 05:00:00,3,23.1904811,0.0,5.7342248
Amritsar,2026-10-05 06:00:00,3,23.1536901,0.0,5.422620599999999
Amritsar,2026-10-05 07:00:00,3,24.336247899999996,0.0,5.988441999999999
Amritsar,2026-10-05 08:00:00,3,26.899514699999997,0.0,6.9122396
Amritsar,2026-10-05 09:00:00,3,29.704133499999998,0.0,7.556023999999999
Amritsar,2026-10-05 10:00:00,3,32.0167137,0.0,7.9143538
Amritsar,2026-10-05 11:00:00,3,33.674471,0.0,7.8500178
Amritsar,2026-10-05 12:00:00,3,34.7712695,0.0,7.4720934
Amritsar,2026-10-05 13:00:00,3,35.3878341,0.0,7.1590896
Amritsar,2026-10-05 14:00:00,3,35.702406499999995,0.0,6.7300866
Amritsar,2026-10-05 15:00:00,3,35.5911682,0.0,6.3922592
Amritsar,2026-10-05 16:00:00,3,35.1434399,0.0,5.8736336
Amritsar,2026-10-05 17:00:00,3,33.9487929,0.0,6.2728588
Amritsar,2026-10-05 18:00:00,3,31.3803002,0.0,7.317050999999999
Amritsar,2026-10-05 19:00:00,3,29.4802928,0.0,6.935089
Amritsar,2026-10-05 20:00:00,3,28.1203766,0.0,5.993621
Amritsar,2026-10-05 21:00:00,3,27.234323699999997,0.0,5.371932999999999
Amritsar,2026-10-05 22:00:00,3,26.7672199,0.0,5.6893959999999995
Amritsar,2026-10-05 23:00:00,3,26.1721465,0.0,8.4294642
Bengaluru,2026-10-03 00:00:00,1,22.162724037275957,0.0,11.267286599999998
Bengaluru,2026-10-03 01:00:00,1,21.558984241015757,0.0,10.3391089
Bengaluru,2026-10-03 02:00:00,1,21.03301486698513,0.0,9.4495261
Bengaluru,2026-10-03 03:00:00,1,20.610647589352407,0.0,8.804132599999999
Bengaluru,2026-10-03 04:00:00,1,20.308773291226707,0.0,8.0887469
Bengaluru,2026-10-03 05:00:00,1,20.52287527712472,0.0,8.3756863
Bengaluru,2026-10-03 06:00:00,1,20.505969094030903,0.0,7.5425866
Bengaluru,2026-10-03 07:00:00,1,21.685891514108484,0.0,8.4462937
Bengaluru,2026-10-03 08:00:00,1,23.54620455379544,0.0,9.3855653
Bengaluru,2026-10-03 09:00:00,1,25.33466766533233,0.0,9.460119200000001
Bengaluru,2026-10-03 10:00:00,1,27.05489174510825,0.0,9.6140347
Bengaluru,2026-10-03 11:00:00,1,28.408289391710603,0.0,9.692317500000001
Bengaluru,2026-10-03 12:00:00,1,29.386928113071882,0.0,9.8026704
Bengaluru,2026-10-03 13:00:00,1,30.02471857528142,0.0,9.3181426
Bengaluru,2026-10-03 14:00:00,1,30.278393921606074,0.0,8.722517700000001
Bengaluru,2026-10-03 15:00:00,1,30.03901336098663,0.0,8.805013299999999
Bengaluru,2026-10-03 16:00:00,1,29.36284833715166,0.0,9.356495
Bengaluru,2026-10-03 17:00:00,1,28.445688554311438,0.0,9.456081900000001
Bengaluru,2026-10-03 18:00:00,1,27.222315277684718,0.0,8.4149012
Bengaluru,2026-10-03 19:00:00,1,26.15956144043856,0.0,7.1742781
Bengaluru,2026-10-03 20:00:00,1,25.412830187169806,0.0,6.1251806
Bengaluru,2026-10-03 21:00:00,1,24.918168881831114,0.0,5.1363146
Bengaluru,2026-10-03 22:00:00,1,24.550345249654747,0.0,5.3312699
Bengaluru,2026-10-03 23:00:00,1,24.059830340169654,0.0,7.581657699999999
Bengaluru,2026-10-04 00:00:00,2,23.4409804,0.0,8.5586524
Bengaluru,2026-10-04 01:00:00,2,22.8194452,0.0,8.3112896
Bengaluru,2026-10-04 02:00:00,2,22.2788796,0.0,8.0224218
Bengaluru,2026-10-04 03:00:00,2,21.7773702,0.0,7.944507
Bengaluru,2026-10-04 04:00:00,2,21.414787999999998,0.0,8.6724817
Bengaluru,2026-10-04 05:00:00,2,21.1568526,0.0,8.3601134
Bengaluru,2026-10-04 06:00:00,2,21.2144738,0.0,7.5203544
Bengaluru,2026-10-04 07:00:00,2,22.169668599999998,0.0,7.5085383
Bengaluru,2026-10-04 08:00:00,2,23.797434199999998,0.0,7.2195236000000005
Bengaluru,2026-10-04 09:00:00,2,25.615961000000002,0.027970872029127965,6.8646906
Bengaluru,2026-10-04 10:00:00,2,27.4297342,0.027970872029127965,5.7303112
Bengaluru,2026-10-04 11:00:00,2,28.836992600000002,0.027970872029127965,4.8608481
Bengaluru,2026-10-04 12:00:00,2,29.749278600000004,0.0,5.5047023
Bengaluru,2026-10-04 13:00:00,2,30.0317402,0.06709253290746708,5.311301500000001
Bengaluru,2026-10-04 14:00:00,2,30.066434,0.0,5.0494289000000006
Bengaluru,2026-10-04 15:00:00,2,29.664527800000002,0.05594174405825593,4.5571286
Bengaluru,2026-10-04 16:00:00,2,28.825149000000003,0.10659569340430658,5.3771392
Bengaluru,2026-10-04 17:00:00,2,27.1628602,0.6384621615378383,6.562124300000001
Bengaluru,2026-10-04 18:00:00,2,25.488434599999998,1.3917945082054914,6.7555376
Bengaluru,2026-10-04 19:00:00,2,24.020528000000002,1.6858282141717855,7.0048200000000005
Bengaluru,2026-10-04 20:00:00,2,23.187601599999997,1.7002761997238,8.092474900000001
Bengaluru,2026-10-04 21:00:00,2,22.5426958,0.8929801070198928,7.6050071
Bengaluru,2026-10-04 22:00:00,2,22.2968952,0.7449742550257449,4.6826851000000005
Bengaluru,2026-10-04 23:00:00,2,22.0546232,0.4558855441144558,3.9620729000000003
Bengaluru,2026-10-05 00:00:00,3,21.7133263,0.4711788,4.3480637
Bengaluru,2026-10-05 01:00:00,3,21.4133263,0.2355894,4.5299659
Bengaluru,2026-10-05 02:00:00,3,21.2009477,0.2355894,4.9052697
Bengaluru,2026-10-05 03:00:00,3,20.887806,0.2355894,5.322765800000001
Bengaluru,2026-10-05 04:00:00,3,20.654676799999997,0.1570596,5.4227421
Bengaluru,2026-10-05 05:00:00,3,20.590961300000004,0.0523532,3.8134544000000004
Bengaluru,2026-10-05 06:00:00,3,20.8567043,0.0523532,2.9334268999999997
Bengaluru,2026-10-05 07:00:00,3,21.728427099999998,0.0261766,2.7239015999999996
Bengaluru,2026-10-05 08:00:00,3,23.1063635,0.0,4.4869953
Bengaluru,2026-10-05 09:00:00,3,24.557569500000003,0.0881612,5.5527574
Bengaluru,2026-10-05 10:00:00,3,26.1788898,0.1102015,6.2026404
Bengaluru,2026-10-05 11:00:00,3,27.326920700000002,0.137468,6.2184228
Bengaluru,2026-10-05 12:00:00,3,27.6101173,0.6740422,5.236522
Bengaluru,2026-10-05 13:00:00,3,27.4327192,0.7401631,4.6700754
Bengaluru,2026-10-05 14:00:00,3,27.3177861,0.4809057,4.0184428
Bengaluru,2026-10-05 15:00:00,3,26.944346,0.5573422,4.159954
Bengaluru,2026-10-05 16:00:00,3,26.329974399999998,0.5988097,3.5631334999999997
Bengaluru,2026-10-05 17:00:00,3,25.2752227,1.3215976,4.0549944
Bengaluru,2026-10-05 18:00:00,3,24.1821536,0.7699885,3.1172268
Bengaluru,2026-10-05 19:00:00,3,23.1590908,1.3198016000000001,3.9046522
Bengaluru,2026-10-05 20:00:00,3,22.4059939,1.9619854,4.4326118
Bengaluru,2026-10-05 21:00:00,3,21.7978953,1.6352982,5.4917601000000005
Bengaluru,2026-10-05 22:00:00,3,21.1397728,1.9039180999999998,5.8343837
Bengaluru,2026-10-05 23:00:00,3,20.5318198,4.2471037,4.2007424
Bhopal,2026-10-03 00:00:00,1,23.050187200000003,0.0,3.0155032999999998
Bhopal,2026-10-03 01:00:00,1,22.5811353,0.0,3.5090896999999996
Bhopal,2026-10-03 02:00:00,1,22.189195400000003,0.0,3.5793354999999996
Bhopal,2026-10-03 03:00:00,1,21.945752600000002,0.0,3.9197949999999997
Bhopal,2026-10-03 04:00:00,1,21.682861800000005,0.0,4.0818233
Bhopal,2026-10-03 05:00:00,1,21.8006113,0.0,3.9144252999999996
Bhopal,2026-10-03 06:00:00,1,21.754280500000007,0.0,3.8191669999999998
Bhopal,2026-10-03 07:00:00,1,23.588557400000003,0.0,3.6599627
Bhopal,2026-10-03 08:00:00,1,26.167208500000005,0.0,4.0703202
Bhopal,2026-10-03 09:00:00,1,28.438233700000005,0.0,5.1855113
Bhopal,2026-10-03 10:00:00,1,30.183529200000006,0.0,6.3772617
Bhopal,2026-10-03 11:00:00,1,31.664010600000005,0.0,7.4069103
Bhopal,2026-10-03 12:00:00,1,32.300559400000004,0.0,7.9566055
Bhopal,2026-10-03 13:00:00,1,32.440128,0.0,8.4993345
Bhopal,2026-10-03 14:00:00,1,32.334527300000005,0.0,8.1325322
Bhopal,2026-10-03 15:00:00,1,32.0137907,0.0,7.0405514
Bhopal,2026-10-03 16:00:00,1,31.288069400000005,0.0,5.583982799999999
Bhopal,2026-10-03 17:00:00,1,29.7133835,0.0,4.590377
Bhopal,2026-10-03 18:00:00,1,27.778921100000005,0.0,4.3635588
Bhopal,2026-10-03 19:00:00,1,26.543833400000004,0.0,3.5903247
Bhopal,2026-10-03 20:00:00,1,25.717734500000006,0.0,3.097626
Bhopal,2026-10-03 21:00:00,1,24.966964500000003,0.0,3.5020857999999997
Bhopal,2026-10-03 22:00:00,1,24.321977000000008,0.0,3.7231946000000002
Bhopal,2026-10-03 23:00:00,1,23.750465700000003,0.0,3.7652222
Bhopal,2026-10-04 00:00:00,2,23.0857162,0.0,4.2607761
Bhopal,2026-10-04 01:00:00,2,22.427592599999997,0.0,4.6582875999999995
Bhopal,2026-10-04 02:00:00,2,21.883593,0.0,5.1858946
Bhopal,2026-10-04 03:00:00,2,21.4218171,0.0,5.8444344
Bhopal,2026-10-04 04:00:00,2,21.0279307,0.0,6.1449774
Bhopal,2026-10-04 05:00:00,2,20.964243800000002,0.0,6.853377200000001
Bhopal,2026-10-04 06:00:00,2,21.0767622,0.0,7.3553518
Bhopal,2026-10-04 07:00:00,2,22.9162986,0.0,7.777452
Bhopal,2026-10-04 08:00:00,2,25.8100052,0.0,7.8938656
Bhopal,2026-10-04 09:00:00,2,28.092101,0.0,9.3348743
Bhopal,2026-10-04 10:00:00,2,29.933899900000004,0.0,10.4747631
Bhopal,2026-10-04 11:00:00,2,31.326252399999998,0.0,10.667473300000001
Bhopal,2026-10-04 12:00:00,2,32.1632437,0.0,10.203066300000001
Bhopal,2026-10-04 13:00:00,2,32.6051591,0.0,8.985441100000001
Bhopal,2026-10-04 14:00:00,2,32.6025408,0.0,8.1647822
Bhopal,2026-10-04 15:00:00,2,32.2809681,0.0,7.5266652
Bhopal,2026-10-04 16:00:00,2,31.605618500000002,0.0,6.681668
Bhopal,2026-10-04 17:00:00,2,29.9550507,0.0,5.406007
Bhopal,2026-10-04 18:00:00,2,28.0607163,0.0,4.9876942
Bhopal,2026-10-04 19:00:00,2,26.7690648,0.0,5.1033697
Bhopal,2026-10-04 20:00:00,2,25.6925485,0.0,5.4619818
Bhopal,2026-10-04 21:00:00,2,24.771288300000002,0.0,5.9147613
Bhopal,2026-10-04 22:00:00,2,24.0294894,0.0,6.3847123
Bhopal,2026-10-04 23:00:00,2,23.4556851,0.0,7.0102630999999995
Bhopal,2026-10-05 00:00:00,3,23.145293,0.0,7.664227400000001
Bhopal,2026-10-05 01:00:00,3,22.8358495,0.0,8.696762800000002
Bhopal,2026-10-05 02:00:00,3,22.505456800000005,0.0,8.9352982
Bhopal,2026-10-05 03:00:00,3,22.034409699999998,0.0,9.258102200000002
Bhopal,2026-10-05 04:00:00,3,21.6313128,0.0,9.3786982
Bhopal,2026-10-05 05:00:00,3,21.4454506,0.0,9.1796109
Bhopal,2026-10-05 06:00:00,3,21.567128099999998,0.0,8.4579497
Bhopal,2026-10-05 07:00:00,3,23.1750896,0.0,8.21786
Bhopal,2026-10-05 08:00:00,3,25.8904204,0.0,8.8108105
Bhopal,2026-10-05 09:00:00,3,28.1477173,0.0,9.8390099
Bhopal,2026-10-05 10:00:00,3,30.035432399999998,0.0,10.2898633
Bhopal,2026-10-05 11:00:00,3,31.3973679,0.0,11.049866900000001
Bhopal,2026-10-05 12:00:00,3,32.2050182,0.0,11.311653900000001
Bhopal,2026-10-05 13:00:00,3,32.607548400000006,0.0,10.571424200000001
Bhopal,2026-10-05 14:00:00,3,32.6254007,0.0,9.642426700000001
Bhopal,2026-10-05 15:00:00,3,32.2555379,0.0,8.8960364
Bhopal,2026-10-05 16:00:00,3,31.538167100000003,0.0,7.5553863
Bhopal,2026-10-05 17:00:00,3,29.8637724,0.0,5.785177200000001
Bhopal,2026-10-05 18:00:00,3,27.964696500000002,0.0,4.9175709
Bhopal,2026-10-05 19:00:00,3,26.6606111,0.0,4.0317696000000005
Bhopal,2026-10-05 20:00:00,3,25.674825300000002,0.0,3.582125
Bhopal,2026-10-05 21:00:00,3,24.848696299999997,0.0,3.96913
Bhopal,2026-10-05 22:00:00,3,24.0441596,0.0,4.6906262000000005
Bhopal,2026-10-05 23:00:00,3,23.433412399999998,0.0,5.3930972
Bhubaneswar,2026-10-03 00:00:00,1,26.4131767,0.0,8.358823300000001
Bhubaneswar,2026-10-03 01:00:00,1,26.2225488,0.0,8.2401178
Bhubaneswar,2026-10-03 02:00:00,1,26.0433112,0.0,8.2169183
Bhubaneswar,2026-10-03 03:00:00,1,25.8406559,0.0,7.794135799999999
Bhubaneswar,2026-10-03 04:00:00,1,25.672289,0.0,7.1401656
Bhubaneswar,2026-10-03 05:00:00,1,25.9741897,0.0,6.623787599999999
Bhubaneswar,2026-10-03 06:00:00,1,26.4727484,0.0,6.9354709
Bhubaneswar,2026-10-03 07:00:00,1,28.2768846,0.0,8.737729
Bhubaneswar,2026-10-03 08:00:00,1,29.868341800000003,0.0,10.514584399999999
Bhubaneswar,2026-10-03 09:00:00,1,31.143945099999996,0.0,10.247985099999998
Bhubaneswar,2026-10-03 10:00:00,1,32.2243394,0.0,9.199839
Bhubaneswar,2026-10-03 11:00:00,1,33.0778916,0.0,8.3307542
Bhubaneswar,2026-10-03 12:00:00,1,33.5622299,0.028033200000000005,7.4603733
Bhubaneswar,2026-10-03 13:00:00,1,33.8175904,0.028033200000000005,7.1019229
Bhubaneswar,2026-10-03 14:00:00,1,33.7495332,0.028033200000000005,6.6129605
Bhubaneswar,2026-10-03 15:00:00,1,33.332372899999996,0.0,5.388057699999999
Bhubaneswar,2026-10-03 16:00:00,1,32.2523913,0.42542250000000004,4.1880058
Bhubaneswar,2026-10-03 17:00:00,1,30.0330454,0.6239530000000001,6.4856763
Bhubaneswar,2026-10-03 18:00:00,1,28.7753042,0.5297831,7.277809100000001
Bhubaneswar,2026-10-03 19:00:00,1,28.0952196,0.357282,8.558859
Bhubaneswar,2026-10-03 20:00:00,1,27.316686399999995,0.0,9.6247075
Bhubaneswar,2026-10-03 21:00:00,1,26.871100100000003,0.0,9.4871847
Bhubaneswar,2026-10-03 22:00:00,1,26.650857300000002,0.0,9.454420599999999
Bhubaneswar,2026-10-03 23:00:00,1,26.4393495,0.0,8.802149700000001
Bhubaneswar,2026-10-04 00:00:00,2,26.167114599999998,0.0,8.136391163608836
Bhubaneswar,2026-10-04 01:00:00,2,25.8162694,0.0,7.357689342310657
Bhubaneswar,2026-10-04 02:00:00,2,25.5422625,0.0,6.553427246572754
Bhubaneswar,2026-10-04 03:00:00,2,25.2579091,0.0,6.2245391754608255
Bhubaneswar,2026-10-04 04:00:00,2,24.950394000000003,0.0,5.961050538949461
Bhubaneswar,2026-10-04 05:00:00,2,24.8042325,0.0,5.741672758327242
Bhubaneswar,2026-10-04 06:00:00,2,25.5438965,0.0,5.649092050907949
Bhubaneswar,2026-10-04 07:00:00,2,27.4162203,0.0,6.114449085550914
Bhubaneswar,2026-10-04 08:00:00,2,29.155141399999998,0.0,6.911807988192012
Bhubaneswar,2026-10-04 09:00:00,2,30.6738377,0.0,7.044739855260145
Bhubaneswar,2026-10-04 10:00:00,2,32.1275634,0.0,7.493082506917493
Bhubaneswar,2026-10-04 11:00:00,2,33.2132197,0.0,8.074084625915374
Bhubaneswar,2026-10-04 12:00:00,2,33.85113689999999,0.0,8.61016568983431
Bhubaneswar,2026-10-04 13:00:00,2,34.057018,0.0,9.071559028440973
Bhubaneswar,2026-10-04 14:00:00,2,33.9249255,0.0,9.227866772133229
Bhubaneswar,2026-10-04 15:00:00,2,33.3591629,0.0,8.426846673153328
Bhubaneswar,2026-10-04 16:00:00,2,32.1993869,0.0,6.211411488588512
Bhubaneswar,2026-10-04 17:00:00,2,30.165885099999997,0.0,5.240538159461842
Bhubaneswar,2026-10-04 18:00:00,2,28.796992100000004,0.0,4.694312505687495
Bhubaneswar,2026-10-04 19:00:00,2,27.8689532,0.0,4.034796765203235
Bhubaneswar,2026-10-04 20:00:00,2,27.1178017,0.0,5.7563069436930565
Bhubaneswar,2026-10-04 21:00:00,2,26.2905937,0.0,6.699401800598199
Bhubaneswar,2026-10-04 22:00:00,2,25.8135935,0.0,6.622640477359523
Bhubaneswar,2026-10-04 23:00:00,2,25.484494299999998,0.0,6.429633170366831
Bhubaneswar,2026-10-05 00:00:00,3,25.2535378,0.0,6.187341812658186
Bhubaneswar,2026-10-05 01:00:00,3,24.9941514,0.0,6.029184170815829
Bhubaneswar,2026-10-05 02:00:00,3,24.8440148,0.0,5.859412940587059
Bhubaneswar,2026-10-05 03:00:00,3,24.534491799999998,0.0,5.546899353100647
Bhubaneswar,2026-10-05 04:00:00,3,24.254662,0.0,5.392342507657492
Bhubaneswar,2026-10-05 05:00:00,3,24.1611932,0.0,4.872657427342572
Bhubaneswar,2026-10-05 06:00:00,3,24.964230999999998,0.0,4.908014591985408
Bhubaneswar,2026-10-05 07:00:00,3,27.059416399999996,0.0,5.6004871995128
Bhubaneswar,2026-10-05 08:00:00,3,29.2795118,0.0,6.198416601583398
Bhubaneswar,2026-10-05 09:00:00,3,31.0914054,0.0,6.904859595140405
Bhubaneswar,2026-10-05 10:00:00,3,32.619231,0.0,7.786572813427186
Bhubaneswar,2026-10-05 11:00:00,3,33.5701424,0.0,7.482114917885081
Bhubaneswar,2026-10-05 12:00:00,3,34.212852,0.0,7.849200750799249
Bhubaneswar,2026-10-05 13:00:00,3,34.396721600000006,0.0,8.746028453971546
Bhubaneswar,2026-10-05 14:00:00,3,34.250898,0.0,8.772028127971872
Bhubaneswar,2026-10-05 15:00:00,3,33.6822618,0.0,8.383773816226183
Bhubaneswar,2026-10-05 16:00:00,3,32.5342212,0.0,5.776790323209677
Bhubaneswar,2026-10-05 17:00:00,3,30.4890974,0.0,3.465305034694965
Bhubaneswar,2026-10-05 18:00:00,3,29.0354648,0.0,4.9324591675408325
Bhubaneswar,2026-10-05 19:00:00,3,27.9794182,0.0,5.804939895060104
Bhubaneswar,2026-10-05 20:00:00,3,27.3208066,0.0,6.163581936418063
Bhubaneswar,2026-10-05 21:00:00,3,26.5034024,0.0,7.4736274263725715
Bhubaneswar,2026-10-05 22:00:00,3,26.0253654,0.0,7.405056194943803
Bhubaneswar,2026-10-05 23:00:00,3,25.7874704,0.0,6.616755083244916
Chandigarh,2026-10-03 00:00:00,1,24.5892317,0.0,5.352455947544053
Chandigarh,2026-10-03 01:00:00,1,24.059445100000005,0.0,5.35976264023736
Chandigarh,2026-10-03 02:00:00,1,23.541960500000002,0.0,5.168476331523669
Chandigarh,2026-10-03 03:00:00,1,23.170416000000003,0.0,5.875555124444876
Chandigarh,2026-10-03 04:00:00,1,22.914266400000002,0.0,5.562588337411663
Chandigarh,2026-10-03 05:00:00,1,23.177988600000003,0.0,6.297614502385498
Chandigarh,2026-10-03 06:00:00,1,22.9676386,0.0,6.5126960873039135
Chandigarh,2026-10-03 07:00:00,1,24.188891400000003,0.0,6.158931041068959
Chandigarh,2026-10-03 08:00:00,1,26.511243099999998,0.0,6.156938643061357
Chandigarh,2026-10-03 09:00:00,1,28.6722626,0.0,7.842462757537243
Chandigarh,2026-10-03 10:00:00,1,30.4612388,0.0,10.393312106687894
Chandigarh,2026-10-03 11:00:00,1,31.5474348,0.0,11.821352878647122
Chandigarh,2026-10-03 12:00:00,1,32.3604954,0.0,12.43056446943553
Chandigarh,2026-10-03 13:00:00,1,32.9176482,0.0,11.812812687187312
Chandigarh,2026-10-03 14:00:00,1,33.1265114,0.0,11.382540617459384
Chandigarh,2026-10-03 15:00:00,1,32.983906000000005,0.0,11.196318303681696
Chandigarh,2026-10-03 16:00:00,1,32.2831294,0.0,10.546659053340948
Chandigarh,2026-10-03 17:00:00,1,30.7021702,0.0,9.44829045170955
Chandigarh,2026-10-03 18:00:00,1,28.9020145,0.0,10.64959455040545
Chandigarh,2026-10-03 19:00:00,1,27.7855483,0.0,10.14916395083605
Chandigarh,2026-10-03 20:00:00,1,26.906385600000004,0.0,8.914135785864215
Chandigarh,2026-10-03 21:00:00,1,26.0834586,0.0,7.76855903144097
Chandigarh,2026-10-03 22:00:00,1,25.366286700000003,0.0,6.837088862911138
Chandigarh,2026-10-03 23:00:00,1,24.885604,0.0,6.272210527789473
Chandigarh,2026-10-04 00:00:00,2,24.4588541,0.0,6.1354901
Chandigarh,2026-10-04 01:00:00,2,24.145264400000002,0.0,5.9947821
Chandigarh,2026-10-04 02:00:00,2,23.787354099999998,0.0,5.7344986
Chandigarh,2026-10-04 03:00:00,2,23.346548400000003,0.0,5.817669199999999
Chandigarh,2026-10-04 04:00:00,2,22.9217395,0.0,5.3746811
Chandigarh,2026-10-04 05:00:00,2,22.640131200000003,0.0,4.432859499999999
Chandigarh,2026-10-04 06:00:00,2,22.5627123,0.0,4.4414144
Chandigarh,2026-10-04 07:00:00,2,23.752040199999996,0.0,5.3865446
Chandigarh,2026-10-04 08:00:00,2,26.143512700000002,0.0,5.5437658999999995
Chandigarh,2026-10-04 09:00:00,2,27.6100007,0.0,9.8705768
Chandigarh,2026-10-04 10:00:00,2,28.6010252,0.19835360000000002,9.4661244
Chandigarh,2026-10-04 11:00:00,2,29.9738771,0.0,8.4126964
Chandigarh,2026-10-04 12:00:00,2,31.148972099999998,0.0,6.492969499999999
Chandigarh,2026-10-04 13:00:00,2,31.816418499999997,0.0,7.179927599999999
Chandigarh,2026-10-04 14:00:00,2,32.186163699999994,0.0,6.9651379
Chandigarh,2026-10-04 15:00:00,2,32.1771998,0.0,7.0555108
Chandigarh,2026-10-04 16:00:00,2,31.6812221,0.0,7.8667491
Chandigarh,2026-10-04 17:00:00,2,30.396290500000003,0.0,6.528503499999999
Chandigarh,2026-10-04 18:00:00,2,28.7311864,0.0,5.4675549
Chandigarh,2026-10-04 19:00:00,2,27.382855699999997,0.0,5.923944
Chandigarh,2026-10-04 20:00:00,2,26.4611253,0.0,6.1583282
Chandigarh,2026-10-04 21:00:00,2,25.7083482,0.0,6.3355723
Chandigarh,2026-10-04 22:00:00,2,24.9524522,0.0,6.6826531
Chandigarh,2026-10-04 23:00:00,2,24.6648349,0.0,6.7180567
Chandigarh,2026-10-05 00:00:00,3,24.5452101,0.0,6.621352621352622
Chandigarh,2026-10-05 01:00:00,3,24.3578557,0.0,5.856231956231956
Chandigarh,2026-10-05 02:00:00,3,24.1115254,0.0,5.552884652884654
Chandigarh,2026-10-05 03:00:00,3,23.702089,0.0,5.305668905668906
Chandigarh,2026-10-05 04:00:00,3,23.243965199999998,0.0,5.009813109813109
Chandigarh,2026-10-05 05:00:00,3,22.9313753,0.0,4.9679286679286685
Chandigarh,2026-10-05 06:00:00,3,22.935773599999997,0.0,5.368362068362069
Chandigarh,2026-10-05 07:00:00,3,24.1366255,0.0,6.010899310899311
Chandigarh,2026-10-05 08:00:00,3,26.331991,0.0,7.260807760807761
Chandigarh,2026-10-05 09:00:00,3,28.0736311,0.0,9.986426986426986
Chandigarh,2026-10-05 10:00:00,3,29.434380100000002,0.0,11.53935323935324
Chandigarh,2026-10-05 11:00:00,3,30.599819600000004,0.0,11.61974061974062
Chandigarh,2026-10-05 12:00:00,3,31.4634302,0.0,10.852873152873155
Chandigarh,2026-10-05 13:00:00,3,32.0252119,0.0,10.082678182678183
Chandigarh,2026-10-05 14:00:00,3,32.295633699999996,0.0,9.332480632480632
Chandigarh,2026-10-05 15:00:00,3,32.135681,0.0,9.183244383244384
Chandigarh,2026-10-05 16:00:00,3,31.5673244,0.0,8.806197906197907
Chandigarh,2026-10-05 17:00:00,3,30.4134556,0.0,6.927811127811127
Chandigarh,2026-10-05 18:00:00,3,28.8829696,0.0,6.074239974239974
Chandigarh,2026-10-05 19:00:00,3,27.592406100000005,0.0,7.0097225097225095
Chandigarh,2026-10-05 20:00:00,3,26.537255,0.0,8.413707213707214
Chandigarh,2026-10-05 21:00:00,3,25.869750300000003,0.0,9.082456582456583
Chandigarh,2026-10-05 22:00:00,3,25.407968599999997,0.0,8.825124525124526
Chandigarh,2026-10-05 23:00:00,3,25.1174608,0.0,8.567479967479967
Chennai,2026-10-03 00:00:00,1,28.355759355759353,0.0,5.8501367
Chennai,2026-10-03 01:00:00,1,28.096340696340697,0.0,4.598471399999999
Chennai,2026-10-03 02:00:00,1,27.827314127314125,0.0,3.3132235000000003
Chennai,2026-10-03 03:00:00,1,27.55996395996396,0.06783486783486783,1.7911227
Chennai,2026-10-03 04:00:00,1,27.29093739093739,0.06783486783486783,2.2591116
Chennai,2026-10-03 05:00:00,1,27.37835077835077,0.06783486783486783,2.2972571999999998
Chennai,2026-10-03 06:00:00,1,27.351146851146847,0.02261162261162261,2.7757756999999996
Chennai,2026-10-03 07:00:00,1,28.24270824270824,0.02261162261162261,3.064381
Chennai,2026-10-03 08:00:00,1,29.45395875395875,0.02261162261162261,2.6992481999999995
Chennai,2026-10-03 09:00:00,1,30.86315436315436,0.02261162261162261,4.373232000000001
Chennai,2026-10-03 10:00:00,1,31.999573699573695,0.02261162261162261,8.2717016
Chennai,2026-10-03 11:00:00,1,32.75362725362725,0.02261162261162261,10.951319699999999
Chennai,2026-10-03 12:00:00,1,33.11169581169581,0.0,13.593508099999998
Chennai,2026-10-03 13:00:00,1,32.93978533978534,0.0,15.151310000000002
Chennai,2026-10-03 14:00:00,1,32.52267662267662,0.0,15.8176479
Chennai,2026-10-03 15:00:00,1,31.856169456169457,0.0,14.905018199999999
Chennai,2026-10-03 16:00:00,1,31.149819549819547,0.0,14.0024129
Chennai,2026-10-03 17:00:00,1,30.279524479524476,0.0,12.928918
Chennai,2026-10-03 18:00:00,1,29.591221091221087,0.0,11.5737857
Chennai,2026-10-03 19:00:00,1,29.194573894573892,0.0,10.3606065
Chennai,2026-10-03 20:00:00,1,28.93850803850804,0.0,9.4098244
Chennai,2026-10-03 21:00:00,1,28.706274906274906,0.0,8.5182156
Chennai,2026-10-03 22:00:00,1,28.478241978241975,0.0,7.478067
Chennai,2026-10-03 23:00:00,1,28.27283427283427,0.0,6.6556682
Chennai,2026-10-04 00:00:00,2,28.041169,0.0,5.9155418
Chennai,2026-10-04 01:00:00,2,27.7868652,0.0,5.7384222000000005
Chennai,2026-10-04 02:00:00,2,27.608308,0.0,5.734798700000001
Chennai,2026-10-04 03:00:00,2,27.3987758,0.0,5.511235
Chennai,2026-10-04 04:00:00,2,27.1860662,0.0,5.6432631
Chennai,2026-10-04 05:00:00,2,27.0456092,0.0,5.8623107
Chennai,2026-10-04 06:00:00,2,27.312518600000004,0.0,5.7895071
Chennai,2026-10-04 07:00:00,2,28.343317799999998,0.0,6.240698500000001
Chennai,2026-10-04 08:00:00,2,29.73127,0.0,6.840034000000001
Chennai,2026-10-04 09:00:00,2,31.140298200000004,0.022450200000000003,6.8642477
Chennai,2026-10-04 10:00:00,2,32.2259976,0.048669300000000006,7.818682700000001
Chennai,2026-10-04 11:00:00,2,32.944645,0.048669300000000006,10.114507600000001
Chennai,2026-10-04 12:00:00,2,33.197483399999996,0.0673506,13.715717300000001
Chennai,2026-10-04 13:00:00,2,32.745888,0.0673506,15.855193100000001
Chennai,2026-10-04 14:00:00,2,32.3212678,0.0673506,15.9578722
Chennai,2026-10-04 15:00:00,2,31.842708799999997,0.0,16.687994800000002
Chennai,2026-10-04 16:00:00,2,31.094098000000002,0.0,16.3169845
Chennai,2026-10-04 17:00:00,2,30.1119428,0.0,15.3584568
Chennai,2026-10-04 18:00:00,2,29.3760416,0.0,13.8173736
Chennai,2026-10-04 19:00:00,2,29.071623000000002,0.0,12.4478637
Chennai,2026-10-04 20:00:00,2,28.871623,0.0,11.758437500000001
Chennai,2026-10-04 21:00:00,2,28.6473696,0.0,11.0103862
Chennai,2026-10-04 22:00:00,2,28.385016000000004,0.0,10.1014239
Chennai,2026-10-04 23:00:00,2,28.1038392,0.0,9.212480600000001
Chennai,2026-10-05 00:00:00,3,27.887759912240085,0.0,8.14201854201854
Chennai,2026-10-05 01:00:00,3,27.58204761795238,0.0,7.299658599658599
Chennai,2026-10-05 02:00:00,3,27.281706118293876,0.0,6.975714275714276
Chennai,2026-10-05 03:00:00,3,26.83106656893343,0.2817617817617818,6.88097588097588
Chennai,2026-10-05 04:00:00,3,26.436746763253232,0.30516350516350516,6.487241687241687
Chennai,2026-10-05 05:00:00,3,26.256508943491056,0.02434282434282434,6.547768247768248
Chennai,2026-10-05 06:00:00,3,26.439436260563735,0.0,6.333687333687333
Chennai,2026-10-05 07:00:00,3,27.782389117610876,0.0,7.29002289002289
Chennai,2026-10-05 08:00:00,3,29.482312617687377,0.0,8.183600483600483
Chennai,2026-10-05 09:00:00,3,31.081939018060975,0.0,8.125738925738926
Chennai,2026-10-05 10:00:00,3,32.476062123937865,0.0,7.324073924073925
Chennai,2026-10-05 11:00:00,3,33.5044712955287,0.0,8.123575923575924
Chennai,2026-10-05 12:00:00,3,33.88017961982038,0.04868564868564868,10.354321254321253
Chennai,2026-10-05 13:00:00,3,33.69385590614409,0.04868564868564868,13.858268958268958
Chennai,2026-10-05 14:00:00,3,32.7027181972818,0.04868564868564868,15.647606247606248
Chennai,2026-10-05 15:00:00,3,31.77637152362847,0.10099280099280099,15.159148759148758
Chennai,2026-10-05 16:00:00,3,31.234930665069328,0.02434282434282434,15.09140249140249
Chennai,2026-10-05 17:00:00,3,30.14190855809144,0.02434282434282434,14.225130925130923
Chennai,2026-10-05 18:00:00,3,29.42462687537312,0.0,12.309217509217508
Chennai,2026-10-05 19:00:00,3,29.106971593028405,0.0,10.137200937200937
Chennai,2026-10-05 20:00:00,3,28.8034986965013,0.0,9.845111445111444
Chennai,2026-10-05 21:00:00,3,28.400335199664795,0.0,9.003579303579304
Chennai,2026-10-05 22:00:00,3,27.925568574431423,0.0,7.758055858055858
Chennai,2026-10-05 23:00:00,3,27.48567061432938,0.0,7.425730025730026
Coimbatore,2026-10-03 00:00:00,1,25.5694869,0.2246844,5.9129195
Coimbatore,2026-10-03 01:00:00,1,24.7969091,0.27335519999999996,8.4948524
Coimbatore,2026-10-03 02:00:00,1,24.386691600000002,0.17596520000000002,10.132789800000001
Coimbatore,2026-10-03 03:00:00,1,24.1905597,0.0,10.6940334
Coimbatore,2026-10-03 04:00:00,1,24.1621192,0.0,10.068987100000001
Coimbatore,2026-10-03 05:00:00,1,24.4314495,0.0,9.9780427
Coimbatore,2026-10-03 06:00:00,1,24.3392945,0.0,9.4967468
Coimbatore,2026-10-03 07:00:00,1,25.1039837,0.0,9.999829499999999
Coimbatore,2026-10-03 08:00:00,1,26.403217500000004,0.0,10.550140500000001
Coimbatore,2026-10-03 09:00:00,1,27.944412900000003,0.0,10.767654799999999
Coimbatore,2026-10-03 10:00:00,1,29.677013000000002,0.0,11.1137408
Coimbatore,2026-10-03 11:00:00,1,31.332553400000002,0.0,11.5314574
Coimbatore,2026-10-03 12:00:00,1,32.4020134,0.027168300000000003,11.679600299999999
Coimbatore,2026-10-03 13:00:00,1,33.144625600000005,0.027168300000000003,11.3217785
Coimbatore,2026-10-03 14:00:00,1,33.3875828,0.027168300000000003,9.8833909
Coimbatore,2026-10-03 15:00:00,1,33.227192800000005,0.0815049,7.8473527
Coimbatore,2026-10-03 16:00:00,1,32.748418,0.0815049,5.9813182
Coimbatore,2026-10-03 17:00:00,1,31.695067400000003,0.0815049,6.2084885000000005
Coimbatore,2026-10-03 18:00:00,1,28.7640318,0.07862360000000002,9.266592
Coimbatore,2026-10-03 19:00:00,1,26.695935100000003,0.15148460000000002,11.1618201
Coimbatore,2026-10-03 20:00:00,1,26.0658698,0.10291060000000002,10.5206166
Coimbatore,2026-10-03 21:00:00,1,25.548175,0.0,9.6753114
Coimbatore,2026-10-03 22:00:00,1,25.2437098,0.0,9.0787853
Coimbatore,2026-10-03 23:00:00,1,24.8887271,0.0,8.023033999999999
Coimbatore,2026-10-04 00:00:00,2,24.602201599999997,0.0,6.81006428993571
Coimbatore,2026-10-04 01:00:00,2,24.244741499999996,0.0,5.092126607873391
Coimbatore,2026-10-04 02:00:00,2,24.0152233,0.0,3.6381695618304377
Coimbatore,2026-10-04 03:00:00,2,23.864273500000003,0.0,3.1135124864875134
Coimbatore,2026-10-04 04:00:00,2,23.533238100000002,0.20333679999999998,2.3340524659475337
Coimbatore,2026-10-04 05:00:00,2,23.346945499999997,0.22875389999999998,2.3257081742918255
Coimbatore,2026-10-04 06:00:00,2,23.5668601,0.025417099999999998,4.078869821130178
Coimbatore,2026-10-04 07:00:00,2,24.7208645,0.0,5.907578492421507
Coimbatore,2026-10-04 08:00:00,2,26.3876062,0.0,7.507027192972806
Coimbatore,2026-10-04 09:00:00,2,28.0541628,0.0,7.919497680502318
Coimbatore,2026-10-04 10:00:00,2,29.6439715,0.025417099999999998,7.475879624120375
Coimbatore,2026-10-04 11:00:00,2,31.034974100000003,0.0,7.071562528437472
Coimbatore,2026-10-04 12:00:00,2,32.3594992,0.0,6.662414037585962
Coimbatore,2026-10-04 13:00:00,2,33.2508251,0.05030860000000001,6.792159707840291
Coimbatore,2026-10-04 14:00:00,2,32.855026699999996,0.5287659,6.313060286939712
Coimbatore,2026-10-04 15:00:00,2,31.1398221,1.4283557,6.734646265353734
Coimbatore,2026-10-04 16:00:00,2,29.1090163,1.6283354,9.564797335202664
Coimbatore,2026-10-04 17:00:00,2,27.744417999999996,1.3023214,11.673299226700772
Coimbatore,2026-10-04 18:00:00,2,26.5956911,0.1500458,11.376191823808174
Coimbatore,2026-10-04 19:00:00,2,25.819992199999998,0.0243506,10.54151535848464
Coimbatore,2026-10-04 20:00:00,2,25.4432443,0.0243506,10.303892196107803
Coimbatore,2026-10-04 21:00:00,2,25.100968599999998,0.0,9.948221151778846
Coimbatore,2026-10-04 22:00:00,2,24.7137261,0.050834199999999996,9.827268872731125
Coimbatore,2026-10-04 23:00:00,2,24.226483599999998,0.1270855,9.239501960498039
Coimbatore,2026-10-05 00:00:00,3,24.01658071658072,0.0,8.60962929037071
Coimbatore,2026-10-05 01:00:00,3,23.714209514209514,0.0,7.918967181032819
Coimbatore,2026-10-05 02:00:00,3,23.404164004164006,0.07421587421587422,7.157634942365059
Coimbatore,2026-10-05 03:00:00,3,23.284514184514187,0.07421587421587422,5.918993781006219
Coimbatore,2026-10-05 04:00:00,3,23.14434134434135,0.07421587421587422,4.79017720982279
Coimbatore,2026-10-05 05:00:00,3,23.134488634488637,0.024738624738624742,4.415698484301516
Coimbatore,2026-10-05 06:00:00,3,23.41802761802762,0.04885004885004885,3.8596881403118597
Coimbatore,2026-10-05 07:00:00,3,24.685092585092583,0.0,3.225144374855625
Coimbatore,2026-10-05 08:00:00,3,26.321396221396224,0.0,2.7940679059320943
Coimbatore,2026-10-05 09:00:00,3,28.212972912972916,0.0,2.110990589009411
Coimbatore,2026-10-05 10:00:00,3,29.997192297192303,0.0,2.7481234518765483
Coimbatore,2026-10-05 11:00:00,3,31.369119169119173,0.024738624738624742,4.603966796033204
Coimbatore,2026-10-05 12:00:00,3,32.13860623860624,0.02637022637022637,6.290999109000891
Coimbatore,2026-10-05 13:00:00,3,32.27515357515358,0.07522027522027522,8.255344344655656
Coimbatore,2026-10-05 14:00:00,3,31.496301196301204,0.17390227390227392,11.227806272193728
Coimbatore,2026-10-05 15:00:00,3,30.77933487933488,0.3028038028038028,12.121197378802623
Coimbatore,2026-10-05 16:00:00,3,29.832044132044135,0.3264935264935265,13.332588767411234
Coimbatore,2026-10-05 17:00:00,3,28.65082545082545,0.20334540334540335,13.708665691334309
Coimbatore,2026-10-05 18:00:00,3,27.24746154746155,0.07911067911067911,11.942283057716944
Coimbatore,2026-10-05 19:00:00,3,26.24963994963995,0.07911067911067911,10.298699001301
Coimbatore,2026-10-05 20:00:00,3,25.618446618446622,0.07911067911067911,8.958601341398658
Coimbatore,2026-10-05 21:00:00,3,24.934103234103237,0.17316697316697316,7.392506707493293
Coimbatore,2026-10-05 22:00:00,3,24.46604556604557,0.3444298444298444,7.719763480236521
Coimbatore,2026-10-05 23:00:00,3,24.246271546271547,0.32026212026212025,7.104175995824005
Dehradun,2026-10-03 00:00:00,1,21.956854399999997,0.0,4.3972643
Dehradun,2026-10-03 01:00:00,1,21.5529023,0.0,4.6513493
Dehradun,2026-10-03 02:00:00,1,21.197985,0.0,4.6770021999999996
Dehradun,2026-10-03 03:00:00,1,20.9048468,0.0,4.5930954999999996
Dehradun,2026-10-03 04:00:00,1,20.686226000000005,0.0,4.5497144
Dehradun,2026-10-03 05:00:00,1,20.8368274,0.0,4.4223444999999995
Dehradun,2026-10-03 06:00:00,1,20.814135,0.0,4.805324799999999
Dehradun,2026-10-03 07:00:00,1,22.2421628,0.0,4.0268695999999995
Dehradun,2026-10-03 08:00:00,1,24.4578055,0.0,2.5615596
Dehradun,2026-10-03 09:00:00,1,26.2446505,0.0,3.8284103000000003
Dehradun,2026-10-03 10:00:00,1,27.3789877,0.0,4.7640226000000006
Dehradun,2026-10-03 11:00:00,1,28.2837083,0.0,5.6607514000000005
Dehradun,2026-10-03 12:00:00,1,28.8101702,0.0310964310964311,5.7023129
Dehradun,2026-10-03 13:00:00,1,29.0342688,0.0310964310964311,6.4930346000000005
Dehradun,2026-10-03 14:00:00,1,29.0187685,0.0310964310964311,6.977276000000001
Dehradun,2026-10-03 15:00:00,1,28.6777856,0.0,6.3952149
Dehradun,2026-10-03 16:00:00,1,27.9727005,0.0,5.3105305000000005
Dehradun,2026-10-03 17:00:00,1,26.5513875,0.0,3.7657136
Dehradun,2026-10-03 18:00:00,1,25.170429199999997,0.0,3.3953189000000004
Dehradun,2026-10-03 19:00:00,1,24.2588521,0.0,4.7706243
Dehradun,2026-10-03 20:00:00,1,23.589425799999997,0.0,4.7735477
Dehradun,2026-10-03 21:00:00,1,23.2145157,0.0,4.631585
Dehradun,2026-10-03 22:00:00,1,22.854519299999996,0.0,4.7475283
Dehradun,2026-10-03 23:00:00,1,22.540402999999998,0.0,4.5051558
Dehradun,2026-10-04 00:00:00,2,22.1567286,0.0,4.4886117
Dehradun,2026-10-04 01:00:00,2,21.7847933,0.0,4.5698204
Dehradun,2026-10-04 02:00:00,2,21.4668446,0.0,4.8200652
Dehradun,2026-10-04 03:00:00,2,21.1818342,0.0,5.0125604
Dehradun,2026-10-04 04:00:00,2,20.953058,0.0,4.829314200000001
Dehradun,2026-10-04 05:00:00,2,20.8422305,0.0,4.8782744
Dehradun,2026-10-04 06:00:00,2,20.9775212,0.0,5.0034239
Dehradun,2026-10-04 07:00:00,2,22.3999443,0.0,4.756966
Dehradun,2026-10-04 08:00:00,2,24.732038,0.0,3.3844097
Dehradun,2026-10-04 09:00:00,2,26.3692714,0.0,4.6722357
Dehradun,2026-10-04 10:00:00,2,27.2441837,0.0,6.0069979
Dehradun,2026-10-04 11:00:00,2,28.105281100000003,0.0,6.4123351
Dehradun,2026-10-04 12:00:00,2,28.6733666,0.0280796,6.6111126
Dehradun,2026-10-04 13:00:00,2,28.966378499999998,0.0280796,7.0853648
Dehradun,2026-10-04 14:00:00,2,28.968303399999996,0.0280796,7.0935562
Dehradun,2026-10-04 15:00:00,2,28.6033279,0.0,6.4203916
Dehradun,2026-10-04 16:00:00,2,27.7508208,0.0,5.1828059
Dehradun,2026-10-04 17:00:00,2,26.3727627,0.0,3.2694122
Dehradun,2026-10-04 18:00:00,2,25.1501396,0.0,2.4752345
Dehradun,2026-10-04 19:00:00,2,24.340041499999998,0.0,4.7874057
Dehradun,2026-10-04 20:00:00,2,23.78102,0.0,5.4632772
Dehradun,2026-10-04 21:00:00,2,23.312033399999997,0.0,4.8671849
Dehradun,2026-10-04 22:00:00,2,22.8564163,0.0,3.7416887
Dehradun,2026-10-04 23:00:00,2,22.540108500000002,0.0,4.2469886
Dehradun,2026-10-05 00:00:00,3,22.243937000000003,0.0,4.1355724
Dehradun,2026-10-05 01:00:00,3,22.0715523,0.0,4.4860951
Dehradun,2026-10-05 02:00:00,3,21.856219799999998,0.0,4.625795200000001
Dehradun,2026-10-05 03:00:00,3,21.612361200000002,0.0,4.5205346
Dehradun,2026-10-05 04:00:00,3,21.3388553,0.0,4.3307898
Dehradun,2026-10-05 05:00:00,3,21.333274499999998,0.0,4.5024884
Dehradun,2026-10-05 06:00:00,3,21.449027899999997,0.0,4.7354892
Dehradun,2026-10-05 07:00:00,3,22.6804024,0.0,4.6879047
Dehradun,2026-10-05 08:00:00,3,24.6705345,0.0,3.8375421000000003
Dehradun,2026-10-05 09:00:00,3,26.138343399999997,0.0,4.5398641
Dehradun,2026-10-05 10:00:00,3,26.8131809,0.0,5.3333661
Dehradun,2026-10-05 11:00:00,3,27.176250700000004,0.0,6.1883885
Dehradun,2026-10-05 12:00:00,3,27.602864300000004,0.0482,6.0225533
Dehradun,2026-10-05 13:00:00,3,28.1323012,0.0482,5.952362000000001
Dehradun,2026-10-05 14:00:00,3,28.3801043,0.0482,5.5938669
Dehradun,2026-10-05 15:00:00,3,28.1378569,0.0,5.5924404
Dehradun,2026-10-05 16:00:00,3,27.3985523,0.0948916,4.3425021
Dehradun,2026-10-05 17:00:00,3,26.2142805,0.0,2.4250367
Dehradun,2026-10-05 18:00:00,3,24.7095069,0.14459999999999998,3.8068404000000005
Dehradun,2026-10-05 19:00:00,3,23.4303006,0.14459999999999998,5.4538807
Dehradun,2026-10-05 20:00:00,3,22.4804369,0.14459999999999998,5.8044227
Dehradun,2026-10-05 21:00:00,3,22.0232778,0.0,5.2101637
Dehradun,2026-10-05 22:00:00,3,21.920743299999998,0.0,4.8967914
Dehradun,2026-10-05 23:00:00,3,21.8094748,0.0,4.7344869
Delhi,2026-10-03 00:00:00,1,26.1732945,0.0,4.9722706
Delhi,2026-10-03 01:00:00,1,25.525383500000004,0.0,5.745039800000001
Delhi,2026-10-03 02:00:00,1,24.9570778,0.0,6.6532474
Delhi,2026-10-03 03:00:00,1,24.5191338,0.0,6.8915445
Delhi,2026-10-03 04:00:00,1,24.1575588,0.0,6.765591499999999
Delhi,2026-10-03 05:00:00,1,24.7915315,0.0,6.7753062
Delhi,2026-10-03 06:00:00,1,24.4035898,0.0,6.355165899999999
Delhi,2026-10-03 07:00:00,1,25.587846,0.0,6.3723545999999995
Delhi,2026-10-03 08:00:00,1,27.9285176,0.0,6.1569125
Delhi,2026-10-03 09:00:00,1,30.451974200000002,0.0,7.067930799999999
Delhi,2026-10-03 10:00:00,1,32.4819548,0.0,8.2346851
Delhi,2026-10-03 11:00:00,1,34.0475831,0.0,9.15251
Delhi,2026-10-03 12:00:00,1,35.1311418,0.0,10.234142199999999
Delhi,2026-10-03 13:00:00,1,35.7968267,0.0,10.911636099999999
Delhi,2026-10-03 14:00:00,1,36.0092245,0.0,11.179542299999998
Delhi,2026-10-03 15:00:00,1,35.8919662,0.0,10.9479187
Delhi,2026-10-03 16:00:00,1,35.350752400000005,0.0,10.430156199999999
Delhi,2026-10-03 17:00:00,1,34.4252062,0.0,8.6897321
Delhi,2026-10-03 18:00:00,1,32.8473562,0.0,5.110619399999999
Delhi,2026-10-03 19:00:00,1,31.4173271,0.0,5.000621
Delhi,2026-10-03 20:00:00,1,30.112834399999997,0.0,4.0917417
Delhi,2026-10-03 21:00:00,1,29.025175599999997,0.0,3.0679396000000003
Delhi,2026-10-03 22:00:00,1,28.1258927,0.0,3.5093582
Delhi,2026-10-03 23:00:00,1,27.433956000000002,0.0,3.8172448
Delhi,2026-10-04 00:00:00,2,27.0998178998179,0.0,3.5473678
Delhi,2026-10-04 01:00:00,2,26.645778745778745,0.0,3.4479207
Delhi,2026-10-04 02:00:00,2,26.33959073959074,0.0,3.7346673999999997
Delhi,2026-10-04 03:00:00,2,26.023585223585222,0.0,4.7664995
Delhi,2026-10-04 04:00:00,2,25.713767713767712,0.0,6.231257299999999
Delhi,2026-10-04 05:00:00,2,25.452980052980053,0.0,6.4536090999999995
Delhi,2026-10-04 06:00:00,2,25.354697554697555,0.0,6.2365885
Delhi,2026-10-04 07:00:00,2,26.32914142914143,0.0,7.2130037
Delhi,2026-10-04 08:00:00,2,28.399755599755593,0.0,8.8016295
Delhi,2026-10-04 09:00:00,2,30.371173471173478,0.0,9.8705839
Delhi,2026-10-04 10:00:00,2,32.1944015944016,0.0,10.539418399999999
Delhi,2026-10-04 11:00:00,2,33.82809412809412,0.0,10.6222116
Delhi,2026-10-04 12:00:00,2,35.12197082197083,0.0,10.362903499999998
Delhi,2026-10-04 13:00:00,2,36.036668236668234,0.0,9.880313000000001
Delhi,2026-10-04 14:00:00,2,36.420102220102216,0.0,9.6932532
Delhi,2026-10-04 15:00:00,2,36.33488603488603,0.0,9.3257042
Delhi,2026-10-04 16:00:00,2,35.803709003709,0.0,8.388677900000001
Delhi,2026-10-04 17:00:00,2,34.653967553967554,0.0,5.3107176
Delhi,2026-10-04 18:00:00,2,32.57820817820818,0.0,5.7718205000000005
Delhi,2026-10-04 19:00:00,2,31.05709185709186,0.0,6.3767413
Delhi,2026-10-04 20:00:00,2,29.814573014573014,0.0,5.892332
Delhi,2026-10-04 21:00:00,2,29.03036973036973,0.0,5.3530253000000005
Delhi,2026-10-04 22:00:00,2,28.297215997215993,0.0,5.2946448
Delhi,2026-10-04 23:00:00,2,27.607658707658707,0.0,5.218918100000001
Delhi,2026-10-05 00:00:00,3,27.028163271836732,0.0,5.379628800000001
Delhi,2026-10-05 01:00:00,3,26.563041036958964,0.0,5.5004861
Delhi,2026-10-05 02:00:00,3,26.268508631491372,0.0,4.495788300000001
Delhi,2026-10-05 03:00:00,3,26.066628933371067,0.0,4.731502800000001
Delhi,2026-10-05 04:00:00,3,25.994993705006298,0.0,6.115951000000001
Delhi,2026-10-05 05:00:00,3,25.706089093910904,0.0,7.585230700000001
Delhi,2026-10-05 06:00:00,3,25.488335511664488,0.0,7.8657326
Delhi,2026-10-05 07:00:00,3,26.463741236258766,0.0,8.8112849
Delhi,2026-10-05 08:00:00,3,28.31399148600852,0.0,10.315498900000001
Delhi,2026-10-05 09:00:00,3,30.05875174124826,0.0,11.1931133
Delhi,2026-10-05 10:00:00,3,31.937988762011237,0.0,10.944060700000001
Delhi,2026-10-05 11:00:00,3,33.5917102082898,0.0,10.361839100000001
Delhi,2026-10-05 12:00:00,3,34.85673684326316,0.0,9.5688495
Delhi,2026-10-05 13:00:00,3,35.6978532021468,0.0,8.902460900000001
Delhi,2026-10-05 14:00:00,3,36.23863186136814,0.0,8.3758247
Delhi,2026-10-05 15:00:00,3,36.2037217962782,0.0,8.1287904
Delhi,2026-10-05 16:00:00,3,35.75741094258906,0.0,7.241139300000001
Delhi,2026-10-05 17:00:00,3,34.730313769686234,0.0,5.7247085
Delhi,2026-10-05 18:00:00,3,32.83324746675254,0.0,6.1832457000000005
Delhi,2026-10-05 19:00:00,3,31.303591396408606,0.0,6.0000749
Delhi,2026-10-05 20:00:00,3,30.203158096841904,0.0,7.712241500000001
Delhi,2026-10-05 21:00:00,3,29.420396479603518,0.0,7.1856818
Delhi,2026-10-05 22:00:00,3,28.972608227391774,0.0,6.4443848
Delhi,2026-10-05 23:00:00,3,28.47251262748737,0.0,6.390127700000001
Ghaziabad,2026-10-03 00:00:00,1,25.1490222,0.0,4.777924377924378
Ghaziabad,2026-10-03 01:00:00,1,24.570411399999998,0.0,5.472312172312173
Ghaziabad,2026-10-03 02:00:00,1,24.1058424,0.0,5.589771489771491
Ghaziabad,2026-10-03 03:00:00,1,23.7830172,0.0,5.38949258949259
Ghaziabad,2026-10-03 04:00:00,1,23.5296392,0.0,5.463981963981965
Ghaziabad,2026-10-03 05:00:00,1,24.1550636,0.0,6.226377826377826
Ghaziabad,2026-10-03 06:00:00,1,23.8881506,0.0,6.294088894088894
Ghaziabad,2026-10-03 07:00:00,1,25.164080999999996,0.0,6.443835343835344
Ghaziabad,2026-10-03 08:00:00,1,27.5651172,0.0,6.484923684923686
Ghaziabad,2026-10-03 09:00:00,1,30.018792400000002,0.0,7.366386566386566
Ghaziabad,2026-10-03 10:00:00,1,31.975887199999995,0.0,8.32031262031262
Ghaziabad,2026-10-03 11:00:00,1,33.515371200000004,0.0,9.044923844923845
Ghaziabad,2026-10-03 12:00:00,1,34.445543799999996,0.0,10.308653808653808
Ghaziabad,2026-10-03 13:00:00,1,35.0525744,0.0,11.46948506948507
Ghaziabad,2026-10-03 14:00:00,1,35.202615800000004,0.0,11.988741688741689
Ghaziabad,2026-10-03 15:00:00,1,34.931268,0.0,11.506821506821506
Ghaziabad,2026-10-03 16:00:00,1,34.2583364,0.0,9.774277274277274
Ghaziabad,2026-10-03 17:00:00,1,33.1614196,0.0,8.070164470164471
Ghaziabad,2026-10-03 18:00:00,1,31.307365600000004,0.0,6.621320121320121
Ghaziabad,2026-10-03 19:00:00,1,29.788149800000003,0.0,6.142977242977243
Ghaziabad,2026-10-03 20:00:00,1,28.548368599999996,0.0,4.76948246948247
Ghaziabad,2026-10-03 21:00:00,1,27.536121799999997,0.0,3.6245406245406246
Ghaziabad,2026-10-03 22:00:00,1,26.845327599999997,0.0,4.1701313701313705
Ghaziabad,2026-10-03 23:00:00,1,26.202697,0.0,4.67967997967998
Ghaziabad,2026-10-04 00:00:00,2,25.890261700000003,0.0,3.5579633000000004
Ghaziabad,2026-10-04 01:00:00,2,25.516873700000005,0.0,3.3432222000000005
Ghaziabad,2026-10-04 02:00:00,2,25.2481777,0.0,4.3034588000000005
Ghaziabad,2026-10-04 03:00:00,2,25.0102796,0.0,4.4529890000000005
Ghaziabad,2026-10-04 04:00:00,2,24.790785,0.0,4.705072800000001
Ghaziabad,2026-10-04 05:00:00,2,24.651498500000002,0.0,5.1168155
Ghaziabad,2026-10-04 06:00:00,2,24.650226900000003,0.0,5.143949000000001
Ghaziabad,2026-10-04 07:00:00,2,25.684792500000004,0.0,5.0425561000000005
Ghaziabad,2026-10-04 08:00:00,2,28.006182000000003,0.0,5.4252585
Ghaziabad,2026-10-04 09:00:00,2,30.284517300000005,0.0,7.476201400000001
Ghaziabad,2026-10-04 10:00:00,2,32.025418200000004,0.0,8.681493200000002
Ghaziabad,2026-10-04 11:00:00,2,33.3589216,0.0,9.302613000000001
Ghaziabad,2026-10-04 12:00:00,2,34.413119900000005,0.0,9.248008600000002
Ghaziabad,2026-10-04 13:00:00,2,35.17751320000001,0.0,8.9459558
Ghaziabad,2026-10-04 14:00:00,2,35.4906938,0.0,8.908184400000001
Ghaziabad,2026-10-04 15:00:00,2,35.1905598,0.0,9.1913205
Ghaziabad,2026-10-04 16:00:00,2,34.2791225,0.0,8.578697300000002
Ghaziabad,2026-10-04 17:00:00,2,32.84092710000001,0.0,6.6744608
Ghaziabad,2026-10-04 18:00:00,2,30.948002100000004,0.0,5.460699800000001
Ghaziabad,2026-10-04 19:00:00,2,29.427959,0.0,5.6655909000000015
Ghaziabad,2026-10-04 20:00:00,2,28.140487400000005,0.0,6.234756600000001
Ghaziabad,2026-10-04 21:00:00,2,27.1472999,0.0,5.867640700000001
Ghaziabad,2026-10-04 22:00:00,2,26.551510600000004,0.0,5.019996000000001
Ghaziabad,2026-10-04 23:00:00,2,26.005014700000004,0.0,4.928796800000001
Ghaziabad,2026-10-05 00:00:00,3,25.439074100000003,0.0,4.886575113424887
Ghaziabad,2026-10-05 01:00:00,3,25.08038,0.0,4.961360638639362
Ghaziabad,2026-10-05 02:00:00,3,24.917983200000002,0.0,3.670340429659571
Ghaziabad,2026-10-05 03:00:00,3,24.796714800000004,0.0,4.054450545549455
Ghaziabad,2026-10-05 04:00:00,3,24.7205927,0.0,4.519932280067721
Ghaziabad,2026-10-05 05:00:00,3,24.798950200000004,0.0,3.400681499318501
Ghaziabad,2026-10-05 06:00:00,3,24.882434200000002,0.0,4.45900614099386
Ghaziabad,2026-10-05 07:00:00,3,25.909584100000004,0.0,5.640532059467941
Ghaziabad,2026-10-05 08:00:00,3,28.1348741,0.0,7.4863684136315864
Ghaziabad,2026-10-05 09:00:00,3,29.8769993,0.0,9.772986927013074
Ghaziabad,2026-10-05 10:00:00,3,31.4300705,0.0,10.255862744137257
Ghaziabad,2026-10-05 11:00:00,3,32.818817,0.0,9.781143418856582
Ghaziabad,2026-10-05 12:00:00,3,33.917578400000004,0.0,8.585158814841186
Ghaziabad,2026-10-05 13:00:00,3,34.63829750000001,0.0,7.840855959144042
Ghaziabad,2026-10-05 14:00:00,3,34.933356200000006,0.0,7.8243479756520244
Ghaziabad,2026-10-05 15:00:00,3,34.637457500000004,0.0,7.870461229538772
Ghaziabad,2026-10-05 16:00:00,3,34.0067992,0.0,7.348730851269149
Ghaziabad,2026-10-05 17:00:00,3,32.9287569,0.0,5.7526996473003535
Ghaziabad,2026-10-05 18:00:00,3,31.155639100000002,0.0,6.154029645970354
Ghaziabad,2026-10-05 19:00:00,3,29.5958916,0.0,6.80874459125541
Ghaziabad,2026-10-05 20:00:00,3,28.5287876,0.0,7.737264262735738
Ghaziabad,2026-10-05 21:00:00,3,27.7656372,0.0,8.525506174493826
Ghaziabad,2026-10-05 22:00:00,3,27.1321085,0.0,8.842788657211344
Ghaziabad,2026-10-05 23:00:00,3,26.6121276,0.0,9.584938715061286
Goa,2026-10-03 00:00:00,1,26.3113899,0.0,4.177549577549577
Goa,2026-10-03 01:00:00,1,26.045024599999998,0.0,4.308231808231808
Goa,2026-10-03 02:00:00,1,25.7031636,0.0,4.532101632101632
Goa,2026-10-03 03:00:00,1,25.4298644,0.0,4.443588243588244
Goa,2026-10-03 04:00:00,1,25.1724842,0.0,5.0883131883131885
Goa,2026-10-03 05:00:00,1,25.2636775,0.0,4.918221618221618
Goa,2026-10-03 06:00:00,1,25.252412099999997,0.0,5.151632651632651
Goa,2026-10-03 07:00:00,1,26.2640404,0.0,5.214374814374814
Goa,2026-10-03 08:00:00,1,28.786171399999997,0.0,3.9904000904000907
Goa,2026-10-03 09:00:00,1,31.5149311,0.0,4.25910895910896
Goa,2026-10-03 10:00:00,1,33.598497,0.0,4.947148647148647
Goa,2026-10-03 11:00:00,1,35.1343282,0.0,4.012268712268712
Goa,2026-10-03 12:00:00,1,35.8104374,0.0534832,4.038458638458638
Goa,2026-10-03 13:00:00,1,35.247488700000005,0.0534832,8.796146796146797
Goa,2026-10-03 14:00:00,1,33.445456,0.3064661,11.517821117821118
Goa,2026-10-03 15:00:00,1,31.727057699999996,0.4553626,10.879482579482579
Goa,2026-10-03 16:00:00,1,30.9341215,0.41656059999999995,6.818793918793919
Goa,2026-10-03 17:00:00,1,30.2738436,0.19029859999999998,5.575337175337175
Goa,2026-10-03 18:00:00,1,29.006062999999997,0.087918,4.267790267790268
Goa,2026-10-03 19:00:00,1,28.227394399999998,0.087918,3.723171623171623
Goa,2026-10-03 20:00:00,1,27.7215022,0.0,3.487740987740988
Goa,2026-10-03 21:00:00,1,27.312593200000002,0.0,3.4096306096306095
Goa,2026-10-03 22:00:00,1,26.755735799999997,0.0,4.0044900044900045
Goa,2026-10-03 23:00:00,1,26.347887,0.0,3.9478065478065476
Goa,2026-10-04 00:00:00,2,25.9084968,0.0,4.1460103
Goa,2026-10-04 01:00:00,2,25.4948236,0.0,4.147274
Goa,2026-10-04 02:00:00,2,25.1853624,0.0,3.6988712
Goa,2026-10-04 03:00:00,2,24.8759012,0.0,3.7921376
Goa,2026-10-04 04:00:00,2,24.591665600000002,0.0,3.5025073000000004
Goa,2026-10-04 05:00:00,2,24.341138800000003,0.0,3.5961809999999996
Goa,2026-10-04 06:00:00,2,24.3927776,0.0,3.9292401000000003
Goa,2026-10-04 07:00:00,2,25.672772,0.0,3.6532059000000006
Goa,2026-10-04 08:00:00,2,28.076864800000003,0.0,2.3611273
Goa,2026-10-04 09:00:00,2,29.9210596,0.0,2.0354509
Goa,2026-10-04 10:00:00,2,31.5873508,0.0,3.2211532
Goa,2026-10-04 11:00:00,2,32.896768,0.0,5.1212249
Goa,2026-10-04 12:00:00,2,33.4608788,0.156075,7.7293742000000005
Goa,2026-10-04 13:00:00,2,32.9723868,0.1829867,11.6267011
Goa,2026-10-04 14:00:00,2,31.1956408,0.8019557999999999,11.835395
Goa,2026-10-04 15:00:00,2,29.3591152,2.6953495,9.8526195
Goa,2026-10-04 16:00:00,2,28.939138800000002,0.7556409,7.4070848
Goa,2026-10-04 17:00:00,2,28.540205999999998,0.1279421,5.798367300000001
Goa,2026-10-04 18:00:00,2,27.940175600000003,0.0,4.0140069
Goa,2026-10-04 19:00:00,2,27.3790896,0.0,3.0374701
Goa,2026-10-04 20:00:00,2,26.969583200000002,0.0,2.2158993000000002
Goa,2026-10-04 21:00:00,2,26.586400400000002,0.0,2.6257099
Goa,2026-10-04 22:00:00,2,26.3495324,0.0,3.4536761999999994
Goa,2026-10-04 23:00:00,2,26.1463436,0.0,3.8356937
Goa,2026-10-05 00:00:00,3,25.896914600000002,0.0,3.722761
Goa,2026-10-05 01:00:00,3,25.6124566,0.0,3.6647673999999997
Goa,2026-10-05 02:00:00,3,25.3372073,0.0,3.579073
Goa,2026-10-05 03:00:00,3,25.066858200000002,0.0,3.9634095999999994
Goa,2026-10-05 04:00:00,3,24.7422356,0.443042,4.2600891999999995
Goa,2026-10-05 05:00:00,3,24.7130483,0.0664563,4.4887695999999995
Goa,2026-10-05 06:00:00,3,24.8368018,0.0,4.365917
Goa,2026-10-05 07:00:00,3,25.867403699999997,0.0,3.5565358
Goa,2026-10-05 08:00:00,3,27.5249369,0.0,2.7037686
Goa,2026-10-05 09:00:00,3,28.597362299999997,0.0252927,3.7186153999999996
Goa,2026-10-05 10:00:00,3,29.6972923,0.052871600000000005,4.649706
Goa,2026-10-05 11:00:00,3,30.5191491,0.13560830000000001,5.4828256
Goa,2026-10-05 12:00:00,3,30.958810399999997,0.2856557,7.389805599999999
Goa,2026-10-05 13:00:00,3,30.7552336,0.6513878,9.2118806
Goa,2026-10-05 14:00:00,3,30.263039600000003,0.8231778,9.706424799999999
Goa,2026-10-05 15:00:00,3,29.595873700000002,0.7133688,9.5319854
Goa,2026-10-05 16:00:00,3,28.9799381,0.7016254000000001,8.345044399999999
Goa,2026-10-05 17:00:00,3,28.2123548,0.27121660000000003,6.6914558
Goa,2026-10-05 18:00:00,3,27.247863499999998,0.0,4.5952588
Goa,2026-10-05 19:00:00,3,26.7054945,0.0,2.611685
Goa,2026-10-05 20:00:00,3,26.275703600000003,0.0,2.8352437999999998
Goa,2026-10-05 21:00:00,3,25.837179499999998,0.0,2.5506842000000005
Goa,2026-10-05 22:00:00,3,25.549224,0.0,2.3171954
Goa,2026-10-05 23:00:00,3,25.190385799999998,0.0,3.7301278
Guwahati,2026-10-03 00:00:00,1,26.53458376541623,0.0,6.602311499999999
Guwahati,2026-10-03 01:00:00,1,26.166752833247163,0.0,6.0786006
Guwahati,2026-10-03 02:00:00,1,25.948337151662844,0.0,5.6766049999999995
Guwahati,2026-10-03 03:00:00,1,25.727134772865224,0.0,5.2516441
Guwahati,2026-10-03 04:00:00,1,25.5029911970088,0.0,4.5136123999999995
Guwahati,2026-10-03 05:00:00,1,25.508343091656904,0.0,4.5095957
Guwahati,2026-10-03 06:00:00,1,26.328989971010024,0.0,3.5961497
Guwahati,2026-10-03 07:00:00,1,28.06725833274166,0.0,4.5451291
Guwahati,2026-10-03 08:00:00,1,29.57218812781187,0.0,7.4228041
Guwahati,2026-10-03 09:00:00,1,30.6052847947152,0.03081623081623082,10.316125699999999
Guwahati,2026-10-03 10:00:00,1,31.504599795400196,0.03081623081623082,12.0545119
Guwahati,2026-10-03 11:00:00,1,32.16232453767546,0.03081623081623082,12.5071002
Guwahati,2026-10-03 12:00:00,1,32.4076704923295,0.0,12.894033799999999
Guwahati,2026-10-03 13:00:00,1,32.412424787575205,0.0,13.478474899999998
Guwahati,2026-10-03 14:00:00,1,31.99122240877759,0.0,13.313358499999998
Guwahati,2026-10-03 15:00:00,1,31.26252503747496,0.0,11.4181841
Guwahati,2026-10-03 16:00:00,1,29.988836711163284,0.0,9.8489708
Guwahati,2026-10-03 17:00:00,1,28.722442877557118,0.0,7.3555055
Guwahati,2026-10-03 18:00:00,1,27.989588810411185,0.0,4.815640699999999
Guwahati,2026-10-03 19:00:00,1,27.592572107427888,0.0,4.114463199999999
Guwahati,2026-10-03 20:00:00,1,27.188302311697687,0.0,3.8493366
Guwahati,2026-10-03 21:00:00,1,26.718169181830813,0.0,4.0051933
Guwahati,2026-10-03 22:00:00,1,26.330902969097025,0.4313029313029313,4.1136080999999995
Guwahati,2026-10-03 23:00:00,1,26.03340106659893,0.08626058626058625,4.0577694
Guwahati,2026-10-04 00:00:00,2,25.5578489,0.0,4.0200005999999995
Guwahati,2026-10-04 01:00:00,2,25.3464743,0.0,3.5704222999999997
Guwahati,2026-10-04 02:00:00,2,25.0852855,0.0465912,2.9232869
Guwahati,2026-10-04 03:00:00,2,24.529253800000003,0.0,2.3682962
Guwahati,2026-10-04 04:00:00,2,24.072224000000002,0.0,2.2661293
Guwahati,2026-10-04 05:00:00,2,23.8872256,0.0,2.5906803
Guwahati,2026-10-04 06:00:00,2,24.7642759,0.0,2.3179019
Guwahati,2026-10-04 07:00:00,2,26.418584000000003,0.0,3.3211327000000006
Guwahati,2026-10-04 08:00:00,2,27.446070499999998,0.0,4.0082011
Guwahati,2026-10-04 09:00:00,2,28.3583843,0.0,4.4174875
Guwahati,2026-10-04 10:00:00,2,29.015242999999998,0.0,5.220976
Guwahati,2026-10-04 11:00:00,2,30.4637249,0.0,6.200835099999999
Guwahati,2026-10-04 12:00:00,2,30.925402000000002,0.027261900000000002,7.6632044
Guwahati,2026-10-04 13:00:00,2,30.8839681,0.027261900000000002,8.2823924
Guwahati,2026-10-04 14:00:00,2,30.594772300000002,0.027261900000000002,7.4633955
Guwahati,2026-10-04 15:00:00,2,29.992316199999998,0.2998809,6.0852399
Guwahati,2026-10-04 16:00:00,2,28.707907600000002,0.37086600000000003,5.0992023
Guwahati,2026-10-04 17:00:00,2,27.4291766,0.37086600000000003,3.8634447
Guwahati,2026-10-04 18:00:00,2,26.7211073,0.1892936,3.0882559
Guwahati,2026-10-04 19:00:00,2,26.336735400000002,0.0,3.470275
Guwahati,2026-10-04 20:00:00,2,25.844465300000003,0.0,3.3870858999999998
Guwahati,2026-10-04 21:00:00,2,25.5078553,0.0,3.2891746
Guwahati,2026-10-04 22:00:00,2,25.2004731,0.0,3.2314767
Guwahati,2026-10-04 23:00:00,2,24.9924644,0.0,2.7424771000000003
Guwahati,2026-10-05 00:00:00,3,24.7066364,0.11540280000000001,2.8430326
Guwahati,2026-10-05 01:00:00,3,24.279720399999995,0.339668,4.0169207
Guwahati,2026-10-05 02:00:00,3,24.040033299999997,0.2495959,4.7157367
Guwahati,2026-10-05 03:00:00,3,23.6577822,0.12441310000000001,4.8193795
Guwahati,2026-10-05 04:00:00,3,23.333571399999997,0.1483037,5.2193279
Guwahati,2026-10-05 05:00:00,3,23.319273799999998,0.0766319,4.9191199
Guwahati,2026-10-05 06:00:00,3,23.903470300000002,0.1293732,5.4325558
Guwahati,2026-10-05 07:00:00,3,24.8548823,0.05770140000000001,6.3996807
Guwahati,2026-10-05 08:00:00,3,26.0793892,0.05770140000000001,7.0959863
Guwahati,2026-10-05 09:00:00,3,27.230023600000003,0.2866872,7.5025251
Guwahati,2026-10-05 10:00:00,3,28.503682,0.0955624,6.9121787
Guwahati,2026-10-05 11:00:00,3,29.5566108,0.0,6.349453799999999
Guwahati,2026-10-05 12:00:00,3,30.079776600000002,0.028850700000000003,7.109877200000001
Guwahati,2026-10-05 13:00:00,3,29.913318099999998,0.028850700000000003,7.501878799999999
Guwahati,2026-10-05 14:00:00,3,29.8885111,0.028850700000000003,6.772452899999999
Guwahati,2026-10-05 15:00:00,3,29.364912699999998,0.2257053,5.6790541
Guwahati,2026-10-05 16:00:00,3,27.8937955,0.4904313,4.1064444
Guwahati,2026-10-05 17:00:00,3,26.4771243,0.6889758,2.6728961
Guwahati,2026-10-05 18:00:00,3,25.8060075,0.19217249999999997,3.9149259
Guwahati,2026-10-05 19:00:00,3,25.2570034,0.0945174,5.5138823
Guwahati,2026-10-05 20:00:00,3,24.993843499999997,0.0,6.0303994
Guwahati,2026-10-05 21:00:00,3,24.6144503,0.0,6.0300101999999995
Guwahati,2026-10-05 22:00:00,3,24.264379400000003,0.0,5.975825199999999
Guwahati,2026-10-05 23:00:00,3,23.907395,0.0,5.540562499999999
Hyderabad,2026-10-03 00:00:00,1,24.4345936,0.0,4.9608951999999995
Hyderabad,2026-10-03 01:00:00,1,23.9661974,0.0,4.145844899999999
Hyderabad,2026-10-03 02:00:00,1,23.6297018,0.0,3.6199605999999998
Hyderabad,2026-10-03 03:00:00,1,23.325777199999997,0.0,3.6425482000000002
Hyderabad,2026-10-03 04:00:00,1,23.01097,0.0,3.188007
Hyderabad,2026-10-03 05:00:00,1,23.3033626,0.0,2.9240984
Hyderabad,2026-10-03 06:00:00,1,23.3197638,0.0,2.7788038000000004
Hyderabad,2026-10-03 07:00:00,1,24.6687036,0.0,3.2460555
Hyderabad,2026-10-03 08:00:00,1,26.7472792,0.0,5.5849231
Hyderabad,2026-10-03 09:00:00,1,28.6370892,0.0,7.2678075
Hyderabad,2026-10-03 10:00:00,1,30.0621086,0.0,7.895859100000001
Hyderabad,2026-10-03 11:00:00,1,31.226283800000004,0.0,8.0809111
Hyderabad,2026-10-03 12:00:00,1,31.954931000000002,0.027133927133927135,8.783273
Hyderabad,2026-10-03 13:00:00,1,32.316446,0.027133927133927135,9.0916036
Hyderabad,2026-10-03 14:00:00,1,32.3358478,0.027133927133927135,8.7261546
Hyderabad,2026-10-03 15:00:00,1,31.816763,0.0,8.491306999999999
Hyderabad,2026-10-03 16:00:00,1,31.1753202,0.0,8.5479171
Hyderabad,2026-10-03 17:00:00,1,30.4930844,0.0,8.9979355
Hyderabad,2026-10-03 18:00:00,1,29.3443654,0.0,9.0911547
Hyderabad,2026-10-03 19:00:00,1,28.4904028,0.0,9.839399100000001
Hyderabad,2026-10-03 20:00:00,1,27.251654199999997,0.23923553923553925,8.2918117
Hyderabad,2026-10-03 21:00:00,1,26.4247,0.1594903594903595,8.091883000000001
Hyderabad,2026-10-03 22:00:00,1,25.8740676,0.07974517974517975,7.6690787
Hyderabad,2026-10-03 23:00:00,1,25.571780999999998,0.0,7.8735587
Hyderabad,2026-10-04 00:00:00,2,25.445330000000002,0.0,7.1822418
Hyderabad,2026-10-04 01:00:00,2,25.3115327,0.0,6.7483655
Hyderabad,2026-10-04 02:00:00,2,24.9060917,0.0,6.200309900000001
Hyderabad,2026-10-04 03:00:00,2,24.3792553,0.0,5.8813125
Hyderabad,2026-10-04 04:00:00,2,23.899473900000004,0.0,4.8918061
Hyderabad,2026-10-04 05:00:00,2,23.6508675,0.0,3.9716609999999997
Hyderabad,2026-10-04 06:00:00,2,23.8762718,0.0,3.4934054999999997
Hyderabad,2026-10-04 07:00:00,2,25.253206400000003,0.0,3.7068696
Hyderabad,2026-10-04 08:00:00,2,27.205689000000003,0.0,5.145165
Hyderabad,2026-10-04 09:00:00,2,29.0734431,0.0,5.5530159
Hyderabad,2026-10-04 10:00:00,2,30.6379436,0.0,5.3973679
Hyderabad,2026-10-04 11:00:00,2,31.7935337,0.0,6.012275
Hyderabad,2026-10-04 12:00:00,2,32.5462314,0.0,6.9657522
Hyderabad,2026-10-04 13:00:00,2,32.8769118,0.0,7.5492709
Hyderabad,2026-10-04 14:00:00,2,32.8608897,0.0,8.5911761
Hyderabad,2026-10-04 15:00:00,2,32.09153860000001,0.21451498548501455,10.310628900000001
Hyderabad,2026-10-04 16:00:00,2,31.368276800000004,0.05362874637125364,10.8864452
Hyderabad,2026-10-04 17:00:00,2,30.7508313,0.0,10.5661533
Hyderabad,2026-10-04 18:00:00,2,29.688669,0.0,9.8719355
Hyderabad,2026-10-04 19:00:00,2,28.676761000000003,0.0,9.803883599999999
Hyderabad,2026-10-04 20:00:00,2,27.635618800000003,0.0845858154141846,7.485593099999999
Hyderabad,2026-10-04 21:00:00,2,26.954015899999998,0.0,6.318443
Hyderabad,2026-10-04 22:00:00,2,26.2924078,0.0,4.659414900000001
Hyderabad,2026-10-04 23:00:00,2,25.9513252,0.0,3.779745899999999
Hyderabad,2026-10-05 00:00:00,3,25.548084551915444,0.0,3.4106410106410103
Hyderabad,2026-10-05 01:00:00,3,25.052197747802246,0.0,4.546756546756547
Hyderabad,2026-10-05 02:00:00,3,24.701089198910797,0.0,3.998393498393498
Hyderabad,2026-10-05 03:00:00,3,24.474518825481173,0.0,2.6684489684489683
Hyderabad,2026-10-05 04:00:00,3,24.286657413342585,0.0,3.508720708720709
Hyderabad,2026-10-05 05:00:00,3,24.244582955417044,0.0,2.2998619998620002
Hyderabad,2026-10-05 06:00:00,3,24.55700854299145,0.0,3.412894612894613
Hyderabad,2026-10-05 07:00:00,3,25.72291427708572,0.0,3.379115479115479
Hyderabad,2026-10-05 08:00:00,3,27.622517177482823,0.0,5.012788712788713
Hyderabad,2026-10-05 09:00:00,3,29.46047843952156,0.0,5.916373416373416
Hyderabad,2026-10-05 10:00:00,3,30.88348721651278,0.0,6.903140403140403
Hyderabad,2026-10-05 11:00:00,3,31.839732460267534,0.0,6.286593286593286
Hyderabad,2026-10-05 12:00:00,3,32.377969522030476,0.0,5.988452688452689
Hyderabad,2026-10-05 13:00:00,3,32.55578814421185,0.0,8.089299289299289
Hyderabad,2026-10-05 14:00:00,3,32.28026631973368,0.0,10.95958875958876
Hyderabad,2026-10-05 15:00:00,3,31.901699998299996,0.0,11.197668997668998
Hyderabad,2026-10-05 16:00:00,3,31.340729959270035,0.026972026972026983,10.724629124629125
Hyderabad,2026-10-05 17:00:00,3,30.26338323661676,0.10788810788810793,10.105160305160304
Hyderabad,2026-10-05 18:00:00,3,28.975904124095873,0.0,8.155633255633257
Hyderabad,2026-10-05 19:00:00,3,27.611051488948505,0.08091608091608093,8.211525411525411
Hyderabad,2026-10-05 20:00:00,3,26.390991909008086,0.48549648549648566,7.716480516480516
Hyderabad,2026-10-05 21:00:00,3,25.715194284805712,0.0,6.698304398304398
Hyderabad,2026-10-05 22:00:00,3,25.07263312736687,0.0,5.321942621942622
Hyderabad,2026-10-05 23:00:00,3,24.48960301039699,0.0,4.368541968541968
Imphal,2026-10-03 00:00:00,1,20.372941027058975,0.0325634,2.6310823999999995
Imphal,2026-10-03 01:00:00,1,20.14767485232515,0.0162817,2.7172308
Imphal,2026-10-03 02:00:00,1,19.98041851958148,0.0162817,2.4233016000000003
Imphal,2026-10-03 03:00:00,1,19.860513839486163,0.0652948,2.2409602
Imphal,2026-10-03 04:00:00,1,19.93849236150764,0.0815765,3.3061497999999996
Imphal,2026-10-03 05:00:00,1,20.6000930999069,0.049013100000000004,2.7247186
Imphal,2026-10-03 06:00:00,1,21.134065165934835,0.0652948,2.2082226
Imphal,2026-10-03 07:00:00,1,22.284119315880687,0.0327314,1.5677268000000002
Imphal,2026-10-03 08:00:00,1,23.653839446160553,0.0327314,2.5264642
Imphal,2026-10-03 09:00:00,1,25.155716744283257,0.0327314,5.125702799999999
Imphal,2026-10-03 10:00:00,1,26.01112458887542,0.19554839999999998,6.859534
Imphal,2026-10-03 11:00:00,1,25.775130824869176,0.5211823999999999,7.8576657999999995
Imphal,2026-10-03 12:00:00,1,26.140609559390445,0.2932386,8.4758488
Imphal,2026-10-03 13:00:00,1,26.594558105441894,0.0327314,10.3973464
Imphal,2026-10-03 14:00:00,1,26.28114121885878,0.0576964,10.4610516
Imphal,2026-10-03 15:00:00,1,25.514599385400615,0.024965,8.516477
Imphal,2026-10-03 16:00:00,1,24.1007706992293,0.0,6.342265
Imphal,2026-10-03 17:00:00,1,22.593366606633396,0.0,4.9758678
Imphal,2026-10-03 18:00:00,1,21.71027468972531,0.0,3.6976443999999997
Imphal,2026-10-03 19:00:00,1,20.84048975951024,0.0,3.1127434000000003
Imphal,2026-10-03 20:00:00,1,20.222940577059425,0.0,3.0980254
Imphal,2026-10-03 21:00:00,1,19.644788155211845,0.0,2.8454674
Imphal,2026-10-03 22:00:00,1,19.194256605743398,0.0,2.6326752
Imphal,2026-10-03 23:00:00,1,18.926587673412328,0.0,2.4968494
Imphal,2026-10-04 00:00:00,2,18.51308058691941,0.0,2.3636221
Imphal,2026-10-04 01:00:00,2,18.29075150924849,0.0,2.5667902000000002
Imphal,2026-10-04 02:00:00,2,18.083424016575982,0.0,2.5870127000000003
Imphal,2026-10-04 03:00:00,2,17.844012655987346,0.0,2.8139198999999997
Imphal,2026-10-04 04:00:00,2,17.604601295398705,0.0,2.9334342
Imphal,2026-10-04 05:00:00,2,17.56184653815346,0.0,3.0812264000000003
Imphal,2026-10-04 06:00:00,2,18.77779702220298,0.0,2.6414718
Imphal,2026-10-04 07:00:00,2,20.62841277158723,0.0,1.9026106
Imphal,2026-10-04 08:00:00,2,22.495789804210194,0.0,1.822731
Imphal,2026-10-04 09:00:00,2,24.09019640980359,0.0334916,3.3208076
Imphal,2026-10-04 10:00:00,2,25.467475132524868,0.0334916,5.1867790000000005
Imphal,2026-10-04 11:00:00,2,26.471995928004073,0.0334916,6.4907761000000015
Imphal,2026-10-04 12:00:00,2,26.845908054091947,0.07537080000000002,7.7142475
Imphal,2026-10-04 13:00:00,2,26.760137239862757,0.054431200000000006,8.6847189
Imphal,2026-10-04 14:00:00,2,26.565966334033664,0.0334916,8.0913634
Imphal,2026-10-04 15:00:00,2,26.051547048452953,0.0,7.155700599999999
Imphal,2026-10-04 16:00:00,2,24.565789834210168,0.0,5.2317273
Imphal,2026-10-04 17:00:00,2,22.823751476248525,0.0,3.9988757
Imphal,2026-10-04 18:00:00,2,21.575929624070376,0.0,3.4907737
Imphal,2026-10-04 19:00:00,2,20.574264325735673,0.0,2.9974206
Imphal,2026-10-04 20:00:00,2,19.804682895317104,0.0,2.9158950999999997
Imphal,2026-10-04 21:00:00,2,19.15085224914775,0.0,2.9297964
Imphal,2026-10-04 22:00:00,2,18.65085224914775,0.0,2.6168959000000003
Imphal,2026-10-04 23:00:00,2,18.220266779733223,0.0,2.7609961
Imphal,2026-10-05 00:00:00,3,17.898822900000003,0.0,2.717108417108417
Imphal,2026-10-05 01:00:00,3,17.5956214,0.0,2.7103200103200105
Imphal,2026-10-05 02:00:00,3,17.3302792,0.0,2.7513315513315515
Imphal,2026-10-05 03:00:00,3,17.0683911,0.0,2.7327138327138325
Imphal,2026-10-05 04:00:00,3,16.8443623,0.0,3.0031161031161036
Imphal,2026-10-05 05:00:00,3,16.9646081,0.0,3.023068223068223
Imphal,2026-10-05 06:00:00,3,18.656195699999998,0.0,2.220425220425221
Imphal,2026-10-05 07:00:00,3,21.2126825,0.0,1.7463431463431465
Imphal,2026-10-05 08:00:00,3,23.296826699999997,0.0,2.7522447522447524
Imphal,2026-10-05 09:00:00,3,24.9703278,0.0482963517036483,3.2253287253287253
Imphal,2026-10-05 10:00:00,3,26.267605099999997,0.0482963517036483,4.191668991668992
Imphal,2026-10-05 11:00:00,3,27.1689321,0.0482963517036483,5.197544497544497
Imphal,2026-10-05 12:00:00,3,27.695061600000002,0.0965927034072966,4.287264087264088
Imphal,2026-10-05 13:00:00,3,27.7932012,0.0965927034072966,4.726883926883927
Imphal,2026-10-05 14:00:00,3,27.567312,0.0965927034072966,5.74043614043614
Imphal,2026-10-05 15:00:00,3,26.843016499999997,0.07077812922187078,4.611796311796311
Imphal,2026-10-05 16:00:00,3,25.0917301,0.07077812922187078,3.122536022536023
Imphal,2026-10-05 17:00:00,3,23.006066699999998,0.09325990674009327,4.151525051525052
Imphal,2026-10-05 18:00:00,3,21.828187,0.0,3.7619155619155618
Imphal,2026-10-05 19:00:00,3,21.1071194,0.0,3.07981507981508
Imphal,2026-10-05 20:00:00,3,20.6412702,0.0,2.8212226212226215
Imphal,2026-10-05 21:00:00,3,20.2002094,0.0,3.27996417996418
Imphal,2026-10-05 22:00:00,3,19.7639579,0.0,3.741154941154941
Imphal,2026-10-05 23:00:00,3,19.4111814,0.0,4.035907935907936
Indore,2026-10-03 00:00:00,1,23.753484399999998,0.0,4.6485962999999995
Indore,2026-10-03 01:00:00,1,23.121429699999997,0.0,4.009259200000001
Indore,2026-10-03 02:00:00,1,22.464639899999998,0.0,2.9900575
Indore,2026-10-03 03:00:00,1,21.8102984,0.0,2.9610043
Indore,2026-10-03 04:00:00,1,21.2404694,0.0,3.1367154999999998
Indore,2026-10-03 05:00:00,1,21.0748252,0.0,3.2298001
Indore,2026-10-03 06:00:00,1,21.1794512,0.0,3.2115008
Indore,2026-10-03 07:00:00,1,23.1833629,0.0,3.4406903
Indore,2026-10-03 08:00:00,1,26.240892999999996,0.0,2.9850399999999997
Indore,2026-10-03 09:00:00,1,28.8698627,0.0,3.4657929999999997
Indore,2026-10-03 10:00:00,1,30.532494400000004,0.0,3.7588273
Indore,2026-10-03 11:00:00,1,31.675737899999998,0.0,3.5982665
Indore,2026-10-03 12:00:00,1,32.3393739,0.0,4.4226655
Indore,2026-10-03 13:00:00,1,32.511453499999995,0.0,5.867232899999999
Indore,2026-10-03 14:00:00,1,32.4185644,0.0,7.0892167
Indore,2026-10-03 15:00:00,1,32.079335099999994,0.0,7.4413678
Indore,2026-10-03 16:00:00,1,31.4159327,0.0,7.0494123
Indore,2026-10-03 17:00:00,1,29.955954999999996,0.0,5.7083856
Indore,2026-10-03 18:00:00,1,27.718044099999997,0.0,3.435116
Indore,2026-10-03 19:00:00,1,26.0519624,0.0,3.3363809
Indore,2026-10-03 20:00:00,1,24.9075971,0.0,4.3812771
Indore,2026-10-03 21:00:00,1,24.177231,0.0,4.7345918000000005
Indore,2026-10-03 22:00:00,1,23.386092,0.0,5.098966300000001
Indore,2026-10-03 23:00:00,1,22.9788504,0.0,5.107920399999999
Indore,2026-10-04 00:00:00,2,22.583238600000005,0.0,5.632686132686134
Indore,2026-10-04 01:00:00,2,22.109312600000003,0.0,5.868917068917069
Indore,2026-10-04 02:00:00,2,21.551755,0.0,5.873451073451074
Indore,2026-10-04 03:00:00,2,20.770413400000002,0.0,5.634932534932535
Indore,2026-10-04 04:00:00,2,20.546339600000003,0.0,5.527853027853029
Indore,2026-10-04 05:00:00,2,20.578609200000002,0.0,5.545127445127445
Indore,2026-10-04 06:00:00,2,20.999097000000006,0.0,5.58040528040528
Indore,2026-10-04 07:00:00,2,22.8381726,0.0,6.053426453426454
Indore,2026-10-04 08:00:00,2,25.911054400000005,0.0,6.661979261979263
Indore,2026-10-04 09:00:00,2,28.437907800000005,0.0,8.181618081618083
Indore,2026-10-04 10:00:00,2,30.2955472,0.0,8.52991392991393
Indore,2026-10-04 11:00:00,2,31.569191800000006,0.0,7.401549401549403
Indore,2026-10-04 12:00:00,2,32.339988000000005,0.0,5.776380776380777
Indore,2026-10-04 13:00:00,2,32.8182442,0.0,4.941650641650642
Indore,2026-10-04 14:00:00,2,32.891848800000005,0.0,4.898222198222198
Indore,2026-10-04 15:00:00,2,32.579832800000005,0.0,4.920159120159121
Indore,2026-10-04 16:00:00,2,31.971806000000008,0.0,4.9769917769917775
Indore,2026-10-04 17:00:00,2,30.555747,0.0,4.559593659593659
Indore,2026-10-04 18:00:00,2,28.248253600000005,0.0,5.136984836984837
Indore,2026-10-04 19:00:00,2,26.590271400000006,0.0,5.565435565435566
Indore,2026-10-04 20:00:00,2,25.4847502,0.0,5.296471896471896
Indore,2026-10-04 21:00:00,2,24.669024600000004,0.0,4.952148652148653
Indore,2026-10-04 22:00:00,2,24.132383000000004,0.0,4.7754143754143765
Indore,2026-10-04 23:00:00,2,23.633087200000006,0.0,5.413818113818115
Indore,2026-10-05 00:00:00,3,23.1080816,0.0,6.5223814
Indore,2026-10-05 01:00:00,3,22.6339568,0.0,6.8741254000000005
Indore,2026-10-05 02:00:00,3,22.2442203,0.0,6.6068313000000005
Indore,2026-10-05 03:00:00,3,21.7383649,0.0,6.0096468000000005
Indore,2026-10-05 04:00:00,3,21.3396829,0.0,5.9359227
Indore,2026-10-05 05:00:00,3,21.2232117,0.0,5.5547246
Indore,2026-10-05 06:00:00,3,21.539783800000002,0.0,4.8607890000000005
Indore,2026-10-05 07:00:00,3,23.455666299999997,0.0,4.9813899
Indore,2026-10-05 08:00:00,3,26.438459599999998,0.0,5.3867935
Indore,2026-10-05 09:00:00,3,28.8062502,0.0,7.7595433
Indore,2026-10-05 10:00:00,3,30.5675826,0.0,8.815235999999999
Indore,2026-10-05 11:00:00,3,31.730286099999997,0.0,8.5342404
Indore,2026-10-05 12:00:00,3,32.4625239,0.0,8.1834942
Indore,2026-10-05 13:00:00,3,32.8023405,0.0,7.831570900000001
Indore,2026-10-05 14:00:00,3,32.8425625,0.0,7.7471946
Indore,2026-10-05 15:00:00,3,32.5624177,0.0,7.464944599999999
Indore,2026-10-05 16:00:00,3,31.966154,0.0,6.789646100000001
Indore,2026-10-05 17:00:00,3,30.447778899999996,0.0,6.200696299999999
Indore,2026-10-05 18:00:00,3,28.250916800000002,0.0,5.6373261999999995
Indore,2026-10-05 19:00:00,3,26.844922399999998,0.0,5.2173763
Indore,2026-10-05 20:00:00,3,25.8198792,0.0,4.9426759
Indore,2026-10-05 21:00:00,3,24.834492400000002,0.0,4.884475699999999
Indore,2026-10-05 22:00:00,3,23.794057099999996,0.0,5.7629897
Indore,2026-10-05 23:00:00,3,23.1616803,0.0,4.7137741
Jabalpur,2026-10-03 00:00:00,1,23.2025452,0.0,3.3791345208654784
Jabalpur,2026-10-03 01:00:00,1,22.565437199999998,0.0,3.687182912817086
Jabalpur,2026-10-03 02:00:00,1,22.0078653,0.0,3.5174462825537174
Jabalpur,2026-10-03 03:00:00,1,21.49099,0.0,3.5009994990005007
Jabalpur,2026-10-03 04:00:00,1,20.999041400000003,0.0,3.508852191147808
Jabalpur,2026-10-03 05:00:00,1,21.4068494,0.0,3.67042362957637
Jabalpur,2026-10-03 06:00:00,1,21.0913578,0.0,3.859410540589459
Jabalpur,2026-10-03 07:00:00,1,23.017669000000005,0.0,4.219196280803718
Jabalpur,2026-10-03 08:00:00,1,25.587280500000002,0.0,4.762579237420762
Jabalpur,2026-10-03 09:00:00,1,27.666037,0.0,5.71973748026252
Jabalpur,2026-10-03 10:00:00,1,29.470787900000005,0.0,6.675758824241175
Jabalpur,2026-10-03 11:00:00,1,30.7539385,0.0,7.06097863902136
Jabalpur,2026-10-03 12:00:00,1,31.4381996,0.0,7.472987527012473
Jabalpur,2026-10-03 13:00:00,1,31.752570900000002,0.0,7.533079366920633
Jabalpur,2026-10-03 14:00:00,1,31.7010826,0.0,7.136288763711235
Jabalpur,2026-10-03 15:00:00,1,31.206209199999996,0.0,6.612985887014112
Jabalpur,2026-10-03 16:00:00,1,30.248706,0.0,6.137358162641837
Jabalpur,2026-10-03 17:00:00,1,28.3936502,0.0,4.869854930145069
Jabalpur,2026-10-03 18:00:00,1,26.572269300000002,0.0,2.9711769288230707
Jabalpur,2026-10-03 19:00:00,1,25.418439499999998,0.0,3.553852146147853
Jabalpur,2026-10-03 20:00:00,1,24.4619781,0.0,4.679188620811379
Jabalpur,2026-10-03 21:00:00,1,23.6735922,0.0,5.412197587802412
Jabalpur,2026-10-03 22:00:00,1,22.9036337,0.0,5.49082340917659
Jabalpur,2026-10-03 23:00:00,1,22.2617748,0.0,5.4005190994809
Jabalpur,2026-10-04 00:00:00,2,21.6959714,0.0,5.1856801856801855
Jabalpur,2026-10-04 01:00:00,2,21.1933512,0.0,4.783509483509484
Jabalpur,2026-10-04 02:00:00,2,20.8365358,0.0,5.1341859341859335
Jabalpur,2026-10-04 03:00:00,2,20.472272599999997,0.0,5.148438748438748
Jabalpur,2026-10-04 04:00:00,2,20.0618106,0.0,5.112196312196312
Jabalpur,2026-10-04 05:00:00,2,20.0204582,0.0,5.268119668119668
Jabalpur,2026-10-04 06:00:00,2,20.3377346,0.0,5.6607408607408605
Jabalpur,2026-10-04 07:00:00,2,22.4256798,0.0,6.1463879463879465
Jabalpur,2026-10-04 08:00:00,2,24.8031158,0.0,7.197335497335498
Jabalpur,2026-10-04 09:00:00,2,26.8602178,0.0,8.009108609108608
Jabalpur,2026-10-04 10:00:00,2,28.723544200000003,0.0,8.994270794270793
Jabalpur,2026-10-04 11:00:00,2,30.1856472,0.0,9.643672343672343
Jabalpur,2026-10-04 12:00:00,2,31.113804200000004,0.0,9.862306662306661
Jabalpur,2026-10-04 13:00:00,2,31.621646,0.0,9.134925534925536
Jabalpur,2026-10-04 14:00:00,2,31.715027600000003,0.0,8.330751630751632
Jabalpur,2026-10-04 15:00:00,2,31.318829800000003,0.0,7.971348271348271
Jabalpur,2026-10-04 16:00:00,2,30.4818942,0.0,7.5288375288375295
Jabalpur,2026-10-04 17:00:00,2,28.578968600000003,0.0,6.174580574580575
Jabalpur,2026-10-04 18:00:00,2,26.8122152,0.0,5.668701568701568
Jabalpur,2026-10-04 19:00:00,2,25.5996344,0.0,5.522177422177423
Jabalpur,2026-10-04 20:00:00,2,24.704982200000003,0.0,5.609784509784509
Jabalpur,2026-10-04 21:00:00,2,24.0141736,0.0,6.025919725919726
Jabalpur,2026-10-04 22:00:00,2,23.4937038,0.0,6.017322417322417
Jabalpur,2026-10-04 23:00:00,2,22.9693904,0.0,5.638656938656938
Jabalpur,2026-10-05 00:00:00,3,22.5509561,0.0,5.31000131000131
Jabalpur,2026-10-05 01:00:00,3,22.1559089,0.0,5.215193115193115
Jabalpur,2026-10-05 02:00:00,3,21.676960599999997,0.0,5.436907636907636
Jabalpur,2026-10-05 03:00:00,3,21.229999899999996,0.0,5.626717326717327
Jabalpur,2026-10-05 04:00:00,3,20.7926536,0.0,5.518018918018917
Jabalpur,2026-10-05 05:00:00,3,20.573424799999998,0.0,5.355460755460756
Jabalpur,2026-10-05 06:00:00,3,20.8582332,0.0,5.34004234004234
Jabalpur,2026-10-05 07:00:00,3,22.7935027,0.0,5.637310137310138
Jabalpur,2026-10-05 08:00:00,3,25.221763499999998,0.0,6.813564413564414
Jabalpur,2026-10-05 09:00:00,3,27.1095626,0.0,8.482754082754083
Jabalpur,2026-10-05 10:00:00,3,28.8177745,0.0,9.451477651477653
Jabalpur,2026-10-05 11:00:00,3,30.217693500000003,0.0,10.397821997821996
Jabalpur,2026-10-05 12:00:00,3,31.1597014,0.0,11.35127355127355
Jabalpur,2026-10-05 13:00:00,3,31.7095963,0.0,11.866781066781066
Jabalpur,2026-10-05 14:00:00,3,31.853855799999998,0.0,11.538110638110638
Jabalpur,2026-10-05 15:00:00,3,31.460769,0.0,10.103081503081501
Jabalpur,2026-10-05 16:00:00,3,30.7000757,0.0,7.82968932968933
Jabalpur,2026-10-05 17:00:00,3,29.0054116,0.0,5.048509948509949
Jabalpur,2026-10-05 18:00:00,3,27.437748599999995,0.0,4.518066018066017
Jabalpur,2026-10-05 19:00:00,3,26.299161799999997,0.0,4.645307545307546
Jabalpur,2026-10-05 20:00:00,3,25.421616,0.0,4.787831487831488
Jabalpur,2026-10-05 21:00:00,3,24.6658045,0.0,5.268037668037668
Jabalpur,2026-10-05 22:00:00,3,23.917799,0.0,5.156444956444956
Jabalpur,2026-10-05 23:00:00,3,23.284766599999998,0.0,5.774653474653475
Jaipur,2026-10-03 00:00:00,1,25.024526,0.0,5.0928016000000005
Jaipur,2026-10-03 01:00:00,1,24.438093000000002,0.0,5.393178600000001
Jaipur,2026-10-03 02:00:00,1,23.905631,0.0,5.5452165
Jaipur,2026-10-03 03:00:00,1,23.425634000000002,0.0,5.369572
Jaipur,2026-10-03 04:00:00,1,23.03731,0.0,5.1422498
Jaipur,2026-10-03 05:00:00,1,23.904996,0.0,5.761821100000001
Jaipur,2026-10-03 06:00:00,1,23.365115000000003,0.0,6.4118314000000005
Jaipur,2026-10-03 07:00:00,1,24.805156000000004,0.0,6.667001300000001
Jaipur,2026-10-03 08:00:00,1,27.619718999999996,0.0,8.6556038
Jaipur,2026-10-03 09:00:00,1,30.091252,0.0,12.6496549
Jaipur,2026-10-03 10:00:00,1,32.268448,0.0,14.000815500000002
Jaipur,2026-10-03 11:00:00,1,34.010283,0.0,14.726230900000001
Jaipur,2026-10-03 12:00:00,1,35.049056,0.0,14.299089600000002
Jaipur,2026-10-03 13:00:00,1,35.538713,0.0,13.382753400000002
Jaipur,2026-10-03 14:00:00,1,35.66662,0.0,12.464295
Jaipur,2026-10-03 15:00:00,1,35.382653,0.0,11.624301299999999
Jaipur,2026-10-03 16:00:00,1,34.691865,0.0,10.7438608
Jaipur,2026-10-03 17:00:00,1,33.48253,0.0,9.039838099999999
Jaipur,2026-10-03 18:00:00,1,31.370841,0.0,8.1630173
Jaipur,2026-10-03 19:00:00,1,29.743321,0.0,8.5314747
Jaipur,2026-10-03 20:00:00,1,28.694703,0.0,9.4929402
Jaipur,2026-10-03 21:00:00,1,27.928073,0.0,10.1807744
Jaipur,2026-10-03 22:00:00,1,27.232005,0.0,10.7974556
Jaipur,2026-10-03 23:00:00,1,26.642323,0.0,11.101381100000001
Jaipur,2026-10-04 00:00:00,2,26.1267704,0.0,11.1380567
Jaipur,2026-10-04 01:00:00,2,25.6130133,0.0,10.9770576
Jaipur,2026-10-04 02:00:00,2,25.1943037,0.0,11.5440396
Jaipur,2026-10-04 03:00:00,2,24.7783842,0.0,12.586323399999998
Jaipur,2026-10-04 04:00:00,2,24.3432542,0.0,12.914390899999997
Jaipur,2026-10-04 05:00:00,2,24.006332699999998,0.0,12.860031900000001
Jaipur,2026-10-04 06:00:00,2,23.879252800000003,0.0,13.0764411
Jaipur,2026-10-04 07:00:00,2,24.8709075,0.0,13.7536998
Jaipur,2026-10-04 08:00:00,2,27.1980092,0.0,16.6121067
Jaipur,2026-10-04 09:00:00,2,29.403713,0.0,18.0028904
Jaipur,2026-10-04 10:00:00,2,31.633453,0.0,18.8439086
Jaipur,2026-10-04 11:00:00,2,33.3845659,0.0,18.875683
Jaipur,2026-10-04 12:00:00,2,34.5845659,0.0,18.4960323
Jaipur,2026-10-04 13:00:00,2,35.3109547,0.0,17.9615309
Jaipur,2026-10-04 14:00:00,2,35.632391,0.0,17.2052645
Jaipur,2026-10-04 15:00:00,2,35.4242141,0.0,15.826129199999999
Jaipur,2026-10-04 16:00:00,2,34.705070199999994,0.0,14.427703300000001
Jaipur,2026-10-04 17:00:00,2,33.4501686,0.0,11.5500823
Jaipur,2026-10-04 18:00:00,2,31.451247199999997,0.0,10.3637774
Jaipur,2026-10-04 19:00:00,2,29.833743000000002,0.0,10.019912399999999
Jaipur,2026-10-04 20:00:00,2,28.559570700000002,0.0,9.8628117
Jaipur,2026-10-04 21:00:00,2,27.5415272,0.0,9.491983600000001
Jaipur,2026-10-04 22:00:00,2,26.6998216,0.0,9.135592899999999
Jaipur,2026-10-04 23:00:00,2,26.005274999999997,0.0,9.153399599999998
Jaipur,2026-10-05 00:00:00,3,25.572351327648676,0.0,9.971189428810572
Jaipur,2026-10-05 01:00:00,3,24.958596741403262,0.0,11.805383394616607
Jaipur,2026-10-05 02:00:00,3,24.586306113693887,0.0,12.824043575956425
Jaipur,2026-10-05 03:00:00,3,24.082308017691986,0.0,13.413433186566813
Jaipur,2026-10-05 04:00:00,3,23.654309445690558,0.0,12.896530003469998
Jaipur,2026-10-05 05:00:00,3,23.392553907446096,0.0,12.487821312178692
Jaipur,2026-10-05 06:00:00,3,23.42775897224103,0.0,13.093282206717795
Jaipur,2026-10-05 07:00:00,3,24.574355925644078,0.0,14.438289161710841
Jaipur,2026-10-05 08:00:00,3,26.972438527561472,0.0,17.433066066933932
Jaipur,2026-10-05 09:00:00,3,29.401349098650904,0.0,19.203547696452304
Jaipur,2026-10-05 10:00:00,3,31.56616673383327,0.0,20.18619321380679
Jaipur,2026-10-05 11:00:00,3,33.2902224097776,0.0,20.317757782242218
Jaipur,2026-10-05 12:00:00,3,34.430626769373234,0.0,19.661094638905364
Jaipur,2026-10-05 13:00:00,3,35.21926608073392,0.0,18.36930133069867
Jaipur,2026-10-05 14:00:00,3,35.53955766044234,0.0,17.17216812783187
Jaipur,2026-10-05 15:00:00,3,35.36542883457117,0.0,15.864684635315367
Jaipur,2026-10-05 16:00:00,3,34.74347785652214,0.0,14.965910034089966
Jaipur,2026-10-05 17:00:00,3,33.47866022133978,0.0,12.330709469290532
Jaipur,2026-10-05 18:00:00,3,31.41404538595462,0.0,10.095826004173997
Jaipur,2026-10-05 19:00:00,3,29.65480864519136,0.0,9.401876698123301
Jaipur,2026-10-05 20:00:00,3,28.43586586413414,0.0,9.231742868257133
Jaipur,2026-10-05 21:00:00,3,27.551458648541356,0.0,8.565654334345666
Jaipur,2026-10-05 22:00:00,3,26.770113529886473,0.0,8.05851714148286
Jaipur,2026-10-05 23:00:00,3,26.032413667586333,0.0,8.1995708004292
Jodhpur,2026-10-03 00:00:00,1,26.858493841506153,0.0,7.862120999999999
Jodhpur,2026-10-03 01:00:00,1,26.019832380167617,0.0,8.5888986
Jodhpur,2026-10-03 02:00:00,1,25.290468609531388,0.0,8.638417299999999
Jodhpur,2026-10-03 03:00:00,1,24.690468609531386,0.0,8.4653118
Jodhpur,2026-10-03 04:00:00,1,24.22237037762962,0.0,7.868909299999999
Jodhpur,2026-10-03 05:00:00,1,24.867187132812862,0.0,7.307087299999999
Jodhpur,2026-10-03 06:00:00,1,23.937267562732433,0.0,6.1674378999999995
Jodhpur,2026-10-03 07:00:00,1,24.589274210725787,0.0,5.5250693
Jodhpur,2026-10-03 08:00:00,1,26.99679440320559,0.0,6.5684116
Jodhpur,2026-10-03 09:00:00,1,30.028070071929925,0.0,8.672810199999999
Jodhpur,2026-10-03 10:00:00,1,32.86089313910686,0.0,10.932151399999999
Jodhpur,2026-10-03 11:00:00,1,35.12485977514022,0.0,13.0095198
Jodhpur,2026-10-03 12:00:00,1,36.451814448185544,0.0,14.3353099
Jodhpur,2026-10-03 13:00:00,1,37.191005408994585,0.0,14.3396485
Jodhpur,2026-10-03 14:00:00,1,37.519755580244414,0.0,13.9363488
Jodhpur,2026-10-03 15:00:00,1,37.484685115314875,0.0,13.4827413
Jodhpur,2026-10-03 16:00:00,1,37.049614650385344,0.0,13.1589533
Jodhpur,2026-10-03 17:00:00,1,36.08760661239339,0.0,11.9729849
Jodhpur,2026-10-03 18:00:00,1,33.74936655063345,0.0,10.754214099999999
Jodhpur,2026-10-03 19:00:00,1,31.74381235618764,0.0,10.475461
Jodhpur,2026-10-03 20:00:00,1,30.302574097425897,0.0,11.175356399999998
Jodhpur,2026-10-03 21:00:00,1,29.276762523237473,0.0,12.130003700000001
Jodhpur,2026-10-03 22:00:00,1,28.45595394404605,0.0,12.667376299999999
Jodhpur,2026-10-03 23:00:00,1,27.929528770471226,0.0,13.0149729
Jodhpur,2026-10-04 00:00:00,2,27.3250276,0.0,12.937168
Jodhpur,2026-10-04 01:00:00,2,26.6353253,0.0,12.2337288
Jodhpur,2026-10-04 02:00:00,2,25.9867431,0.0,11.9550592
Jodhpur,2026-10-04 03:00:00,2,25.336137,0.0,11.8806357
Jodhpur,2026-10-04 04:00:00,2,24.625694900000003,0.0,11.2729903
Jodhpur,2026-10-04 05:00:00,2,24.1167728,0.0,10.9246165
Jodhpur,2026-10-04 06:00:00,2,23.7811688,0.0,10.584859199999999
Jodhpur,2026-10-04 07:00:00,2,24.4106346,0.0,10.4825766
Jodhpur,2026-10-04 08:00:00,2,26.6711444,0.0,12.2650309
Jodhpur,2026-10-04 09:00:00,2,29.337622500000002,0.0,14.0207421
Jodhpur,2026-10-04 10:00:00,2,32.017582700000006,0.0,15.280553000000001
Jodhpur,2026-10-04 11:00:00,2,34.2885091,0.0,17.089492800000002
Jodhpur,2026-10-04 12:00:00,2,35.8684176,0.0,18.6490877
Jodhpur,2026-10-04 13:00:00,2,36.8880379,0.0,19.3476366
Jodhpur,2026-10-04 14:00:00,2,37.4076582,0.0,19.4148121
Jodhpur,2026-10-04 15:00:00,2,37.4455422,0.0,19.0097156
Jodhpur,2026-10-04 16:00:00,2,36.9739402,0.0,18.141113599999997
Jodhpur,2026-10-04 17:00:00,2,35.9739402,0.0,16.3137964
Jodhpur,2026-10-04 18:00:00,2,33.714726999999996,0.0,13.761708599999999
Jodhpur,2026-10-04 19:00:00,2,31.9146943,0.0,14.099906
Jodhpur,2026-10-04 20:00:00,2,30.6513334,0.0,15.0744388
Jodhpur,2026-10-04 21:00:00,2,29.6508295,0.0,14.896706900000002
Jodhpur,2026-10-04 22:00:00,2,28.7420518,0.0,14.4973348
Jodhpur,2026-10-04 23:00:00,2,27.9124416,0.0,14.0317003
Jodhpur,2026-10-05 00:00:00,3,27.178352878352875,0.0,13.548212199999998
Jodhpur,2026-10-05 01:00:00,3,26.456777656777653,0.0,12.9734394
Jodhpur,2026-10-05 02:00:00,3,25.78920708920709,0.0,12.5708168
Jodhpur,2026-10-05 03:00:00,3,25.17021407021407,0.0,12.343051500000001
Jodhpur,2026-10-05 04:00:00,3,24.59203189203189,0.0,11.7275427
Jodhpur,2026-10-05 05:00:00,3,24.04863884863885,0.0,11.2354318
Jodhpur,2026-10-05 06:00:00,3,23.667501367501366,0.0,10.9727306
Jodhpur,2026-10-05 07:00:00,3,24.16019876019876,0.0,10.8862621
Jodhpur,2026-10-05 08:00:00,3,26.17967527967528,0.0,12.925784400000001
Jodhpur,2026-10-05 09:00:00,3,28.471645871645872,0.0,14.509059500000001
Jodhpur,2026-10-05 10:00:00,3,30.875509975509974,0.0,15.6893996
Jodhpur,2026-10-05 11:00:00,3,33.04930534930535,0.0,17.312813
Jodhpur,2026-10-05 12:00:00,3,34.67229297229297,0.0,18.2732879
Jodhpur,2026-10-05 13:00:00,3,35.74434234434234,0.0,18.340621
Jodhpur,2026-10-05 14:00:00,3,36.38632298632299,0.0,18.0283166
Jodhpur,2026-10-05 15:00:00,3,36.520758420758426,0.0,17.6905891
Jodhpur,2026-10-05 16:00:00,3,36.18007808007808,0.0,16.9383154
Jodhpur,2026-10-05 17:00:00,3,35.28007808007808,0.0,15.511275099999999
Jodhpur,2026-10-05 18:00:00,3,33.12025482025482,0.0,12.4769645
Jodhpur,2026-10-05 19:00:00,3,31.17937307937308,0.0,12.9563461
Jodhpur,2026-10-05 20:00:00,3,29.79167819167819,0.0,13.871769
Jodhpur,2026-10-05 21:00:00,3,28.79026579026579,0.0,13.572917500000003
Jodhpur,2026-10-05 22:00:00,3,27.911376911376912,0.0,13.2693127
Jodhpur,2026-10-05 23:00:00,3,27.153841753841753,0.0,12.7218889
Kanpur,2026-10-03 00:00:00,1,24.74580015419984,0.0,4.7159055
Kanpur,2026-10-03 01:00:00,1,24.235729364270632,0.0,5.6932201
Kanpur,2026-10-03 02:00:00,1,23.857965042034955,0.0,6.3734929000000005
Kanpur,2026-10-03 03:00:00,1,23.471410528589466,0.0,6.418973899999999
Kanpur,2026-10-03 04:00:00,1,23.25418044581955,0.0,6.6375101999999995
Kanpur,2026-10-03 05:00:00,1,23.62345497654502,0.0,6.6824258
Kanpur,2026-10-03 06:00:00,1,23.640509659490338,0.0,7.0318764
Kanpur,2026-10-03 07:00:00,1,25.23259596740403,0.0,7.081090099999999
Kanpur,2026-10-03 08:00:00,1,27.426837673162325,0.0,7.5660605
Kanpur,2026-10-03 09:00:00,1,29.35163574836425,0.0,8.6599368
Kanpur,2026-10-03 10:00:00,1,30.911183488816505,0.0,9.768181799999999
Kanpur,2026-10-03 11:00:00,1,32.19133600866398,0.0,9.8880284
Kanpur,2026-10-03 12:00:00,1,32.92957787042212,0.0,10.6879767
Kanpur,2026-10-03 13:00:00,1,33.33301046698953,0.0,11.2926141
Kanpur,2026-10-03 14:00:00,1,33.348257651742344,0.0,11.7139436
Kanpur,2026-10-03 15:00:00,1,32.94546075453924,0.0,11.1392224
Kanpur,2026-10-03 16:00:00,1,32.13248186751812,0.0,9.312044799999999
Kanpur,2026-10-03 17:00:00,1,30.7053105946894,0.0,7.405838299999999
Kanpur,2026-10-03 18:00:00,1,29.359848140151854,0.0,6.2221630999999995
Kanpur,2026-10-03 19:00:00,1,28.294357005642986,0.0,5.5117946
Kanpur,2026-10-03 20:00:00,1,27.499008900991093,0.0,4.615204
Kanpur,2026-10-03 21:00:00,1,26.68398581601418,0.0,4.1581966
Kanpur,2026-10-03 22:00:00,1,25.928570071429927,0.0,4.608414300000001
Kanpur,2026-10-03 23:00:00,1,25.23229676770323,0.0,5.1660347
Kanpur,2026-10-04 00:00:00,2,24.843733500000003,0.0,5.669349499999999
Kanpur,2026-10-04 01:00:00,2,24.498168800000006,0.0,6.1936542
Kanpur,2026-10-04 02:00:00,2,24.149054400000004,0.0,7.2650612
Kanpur,2026-10-04 03:00:00,2,23.775865800000002,0.0,7.038924099999999
Kanpur,2026-10-04 04:00:00,2,23.3455193,0.0,6.8215413
Kanpur,2026-10-04 05:00:00,2,23.151784300000003,0.0,7.3386818
Kanpur,2026-10-04 06:00:00,2,23.2848125,0.0,7.950825099999999
Kanpur,2026-10-04 07:00:00,2,24.718704300000002,0.0,8.5482001
Kanpur,2026-10-04 08:00:00,2,26.8097876,0.0,10.1514801
Kanpur,2026-10-04 09:00:00,2,28.495479100000004,0.0,10.9959823
Kanpur,2026-10-04 10:00:00,2,29.976730200000006,0.0,11.5653864
Kanpur,2026-10-04 11:00:00,2,31.092828900000008,0.0,11.370613899999999
Kanpur,2026-10-04 12:00:00,2,31.762535800000006,0.0,11.0163787
Kanpur,2026-10-04 13:00:00,2,32.3554364,0.0,10.3964259
Kanpur,2026-10-04 14:00:00,2,32.654548600000005,0.0,10.038450399999999
Kanpur,2026-10-04 15:00:00,2,32.514334000000005,0.0,9.011665800000001
Kanpur,2026-10-04 16:00:00,2,31.732980500000004,0.0,7.5610118
Kanpur,2026-10-04 17:00:00,2,30.271276200000003,0.0,5.9929734
Kanpur,2026-10-04 18:00:00,2,28.785596400000003,0.0,5.2171054
Kanpur,2026-10-04 19:00:00,2,27.775800700000005,0.0,4.5413622
Kanpur,2026-10-04 20:00:00,2,27.023162900000003,0.0,3.7177771
Kanpur,2026-10-04 21:00:00,2,26.4250021,0.0,3.5268997000000004
Kanpur,2026-10-04 22:00:00,2,25.919673900000003,0.0,4.381588000000001
Kanpur,2026-10-04 23:00:00,2,25.476824500000003,0.0,4.1726249
Kanpur,2026-10-05 00:00:00,3,25.122492700000002,0.0,4.2501056
Kanpur,2026-10-05 01:00:00,3,24.767177900000004,0.0,5.0161008
Kanpur,2026-10-05 02:00:00,3,24.2911231,0.0,6.664614300000001
Kanpur,2026-10-05 03:00:00,3,24.050425399999998,0.0,6.9724834
Kanpur,2026-10-05 04:00:00,3,23.9457386,0.0,7.3251733
Kanpur,2026-10-05 05:00:00,3,23.9268568,0.0,7.815211900000001
Kanpur,2026-10-05 06:00:00,3,24.1751238,0.0,7.235770700000001
Kanpur,2026-10-05 07:00:00,3,25.463898099999998,0.0,8.5015288
Kanpur,2026-10-05 08:00:00,3,27.0110911,0.0,10.3806559
Kanpur,2026-10-05 09:00:00,3,28.693781900000005,0.0,11.1906051
Kanpur,2026-10-05 10:00:00,3,30.1669584,0.0,11.753156700000002
Kanpur,2026-10-05 11:00:00,3,31.3594388,0.0,11.936408400000001
Kanpur,2026-10-05 12:00:00,3,32.2152606,0.0,11.752229100000001
Kanpur,2026-10-05 13:00:00,3,32.7573944,0.0,11.425364
Kanpur,2026-10-05 14:00:00,3,32.9365137,0.0,11.231589800000002
Kanpur,2026-10-05 15:00:00,3,32.628205699999995,0.0,9.8603089
Kanpur,2026-10-05 16:00:00,3,31.804074300000003,0.0,8.5314183
Kanpur,2026-10-05 17:00:00,3,30.505373900000002,0.0,6.823156600000001
Kanpur,2026-10-05 18:00:00,3,29.2082461,0.0,5.3298345000000005
Kanpur,2026-10-05 19:00:00,3,28.1775697,0.0,5.006211
Kanpur,2026-10-05 20:00:00,3,26.981428700000002,0.0,4.604376500000001
Kanpur,2026-10-05 21:00:00,3,26.1703376,0.0,3.7664135000000005
Kanpur,2026-10-05 22:00:00,3,25.496738999999998,0.0,3.9976777
Kanpur,2026-10-05 23:00:00,3,24.951586199999998,0.0,4.7731013
Kochi,2026-10-03 00:00:00,1,25.6031762,0.133095,6.7124553124553135
Kochi,2026-10-03 01:00:00,1,25.2308005,0.606577,7.9364237364237376
Kochi,2026-10-03 02:00:00,1,25.1973047,0.80188,9.229986829986832
Kochi,2026-10-03 03:00:00,1,24.9759264,1.2910872,9.283068283068285
Kochi,2026-10-03 04:00:00,1,24.9173,0.932881,8.105965605965606
Kochi,2026-10-03 05:00:00,1,25.613640099999998,0.38912379999999996,6.732607332607334
Kochi,2026-10-03 06:00:00,1,25.237023399999998,0.12869850000000002,6.355035955035955
Kochi,2026-10-03 07:00:00,1,25.859258699999998,0.07691210000000001,4.590409690409691
Kochi,2026-10-03 08:00:00,1,26.6548895,0.0791312,3.627331327331328
Kochi,2026-10-03 09:00:00,1,27.8286494,0.2604151,2.672224072224073
Kochi,2026-10-03 10:00:00,1,28.8230486,0.023674100000000003,4.439348639348639
Kochi,2026-10-03 11:00:00,1,29.6211616,0.0,8.306383906383907
Kochi,2026-10-03 12:00:00,1,29.9868897,0.106476,12.056901956901958
Kochi,2026-10-03 13:00:00,1,29.890018499999996,0.106476,14.183984983984987
Kochi,2026-10-03 14:00:00,1,29.7205266,0.106476,14.424417624417627
Kochi,2026-10-03 15:00:00,1,29.4012573,0.33619709999999997,14.030438330438331
Kochi,2026-10-03 16:00:00,1,28.7327493,0.5981477999999999,12.652084752084754
Kochi,2026-10-03 17:00:00,1,28.151372,0.4790793,9.357943357943359
Kochi,2026-10-03 18:00:00,1,27.601125,0.238137,5.452149152149152
Kochi,2026-10-03 19:00:00,1,27.2048875,0.18995120000000001,2.90933870933871
Kochi,2026-10-03 20:00:00,1,26.7391594,0.5955436,3.8772147772147774
Kochi,2026-10-03 21:00:00,1,26.327544699999997,0.906262,4.583027983027983
Kochi,2026-10-03 22:00:00,1,26.0294202,0.36250479999999996,4.875987175987176
Kochi,2026-10-03 23:00:00,1,25.8374135,0.129466,4.482907782907783
Kochi,2026-10-04 00:00:00,2,25.666516933483074,0.0269707,4.5184309
Kochi,2026-10-04 01:00:00,2,25.451207648792355,0.0,4.7928675
Kochi,2026-10-04 02:00:00,2,25.21545088454912,0.0539414,5.1539275
Kochi,2026-10-04 03:00:00,2,24.925619174380827,0.34547419999999995,5.3444522
Kochi,2026-10-04 04:00:00,2,24.717970582029423,0.7230639999999999,5.3444522
Kochi,2026-10-04 05:00:00,2,24.646580053419946,0.8900330999999999,4.9261802
Kochi,2026-10-04 06:00:00,2,24.76791613208387,0.48032769999999997,4.6156718
Kochi,2026-10-04 07:00:00,2,25.51962168037832,0.0539414,4.1788749
Kochi,2026-10-04 08:00:00,2,26.501189498810504,0.043651600000000006,3.9965956
Kochi,2026-10-04 09:00:00,2,27.751379048620954,0.021825800000000003,3.1878064000000004
Kochi,2026-10-04 10:00:00,2,28.868430331569673,0.043651600000000006,4.815956699999999
Kochi,2026-10-04 11:00:00,2,29.66514813485187,0.109129,6.573638200000001
Kochi,2026-10-04 12:00:00,2,30.062874437125565,0.09677980000000001,8.5056356
Kochi,2026-10-04 13:00:00,2,30.168003331996673,0.074954,10.4962269
Kochi,2026-10-04 14:00:00,2,29.93726456273544,0.05312820000000001,11.4491117
Kochi,2026-10-04 15:00:00,2,29.551940548059456,0.265641,10.9222774
Kochi,2026-10-04 16:00:00,2,28.972138927861074,0.265641,9.572078
Kochi,2026-10-04 17:00:00,2,28.251433348566657,0.265641,7.9539669
Kochi,2026-10-04 18:00:00,2,27.412913987086014,0.1270464,5.4549272
Kochi,2026-10-04 19:00:00,2,27.01065858934141,0.3734404,3.7548741000000003
Kochi,2026-10-04 20:00:00,2,26.639015860984145,0.2748828,3.564243
Kochi,2026-10-04 21:00:00,2,26.33676356323644,0.021825800000000003,4.087718300000001
Kochi,2026-10-04 22:00:00,2,26.08858621141379,0.0,4.1199713
Kochi,2026-10-04 23:00:00,2,25.899129700870297,0.109129,5.030899600000001
Kochi,2026-10-05 00:00:00,3,25.5673352,0.0725487,5.7725467
Kochi,2026-10-05 01:00:00,3,25.2883855,1.8137174999999999,5.9232968
Kochi,2026-10-05 02:00:00,3,25.2472298,2.3699242000000003,5.013299099999999
Kochi,2026-10-05 03:00:00,3,25.107925899999998,0.48541169999999995,4.7132726
Kochi,2026-10-05 04:00:00,3,24.9741139,0.0501195,4.981391400000001
Kochi,2026-10-05 05:00:00,3,24.938023899999997,0.0259366,5.1414535
Kochi,2026-10-05 06:00:00,3,24.999582,0.0,4.9136644
Kochi,2026-10-05 07:00:00,3,25.809853000000004,0.0,4.8265028999999995
Kochi,2026-10-05 08:00:00,3,27.2472955,0.0,3.8190388000000004
Kochi,2026-10-05 09:00:00,3,28.7703821,0.0,1.9634604999999998
Kochi,2026-10-05 10:00:00,3,29.884559799999998,0.0,3.9363441
Kochi,2026-10-05 11:00:00,3,30.402322299999998,0.0,7.7597233
Kochi,2026-10-05 12:00:00,3,30.5140928,0.0259366,11.3188379
Kochi,2026-10-05 13:00:00,3,30.1911354,0.0259366,13.130442500000001
Kochi,2026-10-05 14:00:00,3,29.900554,0.0259366,13.230007699999998
Kochi,2026-10-05 15:00:00,3,29.662612199999998,0.0259366,12.385373000000001
Kochi,2026-10-05 16:00:00,3,29.229736099999997,0.0259366,10.6083385
Kochi,2026-10-05 17:00:00,3,28.642942599999998,0.0743024,7.9910477
Kochi,2026-10-05 18:00:00,3,27.9701976,0.1226682,5.6045213
Kochi,2026-10-05 19:00:00,3,27.6049255,0.0259366,4.9310177
Kochi,2026-10-05 20:00:00,3,27.3477203,0.0259366,4.7469473
Kochi,2026-10-05 21:00:00,3,27.0072774,0.0483658,4.7675046
Kochi,2026-10-05 22:00:00,3,26.608629099999998,0.0241829,4.5575469
Kochi,2026-10-05 23:00:00,3,26.2566284,0.0,3.743793
Kolkata,2026-10-03 00:00:00,1,27.0414884,0.0,6.797958502041499
Kolkata,2026-10-03 01:00:00,1,26.7653944,0.0,7.111006688993312
Kolkata,2026-10-03 02:00:00,1,26.5670546,0.0,7.163176836823164
Kolkata,2026-10-03 03:00:00,1,26.4751937,0.025407600000000002,7.122360677639323
Kolkata,2026-10-03 04:00:00,1,26.4260238,0.025407600000000002,7.142812457187544
Kolkata,2026-10-03 05:00:00,1,26.637741300000002,0.025407600000000002,6.528515071484929
Kolkata,2026-10-03 06:00:00,1,27.197950799999997,0.050815200000000005,6.47901802098198
Kolkata,2026-10-03 07:00:00,1,28.8435093,0.0742139,7.432577167422833
Kolkata,2026-10-03 08:00:00,1,30.189149800000003,0.09761260000000001,7.076692623307377
Kolkata,2026-10-03 09:00:00,1,31.2746675,0.025407600000000002,6.603743196256804
Kolkata,2026-10-03 10:00:00,1,32.1741562,0.025407600000000002,6.172751827248173
Kolkata,2026-10-03 11:00:00,1,32.7904297,0.025407600000000002,5.76024923975076
Kolkata,2026-10-03 12:00:00,1,33.1011293,0.050815200000000005,5.881562918437082
Kolkata,2026-10-03 13:00:00,1,33.2022829,0.050815200000000005,5.97939822060178
Kolkata,2026-10-03 14:00:00,1,33.076765699999996,0.050815200000000005,5.253503546496454
Kolkata,2026-10-03 15:00:00,1,32.7099597,0.07622280000000001,4.553423246576754
Kolkata,2026-10-03 16:00:00,1,31.7511571,0.07622280000000001,4.856977243022758
Kolkata,2026-10-03 17:00:00,1,30.448348000000003,0.07622280000000001,6.282378817621183
Kolkata,2026-10-03 18:00:00,1,29.7177145,0.0,6.632517367482633
Kolkata,2026-10-03 19:00:00,1,29.1926549,0.0,6.968518631481369
Kolkata,2026-10-03 20:00:00,1,28.6372104,0.0,7.997501502498498
Kolkata,2026-10-03 21:00:00,1,27.997790800000004,0.0,8.341580558419443
Kolkata,2026-10-03 22:00:00,1,27.6525393,0.0,8.347787152212849
Kolkata,2026-10-03 23:00:00,1,27.4003023,0.0,7.744437455562545
Kolkata,2026-10-04 00:00:00,2,27.208699908699906,0.0,7.230522999999999
Kolkata,2026-10-04 01:00:00,2,26.965291765291763,0.0,6.8609747
Kolkata,2026-10-04 02:00:00,2,26.784568684568683,0.0,6.6079343999999995
Kolkata,2026-10-04 03:00:00,2,26.57665617665618,0.0,6.2210307
Kolkata,2026-10-04 04:00:00,2,26.36874366874367,0.0,5.981091
Kolkata,2026-10-04 05:00:00,2,26.25322615322615,0.0,5.4915237
Kolkata,2026-10-04 06:00:00,2,27.014134614134612,0.0,5.5202461000000005
Kolkata,2026-10-04 07:00:00,2,28.598866798866794,0.0,6.4667843000000005
Kolkata,2026-10-04 08:00:00,2,30.132278332278332,0.0,6.5203194
Kolkata,2026-10-04 09:00:00,2,31.533646133646137,0.0,5.2900632000000005
Kolkata,2026-10-04 10:00:00,2,32.74792474792474,0.0,4.7325555999999995
Kolkata,2026-10-04 11:00:00,2,33.527946627946626,0.0,5.564667699999999
Kolkata,2026-10-04 12:00:00,2,33.72587762587762,0.0,6.7271562
Kolkata,2026-10-04 13:00:00,2,33.44751854751855,0.0,6.9670038000000005
Kolkata,2026-10-04 14:00:00,2,33.36789036789037,0.0,6.673984
Kolkata,2026-10-04 15:00:00,2,33.04205364205364,0.0,5.9973393999999995
Kolkata,2026-10-04 16:00:00,2,32.13855903855904,0.0,5.2560229
Kolkata,2026-10-04 17:00:00,2,30.8978002978003,0.0,4.8977893
Kolkata,2026-10-04 18:00:00,2,29.83875383875384,0.0,4.272329
Kolkata,2026-10-04 19:00:00,2,29.038504138504138,0.0,3.5389092
Kolkata,2026-10-04 20:00:00,2,28.35266895266895,0.0,4.919981399999999
Kolkata,2026-10-04 21:00:00,2,27.79330689330689,0.0,5.0418492
Kolkata,2026-10-04 22:00:00,2,27.398434098434095,0.0,5.768425799999999
Kolkata,2026-10-04 23:00:00,2,26.834658534658534,0.0,6.1582995
Kolkata,2026-10-05 00:00:00,3,26.4468167,0.0,5.7716987
Kolkata,2026-10-05 01:00:00,3,26.1091668,0.0,5.3201678
Kolkata,2026-10-05 02:00:00,3,25.8823425,0.0,4.9444616
Kolkata,2026-10-05 03:00:00,3,25.722661200000005,0.0,5.1959821
Kolkata,2026-10-05 04:00:00,3,25.6534982,0.0,4.932207399999999
Kolkata,2026-10-05 05:00:00,3,25.7467605,0.0,4.556467499999999
Kolkata,2026-10-05 06:00:00,3,26.5257862,0.0,4.3384701
Kolkata,2026-10-05 07:00:00,3,28.4427866,0.0,5.111905
Kolkata,2026-10-05 08:00:00,3,30.4302187,0.0,6.0156375
Kolkata,2026-10-05 09:00:00,3,31.8755692,0.0,6.1814088
Kolkata,2026-10-05 10:00:00,3,32.8975816,0.0,6.298363600000001
Kolkata,2026-10-05 11:00:00,3,33.6792381,0.0,6.5198541
Kolkata,2026-10-05 12:00:00,3,34.046019099999995,0.0,6.6805788
Kolkata,2026-10-05 13:00:00,3,34.1517939,0.0,6.6257459
Kolkata,2026-10-05 14:00:00,3,33.8463811,0.0,6.0146106
Kolkata,2026-10-05 15:00:00,3,33.1947153,0.0,5.1832403
Kolkata,2026-10-05 16:00:00,3,32.2916473,0.0,4.8091266
Kolkata,2026-10-05 17:00:00,3,30.9941326,0.0,4.2655306
Kolkata,2026-10-05 18:00:00,3,29.9633989,0.0,3.0429585999999995
Kolkata,2026-10-05 19:00:00,3,29.075948599999997,0.0,3.0337699
Kolkata,2026-10-05 20:00:00,3,28.585754299999998,0.0,3.6995407000000005
Kolkata,2026-10-05 21:00:00,3,28.0081287,0.0,3.9627886
Kolkata,2026-10-05 22:00:00,3,27.323403400000004,0.0,4.563496
Kolkata,2026-10-05 23:00:00,3,26.7311602,0.0,4.6295049
Kota,2026-10-03 00:00:00,1,24.477823700000002,0.0,7.4410958
Kota,2026-10-03 01:00:00,1,24.118521299999998,0.0,8.3417174
Kota,2026-10-03 02:00:00,1,23.8373728,0.0,9.0181497
Kota,2026-10-03 03:00:00,1,23.547359999999998,0.0,8.9196603
Kota,2026-10-03 04:00:00,1,23.297035700000002,0.0,7.9150534000000015
Kota,2026-10-03 05:00:00,1,23.634672899999998,0.0,7.7257240000000005
Kota,2026-10-03 06:00:00,1,23.156977999999995,0.0,6.647389
Kota,2026-10-03 07:00:00,1,24.285883999999996,0.0,5.5519603
Kota,2026-10-03 08:00:00,1,27.004457600000002,0.0,4.817451200000001
Kota,2026-10-03 09:00:00,1,29.979404600000002,0.0,5.754172500000001
Kota,2026-10-03 10:00:00,1,32.3348362,0.0,8.0550566
Kota,2026-10-03 11:00:00,1,34.0983026,0.0,9.500266200000002
Kota,2026-10-03 12:00:00,1,34.9457722,0.0,9.245765200000001
Kota,2026-10-03 13:00:00,1,35.3856815,0.0,8.358175200000002
Kota,2026-10-03 14:00:00,1,35.3954152,0.0,7.242820900000002
Kota,2026-10-03 15:00:00,1,35.130077299999996,0.0,6.3439414
Kota,2026-10-03 16:00:00,1,34.4854694,0.0,5.4048262000000005
Kota,2026-10-03 17:00:00,1,33.1445578,0.0,4.2432925
Kota,2026-10-03 18:00:00,1,30.9287733,0.0,4.6158178
Kota,2026-10-03 19:00:00,1,29.1311125,0.0,6.101044100000001
Kota,2026-10-03 20:00:00,1,27.827014300000002,0.0,7.5654748000000005
Kota,2026-10-03 21:00:00,1,26.932140899999997,0.0,7.992559600000001
Kota,2026-10-03 22:00:00,1,26.335389000000003,0.0,7.836077900000001
Kota,2026-10-03 23:00:00,1,25.8050323,0.0,8.1565569
Kota,2026-10-04 00:00:00,2,25.2493186,0.0,8.954191254191253
Kota,2026-10-04 01:00:00,2,24.7896439,0.0,9.68918048918049
Kota,2026-10-04 02:00:00,2,24.3795407,0.0,9.964238364238364
Kota,2026-10-04 03:00:00,2,23.9795407,0.0,9.711225611225611
Kota,2026-10-04 04:00:00,2,23.5007395,0.0,9.55129795129795
Kota,2026-10-04 05:00:00,2,23.3201718,0.0,8.756506056506057
Kota,2026-10-04 06:00:00,2,23.469470400000002,0.0,7.773897973897974
Kota,2026-10-04 07:00:00,2,24.768808800000002,0.0,7.252166652166651
Kota,2026-10-04 08:00:00,2,27.433198900000004,0.0,8.423106723106722
Kota,2026-10-04 09:00:00,2,29.8355691,0.0,10.364284664284664
Kota,2026-10-04 10:00:00,2,31.872266000000003,0.0,10.63175193175193
Kota,2026-10-04 11:00:00,2,33.5164426,0.0,10.84087144087144
Kota,2026-10-04 12:00:00,2,34.679244499999996,0.0,10.60985120985121
Kota,2026-10-04 13:00:00,2,35.4585869,0.0,10.104224904224903
Kota,2026-10-04 14:00:00,2,35.7667907,0.0,9.218578418578417
Kota,2026-10-04 15:00:00,2,35.6145128,0.0,7.8829044829044825
Kota,2026-10-04 16:00:00,2,34.989196899999996,0.0,6.444147444147443
Kota,2026-10-04 17:00:00,2,33.589344800000006,0.0,4.653815753815754
Kota,2026-10-04 18:00:00,2,31.426733700000003,0.0,5.244623544623545
Kota,2026-10-04 19:00:00,2,29.7036909,0.0,7.562577462577463
Kota,2026-10-04 20:00:00,2,28.394246800000005,0.0,9.943494543494543
Kota,2026-10-04 21:00:00,2,27.544477400000005,0.0,10.89204389204389
Kota,2026-10-04 22:00:00,2,26.810354000000004,0.0,11.324401824401823
Kota,2026-10-04 23:00:00,2,26.285489300000002,0.0,12.82157142157142
Kota,2026-10-05 00:00:00,3,26.039545139545137,0.0,13.462731237268759
Kota,2026-10-05 01:00:00,3,25.656336756336756,0.0,13.096135103864896
Kota,2026-10-05 02:00:00,3,25.26808836808837,0.0,12.3009870990129
Kota,2026-10-05 03:00:00,3,24.7974036974037,0.0,11.279189120810878
Kota,2026-10-05 04:00:00,3,24.25431725431725,0.0,10.349459750540248
Kota,2026-10-05 05:00:00,3,23.912869512869513,0.0,9.474599525400473
Kota,2026-10-05 06:00:00,3,23.89145579145579,0.0,8.715770484229514
Kota,2026-10-05 07:00:00,3,24.96387996387996,0.0,8.22073757926242
Kota,2026-10-05 08:00:00,3,27.593396893396893,0.0,9.354990645009355
Kota,2026-10-05 09:00:00,3,30.08683158683159,0.0,10.842453357546642
Kota,2026-10-05 10:00:00,3,32.0997836997837,0.0,11.488246811753186
Kota,2026-10-05 11:00:00,3,33.67213017213018,0.0,11.808760291239707
Kota,2026-10-05 12:00:00,3,34.81145761145761,0.0,11.543785956214043
Kota,2026-10-05 13:00:00,3,35.54074004074004,0.0,11.127231672768326
Kota,2026-10-05 14:00:00,3,35.81398391398391,0.0,10.248906051093947
Kota,2026-10-05 15:00:00,3,35.59436569436569,0.0,9.445119554880444
Kota,2026-10-05 16:00:00,3,34.95134715134715,0.0,8.35165584834415
Kota,2026-10-05 17:00:00,3,33.342607642607646,0.0,6.728991571008427
Kota,2026-10-05 18:00:00,3,31.074603274603277,0.0,6.354684845315154
Kota,2026-10-05 19:00:00,3,29.274442274442276,0.0,7.925601174398825
Kota,2026-10-05 20:00:00,3,27.886920486920484,0.0,9.897225602774396
Kota,2026-10-05 21:00:00,3,27.15344015344015,0.0,11.228646771353228
Kota,2026-10-05 22:00:00,3,26.614112714112714,0.0,12.327223172776826
Kota,2026-10-05 23:00:00,3,25.99193529193529,0.0,12.619699780300218
Lucknow,2026-10-03 00:00:00,1,25.38938598938599,0.0,5.2603823
Lucknow,2026-10-03 01:00:00,1,24.97995037995038,0.0,5.6302297
Lucknow,2026-10-03 02:00:00,1,24.552555452555453,0.0,5.9985800000000005
Lucknow,2026-10-03 03:00:00,1,24.213584813584816,0.0,6.3199503
Lucknow,2026-10-03 04:00:00,1,24.02770662770663,0.0,6.5760489
Lucknow,2026-10-03 05:00:00,1,24.420875820875825,0.0,6.4984412
Lucknow,2026-10-03 06:00:00,1,24.35692945692946,0.0,6.238174900000001
Lucknow,2026-10-03 07:00:00,1,25.88985068985069,0.0,6.915472099999999
Lucknow,2026-10-03 08:00:00,1,27.862307162307168,0.0,7.6430894
Lucknow,2026-10-03 09:00:00,1,29.57118317118317,0.0,8.2451041
Lucknow,2026-10-03 10:00:00,1,31.067070167070167,0.0,8.9451334
Lucknow,2026-10-03 11:00:00,1,32.18958018958019,0.0,9.2633837
Lucknow,2026-10-03 12:00:00,1,32.88199558199558,0.0,9.9403416
Lucknow,2026-10-03 13:00:00,1,33.20684440684441,0.0,10.700721
Lucknow,2026-10-03 14:00:00,1,33.19002289002289,0.0,10.9638942
Lucknow,2026-10-03 15:00:00,1,32.79151299151299,0.0,10.3482791
Lucknow,2026-10-03 16:00:00,1,32.052831452831455,0.0,8.8521847
Lucknow,2026-10-03 17:00:00,1,30.82705712705713,0.0,6.355424899999999
Lucknow,2026-10-03 18:00:00,1,29.556366256366257,0.0,5.1854482
Lucknow,2026-10-03 19:00:00,1,28.575391075391074,0.0,4.5166874
Lucknow,2026-10-03 20:00:00,1,27.809675509675507,0.0,4.242817700000001
Lucknow,2026-10-03 21:00:00,1,27.07816757816758,0.0,3.9190192
Lucknow,2026-10-03 22:00:00,1,26.36674546674547,0.0,4.142844
Lucknow,2026-10-03 23:00:00,1,25.716077216077217,0.0,4.450032299999999
Lucknow,2026-10-04 00:00:00,2,25.250164150164146,0.0,4.278154021845978
Lucknow,2026-10-04 01:00:00,2,24.915186415186415,0.0,4.560689039310961
Lucknow,2026-10-04 02:00:00,2,24.625464925464925,0.0,3.982801017198983
Lucknow,2026-10-04 03:00:00,2,24.22784512784513,0.0,3.68981091018909
Lucknow,2026-10-04 04:00:00,2,23.867410467410465,0.0,4.1461328538671465
Lucknow,2026-10-04 05:00:00,2,23.645091445091445,0.0,5.777557722442277
Lucknow,2026-10-04 06:00:00,2,23.83208633208633,0.0,5.78030341969658
Lucknow,2026-10-04 07:00:00,2,25.2974541974542,0.0,5.805357894642105
Lucknow,2026-10-04 08:00:00,2,27.156991656991654,0.0,6.636734663265337
Lucknow,2026-10-04 09:00:00,2,28.91208101208101,0.0,7.024771875228124
Lucknow,2026-10-04 10:00:00,2,30.337710737710736,0.0,6.456232943767056
Lucknow,2026-10-04 11:00:00,2,31.45716445716446,0.0,5.58928661071339
Lucknow,2026-10-04 12:00:00,2,32.26126696126696,0.0,5.977686522313478
Lucknow,2026-10-04 13:00:00,2,32.959059559059554,0.0,6.905388294611706
Lucknow,2026-10-04 14:00:00,2,33.17171827171827,0.0,7.3103985896014105
Lucknow,2026-10-04 15:00:00,2,32.86112746112746,0.0,7.371194028805972
Lucknow,2026-10-04 16:00:00,2,32.145949045949045,0.0,6.785272214727785
Lucknow,2026-10-04 17:00:00,2,30.895140595140596,0.0,5.161439938560061
Lucknow,2026-10-04 18:00:00,2,29.581038581038584,0.0,4.790937409062591
Lucknow,2026-10-04 19:00:00,2,28.625816125816122,0.0,4.7961184038815965
Lucknow,2026-10-04 20:00:00,2,27.86300126300126,0.0,4.757253842746158
Lucknow,2026-10-04 21:00:00,2,27.23040373040373,0.0,4.974113625886374
Lucknow,2026-10-04 22:00:00,2,26.668207068207067,0.0,4.8652868347131655
Lucknow,2026-10-04 23:00:00,2,26.18276088276088,0.0,4.29041370958629
Lucknow,2026-10-05 00:00:00,3,25.820931700000003,0.0,3.85056925056925
Lucknow,2026-10-05 01:00:00,3,25.412233399999998,0.0,3.4134618134618133
Lucknow,2026-10-05 02:00:00,3,25.0143704,0.0,3.1119685119685117
Lucknow,2026-10-05 03:00:00,3,24.6043241,0.0,3.9010170010170007
Lucknow,2026-10-05 04:00:00,3,24.1720482,0.0,4.208123908123908
Lucknow,2026-10-05 05:00:00,3,23.9362873,0.0,4.8997536997537
Lucknow,2026-10-05 06:00:00,3,24.1049827,0.0,4.912733812733812
Lucknow,2026-10-05 07:00:00,3,25.5193193,0.0,4.415099715099714
Lucknow,2026-10-05 08:00:00,3,27.3425009,0.0,4.558389558389558
Lucknow,2026-10-05 09:00:00,3,28.9430919,0.0,5.136601536601535
Lucknow,2026-10-05 10:00:00,3,30.225072299999997,0.0,5.002980402980403
Lucknow,2026-10-05 11:00:00,3,31.343848899999998,0.0,5.257263457263457
Lucknow,2026-10-05 12:00:00,3,31.950048600000002,0.12786117213882783,4.642170142170142
Lucknow,2026-10-05 13:00:00,3,32.3469083,0.0,4.664521064521065
Lucknow,2026-10-05 14:00:00,3,32.6101761,0.0,4.556766556766556
Lucknow,2026-10-05 15:00:00,3,32.3192511,0.0,4.237615137615137
Lucknow,2026-10-05 16:00:00,3,31.2451311,0.16439293560706436,5.749198849198849
Lucknow,2026-10-05 17:00:00,3,30.023377800000002,0.0,6.0290414290414285
Lucknow,2026-10-05 18:00:00,3,28.828262099999996,0.0,5.728783528783528
Lucknow,2026-10-05 19:00:00,3,27.9916959,0.0,5.298888998888999
Lucknow,2026-10-05 20:00:00,3,27.2776056,0.0,5.408616408616408
Lucknow,2026-10-05 21:00:00,3,26.639180699999997,0.0,5.897313397313396
Lucknow,2026-10-05 22:00:00,3,26.059749600000004,0.0,5.985570385570385
Lucknow,2026-10-05 23:00:00,3,25.6994078,0.0,6.103299903299903
Ludhiana,2026-10-03 00:00:00,1,25.020734520734518,0.0,5.122481499999999
Ludhiana,2026-10-03 01:00:00,1,24.4016001016001,0.0,3.3410129
Ludhiana,2026-10-03 02:00:00,1,23.79333139333139,0.0,2.5537768
Ludhiana,2026-10-03 03:00:00,1,23.45345135345135,0.0,2.8814067000000003
Ludhiana,2026-10-03 04:00:00,1,23.164157064157063,0.0,3.4256213
Ludhiana,2026-10-03 05:00:00,1,23.328206728206727,0.0,3.6453432
Ludhiana,2026-10-03 06:00:00,1,23.158501258501257,0.0,3.5565447
Ludhiana,2026-10-03 07:00:00,1,24.534223034223032,0.0,3.3160667
Ludhiana,2026-10-03 08:00:00,1,27.271607571607568,0.0,2.4546451
Ludhiana,2026-10-03 09:00:00,1,30.064852464852464,0.0,2.8593288
Ludhiana,2026-10-03 10:00:00,1,32.12423712423712,0.0,4.7781267
Ludhiana,2026-10-03 11:00:00,1,33.485848585848586,0.0,7.501613799999999
Ludhiana,2026-10-03 12:00:00,1,34.53129403129403,0.0,9.8384559
Ludhiana,2026-10-03 13:00:00,1,35.23720513720513,0.0,11.175396899999999
Ludhiana,2026-10-03 14:00:00,1,35.54723044723045,0.0,11.7985736
Ludhiana,2026-10-03 15:00:00,1,35.394312794312796,0.0,11.6926524
Ludhiana,2026-10-03 16:00:00,1,34.76183536183536,0.0,11.2209767
Ludhiana,2026-10-03 17:00:00,1,33.49555379555379,0.0,10.1778753
Ludhiana,2026-10-03 18:00:00,1,31.17440597440597,0.0,8.6509115
Ludhiana,2026-10-03 19:00:00,1,29.557498357498357,0.0,8.1019783
Ludhiana,2026-10-03 20:00:00,1,28.56044106044106,0.0,7.248281199999999
Ludhiana,2026-10-03 21:00:00,1,27.780840980840978,0.0,5.237849300000001
Ludhiana,2026-10-03 22:00:00,1,27.04210674210674,0.0,2.7228678
Ludhiana,2026-10-03 23:00:00,1,26.292466492466495,0.0,3.6585416
Ludhiana,2026-10-04 00:00:00,2,25.5803024,0.0,4.2114106
Ludhiana,2026-10-04 01:00:00,2,25.030910400000003,0.0,3.9742537999999996
Ludhiana,2026-10-04 02:00:00,2,24.470983099999998,0.0,3.5788712
Ludhiana,2026-10-04 03:00:00,2,23.9063352,0.0,3.4587176
Ludhiana,2026-10-04 04:00:00,2,23.4511402,0.0,3.1164816
Ludhiana,2026-10-04 05:00:00,2,23.2851648,0.0,3.1592439
Ludhiana,2026-10-04 06:00:00,2,23.4676209,0.0,3.6777929
Ludhiana,2026-10-04 07:00:00,2,24.737626300000002,0.0,4.633058
Ludhiana,2026-10-04 08:00:00,2,27.124942200000003,0.0,6.571404899999999
Ludhiana,2026-10-04 09:00:00,2,29.6026716,0.0,8.0567844
Ludhiana,2026-10-04 10:00:00,2,31.5435933,0.0,8.482929899999998
Ludhiana,2026-10-04 11:00:00,2,33.175465599999995,0.0,7.331751099999999
Ludhiana,2026-10-04 12:00:00,2,34.446877,0.0,6.1471474
Ludhiana,2026-10-04 13:00:00,2,35.3559299,0.0,4.503389899999999
Ludhiana,2026-10-04 14:00:00,2,35.6380762,0.0,4.4066202
Ludhiana,2026-10-04 15:00:00,2,35.5066859,0.0,4.369709500000001
Ludhiana,2026-10-04 16:00:00,2,35.0898478,0.0,3.9308949999999996
Ludhiana,2026-10-04 17:00:00,2,33.9403552,0.0,3.9406241
Ludhiana,2026-10-04 18:00:00,2,30.934697399999997,0.12751,4.6667019
Ludhiana,2026-10-04 19:00:00,2,29.1261898,0.0,4.2487124000000005
Ludhiana,2026-10-04 20:00:00,2,28.1894971,0.0,4.0883328
Ludhiana,2026-10-04 21:00:00,2,27.445237400000003,0.0,4.1431458
Ludhiana,2026-10-04 22:00:00,2,26.884361300000002,0.0,3.5422620999999994
Ludhiana,2026-10-04 23:00:00,2,26.3941144,0.0,4.2040216
Ludhiana,2026-10-05 00:00:00,3,25.7463585,0.0,5.3080533
Ludhiana,2026-10-05 01:00:00,3,24.913322,0.0,6.207629600000001
Ludhiana,2026-10-05 02:00:00,3,24.374687100000003,0.0,6.6110861
Ludhiana,2026-10-05 03:00:00,3,23.9668699,0.0,6.352115700000001
Ludhiana,2026-10-05 04:00:00,3,23.602674200000003,0.0,6.0267265
Ludhiana,2026-10-05 05:00:00,3,23.3650275,0.0,6.013558999999999
Ludhiana,2026-10-05 06:00:00,3,23.443893799999998,0.0,6.329917099999999
Ludhiana,2026-10-05 07:00:00,3,24.6755111,0.0,6.7961442
Ludhiana,2026-10-05 08:00:00,3,27.217316099999998,0.0,7.659824599999999
Ludhiana,2026-10-05 09:00:00,3,29.9067221,0.0,7.476547399999999
Ludhiana,2026-10-05 10:00:00,3,32.1207565,0.0,7.5802149
Ludhiana,2026-10-05 11:00:00,3,33.826122999999995,0.0,6.987644700000001
Ludhiana,2026-10-05 12:00:00,3,35.0789333,0.0,5.619316599999999
Ludhiana,2026-10-05 13:00:00,3,35.770613899999994,0.0,5.3457715
Ludhiana,2026-10-05 14:00:00,3,35.9911288,0.0,5.8193704
Ludhiana,2026-10-05 15:00:00,3,35.832566400000005,0.0,5.6036068000000006
Ludhiana,2026-10-05 16:00:00,3,35.400148699999995,0.0,5.5948758
Ludhiana,2026-10-05 17:00:00,3,34.1616396,0.0,5.414878699999999
Ludhiana,2026-10-05 18:00:00,3,31.6067453,0.0,7.592749700000001
Ludhiana,2026-10-05 19:00:00,3,29.805734700000002,0.0,5.494253499999999
Ludhiana,2026-10-05 20:00:00,3,28.6085967,0.0,6.2023161999999985
Ludhiana,2026-10-05 21:00:00,3,27.595048300000002,0.0,8.325501599999999
Ludhiana,2026-10-05 22:00:00,3,26.9670612,0.0,8.2325685
Ludhiana,2026-10-05 23:00:00,3,26.314391900000004,0.0,8.0040054
Madurai,2026-10-03 00:00:00,1,26.3413498,0.04991965008034991,4.903792200000001
Madurai,2026-10-03 01:00:00,1,25.7709908,0.5758366241633757,4.9938211
Madurai,2026-10-03 02:00:00,1,25.5030624,0.12518187481812515,5.972144
Madurai,2026-10-03 03:00:00,1,25.327943200000004,0.25021064978935015,7.1978189
Madurai,2026-10-03 04:00:00,1,25.2084846,0.10014549985450012,6.306173
Madurai,2026-10-03 05:00:00,1,25.2934814,0.05007274992725006,4.6102038
Madurai,2026-10-03 06:00:00,1,25.149610600000003,0.14925035074964924,4.7259449
Madurai,2026-10-03 07:00:00,1,26.0225116,0.07475362524637474,5.8937
Madurai,2026-10-03 08:00:00,1,27.315044400000005,0.07475362524637474,6.060575099999999
Madurai,2026-10-03 09:00:00,1,28.5132018,0.09948380051619946,6.0467509
Madurai,2026-10-03 10:00:00,1,29.5746602,0.09948380051619946,4.8516367
Madurai,2026-10-03 11:00:00,1,30.282802,0.32670117329882664,7.239531899999999
Madurai,2026-10-03 12:00:00,1,30.8073894,0.025246374753625248,7.751469
Madurai,2026-10-03 13:00:00,1,31.594256,0.050492749507250495,6.4648924
Madurai,2026-10-03 14:00:00,1,32.217669799999996,0.0,5.833783199999999
Madurai,2026-10-03 15:00:00,1,32.109826999999996,0.2272173727826272,8.0269519
Madurai,2026-10-03 16:00:00,1,31.3822512,0.25173754826245176,8.957657000000001
Madurai,2026-10-03 17:00:00,1,30.482098199999996,0.09953310046689952,7.9887964
Madurai,2026-10-03 18:00:00,1,29.084957000000003,0.2985993014006985,6.093057
Madurai,2026-10-03 19:00:00,1,28.147432799999997,0.5225487774512225,6.9122354
Madurai,2026-10-03 20:00:00,1,27.3610228,0.2737160262839737,7.969305
Madurai,2026-10-03 21:00:00,1,26.819023,0.22394947605052393,5.8057165
Madurai,2026-10-03 22:00:00,1,26.4862286,0.07464982535017463,4.861573300000001
Madurai,2026-10-03 23:00:00,1,26.1124316,0.0,4.1479385
Madurai,2026-10-04 00:00:00,2,25.77100287100287,0.024686700000000002,3.837896437896438
Madurai,2026-10-04 01:00:00,2,25.44765474765475,0.024686700000000002,3.02962482962483
Madurai,2026-10-04 02:00:00,2,25.194869394869393,0.024686700000000002,3.2401200401200403
Madurai,2026-10-04 03:00:00,2,24.88946758946759,0.0,3.271820871820872
Madurai,2026-10-04 04:00:00,2,24.575468075468073,0.1031736,2.880541180541181
Madurai,2026-10-04 05:00:00,2,24.426111126111127,0.3353142,3.1807738807738812
Madurai,2026-10-04 06:00:00,2,24.7006375006375,0.0,3.2725230725230725
Madurai,2026-10-04 07:00:00,2,26.212099912099916,0.0,3.116369016369016
Madurai,2026-10-04 08:00:00,2,27.836660336660337,0.0,2.318679318679319
Madurai,2026-10-04 09:00:00,2,29.324605724605725,0.0,3.108767808767809
Madurai,2026-10-04 10:00:00,2,30.59480219480219,0.0,3.3320056320056324
Madurai,2026-10-04 11:00:00,2,31.605007005007007,0.0,3.5339326339326345
Madurai,2026-10-04 12:00:00,2,32.36834666834667,0.1234335,4.530665030665031
Madurai,2026-10-04 13:00:00,2,32.76682806682806,0.1234335,6.8980773980773975
Madurai,2026-10-04 14:00:00,2,32.7987285987286,0.1492269,9.462274562274562
Madurai,2026-10-04 15:00:00,2,32.47685377685377,0.19749360000000002,10.173784073784073
Madurai,2026-10-04 16:00:00,2,31.47101907101907,0.5950200000000001,9.86878926878927
Madurai,2026-10-04 17:00:00,2,29.618290718290723,1.3128022000000001,9.578660578660578
Madurai,2026-10-04 18:00:00,2,28.62908772908773,0.345858,7.784054484054485
Madurai,2026-10-04 19:00:00,2,27.904650904650904,0.1481202,7.4923411923411924
Madurai,2026-10-04 20:00:00,2,27.253367353367352,0.1481202,9.334378534378533
Madurai,2026-10-04 21:00:00,2,26.511833811833814,0.1031736,8.948034948034948
Madurai,2026-10-04 22:00:00,2,26.008591108591112,0.7996540999999999,6.096073696073696
Madurai,2026-10-04 23:00:00,2,25.724930324930327,0.0504679,4.264122864122864
Madurai,2026-10-05 00:00:00,3,25.475470424529572,0.0,3.3991042
Madurai,2026-10-05 01:00:00,3,25.185758114241878,0.0,2.8079122000000005
Madurai,2026-10-05 02:00:00,3,24.986648913351083,0.0,2.8141941
Madurai,2026-10-05 03:00:00,3,24.676101323898674,0.0,3.1163654999999997
Madurai,2026-10-05 04:00:00,3,24.448399451600544,0.0,3.3102715
Madurai,2026-10-05 05:00:00,3,24.38319681680318,0.0,3.6061251
Madurai,2026-10-05 06:00:00,3,24.62991477008523,0.0,3.1247522
Madurai,2026-10-05 07:00:00,3,25.886587013412985,0.0,2.8690640000000003
Madurai,2026-10-05 08:00:00,3,27.489414810585185,0.0,2.7838794
Madurai,2026-10-05 09:00:00,3,29.190832009167984,0.0,3.6662230999999994
Madurai,2026-10-05 10:00:00,3,30.851327348672648,0.0,4.5627555
Madurai,2026-10-05 11:00:00,3,32.070300829699164,0.0,4.703420400000001
Madurai,2026-10-05 12:00:00,3,32.75807114192885,0.0957588,5.3427542
Madurai,2026-10-05 13:00:00,3,32.92247587752412,0.0957588,8.6428468
Madurai,2026-10-05 14:00:00,3,32.97771262228737,0.0957588,10.1351008
Madurai,2026-10-05 15:00:00,3,32.89846110153889,0.1436382,9.4488596
Madurai,2026-10-05 16:00:00,3,32.47558432441567,0.1436382,7.297382499999999
Madurai,2026-10-05 17:00:00,3,31.53284326715673,0.1689852,6.2692166
Madurai,2026-10-05 18:00:00,3,29.749044750955242,0.1436382,10.0476561
Madurai,2026-10-05 19:00:00,3,28.229942370057625,0.1436382,13.259381299999998
Madurai,2026-10-05 20:00:00,3,27.399041700958293,0.1436382,11.3358289
Madurai,2026-10-05 21:00:00,3,26.670411429588565,0.0755475,7.8929294
Madurai,2026-10-05 22:00:00,3,26.191469008530987,0.251825,4.7542048999999995
Madurai,2026-10-05 23:00:00,3,25.75255764744235,0.8058400000000001,4.6792543
Mumbai,2026-10-03 00:00:00,1,29.4113602,0.0,7.706509906509906
Mumbai,2026-10-03 01:00:00,1,28.9491661,0.0,7.595226195226195
Mumbai,2026-10-03 02:00:00,1,28.636940799999998,0.0,7.537277937277937
Mumbai,2026-10-03 03:00:00,1,28.280107699999995,0.0,7.528421428421428
Mumbai,2026-10-03 04:00:00,1,27.871998400000003,0.0,7.165217465217465
Mumbai,2026-10-03 05:00:00,1,27.1200384,0.0,6.894990694990694
Mumbai,2026-10-03 06:00:00,1,26.8467701,0.0,6.352928252928253
Mumbai,2026-10-03 07:00:00,1,27.392330900000005,0.0,6.128818728818729
Mumbai,2026-10-03 08:00:00,1,29.053150799999997,0.0,6.0436557436557425
Mumbai,2026-10-03 09:00:00,1,31.404489400000003,0.0,7.080010780010779
Mumbai,2026-10-03 10:00:00,1,33.4446203,0.0,6.82975322975323
Mumbai,2026-10-03 11:00:00,1,34.9943096,0.0,6.314100414100413
Mumbai,2026-10-03 12:00:00,1,35.9299886,0.0,5.289151389151389
Mumbai,2026-10-03 13:00:00,1,36.329855099999996,0.0,4.825645525645525
Mumbai,2026-10-03 14:00:00,1,36.207595999999995,0.0,7.072339872339872
Mumbai,2026-10-03 15:00:00,1,35.6510988,0.0,8.548917948917948
Mumbai,2026-10-03 16:00:00,1,34.7395328,0.0,9.175154475154475
Mumbai,2026-10-03 17:00:00,1,33.6850105,0.0,9.2016948016948
Mumbai,2026-10-03 18:00:00,1,32.6330423,0.0,8.045520545520546
Mumbai,2026-10-03 19:00:00,1,31.843972700000002,0.0,6.383172483172482
Mumbai,2026-10-03 20:00:00,1,30.994360500000003,0.0,6.055805055805055
Mumbai,2026-10-03 21:00:00,1,30.008535300000002,0.0,5.725236625236625
Mumbai,2026-10-03 22:00:00,1,29.060097,0.0,5.3010353010353
Mumbai,2026-10-03 23:00:00,1,28.2363888,0.0,4.912431212431212
Mumbai,2026-10-04 00:00:00,2,27.5036343,0.0,5.3568101
Mumbai,2026-10-04 01:00:00,2,26.9228917,0.0,5.1129172
Mumbai,2026-10-04 02:00:00,2,26.468692599999997,0.0,5.153116799999999
Mumbai,2026-10-04 03:00:00,2,25.9632627,0.0,5.270662
Mumbai,2026-10-04 04:00:00,2,25.504099000000004,0.0,5.7605502
Mumbai,2026-10-04 05:00:00,2,25.1592281,0.0,6.119670899999999
Mumbai,2026-10-04 06:00:00,2,25.154018800000003,0.0,5.6167785
Mumbai,2026-10-04 07:00:00,2,25.8276451,0.0,5.4703079
Mumbai,2026-10-04 08:00:00,2,27.749434,0.0,5.3414021
Mumbai,2026-10-04 09:00:00,2,30.252509500000002,0.0,6.452614499999999
Mumbai,2026-10-04 10:00:00,2,32.3469997,0.0,7.606453599999999
Mumbai,2026-10-04 11:00:00,2,33.93606,0.0,7.4047693
Mumbai,2026-10-04 12:00:00,2,34.908291000000006,0.0,6.3282398
Mumbai,2026-10-04 13:00:00,2,35.3057545,0.0,5.6784835000000005
Mumbai,2026-10-04 14:00:00,2,35.3333872,0.0,7.377058
Mumbai,2026-10-04 15:00:00,2,35.0036604,0.0,8.532236000000001
Mumbai,2026-10-04 16:00:00,2,34.458279,0.0,10.031989
Mumbai,2026-10-04 17:00:00,2,33.4686227,0.0,11.282013
Mumbai,2026-10-04 18:00:00,2,32.1133344,0.0,11.1107293
Mumbai,2026-10-04 19:00:00,2,31.008177099999997,0.0,10.0980764
Mumbai,2026-10-04 20:00:00,2,30.123015100000003,0.0,9.245247799999998
Mumbai,2026-10-04 21:00:00,2,29.3931185,0.0,8.1569588
Mumbai,2026-10-04 22:00:00,2,28.787688599999996,0.0,6.6914376
Mumbai,2026-10-04 23:00:00,2,28.2276228,0.0,5.6868028
Mumbai,2026-10-05 00:00:00,3,27.650700049299946,0.0,5.1611612000000004
Mumbai,2026-10-05 01:00:00,3,27.09413030586969,0.0,4.9521768
Mumbai,2026-10-05 02:00:00,3,26.61147928852071,0.0,4.926176
Mumbai,2026-10-05 03:00:00,3,26.157366642633352,0.0,5.020982
Mumbai,2026-10-05 04:00:00,3,25.777172722827274,0.0,5.8296488
Mumbai,2026-10-05 05:00:00,3,25.57285232714767,0.0,6.1247122
Mumbai,2026-10-05 06:00:00,3,25.530710769289225,0.0,5.5830094
Mumbai,2026-10-05 07:00:00,3,26.020896879103116,0.0,5.5179002
Mumbai,2026-10-05 08:00:00,3,27.772335727664267,0.0,5.0230202
Mumbai,2026-10-05 09:00:00,3,30.06187043812956,0.0,5.5650406
Mumbai,2026-10-05 10:00:00,3,32.06510453489546,0.0,6.5523366
Mumbai,2026-10-05 11:00:00,3,33.53472696527303,0.0,6.2268148
Mumbai,2026-10-05 12:00:00,3,34.33291186708813,0.0,6.504072600000001
Mumbai,2026-10-05 13:00:00,3,34.45349964650035,0.0,9.3734336
Mumbai,2026-10-05 14:00:00,3,34.26105883894115,0.0,12.6884526
Mumbai,2026-10-05 15:00:00,3,33.74373395626604,0.0,15.1872258
Mumbai,2026-10-05 16:00:00,3,32.926409073590925,0.0,16.7103302
Mumbai,2026-10-05 17:00:00,3,31.86434583565416,0.0,17.127827
Mumbai,2026-10-05 18:00:00,3,30.602789597210396,0.0,15.436720400000002
Mumbai,2026-10-05 19:00:00,3,29.636203563796435,0.0,13.195908000000001
Mumbai,2026-10-05 20:00:00,3,28.970259529740467,0.0,11.488359800000001
Mumbai,2026-10-05 21:00:00,3,28.41552898447101,0.0,9.7524788
Mumbai,2026-10-05 22:00:00,3,27.956478043521955,0.0,7.5558332
Mumbai,2026-10-05 23:00:00,3,27.486213613786383,0.0,6.177700400000001
Nagpur,2026-10-03 00:00:00,1,24.606025106025104,0.0,4.537937200000001
Nagpur,2026-10-03 01:00:00,1,23.95362005362005,0.0,4.889494900000001
Nagpur,2026-10-03 02:00:00,1,23.398118898118895,0.0,4.6536409
Nagpur,2026-10-03 03:00:00,1,22.830973030973027,0.0,4.807827800000001
Nagpur,2026-10-03 04:00:00,1,22.356393756393754,0.0,4.9754342000000005
Nagpur,2026-10-03 05:00:00,1,22.205380305380302,0.0,5.7047778000000005
Nagpur,2026-10-03 06:00:00,1,22.37258887258887,0.0,4.892414100000001
Nagpur,2026-10-03 07:00:00,1,24.035191435191436,0.0,3.5075808000000004
Nagpur,2026-10-03 08:00:00,1,26.31511451511451,0.0,3.1263123000000004
Nagpur,2026-10-03 09:00:00,1,28.73403263403263,0.0,3.4788710000000007
Nagpur,2026-10-03 10:00:00,1,30.9058722058722,0.0,3.606402600000001
Nagpur,2026-10-03 11:00:00,1,32.37105637105637,0.0,3.239858800000001
Nagpur,2026-10-03 12:00:00,1,33.093024593024595,0.0,3.8237723000000003
Nagpur,2026-10-03 13:00:00,1,33.34797294797295,0.0,5.466341000000002
Nagpur,2026-10-03 14:00:00,1,33.29540789540789,0.0,6.6570305
Nagpur,2026-10-03 15:00:00,1,32.983200783200786,0.0,6.2455233
Nagpur,2026-10-03 16:00:00,1,32.32263992263992,0.0,4.3256491
Nagpur,2026-10-03 17:00:00,1,30.99475589475589,0.0,2.5718186000000003
Nagpur,2026-10-03 18:00:00,1,29.134070934070934,0.0,3.0466506
Nagpur,2026-10-03 19:00:00,1,27.755646355646352,0.0,3.652864400000001
Nagpur,2026-10-03 20:00:00,1,26.691596591596593,0.0,5.231222100000001
Nagpur,2026-10-03 21:00:00,1,25.87264447264447,0.0,5.473400400000001
Nagpur,2026-10-03 22:00:00,1,25.109469909469908,0.0,4.776245000000001
Nagpur,2026-10-03 23:00:00,1,24.457457657457656,0.0,5.182427200000001
Nagpur,2026-10-04 00:00:00,2,23.816769700000002,0.0,5.3690201
Nagpur,2026-10-04 01:00:00,2,23.206506100000002,0.0,5.820793200000001
Nagpur,2026-10-04 02:00:00,2,22.545813100000004,0.0,6.525503500000001
Nagpur,2026-10-04 03:00:00,2,21.8532863,0.0,6.639591299999999
Nagpur,2026-10-04 04:00:00,2,21.2739313,0.0,6.3178129
Nagpur,2026-10-04 05:00:00,2,21.0053676,0.0,6.0723891000000005
Nagpur,2026-10-04 06:00:00,2,21.1869241,0.0,5.7553406
Nagpur,2026-10-04 07:00:00,2,22.966401800000003,0.0,5.0402189
Nagpur,2026-10-04 08:00:00,2,25.4485178,0.0,4.389840400000001
Nagpur,2026-10-04 09:00:00,2,27.832184900000005,0.0,3.2808884000000003
Nagpur,2026-10-04 10:00:00,2,30.0957053,0.0,2.4828973000000003
Nagpur,2026-10-04 11:00:00,2,31.930574900000003,0.0,1.8603840999999999
Nagpur,2026-10-04 12:00:00,2,33.009338400000004,0.0,2.7629149999999996
Nagpur,2026-10-04 13:00:00,2,33.4281869,0.0,4.066790200000001
Nagpur,2026-10-04 14:00:00,2,33.465047,0.0,4.7295112
Nagpur,2026-10-04 15:00:00,2,33.111076,0.0,4.5141644
Nagpur,2026-10-04 16:00:00,2,32.4038482,0.0,3.5044539000000006
Nagpur,2026-10-04 17:00:00,2,30.896569000000003,0.0,1.977099
Nagpur,2026-10-04 18:00:00,2,28.9377438,0.0,2.540139
Nagpur,2026-10-04 19:00:00,2,27.4317874,0.0,3.5834645
Nagpur,2026-10-04 20:00:00,2,26.230295199999997,0.0,3.9790062
Nagpur,2026-10-04 21:00:00,2,25.391883999999997,0.0,3.2229691
Nagpur,2026-10-04 22:00:00,2,24.618625100000003,0.0,4.8863582
Nagpur,2026-10-04 23:00:00,2,24.1031461,0.0,4.3574679000000005
Nagpur,2026-10-05 00:00:00,3,23.7354201,0.0,3.7728303999999997
Nagpur,2026-10-05 01:00:00,3,23.320685,0.0,3.8409767999999995
Nagpur,2026-10-05 02:00:00,3,22.9277351,0.0,3.9901633
Nagpur,2026-10-05 03:00:00,3,22.5214578,0.0,4.4301195
Nagpur,2026-10-05 04:00:00,3,22.163478700000002,0.0,4.115881999999999
Nagpur,2026-10-05 05:00:00,3,21.905742999999998,0.0,3.801656799999999
Nagpur,2026-10-05 06:00:00,3,22.128968999999998,0.0,3.7148442999999993
Nagpur,2026-10-05 07:00:00,3,23.8706018,0.0,3.301878399999999
Nagpur,2026-10-05 08:00:00,3,26.220209999999998,0.0,3.129549499999999
Nagpur,2026-10-05 09:00:00,3,28.725435100000002,0.0,2.831187
Nagpur,2026-10-05 10:00:00,3,30.9418649,0.0,3.3142724999999995
Nagpur,2026-10-05 11:00:00,3,32.5201632,0.0,4.339405599999999
Nagpur,2026-10-05 12:00:00,3,33.3548911,0.0,4.341393299999999
Nagpur,2026-10-05 13:00:00,3,33.7415637,0.0,3.6294319999999995
Nagpur,2026-10-05 14:00:00,3,33.773722500000005,0.0,3.3029937999999994
Nagpur,2026-10-05 15:00:00,3,33.386991599999995,0.0,3.1792304999999996
Nagpur,2026-10-05 16:00:00,3,32.7011569,0.0,3.0102713999999993
Nagpur,2026-10-05 17:00:00,3,31.2542013,0.0,2.5886575
Nagpur,2026-10-05 18:00:00,3,29.2264148,0.0,2.9779990999999995
Nagpur,2026-10-05 19:00:00,3,27.962256600000003,0.0,3.1929977999999997
Nagpur,2026-10-05 20:00:00,3,27.107684999999996,0.0,2.4665984999999995
Nagpur,2026-10-05 21:00:00,3,26.3735778,0.0,5.717245399999999
Nagpur,2026-10-05 22:00:00,3,25.912935299999997,0.03248406751593249,4.5957308999999995
Nagpur,2026-10-05 23:00:00,3,25.285442099999997,0.0,4.630068499999999
Nashik,2026-10-03 00:00:00,1,23.955454555454555,0.0,2.0792915999999995
Nashik,2026-10-03 01:00:00,1,23.437834837834835,0.0,1.8564996
Nashik,2026-10-03 02:00:00,1,23.03410933410933,0.0,1.8620356
Nashik,2026-10-03 03:00:00,1,22.6004176004176,0.0,2.4976872
Nashik,2026-10-03 04:00:00,1,22.056945656945654,0.0,2.9015072000000006
Nashik,2026-10-03 05:00:00,1,21.752339252339247,0.0,2.841531
Nashik,2026-10-03 06:00:00,1,21.703058903058903,0.0,2.6001914
Nashik,2026-10-03 07:00:00,1,22.855193055193052,0.0,2.2835582
Nashik,2026-10-03 08:00:00,1,25.18527688527688,0.0,2.8795546000000005
Nashik,2026-10-03 09:00:00,1,27.68328408328408,0.0,5.0411196
Nashik,2026-10-03 10:00:00,1,29.689139989139985,0.0,7.0198898
Nashik,2026-10-03 11:00:00,1,31.04590514590514,0.0,6.8059886
Nashik,2026-10-03 12:00:00,1,31.734681234681233,0.0,4.3536078
Nashik,2026-10-03 13:00:00,1,32.12451252451252,0.0,3.6337387999999997
Nashik,2026-10-03 14:00:00,1,32.18164158164158,0.0,4.713234999999999
Nashik,2026-10-03 15:00:00,1,31.847708147708147,0.0,6.227918000000001
Nashik,2026-10-03 16:00:00,1,30.94457904457904,0.0,8.9663284
Nashik,2026-10-03 17:00:00,1,29.17411107411107,0.0,10.9629474
Nashik,2026-10-03 18:00:00,1,26.964814264814265,0.0,10.073350399999999
Nashik,2026-10-03 19:00:00,1,25.507627007627004,0.0,9.1799542
Nashik,2026-10-03 20:00:00,1,24.452158752158752,0.0,7.6373368
Nashik,2026-10-03 21:00:00,1,23.723769323769325,0.0,5.89165
Nashik,2026-10-03 22:00:00,1,23.158497958497954,0.0,4.2202519999999994
Nashik,2026-10-03 23:00:00,1,22.694064694064693,0.0,3.0014743999999998
Nashik,2026-10-04 00:00:00,2,22.318767118767116,0.0,3.0967173
Nashik,2026-10-04 01:00:00,2,21.918173518173518,0.0,2.4080993
Nashik,2026-10-04 02:00:00,2,21.664312164312165,0.0,2.4873669
Nashik,2026-10-04 03:00:00,2,21.342417842417838,0.0,2.3393956
Nashik,2026-10-04 04:00:00,2,20.96036206036206,0.0,1.90301
Nashik,2026-10-04 05:00:00,2,20.744765344765344,0.0,1.6427477
Nashik,2026-10-04 06:00:00,2,20.890014590014587,0.0,1.7106516999999999
Nashik,2026-10-04 07:00:00,2,22.239298539298538,0.0,2.138178
Nashik,2026-10-04 08:00:00,2,24.59074569074569,0.0,2.9005546
Nashik,2026-10-04 09:00:00,2,27.04177494177494,0.0,5.8095115999999996
Nashik,2026-10-04 10:00:00,2,29.088469188469187,0.0,8.7800524
Nashik,2026-10-04 11:00:00,2,30.536299536299534,0.0,10.1644477
Nashik,2026-10-04 12:00:00,2,31.437904637904634,0.0,8.3126185
Nashik,2026-10-04 13:00:00,2,31.879348279348278,0.0,5.4050901
Nashik,2026-10-04 14:00:00,2,31.987308887308885,0.0,3.7788047000000002
Nashik,2026-10-04 15:00:00,2,31.763360363360356,0.0,3.8800567999999998
Nashik,2026-10-04 16:00:00,2,31.22833012833012,0.0,6.0535241
Nashik,2026-10-04 17:00:00,2,29.63186233186233,0.0,8.7439968
Nashik,2026-10-04 18:00:00,2,27.26520536520536,0.0,8.925913900000001
Nashik,2026-10-04 19:00:00,2,25.657013657013653,0.0,7.7860622
Nashik,2026-10-04 20:00:00,2,24.608858808858805,0.0,7.581894699999999
Nashik,2026-10-04 21:00:00,2,23.908534308534307,0.0,7.297354
Nashik,2026-10-04 22:00:00,2,23.547305947305944,0.0,6.743507899999999
Nashik,2026-10-04 23:00:00,2,23.11988511988512,0.0,5.439135200000001
Nashik,2026-10-05 00:00:00,3,22.689000110999885,0.0,3.9119278880721113
Nashik,2026-10-05 01:00:00,3,22.323785876214124,0.0,2.1036034963965036
Nashik,2026-10-05 02:00:00,3,22.02415157584842,0.0,2.3002174997825
Nashik,2026-10-05 03:00:00,3,21.74004455995544,0.0,1.9757038242961755
Nashik,2026-10-05 04:00:00,3,21.44342085657914,0.0,1.9666801333198667
Nashik,2026-10-05 05:00:00,3,21.237537362462636,0.0,2.592418207581792
Nashik,2026-10-05 06:00:00,3,21.32878097121903,0.0,2.5004614995385004
Nashik,2026-10-05 07:00:00,3,22.594345405654593,0.0,2.9497639502360493
Nashik,2026-10-05 08:00:00,3,25.045664354335646,0.0,3.044196355803644
Nashik,2026-10-05 09:00:00,3,27.425022574977426,0.0,4.435403764596234
Nashik,2026-10-05 10:00:00,3,29.364579235420763,0.0,6.807728492271506
Nashik,2026-10-05 11:00:00,3,30.764579235420765,0.0,8.61022058977941
Nashik,2026-10-05 12:00:00,3,31.611396588603412,0.0,8.37234872765127
Nashik,2026-10-05 13:00:00,3,32.061339238660764,0.0,6.227337172662827
Nashik,2026-10-05 14:00:00,3,32.16734353265647,0.0,3.5833501166498825
Nashik,2026-10-05 15:00:00,3,31.844925955074043,0.0,3.3027729972270023
Nashik,2026-10-05 16:00:00,3,31.094343605656395,0.0,6.608516891483108
Nashik,2026-10-05 17:00:00,3,29.27447922552078,0.0,9.626045473954525
Nashik,2026-10-05 18:00:00,3,27.000677299322703,0.0,9.11150538849461
Nashik,2026-10-05 19:00:00,3,25.705042094957903,0.0,8.054710245289755
Nashik,2026-10-05 20:00:00,3,24.801654998345,0.0,8.208681591318408
Nashik,2026-10-05 21:00:00,3,24.235573064426937,0.0,8.448062051937947
Nashik,2026-10-05 22:00:00,3,23.807419092580908,0.0,6.812257887742112
Nashik,2026-10-05 23:00:00,3,23.441839158160846,0.0,5.5448183551816435
Patna,2026-10-03 00:00:00,1,25.72444762444762,0.0,6.141136941136941
Patna,2026-10-03 01:00:00,1,25.229902329902327,0.0,6.091646591646591
Patna,2026-10-03 02:00:00,1,24.878197378197378,0.0,6.273578773578773
Patna,2026-10-03 03:00:00,1,24.65994995994996,0.0,6.439687939687939
Patna,2026-10-03 04:00:00,1,24.56028866028866,0.0,6.933727933727933
Patna,2026-10-03 05:00:00,1,25.228172328172327,0.0,7.2947620947620955
Patna,2026-10-03 06:00:00,1,25.41052451052451,0.0,8.213659713659712
Patna,2026-10-03 07:00:00,1,26.981987581987582,0.0,8.991167691167691
Patna,2026-10-03 08:00:00,1,28.745333545333544,0.0,10.21136001136001
Patna,2026-10-03 09:00:00,1,30.417103717103714,0.0279906,10.75139675139675
Patna,2026-10-03 10:00:00,1,31.54002674002674,0.0279906,11.263181663181664
Patna,2026-10-03 11:00:00,1,32.188355688355685,0.0279906,10.986582586582585
Patna,2026-10-03 12:00:00,1,32.65152215152215,0.0559812,11.198166198166199
Patna,2026-10-03 13:00:00,1,32.86635966635966,0.0559812,12.186388186388186
Patna,2026-10-03 14:00:00,1,32.545041045041046,0.10513,11.977932677932678
Patna,2026-10-03 15:00:00,1,32.03491303491303,0.0805556,11.234019534019534
Patna,2026-10-03 16:00:00,1,30.863551663551664,0.2034276,9.924313824313824
Patna,2026-10-03 17:00:00,1,29.864510264510265,0.0559812,9.49078349078349
Patna,2026-10-03 18:00:00,1,29.168878768878766,0.0,9.525434125434126
Patna,2026-10-03 19:00:00,1,28.66004806004806,0.0,9.330319630319629
Patna,2026-10-03 20:00:00,1,28.196542896542894,0.0,9.337512837512836
Patna,2026-10-03 21:00:00,1,27.705959605959606,0.0,9.197709797709798
Patna,2026-10-03 22:00:00,1,27.151217351217348,0.0,8.45996535996536
Patna,2026-10-03 23:00:00,1,26.678261578261576,0.0,7.884193084193084
Patna,2026-10-04 00:00:00,2,26.303633700000006,0.0,7.6553769
Patna,2026-10-04 01:00:00,2,25.808070500000007,0.0,7.5516957
Patna,2026-10-04 02:00:00,2,25.391024400000003,0.0,7.6931742000000005
Patna,2026-10-04 03:00:00,2,24.9702373,0.0,7.793443900000001
Patna,2026-10-04 04:00:00,2,24.563340000000004,0.0,7.704504200000001
Patna,2026-10-04 05:00:00,2,24.313787800000004,0.0,7.234664200000001
Patna,2026-10-04 06:00:00,2,24.660984100000007,0.0,6.885163
Patna,2026-10-04 07:00:00,2,26.345296600000005,0.0,6.8465246
Patna,2026-10-04 08:00:00,2,28.2189708,0.0,7.7556253
Patna,2026-10-04 09:00:00,2,29.836891300000005,0.0,8.159498800000001
Patna,2026-10-04 10:00:00,2,31.309111700000006,0.0,8.0302598
Patna,2026-10-04 11:00:00,2,32.4015186,0.0,8.2010208
Patna,2026-10-04 12:00:00,2,33.004074300000006,0.0,9.2753793
Patna,2026-10-04 13:00:00,2,33.29746670000001,0.0,10.380816300000001
Patna,2026-10-04 14:00:00,2,33.242292400000004,0.0,11.296596400000002
Patna,2026-10-04 15:00:00,2,32.805734400000006,0.0,10.773348299999999
Patna,2026-10-04 16:00:00,2,32.00315750000001,0.0,9.2640706
Patna,2026-10-04 17:00:00,2,30.648004400000005,0.0,7.482772300000001
Patna,2026-10-04 18:00:00,2,29.377018200000002,0.0,7.0758117
Patna,2026-10-04 19:00:00,2,28.5334055,0.0,6.6222105
Patna,2026-10-04 20:00:00,2,27.902291000000005,0.0,5.9942303
Patna,2026-10-04 21:00:00,2,27.352560200000003,0.0,5.12756
Patna,2026-10-04 22:00:00,2,26.9299132,0.0,4.2687316
Patna,2026-10-04 23:00:00,2,26.498977300000007,0.0,3.9773219
Patna,2026-10-05 00:00:00,3,26.071098471098473,0.0,3.9592035407964596
Patna,2026-10-05 01:00:00,3,25.61265711265711,0.0,4.457467342532658
Patna,2026-10-05 02:00:00,3,25.254215754215757,0.0,4.757716842283158
Patna,2026-10-05 03:00:00,3,24.97293457293457,0.0,4.332663967336034
Patna,2026-10-05 04:00:00,3,24.643283143283142,0.0,4.232374567625433
Patna,2026-10-05 05:00:00,3,24.510259110259106,0.0,5.163399136600864
Patna,2026-10-05 06:00:00,3,24.91742971742972,0.0,5.612947387052614
Patna,2026-10-05 07:00:00,3,26.335077135077135,0.156421,6.065291534708466
Patna,2026-10-05 08:00:00,3,27.42946412946413,0.469263,5.287860912139089
Patna,2026-10-05 09:00:00,3,28.07213867213867,0.3399784,5.778755521244479
Patna,2026-10-05 10:00:00,3,28.6001186001186,1.0282308000000002,7.307486792513208
Patna,2026-10-05 11:00:00,3,29.14227654227654,0.5589677999999999,8.25884384115616
Patna,2026-10-05 12:00:00,3,29.996290196290197,0.0271364,7.825241274758726
Patna,2026-10-05 13:00:00,3,30.49375799375799,0.0271364,6.291903108096893
Patna,2026-10-05 14:00:00,3,30.791046291046285,0.04683380000000001,6.242257857742143
Patna,2026-10-05 15:00:00,3,30.538750838750836,0.1085456,6.66822103177897
Patna,2026-10-05 16:00:00,3,29.854323254323255,0.1085456,6.293836706163296
Patna,2026-10-05 17:00:00,3,28.642416042416045,0.128243,5.986238213761787
Patna,2026-10-05 18:00:00,3,27.721861121861117,0.0590922,6.501733298266703
Patna,2026-10-05 19:00:00,3,27.262265662265662,0.0,5.903697596302404
Patna,2026-10-05 20:00:00,3,26.817154917154916,0.0,4.305137594862406
Patna,2026-10-05 21:00:00,3,26.55361795361795,0.0,4.315320684679316
Patna,2026-10-05 22:00:00,3,26.265412065412065,0.0,5.087546712453288
Patna,2026-10-05 23:00:00,3,26.025187025187023,0.0,5.755004144995855
Pune,2026-10-03 00:00:00,1,24.914400014400012,0.0,1.7100541
Pune,2026-10-03 01:00:00,1,24.368334368334367,0.0,1.9683318999999997
Pune,2026-10-03 02:00:00,1,23.86385456385456,0.0,2.2044401
Pune,2026-10-03 03:00:00,1,23.63278773278773,0.0,2.7388475
Pune,2026-10-03 04:00:00,1,23.514273714273713,0.0,2.7927166999999997
Pune,2026-10-03 05:00:00,1,23.699490799490796,0.0,3.1293365
Pune,2026-10-03 06:00:00,1,23.465135265135263,0.0,3.5473451999999996
Pune,2026-10-03 07:00:00,1,24.218593118593116,0.0,3.9070495000000003
Pune,2026-10-03 08:00:00,1,26.218706718706716,0.0,4.6014498
Pune,2026-10-03 09:00:00,1,28.061605261605255,0.0,7.3448211
Pune,2026-10-03 10:00:00,1,29.556921156921156,0.0,8.9836582
Pune,2026-10-03 11:00:00,1,30.810583310583304,0.0,8.8747953
Pune,2026-10-03 12:00:00,1,31.786975086975083,0.0,7.163494699999999
Pune,2026-10-03 13:00:00,1,32.33690613690614,0.0,5.616939599999999
Pune,2026-10-03 14:00:00,1,32.380867980867976,0.0,6.1941121
Pune,2026-10-03 15:00:00,1,32.18270758270758,0.0,6.6183396
Pune,2026-10-03 16:00:00,1,31.31434051434051,0.0,8.6327816
Pune,2026-10-03 17:00:00,1,29.98544538544538,0.0,8.9301378
Pune,2026-10-03 18:00:00,1,28.169473969473966,0.0,8.3328653
Pune,2026-10-03 19:00:00,1,26.706832606832602,0.0,7.7043306
Pune,2026-10-03 20:00:00,1,25.686273186273183,0.0,5.6338086999999994
Pune,2026-10-03 21:00:00,1,25.152546552546553,0.0,4.9816347
Pune,2026-10-03 22:00:00,1,24.609529709529706,0.0,4.564679300000001
Pune,2026-10-03 23:00:00,1,24.124927024927022,0.0,4.3211785
Pune,2026-10-04 00:00:00,2,23.7539922,0.0,3.1595099
Pune,2026-10-04 01:00:00,2,23.3397711,0.0,2.8416961
Pune,2026-10-04 02:00:00,2,22.9748437,0.0,1.4225342
Pune,2026-10-04 03:00:00,2,22.530668300000002,0.0,1.7054691000000002
Pune,2026-10-04 04:00:00,2,22.0583708,0.0,1.5954996
Pune,2026-10-04 05:00:00,2,21.8866882,0.0,1.3352817
Pune,2026-10-04 06:00:00,2,22.030709799999997,0.0,1.3856960999999999
Pune,2026-10-04 07:00:00,2,23.2897212,0.0,1.5583284999999998
Pune,2026-10-04 08:00:00,2,25.6191939,0.0,3.0876063
Pune,2026-10-04 09:00:00,2,27.6427421,0.0,5.5612949
Pune,2026-10-04 10:00:00,2,29.4322437,0.0,7.040757900000001
Pune,2026-10-04 11:00:00,2,30.8766434,0.0,7.7114791
Pune,2026-10-04 12:00:00,2,31.8180601,0.0,7.059917
Pune,2026-10-04 13:00:00,2,32.3627424,0.0,5.4566279
Pune,2026-10-04 14:00:00,2,32.5807067,0.0,5.5732080999999996
Pune,2026-10-04 15:00:00,2,32.343801899999995,0.0,7.0568788
Pune,2026-10-04 16:00:00,2,31.795268399999998,0.0,7.8992273
Pune,2026-10-04 17:00:00,2,30.6171129,0.0,7.1121822
Pune,2026-10-04 18:00:00,2,28.6637474,0.0,6.528199799999999
Pune,2026-10-04 19:00:00,2,26.4718865,0.0,6.6937473999999995
Pune,2026-10-04 20:00:00,2,25.291254900000002,0.0,5.516546
Pune,2026-10-04 21:00:00,2,24.547303799999998,0.0,4.6854469000000005
Pune,2026-10-04 22:00:00,2,23.9563691,0.0,4.4238941
Pune,2026-10-04 23:00:00,2,23.6194353,0.0,4.1256566999999995
Pune,2026-10-05 00:00:00,3,23.5110749,0.0,3.8730781000000003
Pune,2026-10-05 01:00:00,3,23.265868400000002,0.0,3.7293204
Pune,2026-10-05 02:00:00,3,22.956070100000005,0.0,3.0564273999999996
Pune,2026-10-05 03:00:00,3,22.518284100000002,0.0,2.1373306000000003
Pune,2026-10-05 04:00:00,3,22.1031884,0.0,2.0920418
Pune,2026-10-05 05:00:00,3,21.9506755,0.0,2.1127685
Pune,2026-10-05 06:00:00,3,22.130411900000002,0.0,2.3810282000000003
Pune,2026-10-05 07:00:00,3,23.400287100000003,0.0,2.2346212000000003
Pune,2026-10-05 08:00:00,3,25.7186849,0.0,2.2827702
Pune,2026-10-05 09:00:00,3,27.851858500000002,0.0,3.7715660000000004
Pune,2026-10-05 10:00:00,3,29.6560086,0.0,4.7991165
Pune,2026-10-05 11:00:00,3,31.0879863,0.0,5.2480893
Pune,2026-10-05 12:00:00,3,31.974471900000005,0.0,5.2001923
Pune,2026-10-05 13:00:00,3,32.407311299999996,0.0,6.4826937000000004
Pune,2026-10-05 14:00:00,3,32.552531800000004,0.0,8.348232200000002
Pune,2026-10-05 15:00:00,3,32.175062000000004,0.0,10.8296025
Pune,2026-10-05 16:00:00,3,31.009594200000006,0.0,13.825741000000003
Pune,2026-10-05 17:00:00,3,29.455469100000002,0.0,12.3942248
Pune,2026-10-05 18:00:00,3,27.7046287,0.0,8.618391
Pune,2026-10-05 19:00:00,3,26.231674100000003,0.0,8.126644
Pune,2026-10-05 20:00:00,3,25.2107701,0.0,6.9293108000000005
Pune,2026-10-05 21:00:00,3,24.3605544,0.0,6.1514855
Pune,2026-10-05 22:00:00,3,23.717168800000003,0.0,5.9260541
Pune,2026-10-05 23:00:00,3,23.217168800000003,0.0,5.4169989
Raipur,2026-10-03 00:00:00,1,23.8015136,0.0,3.7157948000000003
Raipur,2026-10-03 01:00:00,1,23.319376300000002,0.0,3.7442432000000005
Raipur,2026-10-03 02:00:00,1,22.9123163,0.0,3.6680269000000005
Raipur,2026-10-03 03:00:00,1,22.5420042,0.0,3.8224350000000005
Raipur,2026-10-03 04:00:00,1,22.256675299999998,0.0,3.675718100000001
Raipur,2026-10-03 05:00:00,1,23.1133556,0.0,3.4355456
Raipur,2026-10-03 06:00:00,1,23.4744976,0.0,3.548357
Raipur,2026-10-03 07:00:00,1,25.330469700000002,0.0,4.081949300000001
Raipur,2026-10-03 08:00:00,1,27.3523265,0.0,4.255462400000001
Raipur,2026-10-03 09:00:00,1,29.0777638,0.0,2.7923978000000003
Raipur,2026-10-03 10:00:00,1,30.4935085,0.0,4.2271079
Raipur,2026-10-03 11:00:00,1,31.479734200000003,0.0,5.8857673
Raipur,2026-10-03 12:00:00,1,32.1240932,0.0,6.970723800000001
Raipur,2026-10-03 13:00:00,1,32.317238599999996,0.0,7.786066500000002
Raipur,2026-10-03 14:00:00,1,32.1865203,0.0,7.551111000000001
Raipur,2026-10-03 15:00:00,1,31.778084200000002,0.0,6.112915000000001
Raipur,2026-10-03 16:00:00,1,31.028855,0.0,3.6612962000000007
Raipur,2026-10-03 17:00:00,1,29.0663117,0.0,2.7626888000000007
Raipur,2026-10-03 18:00:00,1,27.4612586,0.0,3.1445834000000006
Raipur,2026-10-03 19:00:00,1,26.2729946,0.0,4.338545900000001
Raipur,2026-10-03 20:00:00,1,25.3525279,0.0,5.792653900000001
Raipur,2026-10-03 21:00:00,1,24.6214353,0.0,5.833886600000001
Raipur,2026-10-03 22:00:00,1,24.105910599999998,0.0,5.260593300000001
Raipur,2026-10-03 23:00:00,1,23.624119,0.0,5.2985937000000005
Raipur,2026-10-04 00:00:00,2,23.133976933976932,0.0,5.0489286
Raipur,2026-10-04 01:00:00,2,22.715178615178615,0.0,4.458991299999999
Raipur,2026-10-04 02:00:00,2,22.31232121232121,0.0,4.4886896
Raipur,2026-10-04 03:00:00,2,21.87179377179377,0.0,4.5725475
Raipur,2026-10-04 04:00:00,2,21.43126633126633,0.0,4.875852699999999
Raipur,2026-10-04 05:00:00,2,21.346664846664844,0.0,4.995016499999999
Raipur,2026-10-04 06:00:00,2,21.86144756144756,0.0,5.1146148
Raipur,2026-10-04 07:00:00,2,23.983821883821882,0.0,5.7401634
Raipur,2026-10-04 08:00:00,2,26.4010087010087,0.0,6.60928
Raipur,2026-10-04 09:00:00,2,28.44199004199004,0.0,6.5759977
Raipur,2026-10-04 10:00:00,2,30.22302982302982,0.0,6.4032932
Raipur,2026-10-04 11:00:00,2,31.507088907088903,0.0,6.2004851
Raipur,2026-10-04 12:00:00,2,32.32056882056882,0.0,4.5310026
Raipur,2026-10-04 13:00:00,2,32.595982295982296,0.0,4.6800564
Raipur,2026-10-04 14:00:00,2,32.56656146656147,0.0,4.5933338
Raipur,2026-10-04 15:00:00,2,32.159735159735156,0.0,3.5606417
Raipur,2026-10-04 16:00:00,2,31.36955406955407,0.0,1.8248327
Raipur,2026-10-04 17:00:00,2,29.24719054719055,0.0,1.7305020999999998
Raipur,2026-10-04 18:00:00,2,27.526339226339225,0.0,3.4786475
Raipur,2026-10-04 19:00:00,2,26.204537504537505,0.0,4.714206900000001
Raipur,2026-10-04 20:00:00,2,25.218897918897916,0.0,5.9447789
Raipur,2026-10-04 21:00:00,2,24.357375057375055,0.0,6.746990799999999
Raipur,2026-10-04 22:00:00,2,23.779588279588282,0.0,6.445962699999999
Raipur,2026-10-04 23:00:00,2,23.252467352467352,0.0,6.392549
Raipur,2026-10-05 00:00:00,3,22.8358921,0.0,6.93139936860063
Raipur,2026-10-05 01:00:00,3,22.3884225,0.0,6.461135638864361
Raipur,2026-10-05 02:00:00,3,21.9585419,0.0,5.892434807565191
Raipur,2026-10-05 03:00:00,3,21.4672756,0.0,5.568504631495367
Raipur,2026-10-05 04:00:00,3,21.0553047,0.0,5.484291515708485
Raipur,2026-10-05 05:00:00,3,20.839131899999998,0.0,4.934873065126935
Raipur,2026-10-05 06:00:00,3,21.2695015,0.0,4.962549137450862
Raipur,2026-10-05 07:00:00,3,23.231886799999998,0.0,5.642828557171442
Raipur,2026-10-05 08:00:00,3,25.8029308,0.0,6.146871853128146
Raipur,2026-10-05 09:00:00,3,28.0776569,0.0,6.077646022353978
Raipur,2026-10-05 10:00:00,3,29.958331000000005,0.0,6.604340195659804
Raipur,2026-10-05 11:00:00,3,31.3619756,0.0,7.246065653934345
Raipur,2026-10-05 12:00:00,3,32.2443866,0.0,7.039261860738138
Raipur,2026-10-05 13:00:00,3,32.691856200000004,0.0,5.971415328584671
Raipur,2026-10-05 14:00:00,3,32.7370599,0.0,4.59061400938599
Raipur,2026-10-05 15:00:00,3,32.3224932,0.0,4.165376834623165
Raipur,2026-10-05 16:00:00,3,31.4255155,0.0,4.338036161963838
Raipur,2026-10-05 17:00:00,3,29.4221842,0.0,5.310947289052711
Raipur,2026-10-05 18:00:00,3,27.9244244,0.0,5.027635972364027
Raipur,2026-10-05 19:00:00,3,26.4362712,0.19389420610579386,3.5525761474238524
Raipur,2026-10-05 20:00:00,3,25.662666299999998,0.0,3.847811552188447
Raipur,2026-10-05 21:00:00,3,25.126308700000003,0.0,4.275110224889775
Raipur,2026-10-05 22:00:00,3,24.498893100000004,0.0,5.014537085462914
Raipur,2026-10-05 23:00:00,3,23.966096,0.0,4.786475713524286
Ranchi,2026-10-03 00:00:00,1,22.1084197,0.0,4.6953982000000005
Ranchi,2026-10-03 01:00:00,1,21.983857,0.0,4.8557422
Ranchi,2026-10-03 02:00:00,1,21.6927093,0.0,5.262870599999999
Ranchi,2026-10-03 03:00:00,1,21.2407717,0.0,5.3952356
Ranchi,2026-10-03 04:00:00,1,20.8422268,0.0,5.1289442
Ranchi,2026-10-03 05:00:00,1,20.8797046,0.0,5.1000309999999995
Ranchi,2026-10-03 06:00:00,1,21.4370249,0.0,5.266914399999999
Ranchi,2026-10-03 07:00:00,1,23.6831674,0.0,5.7953278
Ranchi,2026-10-03 08:00:00,1,25.5708793,0.0,7.6738742
Ranchi,2026-10-03 09:00:00,1,26.738613500000003,0.0,8.9279216
Ranchi,2026-10-03 10:00:00,1,27.681479099999997,0.0,9.032979
Ranchi,2026-10-03 11:00:00,1,28.2814791,0.0,9.7632338
Ranchi,2026-10-03 12:00:00,1,28.7600463,0.0,10.2328616
Ranchi,2026-10-03 13:00:00,1,29.0080225,0.0,11.200578799999999
Ranchi,2026-10-03 14:00:00,1,28.8739957,0.0,13.0319724
Ranchi,2026-10-03 15:00:00,1,28.1522435,0.0,13.167326599999999
Ranchi,2026-10-03 16:00:00,1,26.887713599999998,0.0,11.523332799999999
Ranchi,2026-10-03 17:00:00,1,25.225264099999997,0.0,9.0862066
Ranchi,2026-10-03 18:00:00,1,23.857922000000002,0.0,7.076623799999999
Ranchi,2026-10-03 19:00:00,1,23.115798299999998,0.0,6.2170094
Ranchi,2026-10-03 20:00:00,1,22.5962583,0.0,6.857457
Ranchi,2026-10-03 21:00:00,1,22.217385200000002,0.0,7.1552654
Ranchi,2026-10-03 22:00:00,1,21.9848135,0.0,7.3089164
Ranchi,2026-10-03 23:00:00,1,21.6253925,0.0,7.4781288
Ranchi,2026-10-04 00:00:00,2,21.236495299999998,0.0,7.4662945
Ranchi,2026-10-04 01:00:00,2,20.8378087,0.0,7.3344149000000005
Ranchi,2026-10-04 02:00:00,2,20.4674033,0.0,7.1997561
Ranchi,2026-10-04 03:00:00,2,20.1536046,0.0,7.3123539
Ranchi,2026-10-04 04:00:00,2,19.8535313,0.0,7.682562300000001
Ranchi,2026-10-04 05:00:00,2,19.826722699999998,0.0,7.692300899999999
Ranchi,2026-10-04 06:00:00,2,20.7140629,0.0,8.1780858
Ranchi,2026-10-04 07:00:00,2,23.3407982,0.0,7.964290800000001
Ranchi,2026-10-04 08:00:00,2,25.9146001,0.0,8.3264797
Ranchi,2026-10-04 09:00:00,2,27.4468341,0.0,8.6205735
Ranchi,2026-10-04 10:00:00,2,28.346512999999995,0.0,8.3623212
Ranchi,2026-10-04 11:00:00,2,28.9678519,0.0,8.5751715
Ranchi,2026-10-04 12:00:00,2,29.3245319,0.0,9.211810600000002
Ranchi,2026-10-04 13:00:00,2,29.367851899999998,0.0,10.035095900000002
Ranchi,2026-10-04 14:00:00,2,29.1123677,0.0,10.838935200000002
Ranchi,2026-10-04 15:00:00,2,28.3552933,0.0,10.790835900000001
Ranchi,2026-10-04 16:00:00,2,26.9267769,0.0,9.1640095
Ranchi,2026-10-04 17:00:00,2,24.9591132,0.0,8.1182397
Ranchi,2026-10-04 18:00:00,2,23.712119899999998,0.0,7.4691788
Ranchi,2026-10-04 19:00:00,2,22.902464900000002,0.0,6.6363874
Ranchi,2026-10-04 20:00:00,2,22.4490955,0.0,6.1690677
Ranchi,2026-10-04 21:00:00,2,21.9743872,0.0,5.6419046
Ranchi,2026-10-04 22:00:00,2,21.563739899999998,0.0,4.9305992
Ranchi,2026-10-04 23:00:00,2,21.222855799999998,0.0,4.285922299999999
Ranchi,2026-10-05 00:00:00,3,20.952764947235053,0.0,4.4023123023123025
Ranchi,2026-10-05 01:00:00,3,20.719972880027118,0.0,4.903450303450303
Ranchi,2026-10-05 02:00:00,3,20.57628132371868,0.0,5.272644372644372
Ranchi,2026-10-05 03:00:00,3,20.456370443629556,0.0,5.495577295577295
Ranchi,2026-10-05 04:00:00,3,20.40739529260471,0.0,5.796773196773197
Ranchi,2026-10-05 05:00:00,3,20.455192244807755,0.0,6.128307828307829
Ranchi,2026-10-05 06:00:00,3,21.286170213829788,0.0,6.434336134336134
Ranchi,2026-10-05 07:00:00,3,23.453344846655156,0.0,6.765637665637666
Ranchi,2026-10-05 08:00:00,3,25.54954305045695,0.0,7.120778320778321
Ranchi,2026-10-05 09:00:00,3,27.052438647561353,0.031467231467231474,7.902976402976403
Ranchi,2026-10-05 10:00:00,3,28.25856814143186,0.031467231467231474,8.664686064686066
Ranchi,2026-10-05 11:00:00,3,28.980670719329282,0.031467231467231474,9.147503347503347
Ranchi,2026-10-05 12:00:00,3,29.32759617240383,0.06293446293446295,9.753686153686154
Ranchi,2026-10-05 13:00:00,3,29.488106711893288,0.06293446293446295,9.757170957170958
Ranchi,2026-10-05 14:00:00,3,29.276267723732282,0.06293446293446295,9.31967371967372
Ranchi,2026-10-05 15:00:00,3,28.503316996683008,0.06784366784366785,9.538525738525738
Ranchi,2026-10-05 16:00:00,3,27.0960577039423,0.19516119516119518,7.021702821702823
Ranchi,2026-10-05 17:00:00,3,25.21747458252542,0.031467231467231474,6.136691836691837
Ranchi,2026-10-05 18:00:00,3,23.872897827102175,0.0,4.535400535400536
Ranchi,2026-10-05 19:00:00,3,23.05886714113286,0.0,3.409170409170409
Ranchi,2026-10-05 20:00:00,3,22.46511893488107,0.0,4.1002408002408
Ranchi,2026-10-05 21:00:00,3,21.955965544034456,0.0,3.6083703083703087
Ranchi,2026-10-05 22:00:00,3,21.653137946862056,0.0,3.39012429012429
Ranchi,2026-10-05 23:00:00,3,21.289799810200194,0.0,4.1002526002526
Shillong,2026-10-03 00:00:00,1,16.7018747,0.0,6.936906300000001
Shillong,2026-10-03 01:00:00,1,16.2819697,0.0,6.966057700000001
Shillong,2026-10-03 02:00:00,1,15.900100400000001,0.0,7.055635600000001
Shillong,2026-10-03 03:00:00,1,15.5742379,0.0,6.770642800000001
Shillong,2026-10-03 04:00:00,1,15.365376600000001,0.0,6.8012668000000005
Shillong,2026-10-03 05:00:00,1,15.376304000000001,0.0,7.284333400000001
Shillong,2026-10-03 06:00:00,1,16.7441825,0.0,7.008706700000001
Shillong,2026-10-03 07:00:00,1,19.2080236,0.0,6.447918700000002
Shillong,2026-10-03 08:00:00,1,21.125931700000002,0.0,6.5523138
Shillong,2026-10-03 09:00:00,1,22.4964814,0.0,6.802751000000001
Shillong,2026-10-03 10:00:00,1,23.4490067,0.0,7.7219684000000015
Shillong,2026-10-03 11:00:00,1,23.955774500000004,0.0,7.6684288
Shillong,2026-10-03 12:00:00,1,24.0241674,0.07064219999999999,6.962787700000001
Shillong,2026-10-03 13:00:00,1,23.390297200000003,0.09634849999999999,6.1306429
Shillong,2026-10-03 14:00:00,1,22.508952299999997,0.09634849999999999,6.218985100000001
Shillong,2026-10-03 15:00:00,1,21.340512,0.07280110000000001,5.348149
Shillong,2026-10-03 16:00:00,1,19.921925799999997,0.12421369999999998,3.9850296000000007
Shillong,2026-10-03 17:00:00,1,18.7935458,0.1593461,2.8245989000000007
Shillong,2026-10-03 18:00:00,1,18.1227576,0.0784049,2.5118667000000006
Shillong,2026-10-03 19:00:00,1,17.560093400000003,0.0257063,3.1217240000000004
Shillong,2026-10-03 20:00:00,1,16.9273409,0.0,4.396634100000001
Shillong,2026-10-03 21:00:00,1,16.4575226,0.0,5.560207100000001
Shillong,2026-10-03 22:00:00,1,15.839906299999999,0.0,6.324631900000002
Shillong,2026-10-03 23:00:00,1,15.4978903,0.0,6.721009800000001
Shillong,2026-10-04 00:00:00,2,15.1628136,0.0,6.99076219076219
Shillong,2026-10-04 01:00:00,2,14.978120099999998,0.0,6.995483195483196
Shillong,2026-10-04 02:00:00,2,14.8566857,0.0,6.967548867548867
Shillong,2026-10-04 03:00:00,2,14.593681700000001,0.0,6.895081195081195
Shillong,2026-10-04 04:00:00,2,14.285129799999998,0.0,6.642586842586843
Shillong,2026-10-04 05:00:00,2,14.326699399999999,0.0,6.170685170685171
Shillong,2026-10-04 06:00:00,2,16.0801853,0.0,4.690904490904491
Shillong,2026-10-04 07:00:00,2,18.8174371,0.0,3.125883225883226
Shillong,2026-10-04 08:00:00,2,20.8049144,0.0,3.4585602585602584
Shillong,2026-10-04 09:00:00,2,22.253729200000002,0.0,4.216803916803917
Shillong,2026-10-04 10:00:00,2,23.2618827,0.0,5.103088803088803
Shillong,2026-10-04 11:00:00,2,23.5487837,0.0887105,5.226364026364026
Shillong,2026-10-04 12:00:00,2,23.125172600000003,0.3104644,5.4274172274172265
Shillong,2026-10-04 13:00:00,2,22.0518795,0.2519258,6.181468881468882
Shillong,2026-10-04 14:00:00,2,20.9116359,0.5251747999999999,5.747059347059347
Shillong,2026-10-04 15:00:00,2,20.141020100000002,0.4320474,5.042949342949343
Shillong,2026-10-04 16:00:00,2,19.046239699999997,0.5438123,3.5057137057137058
Shillong,2026-10-04 17:00:00,2,17.8785067,0.2883054,2.364275764275764
Shillong,2026-10-04 18:00:00,2,17.320749099999997,0.0831384,0.9548620548620549
Shillong,2026-10-04 19:00:00,2,16.9586073,0.0177421,1.1032320032320033
Shillong,2026-10-04 20:00:00,2,16.6758933,0.0177421,2.048102248102248
Shillong,2026-10-04 21:00:00,2,16.467759100000002,0.0,2.873967173967174
Shillong,2026-10-04 22:00:00,2,16.100332299999998,0.0,3.5543958543958545
Shillong,2026-10-04 23:00:00,2,15.7587434,0.0,4.345329345329345
Shillong,2026-10-05 00:00:00,3,15.524735,0.0,4.604751
Shillong,2026-10-05 01:00:00,3,15.319988,0.0,4.805887299999999
Shillong,2026-10-05 02:00:00,3,15.178680800000002,0.0,4.8662486000000005
Shillong,2026-10-05 03:00:00,3,14.997049299999999,0.0,4.8507264
Shillong,2026-10-05 04:00:00,3,14.733278600000002,0.0,4.7982154
Shillong,2026-10-05 05:00:00,3,14.829985800000001,0.0,4.6458677999999995
Shillong,2026-10-05 06:00:00,3,16.520583700000003,0.0,3.6401308
Shillong,2026-10-05 07:00:00,3,19.0460685,0.03759970000000001,1.3062706
Shillong,2026-10-05 08:00:00,3,20.8157518,0.03759970000000001,2.7927811999999994
Shillong,2026-10-05 09:00:00,3,21.8735746,0.11170940000000001,4.2611811
Shillong,2026-10-05 10:00:00,3,22.3072253,0.11170940000000001,5.180842500000001
Shillong,2026-10-05 11:00:00,3,21.946460499999997,0.18690880000000004,5.7876460000000005
Shillong,2026-10-05 12:00:00,3,21.7899162,0.4621082000000001,5.0000409
Shillong,2026-10-05 13:00:00,3,21.3456978,0.9171707000000001,3.4233591
Shillong,2026-10-05 14:00:00,3,20.630577,0.8654432000000001,3.4789553
Shillong,2026-10-05 15:00:00,3,19.8787374,0.4546769,2.9430105
Shillong,2026-10-05 16:00:00,3,18.6080569,0.39089480000000004,2.7505347
Shillong,2026-10-05 17:00:00,3,17.255726700000004,0.1250353,1.2252728
Shillong,2026-10-05 18:00:00,3,16.7450147,0.03759970000000001,1.6322316
Shillong,2026-10-05 19:00:00,3,16.2971258,0.0,2.0584333
Shillong,2026-10-05 20:00:00,3,16.126773399999998,0.0,2.3644681
Shillong,2026-10-05 21:00:00,3,15.888759000000002,0.0,2.6947008
Shillong,2026-10-05 22:00:00,3,15.679300299999998,0.0,3.0635703000000003
Shillong,2026-10-05 23:00:00,3,15.529245800000002,0.0,3.4794193
Shimla,2026-10-03 00:00:00,1,11.1791644,0.0,4.7045539
Shimla,2026-10-03 01:00:00,1,10.786845199999998,0.0,4.9233998
Shimla,2026-10-03 02:00:00,1,10.4885032,0.0,5.2538653
Shimla,2026-10-03 03:00:00,1,10.215083,0.0,5.1780347
Shimla,2026-10-03 04:00:00,1,10.036782,0.0,4.9905418
Shimla,2026-10-03 05:00:00,1,10.3812616,0.0,4.6177957
Shimla,2026-10-03 06:00:00,1,10.417447,0.0,4.7987129
Shimla,2026-10-03 07:00:00,1,12.6157408,0.0,4.3041758
Shimla,2026-10-03 08:00:00,1,16.081808,0.0,3.3022909
Shimla,2026-10-03 09:00:00,1,18.2259416,0.0,3.3440279000000004
Shimla,2026-10-03 10:00:00,1,19.617025599999998,0.0,5.0353615
Shimla,2026-10-03 11:00:00,1,20.635924600000003,0.0,6.623138900000001
Shimla,2026-10-03 12:00:00,1,21.1665728,0.0,8.031993799999999
Shimla,2026-10-03 13:00:00,1,21.1973142,0.0,8.932902499999999
Shimla,2026-10-03 14:00:00,1,20.7708276,0.0,9.0944135
Shimla,2026-10-03 15:00:00,1,20.0532902,0.0,8.6208155
Shimla,2026-10-03 16:00:00,1,19.069201,0.0,7.3464334000000004
Shimla,2026-10-03 17:00:00,1,17.5026538,0.0,5.9470413
Shimla,2026-10-03 18:00:00,1,15.6631378,0.0,4.1943852
Shimla,2026-10-03 19:00:00,1,14.4047018,0.0,3.242717
Shimla,2026-10-03 20:00:00,1,13.505075000000001,0.0,3.9488624
Shimla,2026-10-03 21:00:00,1,12.8505206,0.0,4.6305849
Shimla,2026-10-03 22:00:00,1,12.37189,0.0,5.0807009
Shimla,2026-10-03 23:00:00,1,11.938831400000002,0.0,5.098875
Shimla,2026-10-04 00:00:00,2,11.5226291,0.0,5.594104705895294
Shimla,2026-10-04 01:00:00,2,11.103652199999999,0.0,5.486958513041487
Shimla,2026-10-04 02:00:00,2,10.8377159,0.0,5.358027141972858
Shimla,2026-10-04 03:00:00,2,10.7001136,0.0,5.276310023689977
Shimla,2026-10-04 04:00:00,2,10.665433199999999,0.0,5.088551011448989
Shimla,2026-10-04 05:00:00,2,10.7037385,0.0,4.90944319055681
Shimla,2026-10-04 06:00:00,2,11.0597583,0.0,4.922717377282623
Shimla,2026-10-04 07:00:00,2,12.9298196,0.0,4.252286047713953
Shimla,2026-10-04 08:00:00,2,15.9479911,0.0,2.5323852676147327
Shimla,2026-10-04 09:00:00,2,18.2129962,0.0,2.487828112171888
Shimla,2026-10-04 10:00:00,2,19.606672600000003,0.0,4.808608891391109
Shimla,2026-10-04 11:00:00,2,20.6542092,0.0,6.890256309743691
Shimla,2026-10-04 12:00:00,2,21.0773932,0.0329211,8.162258237741764
Shimla,2026-10-04 13:00:00,2,21.1876815,0.0329211,8.676419323580678
Shimla,2026-10-04 14:00:00,2,20.6851111,0.0,8.78053361946638
Shimla,2026-10-04 15:00:00,2,19.971046799999996,0.09876329999999998,7.625395074604926
Shimla,2026-10-04 16:00:00,2,19.069375599999997,0.0,6.857854042145959
Shimla,2026-10-04 17:00:00,2,17.390173700000002,0.0,5.3910036089963915
Shimla,2026-10-04 18:00:00,2,15.4250823,0.0,3.208521291478709
Shimla,2026-10-04 19:00:00,2,14.232145899999999,0.0,2.744075255924744
Shimla,2026-10-04 20:00:00,2,13.456512699999998,0.0,3.54998305001695
Shimla,2026-10-04 21:00:00,2,12.943505400000001,0.0,4.327270672729328
Shimla,2026-10-04 22:00:00,2,12.555204699999999,0.0,4.738498361501639
Shimla,2026-10-04 23:00:00,2,12.217136799999999,0.0,4.969278730721269
Shimla,2026-10-05 00:00:00,3,11.761972,0.0,5.004572904572905
Shimla,2026-10-05 01:00:00,3,11.399847099999999,0.0,5.313083613083613
Shimla,2026-10-05 02:00:00,3,11.2094257,0.0,5.252513352513353
Shimla,2026-10-05 03:00:00,3,11.0239123,0.0,5.295306195306196
Shimla,2026-10-05 04:00:00,3,11.0187348,0.0,5.014673514673515
Shimla,2026-10-05 05:00:00,3,11.192032900000001,0.0,4.966427866427867
Shimla,2026-10-05 06:00:00,3,11.6678435,0.0,4.8030209030209035
Shimla,2026-10-05 07:00:00,3,13.2008182,0.0,4.35053845053845
Shimla,2026-10-05 08:00:00,3,16.0647827,0.0,2.692018592018592
Shimla,2026-10-05 09:00:00,3,18.1299836,0.0,2.522644422644423
Shimla,2026-10-05 10:00:00,3,19.303196800000002,0.0,5.208779708779709
Shimla,2026-10-05 11:00:00,3,19.895425699999997,0.0,6.9803571803571804
Shimla,2026-10-05 12:00:00,3,20.4462211,0.0,8.024868724868725
Shimla,2026-10-05 13:00:00,3,20.6859848,0.032479100000000004,8.584663984663985
Shimla,2026-10-05 14:00:00,3,20.4105569,0.0,8.215515115515116
Shimla,2026-10-05 15:00:00,3,19.849261199999997,0.0,7.562269562269562
Shimla,2026-10-05 16:00:00,3,18.872971999999997,0.032479100000000004,6.486033186033186
Shimla,2026-10-05 17:00:00,3,17.283964,0.0,4.92934262934263
Shimla,2026-10-05 18:00:00,3,15.6652423,0.0,2.9931513931513933
Shimla,2026-10-05 19:00:00,3,14.499609699999999,0.0,2.7904435904435907
Shimla,2026-10-05 20:00:00,3,13.746036100000001,0.0,3.4137865137865138
Shimla,2026-10-05 21:00:00,3,13.324777399999999,0.0,4.300735100735102
Shimla,2026-10-05 22:00:00,3,13.059576499999999,0.0,4.935134935134935
Shimla,2026-10-05 23:00:00,3,12.7426906,0.0,5.0501366501366505
Srinagar,2026-10-03 00:00:00,1,14.6776297,0.0,2.1374018
Srinagar,2026-10-03 01:00:00,1,13.8236544,0.0,1.5480335
Srinagar,2026-10-03 02:00:00,1,13.101703200000001,0.0,1.4149271
Srinagar,2026-10-03 03:00:00,1,12.559057899999999,0.0,1.3058923000000002
Srinagar,2026-10-03 04:00:00,1,12.248436700000001,0.0,1.270276
Srinagar,2026-10-03 05:00:00,1,12.573459500000002,0.0,2.1096776000000004
Srinagar,2026-10-03 06:00:00,1,12.177849,0.0,2.0007679
Srinagar,2026-10-03 07:00:00,1,13.631353,0.0,1.5404418000000002
Srinagar,2026-10-03 08:00:00,1,16.559927800000004,0.0,1.7459204000000001
Srinagar,2026-10-03 09:00:00,1,19.602632200000002,0.0,1.9718334000000002
Srinagar,2026-10-03 10:00:00,1,22.3369668,0.0,2.1736425
Srinagar,2026-10-03 11:00:00,1,24.581127400000003,0.0,2.5313967
Srinagar,2026-10-03 12:00:00,1,26.325288,0.0,2.6068181000000004
Srinagar,2026-10-03 13:00:00,1,27.650403600000004,0.0,2.8787761
Srinagar,2026-10-03 14:00:00,1,28.376400300000004,0.0,3.6498231000000003
Srinagar,2026-10-03 15:00:00,1,28.509826600000004,0.0,4.668616500000001
Srinagar,2026-10-03 16:00:00,1,28.008193500000004,0.0,5.943051
Srinagar,2026-10-03 17:00:00,1,26.3478669,0.0,6.0900099999999995
Srinagar,2026-10-03 18:00:00,1,22.6454747,0.0,4.552254
Srinagar,2026-10-03 19:00:00,1,20.1337095,0.0,2.8417813
Srinagar,2026-10-03 20:00:00,1,18.615815,0.0,2.1637029
Srinagar,2026-10-03 21:00:00,1,17.4988016,0.0,2.2535526
Srinagar,2026-10-03 22:00:00,1,16.7873265,0.0,2.0287187
Srinagar,2026-10-03 23:00:00,1,16.0692917,0.0,1.9569786
Srinagar,2026-10-04 00:00:00,2,15.19045920954079,0.0,1.7884256
Srinagar,2026-10-04 01:00:00,2,14.337870762129238,0.0,1.502462
Srinagar,2026-10-04 02:00:00,2,13.57972572027428,0.0,1.3590490000000002
Srinagar,2026-10-04 03:00:00,2,12.940755859244142,0.0,1.5380986
Srinagar,2026-10-04 04:00:00,2,12.462762737237263,0.0,1.2980545
Srinagar,2026-10-04 05:00:00,2,12.224765475234527,0.0,1.3732321
Srinagar,2026-10-04 06:00:00,2,12.100240199759801,0.0,1.5401181
Srinagar,2026-10-04 07:00:00,2,13.452550247449754,0.0,1.2690696
Srinagar,2026-10-04 08:00:00,2,16.318863481136518,0.0,1.5768986999999999
Srinagar,2026-10-04 09:00:00,2,19.32820427179573,0.0,2.1524444999999996
Srinagar,2026-10-04 10:00:00,2,22.320328679671324,0.0,1.7372551999999999
Srinagar,2026-10-04 11:00:00,2,24.809834990165008,0.0,1.9406444
Srinagar,2026-10-04 12:00:00,2,26.64803225196775,0.0,2.2109520000000003
Srinagar,2026-10-04 13:00:00,2,28.06808033191967,0.0,2.7110249999999994
Srinagar,2026-10-04 14:00:00,2,28.86700093299907,0.0,3.3882627
Srinagar,2026-10-04 15:00:00,2,29.0964099035901,0.0,3.7321247999999994
Srinagar,2026-10-04 16:00:00,2,28.702073297926702,0.0,4.048970799999999
Srinagar,2026-10-04 17:00:00,2,26.961456738543262,0.0,4.5183633
Srinagar,2026-10-04 18:00:00,2,22.969977430022574,0.0,3.4012345
Srinagar,2026-10-04 19:00:00,2,20.232140367859635,0.0,2.0023877
Srinagar,2026-10-04 20:00:00,2,18.402265597734402,0.0,1.8741884999999998
Srinagar,2026-10-04 21:00:00,2,17.454134845865156,0.0,1.9712326
Srinagar,2026-10-04 22:00:00,2,16.89145920854079,0.0,1.7217764
Srinagar,2026-10-04 23:00:00,2,16.182937917062084,0.0,2.2054703
Srinagar,2026-10-05 00:00:00,3,15.136013000000002,0.0,2.103894
Srinagar,2026-10-05 01:00:00,3,14.1524825,0.0,1.9582095000000002
Srinagar,2026-10-05 02:00:00,3,13.347097900000001,0.0,1.9143151999999999
Srinagar,2026-10-05 03:00:00,3,12.778773299999997,0.0,1.5688908
Srinagar,2026-10-05 04:00:00,3,12.446549699999998,0.0,1.4334301
Srinagar,2026-10-05 05:00:00,3,12.2812284,0.0,1.6561166000000003
Srinagar,2026-10-05 06:00:00,3,12.1327576,0.0,1.6788653999999998
Srinagar,2026-10-05 07:00:00,3,13.4477355,0.0,1.2934301999999998
Srinagar,2026-10-05 08:00:00,3,16.2073423,0.0,1.2384173
Srinagar,2026-10-05 09:00:00,3,19.1791406,0.0,1.5442069999999999
Srinagar,2026-10-05 10:00:00,3,22.0795812,0.0,1.612431
Srinagar,2026-10-05 11:00:00,3,24.6032684,0.0,2.2485054
Srinagar,2026-10-05 12:00:00,3,26.5196005,0.0,3.3687242
Srinagar,2026-10-05 13:00:00,3,27.9442467,0.0,4.1350327
Srinagar,2026-10-05 14:00:00,3,28.7987352,0.0,4.493221199999999
Srinagar,2026-10-05 15:00:00,3,28.894635500000003,0.0,4.5394475
Srinagar,2026-10-05 16:00:00,3,28.4502204,0.0,3.9833307
Srinagar,2026-10-05 17:00:00,3,26.844561,0.0,3.1579477
Srinagar,2026-10-05 18:00:00,3,23.4669903,0.0,3.8375518
Srinagar,2026-10-05 19:00:00,3,20.983269899999996,0.05628605628605629,2.7084637999999996
Srinagar,2026-10-05 20:00:00,3,18.9080464,0.05628605628605629,3.7849457999999996
Srinagar,2026-10-05 21:00:00,3,17.6743383,0.028143028143028145,2.9185732999999994
Srinagar,2026-10-05 22:00:00,3,16.8603026,0.028143028143028145,2.2843302000000003
Srinagar,2026-10-05 23:00:00,3,16.1483223,0.0,2.1521909
Surat,2026-10-03 00:00:00,1,26.6125126,0.0,7.357561200000001
Surat,2026-10-03 01:00:00,1,26.0802451,0.0,7.3573842
Surat,2026-10-03 02:00:00,1,25.495374499999997,0.0,7.175193500000001
Surat,2026-10-03 03:00:00,1,24.9643047,0.0,6.7413961
Surat,2026-10-03 04:00:00,1,24.4377893,0.0,5.6745049000000005
Surat,2026-10-03 05:00:00,1,24.2219432,0.0,6.4941926
Surat,2026-10-03 06:00:00,1,23.993673299999998,0.0,6.679338100000001
Surat,2026-10-03 07:00:00,1,24.821941199999998,0.0,6.3952539999999996
Surat,2026-10-03 08:00:00,1,27.1357014,0.0,6.9385366
Surat,2026-10-03 09:00:00,1,29.578307499999998,0.0,7.9434945
Surat,2026-10-03 10:00:00,1,31.9143594,0.0,9.1145341
Surat,2026-10-03 11:00:00,1,33.7963215,0.0,10.4482667
Surat,2026-10-03 12:00:00,1,34.8843896,0.0,11.3353866
Surat,2026-10-03 13:00:00,1,35.437912999999995,0.0,11.3985346
Surat,2026-10-03 14:00:00,1,35.517524099999996,0.0,11.3685782
Surat,2026-10-03 15:00:00,1,35.0560684,0.0,11.7093722
Surat,2026-10-03 16:00:00,1,34.12112809999999,0.0,11.417345399999999
Surat,2026-10-03 17:00:00,1,32.7054323,0.0,9.5657044
Surat,2026-10-03 18:00:00,1,30.7711978,0.0,7.183483799999999
Surat,2026-10-03 19:00:00,1,29.4926252,0.0,7.264094
Surat,2026-10-03 20:00:00,1,28.7730063,0.0,7.090695500000001
Surat,2026-10-03 21:00:00,1,27.9360457,0.0,6.805636
Surat,2026-10-03 22:00:00,1,27.148983299999998,0.0,5.6420499
Surat,2026-10-03 23:00:00,1,26.463684999999998,0.0,5.9507566999999995
Surat,2026-10-04 00:00:00,2,25.6259186,0.0,6.4796378203621785
Surat,2026-10-04 01:00:00,2,25.057465900000004,0.0,3.8867784132215863
Surat,2026-10-04 02:00:00,2,24.6467416,0.0,4.339598060401939
Surat,2026-10-04 03:00:00,2,24.4632547,0.0,4.155110144889855
Surat,2026-10-04 04:00:00,2,24.1362252,0.0,4.3025076974923016
Surat,2026-10-04 05:00:00,2,23.687945499999998,0.0,5.539670160329839
Surat,2026-10-04 06:00:00,2,23.368316399999998,0.0,6.209108290891709
Surat,2026-10-04 07:00:00,2,24.0688375,0.0,7.736841163158836
Surat,2026-10-04 08:00:00,2,26.535384399999998,0.0,7.273722726277274
Surat,2026-10-04 09:00:00,2,29.1373521,0.0,8.04149335850664
Surat,2026-10-04 10:00:00,2,31.4308544,0.0,8.692538107461893
Surat,2026-10-04 11:00:00,2,33.0296092,0.0,8.902451297548701
Surat,2026-10-04 12:00:00,2,34.0026918,0.0,9.598077101922897
Surat,2026-10-04 13:00:00,2,34.404440199999996,0.0,10.649041950958047
Surat,2026-10-04 14:00:00,2,34.479304299999995,0.0,11.098612601387398
Surat,2026-10-04 15:00:00,2,34.179218,0.0,10.974264825735172
Surat,2026-10-04 16:00:00,2,33.4534063,0.0,10.417586682413315
Surat,2026-10-04 17:00:00,2,32.1921054,0.0,8.965680334319664
Surat,2026-10-04 18:00:00,2,30.2594977,0.0,6.650710749289249
Surat,2026-10-04 19:00:00,2,28.807891100000003,0.0,5.317034782965216
Surat,2026-10-04 20:00:00,2,27.9268566,0.0,4.425001474998524
Surat,2026-10-04 21:00:00,2,27.3156975,0.0,4.822044377955621
Surat,2026-10-04 22:00:00,2,26.556795,0.0,6.862058337941661
Surat,2026-10-04 23:00:00,2,25.9261341,0.0,7.760587539412461
Surat,2026-10-05 00:00:00,3,25.648641599999998,0.0,6.271591671591672
Surat,2026-10-05 01:00:00,3,25.4962874,0.0,3.2337551337551336
Surat,2026-10-05 02:00:00,3,25.1236147,0.0,3.358968958968959
Surat,2026-10-05 03:00:00,3,24.268022699999996,0.0,4.257606457606457
Surat,2026-10-05 04:00:00,3,23.5424766,0.0,5.016770416770417
Surat,2026-10-05 05:00:00,3,23.1783051,0.0,5.412545612545612
Surat,2026-10-05 06:00:00,3,23.127862399999998,0.0,5.3850622850622845
Surat,2026-10-05 07:00:00,3,24.0913354,0.0,6.065224465224464
Surat,2026-10-05 08:00:00,3,26.3945071,0.0,5.403173303173303
Surat,2026-10-05 09:00:00,3,28.7946572,0.0,6.406785406785406
Surat,2026-10-05 10:00:00,3,30.6870858,0.0,7.496906996906996
Surat,2026-10-05 11:00:00,3,32.159917099999994,0.0,8.315988015988015
Surat,2026-10-05 12:00:00,3,33.1044479,0.0,10.015968115968114
Surat,2026-10-05 13:00:00,3,33.5233892,0.0,11.335129935129935
Surat,2026-10-05 14:00:00,3,33.4927883,0.0,11.964867164867165
Surat,2026-10-05 15:00:00,3,33.1542412,0.0,11.969677869677868
Surat,2026-10-05 16:00:00,3,32.4374908,0.0,11.346651246651245
Surat,2026-10-05 17:00:00,3,31.382316999999997,0.0,9.983470983470983
Surat,2026-10-05 18:00:00,3,29.4959306,0.0,8.025697525697526
Surat,2026-10-05 19:00:00,3,28.069454699999998,0.0,6.5722167722167715
Surat,2026-10-05 20:00:00,3,27.139503199999996,0.0,5.641187941187941
Surat,2026-10-05 21:00:00,3,26.481626900000002,0.0,8.264826564826564
Surat,2026-10-05 22:00:00,3,26.119452799999998,0.0,9.996494496494496
Surat,2026-10-05 23:00:00,3,26.0429439,0.0,10.114955214955215
Thane,2026-10-03 00:00:00,1,28.04560065439935,0.0,5.78012828012828
Thane,2026-10-03 01:00:00,1,27.64734465265535,0.0,5.340466440466441
Thane,2026-10-03 02:00:00,1,27.318969481030518,0.0,5.371134371134371
Thane,2026-10-03 03:00:00,1,26.903560896439107,0.0,4.936286536286536
Thane,2026-10-03 04:00:00,1,26.339663560336444,0.0,4.657911257911258
Thane,2026-10-03 05:00:00,1,25.546132753867248,0.0,4.874820774820774
Thane,2026-10-03 06:00:00,1,25.27103472896527,0.0,4.5888075888075885
Thane,2026-10-03 07:00:00,1,25.995687704312296,0.0,4.536665936665937
Thane,2026-10-03 08:00:00,1,28.01622668377332,0.0,4.897607097607097
Thane,2026-10-03 09:00:00,1,30.57861422138578,0.0,6.105256005256005
Thane,2026-10-03 10:00:00,1,32.950517049482954,0.0,6.395177895177895
Thane,2026-10-03 11:00:00,1,34.85922224077776,0.0,7.228060528060529
Thane,2026-10-03 12:00:00,1,35.92414197585803,0.0,7.515320215320215
Thane,2026-10-03 13:00:00,1,36.42614377385623,0.0,7.321613421613422
Thane,2026-10-03 14:00:00,1,36.50603189396811,0.0,7.764893664893665
Thane,2026-10-03 15:00:00,1,36.152657447342555,0.0,9.452424852424851
Thane,2026-10-03 16:00:00,1,35.281452618547384,0.0,10.606986606986608
Thane,2026-10-03 17:00:00,1,33.90312439687561,0.0,10.402531602531603
Thane,2026-10-03 18:00:00,1,32.00628969371031,0.0,8.476867276867276
Thane,2026-10-03 19:00:00,1,30.432504267495734,0.0,6.817407217407218
Thane,2026-10-03 20:00:00,1,29.17331022668977,0.0,6.007717607717607
Thane,2026-10-03 21:00:00,1,28.105313694686306,0.0,4.811991811991812
Thane,2026-10-03 22:00:00,1,27.13673666326334,0.0,3.7032882032882033
Thane,2026-10-03 23:00:00,1,26.1973537026463,0.0,4.082920382920383
Thane,2026-10-04 00:00:00,2,25.4636657,0.0,3.8832684000000004
Thane,2026-10-04 01:00:00,2,24.816863,0.0,3.570989000000001
Thane,2026-10-04 02:00:00,2,24.324036400000004,0.0,3.6180524000000007
Thane,2026-10-04 03:00:00,2,23.892030600000005,0.0,3.9842907000000007
Thane,2026-10-04 04:00:00,2,23.487562800000006,0.0,4.214510300000001
Thane,2026-10-04 05:00:00,2,23.266861900000002,0.0,4.1396981
Thane,2026-10-04 06:00:00,2,23.365623600000003,0.0,3.8753997
Thane,2026-10-04 07:00:00,2,24.350454400000004,0.0,3.894640100000001
Thane,2026-10-04 08:00:00,2,26.652222400000003,0.0,3.9236782000000003
Thane,2026-10-04 09:00:00,2,29.364478700000003,0.0,5.505885200000002
Thane,2026-10-04 10:00:00,2,31.742427000000006,0.0,6.957248100000001
Thane,2026-10-04 11:00:00,2,33.59603080000001,0.0,7.367245200000001
Thane,2026-10-04 12:00:00,2,34.83300080000001,0.0,7.0645902000000005
Thane,2026-10-04 13:00:00,2,35.568863300000004,0.0,6.300049900000001
Thane,2026-10-04 14:00:00,2,35.8551379,0.0,5.5683602
Thane,2026-10-04 15:00:00,2,35.6693228,0.0,5.629618100000001
Thane,2026-10-04 16:00:00,2,34.96797380000001,0.0,7.293002200000001
Thane,2026-10-04 17:00:00,2,33.514033700000006,0.0,8.7623316
Thane,2026-10-04 18:00:00,2,31.497510600000005,0.0,8.7321034
Thane,2026-10-04 19:00:00,2,29.930422900000003,0.0,7.190907800000001
Thane,2026-10-04 20:00:00,2,28.832639700000005,0.0,6.571550700000001
Thane,2026-10-04 21:00:00,2,27.860878700000004,0.0,5.472728800000001
Thane,2026-10-04 22:00:00,2,27.098870800000007,0.0,4.187952900000001
Thane,2026-10-04 23:00:00,2,26.4129685,0.0,3.3216141000000006
Thane,2026-10-05 00:00:00,3,25.823234499999998,0.0,2.621115421115421
Thane,2026-10-05 01:00:00,3,25.1395119,0.0,2.7977790977790975
Thane,2026-10-05 02:00:00,3,24.5723946,0.0,2.769591369591369
Thane,2026-10-05 03:00:00,3,24.0778204,0.0,3.3047560047560047
Thane,2026-10-05 04:00:00,3,23.6666453,0.0,3.9268955268955263
Thane,2026-10-05 05:00:00,3,23.6034389,0.0,3.9530490530490527
Thane,2026-10-05 06:00:00,3,23.6921165,0.0,3.8051777051777047
Thane,2026-10-05 07:00:00,3,24.6264052,0.0,3.9049621049621046
Thane,2026-10-05 08:00:00,3,26.8135195,0.0,3.6359772359772355
Thane,2026-10-05 09:00:00,3,29.469270400000003,0.0,4.40985200985201
Thane,2026-10-05 10:00:00,3,31.7658095,0.0,6.476226376226375
Thane,2026-10-05 11:00:00,3,33.535965399999995,0.0,7.282757682757682
Thane,2026-10-05 12:00:00,3,34.659427699999995,0.0,6.833941733941733
Thane,2026-10-05 13:00:00,3,35.2128562,0.0,5.896579096579096
Thane,2026-10-05 14:00:00,3,35.3417443,0.0,6.4660082660082665
Thane,2026-10-05 15:00:00,3,34.932403199999996,0.0,8.356037356037355
Thane,2026-10-05 16:00:00,3,33.986234499999995,0.0,10.15062365062365
Thane,2026-10-05 17:00:00,3,32.4984877,0.0,10.777285377285377
Thane,2026-10-05 18:00:00,3,30.5210764,0.0,10.062200962200961
Thane,2026-10-05 19:00:00,3,29.1864346,0.0,8.362776962776962
Thane,2026-10-05 20:00:00,3,28.195766900000002,0.0,6.904201004201004
Thane,2026-10-05 21:00:00,3,27.374809500000005,0.0,5.336652436652436
Thane,2026-10-05 22:00:00,3,26.6428828,0.0,3.907840407840408
Thane,2026-10-05 23:00:00,3,26.0097603,0.0,3.1608169608169607
Thiruvananthapuram,2026-10-03 00:00:00,1,25.86367806367806,0.0537856,3.1648797
Thiruvananthapuram,2026-10-03 01:00:00,1,25.594168594168593,0.0,3.2580937
Thiruvananthapuram,2026-10-03 02:00:00,1,25.269409869409866,0.0,3.0166509999999995
Thiruvananthapuram,2026-10-03 03:00:00,1,25.076397476397474,0.0,3.1614305999999996
Thiruvananthapuram,2026-10-03 04:00:00,1,25.09125449125449,0.0,2.6408609
Thiruvananthapuram,2026-10-03 05:00:00,1,25.166340866340867,0.0,2.3921847
Thiruvananthapuram,2026-10-03 06:00:00,1,25.427733327733325,0.0,3.1509427
Thiruvananthapuram,2026-10-03 07:00:00,1,26.58132228132228,0.0,3.3566152000000002
Thiruvananthapuram,2026-10-03 08:00:00,1,28.104874004874006,0.0,3.7953405
Thiruvananthapuram,2026-10-03 09:00:00,1,29.07025667025667,0.1638553,3.6335643
Thiruvananthapuram,2026-10-03 10:00:00,1,30.2012887012887,0.1170395,4.4506933
Thiruvananthapuram,2026-10-03 11:00:00,1,31.49277169277169,0.0537856,6.4988427
Thiruvananthapuram,2026-10-03 12:00:00,1,31.249027949027948,0.5821817,8.7687135
Thiruvananthapuram,2026-10-03 13:00:00,1,30.104234104234102,1.5483497,8.5399964
Thiruvananthapuram,2026-10-03 14:00:00,1,28.879114779114776,2.3239102000000003,7.4870874999999995
Thiruvananthapuram,2026-10-03 15:00:00,1,28.3024628024628,1.7436201,6.5220001000000005
Thiruvananthapuram,2026-10-03 16:00:00,1,27.822758922758922,0.6019448000000001,4.6235589
Thiruvananthapuram,2026-10-03 17:00:00,1,27.504022704022702,0.10214150000000001,3.0661191
Thiruvananthapuram,2026-10-03 18:00:00,1,26.867154767154766,0.0234782,2.3044447
Thiruvananthapuram,2026-10-03 19:00:00,1,26.304855704855704,0.16434739999999998,2.9659645
Thiruvananthapuram,2026-10-03 20:00:00,1,26.005607405607403,0.1408692,4.3637872
Thiruvananthapuram,2026-10-03 21:00:00,1,25.7021136021136,0.0939128,4.8921011
Thiruvananthapuram,2026-10-03 22:00:00,1,25.484266884266884,0.0469564,4.613219399999999
Thiruvananthapuram,2026-10-03 23:00:00,1,25.317125517125515,0.0,4.310051
Thiruvananthapuram,2026-10-04 00:00:00,2,25.129911999999997,0.0261379,4.020522
Thiruvananthapuram,2026-10-04 01:00:00,2,24.9633604,0.0261379,3.7135615
Thiruvananthapuram,2026-10-04 02:00:00,2,24.8147576,0.0261379,3.7473678999999995
Thiruvananthapuram,2026-10-04 03:00:00,2,24.6633084,0.0,3.670717
Thiruvananthapuram,2026-10-04 04:00:00,2,24.5132824,0.0,3.6503049
Thiruvananthapuram,2026-10-04 05:00:00,2,24.5151032,0.0,3.739352
Thiruvananthapuram,2026-10-04 06:00:00,2,24.8857456,0.0,3.8960933
Thiruvananthapuram,2026-10-04 07:00:00,2,26.127628400000003,0.0,3.1504482
Thiruvananthapuram,2026-10-04 08:00:00,2,27.8337928,0.0,2.5561021
Thiruvananthapuram,2026-10-04 09:00:00,2,29.449868,0.0,3.1274938
Thiruvananthapuram,2026-10-04 10:00:00,2,30.640458799999998,0.0,5.6403902
Thiruvananthapuram,2026-10-04 11:00:00,2,31.1866648,0.068517,8.309042899999998
Thiruvananthapuram,2026-10-04 12:00:00,2,30.984844400000004,0.9035032,9.317803699999999
Thiruvananthapuram,2026-10-04 13:00:00,2,29.9067716,0.6653532999999999,8.913395
Thiruvananthapuram,2026-10-04 14:00:00,2,29.4205768,0.6990585999999999,7.814003199999999
Thiruvananthapuram,2026-10-04 15:00:00,2,29.239792,0.2074203,6.8302795
Thiruvananthapuram,2026-10-04 16:00:00,2,28.875061199999998,0.1015759,5.8785619
Thiruvananthapuram,2026-10-04 17:00:00,2,28.1430884,0.2603425,5.152639
Thiruvananthapuram,2026-10-04 18:00:00,2,27.24222,0.0,4.588648399999999
Thiruvananthapuram,2026-10-04 19:00:00,2,26.7555016,0.0,4.375732
Thiruvananthapuram,2026-10-04 20:00:00,2,26.355052,0.0,4.85088
Thiruvananthapuram,2026-10-04 21:00:00,2,26.013116,0.0,5.2802399
Thiruvananthapuram,2026-10-04 22:00:00,2,25.732488000000004,0.0,5.0990479
Thiruvananthapuram,2026-10-04 23:00:00,2,25.4447956,0.0,4.7460084
Thiruvananthapuram,2026-10-05 00:00:00,3,25.1988894,0.0,4.5478047
Thiruvananthapuram,2026-10-05 01:00:00,3,25.0195459,0.0,4.0771353999999995
Thiruvananthapuram,2026-10-05 02:00:00,3,24.7263303,0.232832,4.3528733
Thiruvananthapuram,2026-10-05 03:00:00,3,24.5543501,0.18626560000000003,4.5458581
Thiruvananthapuram,2026-10-05 04:00:00,3,24.408321200000003,0.0,4.5989276
Thiruvananthapuram,2026-10-05 05:00:00,3,24.4653256,0.0,4.928371
Thiruvananthapuram,2026-10-05 06:00:00,3,24.810409999999997,0.0,5.25775
Thiruvananthapuram,2026-10-05 07:00:00,3,26.3528133,0.0,5.2880861999999995
Thiruvananthapuram,2026-10-05 08:00:00,3,28.22701,0.0,6.1090216
Thiruvananthapuram,2026-10-05 09:00:00,3,29.6689019,0.0268393,6.9213545000000005
Thiruvananthapuram,2026-10-05 10:00:00,3,30.8191444,0.0268393,8.1385416
Thiruvananthapuram,2026-10-05 11:00:00,3,31.449811599999997,0.0268393,10.0552897
Thiruvananthapuram,2026-10-05 12:00:00,3,30.9504078,0.5833524,12.2030189
Thiruvananthapuram,2026-10-05 13:00:00,3,30.605902300000004,0.664062,13.1027439
Thiruvananthapuram,2026-10-05 14:00:00,3,29.9848335,1.2853037999999999,12.7595824
Thiruvananthapuram,2026-10-05 15:00:00,3,29.2141612,1.1240762999999998,11.6357741
Thiruvananthapuram,2026-10-05 16:00:00,3,28.657111800000003,0.7162500999999999,9.935624099999998
Thiruvananthapuram,2026-10-05 17:00:00,3,28.0911329,0.45626809999999995,8.890806300000001
Thiruvananthapuram,2026-10-05 18:00:00,3,27.312291700000003,0.0268393,7.459063
Thiruvananthapuram,2026-10-05 19:00:00,3,26.7253807,0.0268393,6.481987
Thiruvananthapuram,2026-10-05 20:00:00,3,26.3206873,0.0268393,6.0754727
Thiruvananthapuram,2026-10-05 21:00:00,3,25.9955191,0.0,5.752322899999999
Thiruvananthapuram,2026-10-05 22:00:00,3,25.755397600000002,0.0,5.792564499999999
Thiruvananthapuram,2026-10-05 23:00:00,3,25.5069255,0.0,5.780865
Vadodara,2026-10-03 00:00:00,1,27.4485453,0.0,4.5419184
Vadodara,2026-10-03 01:00:00,1,26.703193,0.0,4.9528672
Vadodara,2026-10-03 02:00:00,1,26.1051832,0.0,4.6129724
Vadodara,2026-10-03 03:00:00,1,25.5229772,0.0,4.5418848
Vadodara,2026-10-03 04:00:00,1,25.0301122,0.0,4.3538166
Vadodara,2026-10-03 05:00:00,1,24.8652184,0.0,3.8821533999999995
Vadodara,2026-10-03 06:00:00,1,24.5097448,0.0,4.4720236
Vadodara,2026-10-03 07:00:00,1,25.4535886,0.0,3.9792354
Vadodara,2026-10-03 08:00:00,1,27.9846077,0.0,3.3086432
Vadodara,2026-10-03 09:00:00,1,30.4301483,0.0,5.1542102
Vadodara,2026-10-03 10:00:00,1,32.6836876,0.0,6.4428294
Vadodara,2026-10-03 11:00:00,1,34.6002572,0.0,8.0455178
Vadodara,2026-10-03 12:00:00,1,35.7159052,0.0,8.8874102
Vadodara,2026-10-03 13:00:00,1,36.451156299999994,0.0,8.1684884
Vadodara,2026-10-03 14:00:00,1,36.6338006,0.0,6.954606399999999
Vadodara,2026-10-03 15:00:00,1,36.3972294,0.0,6.872959799999999
Vadodara,2026-10-03 16:00:00,1,35.7537297,0.0,7.3077423999999995
Vadodara,2026-10-03 17:00:00,1,34.7186923,0.0,7.2581744
Vadodara,2026-10-03 18:00:00,1,32.865672599999996,0.0,5.3185044
Vadodara,2026-10-03 19:00:00,1,30.964269299999998,0.0,6.543167199999999
Vadodara,2026-10-03 20:00:00,1,29.5625979,0.0,7.2461176
Vadodara,2026-10-03 21:00:00,1,28.806242499999996,0.0,6.5960286
Vadodara,2026-10-03 22:00:00,1,28.309647,0.0,6.049797399999999
Vadodara,2026-10-03 23:00:00,1,27.955343400000004,0.0,5.3650328
Vadodara,2026-10-04 00:00:00,2,27.528024900000002,0.0,4.366934033065967
Vadodara,2026-10-04 01:00:00,2,26.841979200000004,0.0,3.6888088111911888
Vadodara,2026-10-04 02:00:00,2,26.1619545,0.0,3.9027660972339033
Vadodara,2026-10-04 03:00:00,2,25.3375787,0.0,3.6257552742447254
Vadodara,2026-10-04 04:00:00,2,24.791479900000002,0.0,2.797576302423698
Vadodara,2026-10-04 05:00:00,2,24.247543,0.0,3.163396936603063
Vadodara,2026-10-04 06:00:00,2,24.162981700000003,0.0,2.600680299319701
Vadodara,2026-10-04 07:00:00,2,25.253561,0.0,3.0273738726261277
Vadodara,2026-10-04 08:00:00,2,27.5650059,0.0,3.661776238223762
Vadodara,2026-10-04 09:00:00,2,29.8956843,0.0,5.563650036349964
Vadodara,2026-10-04 10:00:00,2,32.01128250000001,0.0,5.95949474050526
Vadodara,2026-10-04 11:00:00,2,33.79770500000001,0.0,5.720300679699321
Vadodara,2026-10-04 12:00:00,2,35.1165383,0.0,6.503069996930003
Vadodara,2026-10-04 13:00:00,2,35.8419566,0.0,7.767623932376068
Vadodara,2026-10-04 14:00:00,2,36.1363724,0.0,8.43973236026764
Vadodara,2026-10-04 15:00:00,2,36.018041,0.0,8.194383005616995
Vadodara,2026-10-04 16:00:00,2,35.540372700000006,0.0,7.58974301025699
Vadodara,2026-10-04 17:00:00,2,34.5625449,0.0,6.794310305689695
Vadodara,2026-10-04 18:00:00,2,32.5340978,0.0,5.825519874480126
Vadodara,2026-10-04 19:00:00,2,30.5190827,0.0,6.550324849675151
Vadodara,2026-10-04 20:00:00,2,29.2391882,0.0,6.641987058012942
Vadodara,2026-10-04 21:00:00,2,28.3633284,0.0,5.956845443154558
Vadodara,2026-10-04 22:00:00,2,27.760435700000002,0.0,5.291577608422393
Vadodara,2026-10-04 23:00:00,2,27.271975800000003,0.0,5.485823414176586
Vadodara,2026-10-05 00:00:00,3,26.7386114,0.0,5.8448105551894445
Vadodara,2026-10-05 01:00:00,3,25.712691799999998,0.0,4.051708548291451
Vadodara,2026-10-05 02:00:00,3,24.9812169,0.0,3.4166922833077167
Vadodara,2026-10-05 03:00:00,3,24.448752300000002,0.0,2.4935618064381933
Vadodara,2026-10-05 04:00:00,3,24.148892499999995,0.0,2.0845752154247843
Vadodara,2026-10-05 05:00:00,3,23.611427,0.0,2.26033873966126
Vadodara,2026-10-05 06:00:00,3,23.522753099999996,0.0,3.1536544463455534
Vadodara,2026-10-05 07:00:00,3,24.4750892,0.0,4.433054866945133
Vadodara,2026-10-05 08:00:00,3,26.877938999999998,0.0,5.833654166345832
Vadodara,2026-10-05 09:00:00,3,29.177081099999995,0.0,6.967088032911967
Vadodara,2026-10-05 10:00:00,3,31.3073717,0.0,6.632028867971132
Vadodara,2026-10-05 11:00:00,3,33.0958342,0.0,6.733673566326432
Vadodara,2026-10-05 12:00:00,3,34.414572699999994,0.0,7.228856171143828
Vadodara,2026-10-05 13:00:00,3,35.2635558,0.0,8.071851628148371
Vadodara,2026-10-05 14:00:00,3,35.653179599999994,0.0,8.433619266380733
Vadodara,2026-10-05 15:00:00,3,35.653253899999996,0.0,8.701657298342699
Vadodara,2026-10-05 16:00:00,3,35.2033324,0.0,8.06237503762496
Vadodara,2026-10-05 17:00:00,3,34.3242334,0.0,7.663110636889362
Vadodara,2026-10-05 18:00:00,3,32.2644734,0.0,6.370527029472969
Vadodara,2026-10-05 19:00:00,3,30.371170199999995,0.0,4.163027636972363
Vadodara,2026-10-05 20:00:00,3,29.0489814,0.0,5.155627144372855
Vadodara,2026-10-05 21:00:00,3,28.0280773,0.0,5.634602765397234
Vadodara,2026-10-05 22:00:00,3,27.2583763,0.0,5.617594382405617
Vadodara,2026-10-05 23:00:00,3,26.410686300000002,0.0,6.719453180546818
Varanasi,2026-10-03 00:00:00,1,24.86563663436337,0.0,6.369286269286269
Varanasi,2026-10-03 01:00:00,1,24.55561764438236,0.0,6.886568286568286
Varanasi,2026-10-03 02:00:00,1,24.30914269085731,0.0,7.201192901192901
Varanasi,2026-10-03 03:00:00,1,24.10914269085731,0.0,7.364773764773764
Varanasi,2026-10-03 04:00:00,1,23.980643619356385,0.0,7.691003591003591
Varanasi,2026-10-03 05:00:00,1,24.536124163875837,0.0,7.864155264155263
Varanasi,2026-10-03 06:00:00,1,24.31827238172762,0.0,8.273438673438672
Varanasi,2026-10-03 07:00:00,1,25.961297038702966,0.0,8.64988244988245
Varanasi,2026-10-03 08:00:00,1,27.769388230611774,0.0,9.304759204759204
Varanasi,2026-10-03 09:00:00,1,29.324324275675725,0.0,9.724091824091824
Varanasi,2026-10-03 10:00:00,1,30.66949973050027,0.0,10.285935485935486
Varanasi,2026-10-03 11:00:00,1,31.65135414864585,0.0,10.98203808203808
Varanasi,2026-10-03 12:00:00,1,32.22725287274713,0.0,11.641046541046538
Varanasi,2026-10-03 13:00:00,1,32.51723388276612,0.0,12.417185217185216
Varanasi,2026-10-03 14:00:00,1,32.43088806911193,0.0,12.377041177041177
Varanasi,2026-10-03 15:00:00,1,31.9995898004102,0.0,10.64109324109324
Varanasi,2026-10-03 16:00:00,1,30.994454905545098,0.0,7.430317830317829
Varanasi,2026-10-03 17:00:00,1,29.345259154740848,0.0,5.1983241983241975
Varanasi,2026-10-03 18:00:00,1,28.014254685745318,0.0,4.421129721129721
Varanasi,2026-10-03 19:00:00,1,27.01814828185172,0.0,4.663751863751863
Varanasi,2026-10-03 20:00:00,1,26.240521959478045,0.0,5.262153262153262
Varanasi,2026-10-03 21:00:00,1,25.550112849887157,0.0,5.6583639583639584
Varanasi,2026-10-03 22:00:00,1,24.93007486992513,0.0,5.81092721092721
Varanasi,2026-10-03 23:00:00,1,24.3962712037288,0.0,6.219135619135619
Varanasi,2026-10-04 00:00:00,2,24.0186646,0.0,6.574197
Varanasi,2026-10-04 01:00:00,2,23.688168100000002,0.0,6.480785300000001
Varanasi,2026-10-04 02:00:00,2,23.3892726,0.0,6.8774587
Varanasi,2026-10-04 03:00:00,2,23.078286400000003,0.0,7.424678700000001
Varanasi,2026-10-04 04:00:00,2,22.8573321,0.0,8.2684468
Varanasi,2026-10-04 05:00:00,2,22.8109919,0.0,8.137558799999999
Varanasi,2026-10-04 06:00:00,2,23.157571599999997,0.0,7.7452638
Varanasi,2026-10-04 07:00:00,2,24.8134544,0.0,7.5487571
Varanasi,2026-10-04 08:00:00,2,26.878879,0.0,7.8044037
Varanasi,2026-10-04 09:00:00,2,28.7884212,0.0,8.2081288
Varanasi,2026-10-04 10:00:00,2,30.3692504,0.0,8.4080572
Varanasi,2026-10-04 11:00:00,2,31.5641398,0.0,8.7091437
Varanasi,2026-10-04 12:00:00,2,32.2582642,0.0,9.0719415
Varanasi,2026-10-04 13:00:00,2,32.6303298,0.0,9.563550500000002
Varanasi,2026-10-04 14:00:00,2,32.6549507,0.0,9.7557549
Varanasi,2026-10-04 15:00:00,2,32.2575128,0.0,8.634155100000001
Varanasi,2026-10-04 16:00:00,2,31.3185054,0.0,6.253385000000001
Varanasi,2026-10-04 17:00:00,2,29.5946487,0.0,4.4039741
Varanasi,2026-10-04 18:00:00,2,28.3071657,0.0,4.234258
Varanasi,2026-10-04 19:00:00,2,27.3660225,0.0,4.6867223
Varanasi,2026-10-04 20:00:00,2,26.6230958,0.0,5.14077
Varanasi,2026-10-04 21:00:00,2,25.996352299999998,0.0,5.3046789
Varanasi,2026-10-04 22:00:00,2,25.469948300000002,0.0,5.0166135
Varanasi,2026-10-04 23:00:00,2,25.0483154,0.0,4.6129334
Varanasi,2026-10-05 00:00:00,3,24.688455700000002,0.0,4.8704255000000005
Varanasi,2026-10-05 01:00:00,3,24.2848209,0.0,6.030066799999999
Varanasi,2026-10-05 02:00:00,3,23.9402877,0.0,6.8971921
Varanasi,2026-10-05 03:00:00,3,23.595754499999998,0.0,7.0604399
Varanasi,2026-10-05 04:00:00,3,23.325305299999997,0.0,7.4052975
Varanasi,2026-10-05 05:00:00,3,23.1937936,0.0,7.497668900000001
Varanasi,2026-10-05 06:00:00,3,23.4956985,0.0,7.556547900000001
Varanasi,2026-10-05 07:00:00,3,25.1362723,0.0,7.9810002
Varanasi,2026-10-05 08:00:00,3,27.0857708,0.0,7.968513799999999
Varanasi,2026-10-05 09:00:00,3,28.7336142,0.0,7.7191788
Varanasi,2026-10-05 10:00:00,3,30.1984343,0.0,7.672345
Varanasi,2026-10-05 11:00:00,3,31.180014699999997,0.0,7.8246929
Varanasi,2026-10-05 12:00:00,3,31.698430099999996,0.041964441964441976,8.7105399
Varanasi,2026-10-05 13:00:00,3,31.9873883,0.0,8.8125635
Varanasi,2026-10-05 14:00:00,3,31.71456,0.10491110491110493,8.9928564
Varanasi,2026-10-05 15:00:00,3,31.520047499999997,0.020982220982220988,7.4526979
Varanasi,2026-10-05 16:00:00,3,30.7289764,0.0,5.599060499999999
Varanasi,2026-10-05 17:00:00,3,29.1564665,0.0,3.6829242000000004
Varanasi,2026-10-05 18:00:00,3,27.9477394,0.0,4.2503257
Varanasi,2026-10-05 19:00:00,3,26.9482574,0.0,6.0452806
Varanasi,2026-10-05 20:00:00,3,26.1579311,0.0,6.3490795
Varanasi,2026-10-05 21:00:00,3,25.5489918,0.0,6.2838177
Varanasi,2026-10-05 22:00:00,3,25.1751242,0.0,6.3625191999999995
Varanasi,2026-10-05 23:00:00,3,24.8734691,0.0,6.7044985
Vijayawada,2026-10-03 00:00:00,1,25.979230820769175,0.0,3.4585462
Vijayawada,2026-10-03 01:00:00,1,25.714556285443713,0.0,2.0876763
Vijayawada,2026-10-03 02:00:00,1,25.48576841423158,0.0,1.5413122000000001
Vijayawada,2026-10-03 03:00:00,1,25.305900994099005,0.0,0.7826976
Vijayawada,2026-10-03 04:00:00,1,25.204344495655498,0.0,0.8987637
Vijayawada,2026-10-03 05:00:00,1,25.46403793596206,0.0,1.5144594
Vijayawada,2026-10-03 06:00:00,1,25.668665831334167,0.0,1.9584109
Vijayawada,2026-10-03 07:00:00,1,27.08688701311298,0.0,2.7362844
Vijayawada,2026-10-03 08:00:00,1,28.73300436699563,0.0,3.7092317
Vijayawada,2026-10-03 09:00:00,1,30.2017457982542,0.0,5.1592968
Vijayawada,2026-10-03 10:00:00,1,31.25683004316995,0.0,5.6551149
Vijayawada,2026-10-03 11:00:00,1,32.32688027311973,0.0,5.3065240000000005
Vijayawada,2026-10-03 12:00:00,1,33.069034330965664,0.0,4.9164524
Vijayawada,2026-10-03 13:00:00,1,33.39547570452429,0.15956459999999997,4.4543271
Vijayawada,2026-10-03 14:00:00,1,33.04381605618394,0.5052878999999999,5.494047
Vijayawada,2026-10-03 15:00:00,1,32.059179340820656,0.8074177,6.8238025
Vijayawada,2026-10-03 16:00:00,1,30.729914070085925,0.4193169,7.506421899999999
Vijayawada,2026-10-03 17:00:00,1,29.709075290924705,0.1312226,7.3417377
Vijayawada,2026-10-03 18:00:00,1,28.878400421599576,0.0,7.470203
Vijayawada,2026-10-03 19:00:00,1,28.101065898934095,0.0,6.3562319
Vijayawada,2026-10-03 20:00:00,1,27.52157227842772,0.0,5.1061475000000005
Vijayawada,2026-10-03 21:00:00,1,27.080745919254078,0.0,4.2759055
Vijayawada,2026-10-03 22:00:00,1,26.728109871890126,0.0,4.4715731
Vijayawada,2026-10-03 23:00:00,1,26.389068810931185,0.0,4.4967757
Vijayawada,2026-10-04 00:00:00,2,26.139300760699243,0.0,3.0253994000000004
Vijayawada,2026-10-04 01:00:00,2,25.95859614140386,0.0,2.9316756
Vijayawada,2026-10-04 02:00:00,2,25.6971869028131,0.0,3.0412593000000006
Vijayawada,2026-10-04 03:00:00,2,25.48591171408829,0.0,2.3726459
Vijayawada,2026-10-04 04:00:00,2,25.274636525363476,0.0,2.3035076
Vijayawada,2026-10-04 05:00:00,2,25.170121329878672,0.0,2.4275304
Vijayawada,2026-10-04 06:00:00,2,25.61584378415622,0.0,2.1697484000000005
Vijayawada,2026-10-04 07:00:00,2,27.00832579167421,0.0,2.7565702
Vijayawada,2026-10-04 08:00:00,2,28.655085344914657,0.0,4.763484000000001
Vijayawada,2026-10-04 09:00:00,2,30.129623470376533,0.021556500000000003,5.569674400000001
Vijayawada,2026-10-04 10:00:00,2,31.34731385268615,0.021556500000000003,5.1171473
Vijayawada,2026-10-04 11:00:00,2,32.30359499640501,0.021556500000000003,4.351420900000001
Vijayawada,2026-10-04 12:00:00,2,33.099328500671504,0.021556500000000003,3.1131111000000002
Vijayawada,2026-10-04 13:00:00,2,33.53631426368574,0.021556500000000003,3.3815033000000003
Vijayawada,2026-10-04 14:00:00,2,33.63347596652403,0.021556500000000003,3.9004506
Vijayawada,2026-10-04 15:00:00,2,33.3897571102429,0.043113000000000005,4.011604200000001
Vijayawada,2026-10-04 16:00:00,2,32.77401172598828,0.043113000000000005,3.7935983
Vijayawada,2026-10-04 17:00:00,2,31.221677478322526,0.17930500000000002,6.420566500000001
Vijayawada,2026-10-04 18:00:00,2,29.482789517210485,0.7354368000000001,6.2573024
Vijayawada,2026-10-04 19:00:00,2,28.63204386795613,0.4630528,5.5479970000000005
Vijayawada,2026-10-04 20:00:00,2,27.84456465543535,0.0,5.923689000000001
Vijayawada,2026-10-04 21:00:00,2,27.14865435134565,0.08622600000000001,4.5901644
Vijayawada,2026-10-04 22:00:00,2,26.713123686876315,0.08622600000000001,2.7486281000000004
Vijayawada,2026-10-04 23:00:00,2,26.382285017714985,0.08622600000000001,2.6247993000000003
Vijayawada,2026-10-05 00:00:00,3,26.0032662,0.145986,4.0046712
Vijayawada,2026-10-05 01:00:00,3,25.6449027,0.145986,5.3763098000000005
Vijayawada,2026-10-05 02:00:00,3,25.3349208,0.145986,6.0781595
Vijayawada,2026-10-05 03:00:00,3,25.177805,0.072993,6.0568059000000005
Vijayawada,2026-10-05 04:00:00,3,25.050494800000003,0.072993,3.9587730999999997
Vijayawada,2026-10-05 05:00:00,3,25.020829300000003,0.18417850000000002,2.669063
Vijayawada,2026-10-05 06:00:00,3,25.422208400000002,0.0,2.4912811
Vijayawada,2026-10-05 07:00:00,3,26.6551477,0.0,4.3864054
Vijayawada,2026-10-05 08:00:00,3,28.1928063,0.0,6.000314400000001
Vijayawada,2026-10-05 09:00:00,3,29.7734892,0.0,6.5230329
Vijayawada,2026-10-05 10:00:00,3,31.225989100000007,0.0,6.4893148
Vijayawada,2026-10-05 11:00:00,3,32.379090000000005,0.0,5.3333984999999995
Vijayawada,2026-10-05 12:00:00,3,33.2769608,0.0,3.8710236
Vijayawada,2026-10-05 13:00:00,3,33.701540800000004,0.0,3.5132437
Vijayawada,2026-10-05 14:00:00,3,33.7143846,0.0266881,3.4871016
Vijayawada,2026-10-05 15:00:00,3,33.275198100000004,0.0753501,3.7587203
Vijayawada,2026-10-05 16:00:00,3,32.410821899999995,0.1020382,5.3131412000000005
Vijayawada,2026-10-05 17:00:00,3,30.488013600000002,0.0753501,7.758602700000001
Vijayawada,2026-10-05 18:00:00,3,28.8037821,0.17789680000000002,7.38687
Vijayawada,2026-10-05 19:00:00,3,27.909044700000003,0.2001339,6.3172459
Vijayawada,2026-10-05 20:00:00,3,27.255672,0.022237100000000003,5.2102514
Vijayawada,2026-10-05 21:00:00,3,26.712516,0.1334226,3.8152429000000003
Vijayawada,2026-10-05 22:00:00,3,26.386453500000002,0.1556597,3.9760305999999996
Vijayawada,2026-10-05 23:00:00,3,26.269998,0.0,4.172721299999999
Visakhapatnam,2026-10-03 00:00:00,1,27.0397539,0.10000010000010001,4.2175708175708175
Visakhapatnam,2026-10-03 01:00:00,1,26.619783,0.225000225000225,3.775735975735975
Visakhapatnam,2026-10-03 02:00:00,1,26.5643587,0.075000075000075,3.683296783296783
Visakhapatnam,2026-10-03 03:00:00,1,26.309786799999998,0.0,3.9466761466761464
Visakhapatnam,2026-10-03 04:00:00,1,26.0113782,0.0,4.006664806664807
Visakhapatnam,2026-10-03 05:00:00,1,26.0749267,0.0,4.764377264377265
Visakhapatnam,2026-10-03 06:00:00,1,26.428176399999998,0.0,4.590908090908091
Visakhapatnam,2026-10-03 07:00:00,1,27.6834006,0.0,4.371094471094471
Visakhapatnam,2026-10-03 08:00:00,1,29.042746700000002,0.0,4.351323851323851
Visakhapatnam,2026-10-03 09:00:00,1,30.249419799999995,0.0,4.184930684930685
Visakhapatnam,2026-10-03 10:00:00,1,31.162027000000002,0.0,4.784003484003483
Visakhapatnam,2026-10-03 11:00:00,1,31.676225600000002,0.0,7.469574569574569
Visakhapatnam,2026-10-03 12:00:00,1,31.7004908,0.052591052591052595,10.28161068161068
Visakhapatnam,2026-10-03 13:00:00,1,31.3632788,0.052591052591052595,12.63303153303153
Visakhapatnam,2026-10-03 14:00:00,1,30.9100177,0.0767993767993768,12.705967005967004
Visakhapatnam,2026-10-03 15:00:00,1,30.5274695,0.0,12.174298374298374
Visakhapatnam,2026-10-03 16:00:00,1,29.962421499999998,0.0,11.258403558403558
Visakhapatnam,2026-10-03 17:00:00,1,29.1408592,0.050000050000050006,9.622798022798023
Visakhapatnam,2026-10-03 18:00:00,1,28.7359447,0.0,8.468951368951368
Visakhapatnam,2026-10-03 19:00:00,1,28.375886500000004,0.0,8.721425321425322
Visakhapatnam,2026-10-03 20:00:00,1,28.1809198,0.0,7.904365504365504
Visakhapatnam,2026-10-03 21:00:00,1,28.0040735,0.050000050000050006,7.048400148400147
Visakhapatnam,2026-10-03 22:00:00,1,27.7058052,0.20000020000020002,6.846210346210346
Visakhapatnam,2026-10-03 23:00:00,1,27.4579064,0.275000275000275,7.104940404940404
Visakhapatnam,2026-10-04 00:00:00,2,27.31996071996072,0.124378,8.1461206
Visakhapatnam,2026-10-04 01:00:00,2,27.11388951388951,0.0,8.4831578
Visakhapatnam,2026-10-04 02:00:00,2,26.92912602912603,0.0,8.7011426
Visakhapatnam,2026-10-04 03:00:00,2,26.71546241546241,0.0248756,8.272794
Visakhapatnam,2026-10-04 04:00:00,2,26.53207703207703,0.0497512,7.876895
Visakhapatnam,2026-10-04 05:00:00,2,26.468426468426472,0.0,6.8442214
Visakhapatnam,2026-10-04 06:00:00,2,26.770461770461772,0.0,6.669814000000001
Visakhapatnam,2026-10-04 07:00:00,2,27.852762252762254,0.0248756,7.1541174000000005
Visakhapatnam,2026-10-04 08:00:00,2,29.160699560699562,0.0,7.692974400000001
Visakhapatnam,2026-10-04 09:00:00,2,30.393877093877094,0.0,7.5398950000000005
Visakhapatnam,2026-10-04 10:00:00,2,31.335823335823335,0.0,8.1233676
Visakhapatnam,2026-10-04 11:00:00,2,31.860446060446062,0.0,8.829183
Visakhapatnam,2026-10-04 12:00:00,2,31.6959881959882,0.17599539999999997,10.780792400000001
Visakhapatnam,2026-10-04 13:00:00,2,31.08351288351288,0.17599539999999997,12.7635436
Visakhapatnam,2026-10-04 14:00:00,2,30.44935384935385,0.17599539999999997,13.082638800000002
Visakhapatnam,2026-10-04 15:00:00,2,30.255769955769956,0.050319100000000005,12.080990400000001
Visakhapatnam,2026-10-04 16:00:00,2,29.968348668348668,0.0251422,11.1721142
Visakhapatnam,2026-10-04 17:00:00,2,29.344941944941944,0.1495202,11.0836136
Visakhapatnam,2026-10-04 18:00:00,2,28.647496347496347,0.5223876000000001,10.484587000000001
Visakhapatnam,2026-10-04 19:00:00,2,28.33905193905194,0.1492536,9.5210954
Visakhapatnam,2026-10-04 20:00:00,2,28.10792170792171,0.0248756,8.7935208
Visakhapatnam,2026-10-04 21:00:00,2,27.774744174744175,0.1492536,8.6257674
Visakhapatnam,2026-10-04 22:00:00,2,27.645083445083444,0.0497512,8.151478000000001
Visakhapatnam,2026-10-04 23:00:00,2,27.46852986852987,0.0248756,7.6194084
Visakhapatnam,2026-10-05 00:00:00,3,27.228997099999997,0.1460946,7.3801358
Visakhapatnam,2026-10-05 01:00:00,3,27.0529378,0.048698200000000004,7.1242570999999995
Visakhapatnam,2026-10-05 02:00:00,3,26.905866399999997,0.048698200000000004,7.234845399999999
Visakhapatnam,2026-10-05 03:00:00,3,26.5389874,0.09739640000000001,7.322623
Visakhapatnam,2026-10-05 04:00:00,3,26.401147799999997,0.0,6.9804189999999995
Visakhapatnam,2026-10-05 05:00:00,3,26.386868800000002,0.0,6.807931399999999
Visakhapatnam,2026-10-05 06:00:00,3,26.722576500000002,0.0,6.0608582
Visakhapatnam,2026-10-05 07:00:00,3,27.8712441,0.0,6.2321260999999994
Visakhapatnam,2026-10-05 08:00:00,3,29.166474,0.0,6.3125143999999995
Visakhapatnam,2026-10-05 09:00:00,3,30.436191899999997,0.0,6.386551600000001
Visakhapatnam,2026-10-05 10:00:00,3,31.5014481,0.0,6.6942426
Visakhapatnam,2026-10-05 11:00:00,3,31.993691000000002,0.0,7.1901760999999995
Visakhapatnam,2026-10-05 12:00:00,3,31.7858841,0.2241657,8.7365319
Visakhapatnam,2026-10-05 13:00:00,3,30.689974900000003,0.2752579,10.8465353
Visakhapatnam,2026-10-05 14:00:00,3,30.2927114,0.2241657,11.538014999999998
Visakhapatnam,2026-10-05 15:00:00,3,29.6512375,0.0498146,10.124461199999999
Visakhapatnam,2026-10-05 16:00:00,3,29.3843834,0.0498146,9.2780038
Visakhapatnam,2026-10-05 17:00:00,3,28.961710299999996,0.0498146,8.2716003
Visakhapatnam,2026-10-05 18:00:00,3,28.518772000000002,0.0,7.4210758
Visakhapatnam,2026-10-05 19:00:00,3,28.204468099999996,0.048698200000000004,6.855391699999999
Visakhapatnam,2026-10-05 20:00:00,3,27.9472259,0.0730473,6.363778999999999
Visakhapatnam,2026-10-05 21:00:00,3,27.648873599999998,0.024349100000000002,6.0724842
Visakhapatnam,2026-10-05 22:00:00,3,27.3757047,0.024349100000000002,5.2710661
Visakhapatnam,2026-10-05 23:00:00,3,27.0492786,0.048698200000000004,4.864796499999999
