city,datetime,lead_days,temperature,rainfall,wind_speed
Agartala,2026-10-04 00:00:00,1,26.328399599999997,0.0,6.118873881126119
Agartala,2026-10-04 01:00:00,1,25.9628348,0.0,6.438442961557039
Agartala,2026-10-04 02:00:00,1,25.572232800000002,0.0,6.393363706636293
Agartala,2026-10-04 03:00:00,1,25.290602399999997,0.14248724248724248,6.077838222161778
Agartala,2026-10-04 04:00:00,1,25.0585814,0.20355320355320355,5.5221218778781225
Agartala,2026-10-04 05:00:00,1,25.4165933,0.020355320355320356,5.445043154956846
Agartala,2026-10-04 06:00:00,1,26.2455576,0.0,5.70962959037041
Agartala,2026-10-04 07:00:00,1,27.7811845,0.0,5.994041405958594
Agartala,2026-10-04 08:00:00,1,29.1904471,0.012819012819012819,5.132729967270033
Agartala,2026-10-04 09:00:00,1,30.333479300000004,0.012819012819012819,4.651831348168652
Agartala,2026-10-04 10:00:00,1,31.1524153,0.0587949587949588,4.520150879849121
Agartala,2026-10-04 11:00:00,1,31.215443200000003,0.7507084507084507,5.563901836098165
Agartala,2026-10-04 12:00:00,1,30.8162904,1.1366558366558366,6.243635256364744
Agartala,2026-10-04 13:00:00,1,30.7851752,0.6177207177207177,5.710498589501411
Agartala,2026-10-04 14:00:00,1,30.4311913,0.039990639990639995,5.377531922468078
Agartala,2026-10-04 15:00:00,1,30.0979356,0.0,4.966838333161667
Agartala,2026-10-04 16:00:00,1,29.4009118,0.0,5.004859395140605
Agartala,2026-10-04 17:00:00,1,28.502109600000004,0.0,5.300736899263102
Agartala,2026-10-04 18:00:00,1,27.939500900000002,0.0,4.984107615892385
Agartala,2026-10-04 19:00:00,1,27.5333112,0.0,4.713357386642614
Agartala,2026-10-04 20:00:00,1,27.1569478,0.0,4.6696393303606705
Agartala,2026-10-04 21:00:00,1,26.756168000000002,0.0,5.16947783052217
Agartala,2026-10-04 22:00:00,1,26.3695939,0.0,6.078607621392379
Agartala,2026-10-04 23:00:00,1,26.049352300000002,0.038457038457038455,6.958943141056859
Agartala,2026-10-05 00:00:00,2,25.81084771084771,0.0,6.507527900000001
Agartala,2026-10-05 01:00:00,2,25.527194927194927,0.0,6.236657900000001
Agartala,2026-10-05 02:00:00,2,25.226913126913125,0.0,5.616545
Agartala,2026-10-05 03:00:00,2,24.98505078505078,0.0,5.269148300000001
Agartala,2026-10-05 04:00:00,2,24.75658665658666,0.0,5.012299800000001
Agartala,2026-10-05 05:00:00,2,24.77044457044457,0.0,4.545164400000001
Agartala,2026-10-05 06:00:00,2,25.593834393834396,0.0182775,3.934644300000001
Agartala,2026-10-05 07:00:00,2,26.897777097777098,0.0182775,3.6233401
Agartala,2026-10-05 08:00:00,2,28.28084218084218,0.0182775,3.6847518000000004
Agartala,2026-10-05 09:00:00,2,29.349870549870552,0.0543796,3.0257574000000007
Agartala,2026-10-05 10:00:00,2,30.284926184926185,0.0543796,3.0341299000000004
Agartala,2026-10-05 11:00:00,2,30.85861875861876,0.18929,2.9165805000000002
Agartala,2026-10-05 12:00:00,2,31.145302045302046,0.0628132,2.6742900000000005
Agartala,2026-10-05 13:00:00,2,30.944084144084147,0.25500480000000003,3.7976495000000003
Agartala,2026-10-05 14:00:00,2,30.25121105121105,0.6554206,4.701092300000001
Agartala,2026-10-05 15:00:00,2,29.722106922106924,0.2901943,4.510978900000001
Agartala,2026-10-05 16:00:00,2,28.712529312529313,0.3046924,4.072384100000001
Agartala,2026-10-05 17:00:00,2,27.75750355750356,0.018279200000000002,3.959269900000001
Agartala,2026-10-05 18:00:00,2,27.262172462172465,0.0,3.977103100000001
Agartala,2026-10-05 19:00:00,2,26.923069823069824,0.0,3.571050300000001
Agartala,2026-10-05 20:00:00,2,26.623069823069827,0.0,3.778742700000001
Agartala,2026-10-05 21:00:00,2,26.28160008160009,0.0,3.9529003000000005
Agartala,2026-10-05 22:00:00,2,25.8966317966318,0.0,3.725490900000001
Agartala,2026-10-05 23:00:00,2,25.572171572171573,0.0,3.5877443
Agartala,2026-10-06 00:00:00,3,25.30895,0.0,3.1545147
Agartala,2026-10-06 01:00:00,3,25.055326700000006,0.0,3.0623580000000006
Agartala,2026-10-06 02:00:00,3,24.8349586,0.0,2.7160454
Agartala,2026-10-06 03:00:00,3,24.543636500000005,0.0,2.7916934
Agartala,2026-10-06 04:00:00,3,24.359755600000007,0.0,2.7570452999999997
Agartala,2026-10-06 05:00:00,3,24.476861300000003,0.0,3.4006936999999997
Agartala,2026-10-06 06:00:00,3,25.491320100000003,0.0,3.7071107000000003
Agartala,2026-10-06 07:00:00,3,26.982817000000008,0.0,3.8533573000000003
Agartala,2026-10-06 08:00:00,3,28.529080800000003,0.035276400000000006,4.2050915
Agartala,2026-10-06 09:00:00,3,29.805728700000003,0.088899,4.502143200000001
Agartala,2026-10-06 10:00:00,3,30.780031400000002,0.0359844,4.3082902999999995
Agartala,2026-10-06 11:00:00,3,31.506227700000004,0.0359844,4.2380278
Agartala,2026-10-06 12:00:00,3,31.835100100000005,0.0359844,3.9126360999999994
Agartala,2026-10-06 13:00:00,3,31.914598200000007,0.0359844,3.5969984999999998
Agartala,2026-10-06 14:00:00,3,31.690285700000004,0.0359844,3.4239759000000003
Agartala,2026-10-06 15:00:00,3,31.115052700000003,0.0359844,3.8167763999999997
Agartala,2026-10-06 16:00:00,3,30.025639600000005,0.1065372,4.2588707
Agartala,2026-10-06 17:00:00,3,28.933496400000003,0.0183462,4.524170700000001
Agartala,2026-10-06 18:00:00,3,28.166932800000005,0.0367673,4.1625351
Agartala,2026-10-06 19:00:00,3,27.473729600000002,0.0367673,4.5489299
Agartala,2026-10-06 20:00:00,3,27.039492000000006,0.0367673,5.2726933
Agartala,2026-10-06 21:00:00,3,26.627565400000005,0.0367673,5.3033909999999995
Agartala,2026-10-06 22:00:00,3,26.130434100000006,0.0367673,4.800360700000001
Agartala,2026-10-06 23:00:00,3,25.782782400000006,0.0367673,4.6472274
Agra,2026-10-04 00:00:00,1,26.27366017366018,0.0,3.1286074000000004
Agra,2026-10-04 01:00:00,1,25.48814688814689,0.0,2.6288696000000003
Agra,2026-10-04 02:00:00,1,24.897367997368,0.0,3.4307732000000004
Agra,2026-10-04 03:00:00,1,24.451991251991256,0.0,4.528267
Agra,2026-10-04 04:00:00,1,24.229622229622237,0.0,6.078051199999999
Agra,2026-10-04 05:00:00,1,24.68440448440449,0.0,7.467887199999999
Agra,2026-10-04 06:00:00,1,24.807695507695513,0.0,7.3003932
Agra,2026-10-04 07:00:00,1,26.18318758318759,0.0,7.1385912
Agra,2026-10-04 08:00:00,1,28.411176511176514,0.0,7.4796856
Agra,2026-10-04 09:00:00,1,30.802797302797305,0.0,8.622524
Agra,2026-10-04 10:00:00,1,32.87450817450818,0.0,10.622561999999999
Agra,2026-10-04 11:00:00,1,34.471230271230276,0.0,11.854518199999998
Agra,2026-10-04 12:00:00,1,35.41460241460241,0.0,12.515263800000001
Agra,2026-10-04 13:00:00,1,35.983776483776495,0.0,12.1148174
Agra,2026-10-04 14:00:00,1,36.28493348493349,0.0,11.286359399999998
Agra,2026-10-04 15:00:00,1,36.16671096671097,0.0,10.0783936
Agra,2026-10-04 16:00:00,1,35.52803082803083,0.0,7.498471200000001
Agra,2026-10-04 17:00:00,1,34.00313710313711,0.0,5.1637534
Agra,2026-10-04 18:00:00,1,32.25831785831787,0.0,4.1802491999999996
Agra,2026-10-04 19:00:00,1,30.910570410570415,0.0,4.3115570000000005
Agra,2026-10-04 20:00:00,1,29.78572418572419,0.0,5.0497322
Agra,2026-10-04 21:00:00,1,28.86786646786647,0.0,5.5020308
Agra,2026-10-04 22:00:00,1,28.093696293696297,0.0,5.4910478
Agra,2026-10-04 23:00:00,1,27.43938953938954,0.0,5.619438800000001
Agra,2026-10-05 00:00:00,2,26.9318966,0.0,6.355684
Agra,2026-10-05 01:00:00,2,26.3881682,0.0,6.8312258
Agra,2026-10-05 02:00:00,2,26.0283009,0.0,8.3668385
Agra,2026-10-05 03:00:00,2,25.690628100000005,0.0,9.328040600000001
Agra,2026-10-05 04:00:00,2,25.2534742,0.0,9.244473699999999
Agra,2026-10-05 05:00:00,2,24.9432753,0.0,9.261053299999999
Agra,2026-10-05 06:00:00,2,25.102889499999996,0.0,9.0417093
Agra,2026-10-05 07:00:00,2,26.350116200000002,0.0,9.2105122
Agra,2026-10-05 08:00:00,2,28.3665083,0.0,10.447428500000001
Agra,2026-10-05 09:00:00,2,30.575799500000002,0.0,11.098511499999999
Agra,2026-10-05 10:00:00,2,32.4939431,0.0,11.672496200000001
Agra,2026-10-05 11:00:00,2,33.9363066,0.0,11.8886743
Agra,2026-10-05 12:00:00,2,34.972142,0.0,11.3934196
Agra,2026-10-05 13:00:00,2,35.7636121,0.0,10.4142258
Agra,2026-10-05 14:00:00,2,36.2406997,0.0,9.0258252
Agra,2026-10-05 15:00:00,2,36.2444447,0.0,7.9856622
Agra,2026-10-05 16:00:00,2,35.681754,0.0,6.9787714
Agra,2026-10-05 17:00:00,2,34.2453958,0.0,5.0929231999999995
Agra,2026-10-05 18:00:00,2,32.548622,0.0,5.060683200000001
Agra,2026-10-05 19:00:00,2,31.219434700000004,0.0,5.2631304000000005
Agra,2026-10-05 20:00:00,2,30.029537,0.019781619781619783,4.8285018
Agra,2026-10-05 21:00:00,2,29.0604251,0.0,4.2904007
Agra,2026-10-05 22:00:00,2,28.2309977,0.0,4.715036
Agra,2026-10-05 23:00:00,2,27.532582599999998,0.0,5.0169768999999995
Agra,2026-10-06 00:00:00,3,27.0110337,0.0,5.9443825556174446
Agra,2026-10-06 01:00:00,3,26.4860207,0.0,6.158188541811458
Agra,2026-10-06 02:00:00,3,25.981500599999997,0.0,6.387217612782387
Agra,2026-10-06 03:00:00,3,25.6187285,0.0,6.816855083144917
Agra,2026-10-06 04:00:00,3,25.302536099999998,0.0,6.968768331231669
Agra,2026-10-06 05:00:00,3,25.110263500000002,0.0,7.341909058090942
Agra,2026-10-06 06:00:00,3,25.240152,0.0,7.003887196112805
Agra,2026-10-06 07:00:00,3,26.262423299999995,0.0,6.27923392076608
Agra,2026-10-06 08:00:00,3,28.1167452,0.0,6.111789688210312
Agra,2026-10-06 09:00:00,3,30.0313929,0.0,5.868198931801068
Agra,2026-10-06 10:00:00,3,31.9660747,0.0,7.332477567522433
Agra,2026-10-06 11:00:00,3,33.6093668,0.0,8.35949494050506
Agra,2026-10-06 12:00:00,3,34.758086999999996,0.0,8.971772928227072
Agra,2026-10-06 13:00:00,3,35.48778,0.0,8.812743987256013
Agra,2026-10-06 14:00:00,3,35.6443055,0.0,8.653314946685052
Agra,2026-10-06 15:00:00,3,35.2063218,0.07667457667457668,8.46972323027677
Agra,2026-10-06 16:00:00,3,34.2465191,0.07667457667457668,7.5048898951101055
Agra,2026-10-06 17:00:00,3,32.845040899999994,0.07667457667457668,6.793320006679993
Agra,2026-10-06 18:00:00,3,31.4101,0.0,7.364175935824065
Agra,2026-10-06 19:00:00,3,30.1883736,0.0,8.292812507187493
Agra,2026-10-06 20:00:00,3,29.141418199999997,0.0,8.41901808098192
Agra,2026-10-06 21:00:00,3,28.3541534,0.0,8.356781943218056
Agra,2026-10-06 22:00:00,3,27.7230099,0.0,8.141025258974741
Agra,2026-10-06 23:00:00,3,27.1726401,0.0,7.246621953378047
Ahmedabad,2026-10-04 00:00:00,1,27.706820993179008,0.0,4.6552497
Ahmedabad,2026-10-04 01:00:00,1,27.044340055659944,0.0,4.4208467
Ahmedabad,2026-10-04 02:00:00,1,26.239117360882645,0.0,5.5090866
Ahmedabad,2026-10-04 03:00:00,1,25.61760988239012,0.0,5.905617399999999
Ahmedabad,2026-10-04 04:00:00,1,25.233414766585234,0.0,5.7518475
Ahmedabad,2026-10-04 05:00:00,1,25.283296916703087,0.0,4.3786143
Ahmedabad,2026-10-04 06:00:00,1,24.911806788193214,0.0,3.8501815
Ahmedabad,2026-10-04 07:00:00,1,25.65850204149796,0.0,4.2403699
Ahmedabad,2026-10-04 08:00:00,1,27.369129030870972,0.0,4.4033542
Ahmedabad,2026-10-04 09:00:00,1,29.544488455511548,0.0,4.7718745
Ahmedabad,2026-10-04 10:00:00,1,31.509162290837708,0.0,5.3490704000000004
Ahmedabad,2026-10-04 11:00:00,1,33.22778877221123,0.0,5.7617474
Ahmedabad,2026-10-04 12:00:00,1,34.61812218187782,0.0,6.7533561
Ahmedabad,2026-10-04 13:00:00,1,35.423794676205326,0.0,7.7972779
Ahmedabad,2026-10-04 14:00:00,1,35.85541554458446,0.0,8.314952
Ahmedabad,2026-10-04 15:00:00,1,35.87782652217348,0.0,8.1459788
Ahmedabad,2026-10-04 16:00:00,1,35.646524953475044,0.0,7.4089247
Ahmedabad,2026-10-04 17:00:00,1,34.95670704329296,0.0,6.8660344
Ahmedabad,2026-10-04 18:00:00,1,33.48689811310189,0.0,7.062485499999999
Ahmedabad,2026-10-04 19:00:00,1,32.120063879936126,0.0,7.073181900000001
Ahmedabad,2026-10-04 20:00:00,1,30.991869908130095,0.0,5.7198459
Ahmedabad,2026-10-04 21:00:00,1,29.950975349024652,0.0,4.9294171
Ahmedabad,2026-10-04 22:00:00,1,28.983296616703385,0.0,4.673647600000001
Ahmedabad,2026-10-04 23:00:00,1,28.000326199673804,0.0,6.254241199999999
Ahmedabad,2026-10-05 00:00:00,2,27.313483613483612,0.0,6.282569682569683
Ahmedabad,2026-10-05 01:00:00,2,26.476868076868076,0.0,7.07950067950068
Ahmedabad,2026-10-05 02:00:00,2,25.83123763123763,0.0,7.882577482577483
Ahmedabad,2026-10-05 03:00:00,2,25.206832906832908,0.0,8.109012809012809
Ahmedabad,2026-10-05 04:00:00,2,24.716540016540016,0.0,8.131583031583032
Ahmedabad,2026-10-05 05:00:00,2,24.436278336278335,0.0,7.83940833940834
Ahmedabad,2026-10-05 06:00:00,2,24.33999023999024,0.0,7.150768250768251
Ahmedabad,2026-10-05 07:00:00,2,24.921719221719222,0.0,6.56926006926007
Ahmedabad,2026-10-05 08:00:00,2,26.605446505446505,0.0,6.720533420533421
Ahmedabad,2026-10-05 09:00:00,2,28.62459672459672,0.0,6.566499666499667
Ahmedabad,2026-10-05 10:00:00,2,30.64545014545014,0.0,5.5695477695477695
Ahmedabad,2026-10-05 11:00:00,2,32.36687506687507,0.0,5.074911974911975
Ahmedabad,2026-10-05 12:00:00,2,33.7011009011009,0.0,5.716436416436417
Ahmedabad,2026-10-05 13:00:00,2,34.74695014695014,0.0,7.036433936433937
Ahmedabad,2026-10-05 14:00:00,2,35.31607341607341,0.0,8.5000132000132
Ahmedabad,2026-10-05 15:00:00,2,35.5013737013737,0.0,8.551531751531753
Ahmedabad,2026-10-05 16:00:00,2,35.30989980989981,0.0,8.055476455476455
Ahmedabad,2026-10-05 17:00:00,2,34.79467879467879,0.0,6.867891767891768
Ahmedabad,2026-10-05 18:00:00,2,33.56510206510206,0.0,6.461179561179561
Ahmedabad,2026-10-05 19:00:00,2,32.303703903703905,0.0,7.421394521394522
Ahmedabad,2026-10-05 20:00:00,2,31.209433009433006,0.0,7.339893239893241
Ahmedabad,2026-10-05 21:00:00,2,30.08452038452038,0.0,6.670475370475371
Ahmedabad,2026-10-05 22:00:00,2,29.000135400135395,0.0,6.256858156858158
Ahmedabad,2026-10-05 23:00:00,2,28.174786874786875,0.0,6.66832206832207
Ahmedabad,2026-10-06 00:00:00,3,27.410204589795413,0.0,6.3880242
Ahmedabad,2026-10-06 01:00:00,3,26.78615621384379,0.0,6.3878053
Ahmedabad,2026-10-06 02:00:00,3,26.181804418195586,0.0,7.0297532
Ahmedabad,2026-10-06 03:00:00,3,25.592802807197195,0.0,7.1589011
Ahmedabad,2026-10-06 04:00:00,3,25.127349772650234,0.0,7.052293599999999
Ahmedabad,2026-10-06 05:00:00,3,24.83740556259444,0.0,6.9029139
Ahmedabad,2026-10-06 06:00:00,3,24.790879909120093,0.0,6.7982587
Ahmedabad,2026-10-06 07:00:00,3,25.33569566430434,0.0,6.7230084
Ahmedabad,2026-10-06 08:00:00,3,26.92109377890622,0.0,7.348094799999998
Ahmedabad,2026-10-06 09:00:00,3,28.743469556530442,0.0,7.1038689999999995
Ahmedabad,2026-10-06 10:00:00,3,30.56919553080447,0.0,5.8083549
Ahmedabad,2026-10-06 11:00:00,3,32.072520527479476,0.0,4.7252278
Ahmedabad,2026-10-06 12:00:00,3,33.341411458588546,0.0,4.5245545
Ahmedabad,2026-10-06 13:00:00,3,34.41036358963641,0.0,5.1049216
Ahmedabad,2026-10-06 14:00:00,3,35.06334053665947,0.0,5.6040507
Ahmedabad,2026-10-06 15:00:00,3,35.266301433698565,0.03866159999999999,5.936614700000001
Ahmedabad,2026-10-06 16:00:00,3,35.00407589592411,0.03866159999999999,5.898992699999999
Ahmedabad,2026-10-06 17:00:00,3,34.46194483805517,0.03866159999999999,5.8311428
Ahmedabad,2026-10-06 18:00:00,3,33.24684665315335,0.0,5.9255551
Ahmedabad,2026-10-06 19:00:00,3,32.083664716335285,0.0,5.52685
Ahmedabad,2026-10-06 20:00:00,3,31.08460971539029,0.0,5.238331499999999
Ahmedabad,2026-10-06 21:00:00,3,30.152638347361652,0.0,4.9311753
Ahmedabad,2026-10-06 22:00:00,3,29.24280495719504,0.0,4.8036356
Ahmedabad,2026-10-06 23:00:00,3,28.494676705323293,0.0,4.3010568000000005
Amritsar,2026-10-04 00:00:00,1,25.768796468796467,0.0,4.4443798999999995
Amritsar,2026-10-04 01:00:00,1,25.225755725755725,0.0,4.258796200000001
Amritsar,2026-10-04 02:00:00,1,24.713862513862512,0.0,3.7412457000000003
Amritsar,2026-10-04 03:00:00,1,24.327866227866227,0.0,3.9455637
Amritsar,2026-10-04 04:00:00,1,24.10996300996301,0.0,4.1540353
Amritsar,2026-10-04 05:00:00,1,24.284567984567985,0.0,3.7039021000000005
Amritsar,2026-10-04 06:00:00,1,24.28450508450508,0.0,3.6781625000000004
Amritsar,2026-10-04 07:00:00,1,25.35365435365435,0.0,3.6861706000000005
Amritsar,2026-10-04 08:00:00,1,27.465722965722968,0.0,3.9879529000000007
Amritsar,2026-10-04 09:00:00,1,29.961050461050462,0.0,4.9193154
Amritsar,2026-10-04 10:00:00,1,31.81090071090071,0.0,4.975629
Amritsar,2026-10-04 11:00:00,1,33.259515359515355,0.0,4.5514130999999995
Amritsar,2026-10-04 12:00:00,1,34.35047765047765,0.0,4.2527514
Amritsar,2026-10-04 13:00:00,1,34.936499836499834,0.0,3.7727311
Amritsar,2026-10-04 14:00:00,1,35.19122579122579,0.0,4.4525851
Amritsar,2026-10-04 15:00:00,1,35.08190398190398,0.0,5.0604475
Amritsar,2026-10-04 16:00:00,1,34.622320722320715,0.0,5.2004971
Amritsar,2026-10-04 17:00:00,1,33.640513940513934,0.0,5.576161900000001
Amritsar,2026-10-04 18:00:00,1,31.715881915881916,0.0,6.3089072
Amritsar,2026-10-04 19:00:00,1,30.227475227475225,0.0,6.4083811
Amritsar,2026-10-04 20:00:00,1,29.055348255348253,0.0,6.767587900000001
Amritsar,2026-10-04 21:00:00,1,28.106435706435704,0.0,6.2407541
Amritsar,2026-10-04 22:00:00,1,27.292368992368992,0.0,5.0526583
Amritsar,2026-10-04 23:00:00,1,26.59312769312769,0.0,4.8814252
Amritsar,2026-10-05 00:00:00,2,25.983339783339783,0.0,5.1604625
Amritsar,2026-10-05 01:00:00,2,25.49228959228959,0.0,5.2210160000000005
Amritsar,2026-10-05 02:00:00,2,25.05061345061345,0.0,4.804118600000001
Amritsar,2026-10-05 03:00:00,2,24.615571915571913,0.0,4.2446391000000006
Amritsar,2026-10-05 04:00:00,2,24.235238935238936,0.0,3.7924037000000004
Amritsar,2026-10-05 05:00:00,2,24.07133147133147,0.0,3.6210699
Amritsar,2026-10-05 06:00:00,2,24.206715206715206,0.0,3.706223
Amritsar,2026-10-05 07:00:00,2,25.264162164162165,0.0,4.241787800000001
Amritsar,2026-10-05 08:00:00,2,27.54199934199934,0.0,5.034359000000001
Amritsar,2026-10-05 09:00:00,2,29.965437765437766,0.0,5.300904500000001
Amritsar,2026-10-05 10:00:00,2,32.0931782931783,0.0,5.760947700000001
Amritsar,2026-10-05 11:00:00,2,33.63108553108553,0.0,6.393051300000001
Amritsar,2026-10-05 12:00:00,2,34.656520956520964,0.0,6.0472678
Amritsar,2026-10-05 13:00:00,2,35.3018627018627,0.0,5.489962400000001
Amritsar,2026-10-05 14:00:00,2,35.639208339208345,0.0,4.9985423
Amritsar,2026-10-05 15:00:00,2,35.60606540606541,0.0,4.290750000000001
Amritsar,2026-10-05 16:00:00,2,35.21784341784342,0.0,4.2105959
Amritsar,2026-10-05 17:00:00,2,34.17539537539538,0.0,5.0222131
Amritsar,2026-10-05 18:00:00,2,32.17360577360577,0.0,7.022710700000001
Amritsar,2026-10-05 19:00:00,2,30.67646117646118,0.0,7.339670800000001
Amritsar,2026-10-05 20:00:00,2,29.473310473310477,0.0,6.992293900000001
Amritsar,2026-10-05 21:00:00,2,28.39122759122759,0.0,6.321288600000001
Amritsar,2026-10-05 22:00:00,2,27.71887781887782,0.0,5.702285700000001
Amritsar,2026-10-05 23:00:00,2,27.17863087863088,0.0,6.0788381000000005
Amritsar,2026-10-06 00:00:00,3,26.529298870701126,0.0,7.4152505
Amritsar,2026-10-06 01:00:00,3,25.88034001965998,0.0,7.6146769999999995
Amritsar,2026-10-06 02:00:00,3,25.46539793460206,0.0,7.6191403
Amritsar,2026-10-06 03:00:00,3,25.070487529512466,0.0,7.455676599999999
Amritsar,2026-10-06 04:00:00,3,24.783919116080884,0.0,7.356425199999999
Amritsar,2026-10-06 05:00:00,3,24.624676075323922,0.0,7.0000988
Amritsar,2026-10-06 06:00:00,3,24.619273980726014,0.0,6.7047784
Amritsar,2026-10-06 07:00:00,3,25.538088061911935,0.0,7.424409699999999
Amritsar,2026-10-06 08:00:00,3,27.677824722175274,0.0,8.447728
Amritsar,2026-10-06 09:00:00,3,29.88253641746358,0.0,8.8831217
Amritsar,2026-10-06 10:00:00,3,31.93958696041303,0.0,8.599139599999999
Amritsar,2026-10-06 11:00:00,3,33.576447423552565,0.0,8.510530000000001
Amritsar,2026-10-06 12:00:00,3,34.625944074055916,0.0,7.780142400000001
Amritsar,2026-10-06 13:00:00,3,35.31843548156451,0.0,7.0235388
Amritsar,2026-10-06 14:00:00,3,35.523555076444914,0.0,6.7621994
Amritsar,2026-10-06 15:00:00,3,35.42911337088662,0.0,7.114696899999999
Amritsar,2026-10-06 16:00:00,3,34.97201692798306,0.0,6.651427699999999
Amritsar,2026-10-06 17:00:00,3,34.05468694531305,0.0,5.1376067
Amritsar,2026-10-06 18:00:00,3,32.15952824047176,0.0,6.833474099999999
Amritsar,2026-10-06 19:00:00,3,30.53483296516703,0.0,8.4540501
Amritsar,2026-10-06 20:00:00,3,29.162583837416157,0.0,8.986011
Amritsar,2026-10-06 21:00:00,3,28.399475800524197,0.0,9.178836200000001
Amritsar,2026-10-06 22:00:00,3,27.797042902957095,0.0,9.105347799999999
Amritsar,2026-10-06 23:00:00,3,27.23504546495453,0.0,8.896741299999999
Bengaluru,2026-10-04 00:00:00,1,23.401570301570302,0.017480100000000002,7.233538133538133
Bengaluru,2026-10-04 01:00:00,1,22.976310176310175,0.017480100000000002,7.416615816615816
Bengaluru,2026-10-04 02:00:00,1,22.4992838992839,0.017480100000000002,8.055617355617354
Bengaluru,2026-10-04 03:00:00,1,21.975311175311177,0.017480100000000002,7.881487181487181
Bengaluru,2026-10-04 04:00:00,1,21.632811532811534,0.017480100000000002,7.979899379899379
Bengaluru,2026-10-04 05:00:00,1,21.68084248084248,0.017480100000000002,7.593745393745394
Bengaluru,2026-10-04 06:00:00,1,21.617203917203916,0.0,6.977912077912077
Bengaluru,2026-10-04 07:00:00,1,22.667937667937668,0.0,6.860555960555961
Bengaluru,2026-10-04 08:00:00,1,24.241859641859644,0.0,7.305675005675004
Bengaluru,2026-10-04 09:00:00,1,25.838493938493936,0.0,6.446347846347845
Bengaluru,2026-10-04 10:00:00,1,27.313145513145514,0.0,4.992507892507892
Bengaluru,2026-10-04 11:00:00,1,28.50965420965421,0.0,6.214391914391914
Bengaluru,2026-10-04 12:00:00,1,29.33818323818324,0.017480100000000002,6.482766882766882
Bengaluru,2026-10-04 13:00:00,1,29.72853652853653,0.017480100000000002,6.470797070797071
Bengaluru,2026-10-04 14:00:00,1,29.656077856077857,0.032889600000000005,5.758200158200158
Bengaluru,2026-10-04 15:00:00,1,29.14388334388334,0.47913859999999997,4.81111761111761
Bengaluru,2026-10-04 16:00:00,1,28.3986092986093,0.4961341,4.350609950609949
Bengaluru,2026-10-04 17:00:00,1,27.41216371216371,0.3551261,3.867446467446467
Bengaluru,2026-10-04 18:00:00,1,26.195285495285496,0.5799908,4.049203449203449
Bengaluru,2026-10-04 19:00:00,1,25.327742827742828,0.5111541,4.938906538906538
Bengaluru,2026-10-04 20:00:00,1,24.50588730588731,0.6617452,5.412969412969412
Bengaluru,2026-10-04 21:00:00,1,23.87621387621388,0.26911820000000003,5.247501847501846
Bengaluru,2026-10-04 22:00:00,1,23.545546245546245,0.16789779999999999,3.8882800882800876
Bengaluru,2026-10-04 23:00:00,1,23.196845896845897,0.034960200000000004,3.834955934955935
Bengaluru,2026-10-05 00:00:00,2,22.828904571095432,0.016256583743416257,3.8545601
Bengaluru,2026-10-05 01:00:00,2,22.438634561365443,0.016256583743416257,4.362408200000001
Bengaluru,2026-10-05 02:00:00,2,21.931515368484632,0.016256583743416257,5.263820600000001
Bengaluru,2026-10-05 03:00:00,2,21.554213445786555,0.016256583743416257,4.820149799999999
Bengaluru,2026-10-05 04:00:00,2,21.303287696712307,0.016256583743416257,4.3028957000000005
Bengaluru,2026-10-05 05:00:00,2,21.312317187682815,0.016256583743416257,4.417305499999999
Bengaluru,2026-10-05 06:00:00,2,21.530777869222135,0.017084182915817085,4.1184439
Bengaluru,2026-10-05 07:00:00,2,22.18862871137129,0.0,4.2188764999999995
Bengaluru,2026-10-05 08:00:00,2,23.235999164000837,0.05125254874745125,4.899566699999999
Bengaluru,2026-10-05 09:00:00,2,24.691369708630294,0.08720431279568722,5.2510424
Bengaluru,2026-10-05 10:00:00,2,26.14117565882434,0.11670578329421671,5.032055300000001
Bengaluru,2026-10-05 11:00:00,2,27.221214478785527,0.17105582894417107,4.7754181
Bengaluru,2026-10-05 12:00:00,2,27.57684872315128,0.4511055488944511,5.059413899999999
Bengaluru,2026-10-05 13:00:00,2,27.46958903041097,0.33175146824853174,5.4438118
Bengaluru,2026-10-05 14:00:00,2,27.076656523343477,0.21106598893401107,5.3964935999999994
Bengaluru,2026-10-05 15:00:00,2,26.589613710386296,0.42509627490372515,5.919294000000001
Bengaluru,2026-10-05 16:00:00,2,25.787260812739188,1.1598708401291602,6.5591691
Bengaluru,2026-10-05 17:00:00,2,25.006987393012608,0.8993475006524996,6.3503304
Bengaluru,2026-10-05 18:00:00,2,24.38682761317239,0.9984577015422986,5.7676913999999995
Bengaluru,2026-10-05 19:00:00,2,23.92043067956932,0.7366817633182368,5.5404804
Bengaluru,2026-10-05 20:00:00,2,23.452932947067055,0.5395485604514396,4.896411
Bengaluru,2026-10-05 21:00:00,2,22.901295498704506,0.28559311440688556,4.1460716
Bengaluru,2026-10-05 22:00:00,2,22.43662376337624,0.6476495523504476,4.2704547
Bengaluru,2026-10-05 23:00:00,2,21.912814187185813,0.4515356484643515,5.6347605
Bengaluru,2026-10-06 00:00:00,3,21.6188473,0.30428790428790436,5.0327314672685315
Bengaluru,2026-10-06 01:00:00,3,21.361660200000003,0.15078585078585077,4.613592986407013
Bengaluru,2026-10-06 02:00:00,3,21.1490588,0.1884814884814885,3.8086754913245082
Bengaluru,2026-10-06 03:00:00,3,20.838951899999998,0.4422166422166422,4.164423635576364
Bengaluru,2026-10-06 04:00:00,3,20.760876,0.34383724383724384,3.489465910534089
Bengaluru,2026-10-06 05:00:00,3,20.6699676,0.08643538643538644,3.1268939731060263
Bengaluru,2026-10-06 06:00:00,3,20.821473500000003,0.017241917241917242,3.398133401866598
Bengaluru,2026-10-06 07:00:00,3,21.672034099999998,0.017241917241917242,3.757170242829756
Bengaluru,2026-10-06 08:00:00,3,22.912359099999996,0.017241917241917242,3.8389978610021385
Bengaluru,2026-10-06 09:00:00,3,24.4016707,0.04665694665694667,4.39119410880589
Bengaluru,2026-10-06 10:00:00,3,25.595708499999997,0.2560495560495561,4.910674889325111
Bengaluru,2026-10-06 11:00:00,3,26.738004500000002,0.07607197607197609,5.515337384662615
Bengaluru,2026-10-06 12:00:00,3,27.106765000000003,0.3276732276732277,6.617365682634317
Bengaluru,2026-10-06 13:00:00,3,27.059415100000002,0.38824698824698833,7.931428068571931
Bengaluru,2026-10-06 14:00:00,3,26.7389676,0.36057566057566065,10.491882708117291
Bengaluru,2026-10-06 15:00:00,3,25.9686479,0.5955134955134955,12.484073715926282
Bengaluru,2026-10-06 16:00:00,3,25.0708743,0.6448671448671449,12.085522114477884
Bengaluru,2026-10-06 17:00:00,3,24.115387899999998,0.5937697937697938,11.806795293204706
Bengaluru,2026-10-06 18:00:00,3,23.281690599999997,0.8724115724115725,11.708828491171507
Bengaluru,2026-10-06 19:00:00,3,22.788193600000003,1.0810462810462813,11.431062968937029
Bengaluru,2026-10-06 20:00:00,3,22.473510400000002,0.6994087994087995,9.049109450890548
Bengaluru,2026-10-06 21:00:00,3,22.3234782,0.15350465350465348,6.8504234495765495
Bengaluru,2026-10-06 22:00:00,3,22.1363974,0.18815078815078812,5.764580235419764
Bengaluru,2026-10-06 23:00:00,3,21.8166051,0.25994465994466,7.007993692006306
Bhopal,2026-10-04 00:00:00,1,24.016942800000002,0.0,5.837903600000001
Bhopal,2026-10-04 01:00:00,1,23.398071,0.0,6.1901882
Bhopal,2026-10-04 02:00:00,1,22.8906565,0.0,6.3462079000000005
Bhopal,2026-10-04 03:00:00,1,22.486026699999996,0.0,6.6208384
Bhopal,2026-10-04 04:00:00,1,22.243630900000003,0.0,6.7269957
Bhopal,2026-10-04 05:00:00,1,21.9562784,0.0,6.7253524
Bhopal,2026-10-04 06:00:00,1,21.981657600000002,0.0,6.6539872
Bhopal,2026-10-04 07:00:00,1,23.4658215,0.0,7.1308248999999995
Bhopal,2026-10-04 08:00:00,1,25.9730407,0.0,7.2883584
Bhopal,2026-10-04 09:00:00,1,28.3614682,0.0,7.961866
Bhopal,2026-10-04 10:00:00,1,30.3732461,0.0,8.488158900000002
Bhopal,2026-10-04 11:00:00,1,31.860292600000005,0.0,8.2981746
Bhopal,2026-10-04 12:00:00,1,32.7767727,0.0,7.668862300000001
Bhopal,2026-10-04 13:00:00,1,33.1769011,0.0,7.1366175
Bhopal,2026-10-04 14:00:00,1,33.1553025,0.0,5.973917500000001
Bhopal,2026-10-04 15:00:00,1,32.8697198,0.0185408,5.2525765
Bhopal,2026-10-04 16:00:00,1,32.2984277,0.0,4.8408319
Bhopal,2026-10-04 17:00:00,1,30.9381196,0.0,4.3714371000000005
Bhopal,2026-10-04 18:00:00,1,29.340610899999998,0.0,4.0684833000000005
Bhopal,2026-10-04 19:00:00,1,28.1049648,0.0,3.4927019
Bhopal,2026-10-04 20:00:00,1,27.202542,0.0,3.9431094
Bhopal,2026-10-04 21:00:00,1,26.3982758,0.0,5.276525
Bhopal,2026-10-04 22:00:00,1,25.6582761,0.0,6.008701599999999
Bhopal,2026-10-04 23:00:00,1,25.002703699999998,0.0,6.576294600000001
Bhopal,2026-10-05 00:00:00,2,24.546501046501042,0.0,7.5352741000000005
Bhopal,2026-10-05 01:00:00,2,24.08571248571248,0.0,8.291915300000001
Bhopal,2026-10-05 02:00:00,2,23.697992797992793,0.0,8.869871000000002
Bhopal,2026-10-05 03:00:00,2,23.24209324209324,0.0,9.1982821
Bhopal,2026-10-05 04:00:00,2,22.878380078380076,0.0,8.708101300000001
Bhopal,2026-10-05 05:00:00,2,22.570518270518267,0.0,8.525647300000001
Bhopal,2026-10-05 06:00:00,2,22.768739568739566,0.0,7.8277771
Bhopal,2026-10-05 07:00:00,2,24.257326257326255,0.0,7.7746259
Bhopal,2026-10-05 08:00:00,2,26.74687804687804,0.0,7.7980904
Bhopal,2026-10-05 09:00:00,2,29.001873301873303,0.0,8.5349743
Bhopal,2026-10-05 10:00:00,2,31.032599732599728,0.0,9.1488614
Bhopal,2026-10-05 11:00:00,2,32.472165772165766,0.0,9.6684889
Bhopal,2026-10-05 12:00:00,2,33.21386861386861,0.0,9.4886426
Bhopal,2026-10-05 13:00:00,2,33.32568462568462,0.07197352802647199,9.0571192
Bhopal,2026-10-05 14:00:00,2,33.371691971691966,0.0,8.1844838
Bhopal,2026-10-05 15:00:00,2,33.07285067285067,0.0,7.2216183
Bhopal,2026-10-05 16:00:00,2,32.48147098147098,0.0,6.117813
Bhopal,2026-10-05 17:00:00,2,31.106974006974003,0.0,5.2574954
Bhopal,2026-10-05 18:00:00,2,29.608114308114303,0.0,4.987335900000001
Bhopal,2026-10-05 19:00:00,2,28.487670687670686,0.0,4.6458279
Bhopal,2026-10-05 20:00:00,2,27.458865558865558,0.0,4.4978945
Bhopal,2026-10-05 21:00:00,2,26.584118584118585,0.0,4.6500719
Bhopal,2026-10-05 22:00:00,2,25.798675298675295,0.0,4.8956694
Bhopal,2026-10-05 23:00:00,2,25.138754838754835,0.0,5.581490400000001
Bhopal,2026-10-06 00:00:00,3,24.617076700000005,0.0,6.239219039219039
Bhopal,2026-10-06 01:00:00,3,23.909489500000003,0.0,7.405569605569606
Bhopal,2026-10-06 02:00:00,3,23.4338155,0.0,7.552038652038652
Bhopal,2026-10-06 03:00:00,3,22.962121100000005,0.0,7.4830469830469815
Bhopal,2026-10-06 04:00:00,3,22.625972300000004,0.0,7.134236134236133
Bhopal,2026-10-06 05:00:00,3,22.560942500000003,0.0,7.245300345300345
Bhopal,2026-10-06 06:00:00,3,22.794951300000005,0.0,6.948337248337247
Bhopal,2026-10-06 07:00:00,3,24.311926900000003,0.0,6.853531753531753
Bhopal,2026-10-06 08:00:00,3,26.750206500000004,0.0,6.913009213009213
Bhopal,2026-10-06 09:00:00,3,29.054487300000005,0.0,7.718974418974419
Bhopal,2026-10-06 10:00:00,3,31.056936600000004,0.0,7.968735468735468
Bhopal,2026-10-06 11:00:00,3,32.549542800000005,0.0,8.125034625034624
Bhopal,2026-10-06 12:00:00,3,33.32887240000001,0.0,7.3661382661382655
Bhopal,2026-10-06 13:00:00,3,33.6807931,0.0,6.8022574022574025
Bhopal,2026-10-06 14:00:00,3,33.69274080000001,0.0,6.35078675078675
Bhopal,2026-10-06 15:00:00,3,33.36263780000001,0.0,6.398046298046298
Bhopal,2026-10-06 16:00:00,3,32.716656300000004,0.0,6.568860668860668
Bhopal,2026-10-06 17:00:00,3,31.334840900000003,0.0,5.6824537824537815
Bhopal,2026-10-06 18:00:00,3,29.7904445,0.0,5.315627415627415
Bhopal,2026-10-06 19:00:00,3,28.6293761,0.0,5.194741994741994
Bhopal,2026-10-06 20:00:00,3,27.744599500000007,0.0,5.125668025668025
Bhopal,2026-10-06 21:00:00,3,27.097095300000007,0.0,4.899112799112799
Bhopal,2026-10-06 22:00:00,3,26.540024000000006,0.0,4.769159369159369
Bhopal,2026-10-06 23:00:00,3,25.991320900000005,0.0,4.618425918425919
Bhubaneswar,2026-10-04 00:00:00,1,26.8430252,0.0,7.3905975999999995
Bhubaneswar,2026-10-04 01:00:00,1,26.415276600000002,0.0,7.2285293
Bhubaneswar,2026-10-04 02:00:00,1,26.0656819,0.0,6.9647536
Bhubaneswar,2026-10-04 03:00:00,1,25.689235600000004,0.0,6.4658482
Bhubaneswar,2026-10-04 04:00:00,1,25.4064527,0.0,5.810195
Bhubaneswar,2026-10-04 05:00:00,1,25.397081,0.0,5.4714725
Bhubaneswar,2026-10-04 06:00:00,1,26.0664102,0.0,5.4802838
Bhubaneswar,2026-10-04 07:00:00,1,27.739594099999998,0.0,6.090072
Bhubaneswar,2026-10-04 08:00:00,1,29.526457799999996,0.0,6.7028134
Bhubaneswar,2026-10-04 09:00:00,1,31.281044,0.0,6.7064018999999995
Bhubaneswar,2026-10-04 10:00:00,1,32.7012426,0.0,7.0886613999999994
Bhubaneswar,2026-10-04 11:00:00,1,33.530880999999994,0.0,7.376358100000001
Bhubaneswar,2026-10-04 12:00:00,1,33.990469499999996,0.0,7.4771999000000005
Bhubaneswar,2026-10-04 13:00:00,1,34.1582348,0.0,7.379596099999999
Bhubaneswar,2026-10-04 14:00:00,1,34.0354384,0.0,7.7251278
Bhubaneswar,2026-10-04 15:00:00,1,33.4299968,0.018425900000000002,7.3809857
Bhubaneswar,2026-10-04 16:00:00,1,32.529413999999996,0.0,5.6110774999999995
Bhubaneswar,2026-10-04 17:00:00,1,31.0411205,0.0,4.615145
Bhubaneswar,2026-10-04 18:00:00,1,30.0587803,0.0,4.2848095
Bhubaneswar,2026-10-04 19:00:00,1,29.242025199999997,0.036585,5.0079434
Bhubaneswar,2026-10-04 20:00:00,1,28.542032499999998,0.0,6.262872999999999
Bhubaneswar,2026-10-04 21:00:00,1,27.7364907,0.0,6.3218277
Bhubaneswar,2026-10-04 22:00:00,1,27.018658799999997,0.0,6.4354584
Bhubaneswar,2026-10-04 23:00:00,1,26.457544999999996,0.0,6.365853700000001
Bhubaneswar,2026-10-05 00:00:00,2,26.045694799999996,0.0,6.295137300000001
Bhubaneswar,2026-10-05 01:00:00,2,25.657177899999997,0.0,6.029880200000001
Bhubaneswar,2026-10-05 02:00:00,2,25.2497895,0.0,5.650537300000002
Bhubaneswar,2026-10-05 03:00:00,2,24.8522296,0.0,5.270909700000001
Bhubaneswar,2026-10-05 04:00:00,2,24.609306499999995,0.0,4.998099900000001
Bhubaneswar,2026-10-05 05:00:00,2,24.529289399999996,0.0,4.8639143
Bhubaneswar,2026-10-05 06:00:00,2,25.260157500000002,0.0,4.821239800000001
Bhubaneswar,2026-10-05 07:00:00,2,27.297716799999996,0.0,5.014507600000002
Bhubaneswar,2026-10-05 08:00:00,2,29.4865342,0.0,5.942341600000002
Bhubaneswar,2026-10-05 09:00:00,2,31.3220976,0.0,6.350108700000002
Bhubaneswar,2026-10-05 10:00:00,2,32.855230799999994,0.0,6.643133500000001
Bhubaneswar,2026-10-05 11:00:00,2,33.8417373,0.0,6.715476800000002
Bhubaneswar,2026-10-05 12:00:00,2,34.4084022,0.0,6.939673800000001
Bhubaneswar,2026-10-05 13:00:00,2,34.5864913,0.0,7.270078300000001
Bhubaneswar,2026-10-05 14:00:00,2,34.328474299999996,0.017558400000000002,6.548574000000001
Bhubaneswar,2026-10-05 15:00:00,2,33.8606305,0.035116800000000004,5.354839
Bhubaneswar,2026-10-05 16:00:00,2,32.8617319,0.0,3.4691528000000007
Bhubaneswar,2026-10-05 17:00:00,2,31.0448255,0.030809400000000004,4.832546100000001
Bhubaneswar,2026-10-05 18:00:00,2,29.9157283,0.0,5.125850500000001
Bhubaneswar,2026-10-05 19:00:00,2,29.217592500000002,0.0,4.628655700000001
Bhubaneswar,2026-10-05 20:00:00,2,28.3565391,0.0,6.117241900000002
Bhubaneswar,2026-10-05 21:00:00,2,27.4418843,0.0,6.089887000000001
Bhubaneswar,2026-10-05 22:00:00,2,27.066014199999998,0.0,6.204650100000002
Bhubaneswar,2026-10-05 23:00:00,2,26.778457999999993,0.0,6.014867100000001
Bhubaneswar,2026-10-06 00:00:00,3,26.41500158499842,0.0,5.765513734486265
Bhubaneswar,2026-10-06 01:00:00,3,26.066727633272368,0.0,5.589527210472789
Bhubaneswar,2026-10-06 02:00:00,3,25.566271133728865,0.0,4.9374675625324365
Bhubaneswar,2026-10-06 03:00:00,3,25.1944926055074,0.0,4.569879130120869
Bhubaneswar,2026-10-06 04:00:00,3,24.86149613850386,0.0,3.99055040944959
Bhubaneswar,2026-10-06 05:00:00,3,24.775538124461878,0.0,3.4350334649665344
Bhubaneswar,2026-10-06 06:00:00,3,25.595487404512596,0.0,3.067638432361567
Bhubaneswar,2026-10-06 07:00:00,3,27.436675263324737,0.0,3.7318895681104314
Bhubaneswar,2026-10-06 08:00:00,3,29.45754434245566,0.0,4.639974660025339
Bhubaneswar,2026-10-06 09:00:00,3,31.205370394629607,0.0,5.2961684038315955
Bhubaneswar,2026-10-06 10:00:00,3,32.70756189243811,0.0,6.0355155644844345
Bhubaneswar,2026-10-06 11:00:00,3,33.639097760902246,0.0,6.121914278085721
Bhubaneswar,2026-10-06 12:00:00,3,34.17675772324228,0.0,6.2622401377598615
Bhubaneswar,2026-10-06 13:00:00,3,34.428192571807436,0.0,6.267090232909766
Bhubaneswar,2026-10-06 14:00:00,3,34.30937669062331,0.0,6.1195315804684185
Bhubaneswar,2026-10-06 15:00:00,3,33.83732566267434,0.0,6.295967104032895
Bhubaneswar,2026-10-06 16:00:00,3,32.162847037152964,0.26428323571676426,7.554608245391753
Bhubaneswar,2026-10-06 17:00:00,3,30.53109796890203,0.17618882381117618,6.850131149868849
Bhubaneswar,2026-10-06 18:00:00,3,29.418257081742922,0.017114382885617112,7.487736412263587
Bhubaneswar,2026-10-06 19:00:00,3,28.55878834121166,0.0,6.708199291800708
Bhubaneswar,2026-10-06 20:00:00,3,27.879975320024684,0.0,6.425922974077024
Bhubaneswar,2026-10-06 21:00:00,3,27.38912751087249,0.0,6.19052420947579
Bhubaneswar,2026-10-06 22:00:00,3,27.093254906745095,0.0,4.8259051740948244
Bhubaneswar,2026-10-06 23:00:00,3,26.864555235444765,0.017114382885617112,4.482475217524782
Chandigarh,2026-10-04 00:00:00,1,24.3516713,0.0,5.953286093427813
Chandigarh,2026-10-04 01:00:00,1,23.7308486,0.0,6.167180865638268
Chandigarh,2026-10-04 02:00:00,1,23.2520695,0.0,5.967733964532071
Chandigarh,2026-10-04 03:00:00,1,22.8492407,0.0,5.8540790918418155
Chandigarh,2026-10-04 04:00:00,1,22.6094306,0.0,5.518539262921474
Chandigarh,2026-10-04 05:00:00,1,22.770069499999998,0.0,4.819380461239077
Chandigarh,2026-10-04 06:00:00,1,22.890090400000002,0.0,4.115557368885262
Chandigarh,2026-10-04 07:00:00,1,24.213675600000002,0.0,3.5693482613034773
Chandigarh,2026-10-04 08:00:00,1,26.4209817,0.0,3.3196403607192786
Chandigarh,2026-10-04 09:00:00,1,28.2948743,0.0,5.178358643282713
Chandigarh,2026-10-04 10:00:00,1,29.8564588,0.0,5.87033095933808
Chandigarh,2026-10-04 11:00:00,1,31.1520168,0.0,6.068663862672274
Chandigarh,2026-10-04 12:00:00,1,32.0667342,0.0,5.911859976280048
Chandigarh,2026-10-04 13:00:00,1,32.66878200000001,0.0,5.266296067407865
Chandigarh,2026-10-04 14:00:00,1,32.9278965,0.0,5.3819081361837275
Chandigarh,2026-10-04 15:00:00,1,32.8187727,0.0,5.842371315257369
Chandigarh,2026-10-04 16:00:00,1,32.249359,0.0,6.399425901148197
Chandigarh,2026-10-04 17:00:00,1,30.924782399999998,0.0,6.582419835160329
Chandigarh,2026-10-04 18:00:00,1,29.2942953,0.0,6.50767708464583
Chandigarh,2026-10-04 19:00:00,1,28.0528533,0.0,6.5002495995008
Chandigarh,2026-10-04 20:00:00,1,27.0584446,0.0,6.321410357179285
Chandigarh,2026-10-04 21:00:00,1,26.1561438,0.0,5.715529068941861
Chandigarh,2026-10-04 22:00:00,1,25.276045999999994,0.0,6.815287869424261
Chandigarh,2026-10-04 23:00:00,1,24.59816,0.0,6.5526847946304105
Chandigarh,2026-10-05 00:00:00,2,24.149155500000003,0.0,6.021742521742521
Chandigarh,2026-10-05 01:00:00,2,23.6957052,0.0,5.802811202811203
Chandigarh,2026-10-05 02:00:00,2,23.3109583,0.0,5.345171145171145
Chandigarh,2026-10-05 03:00:00,2,22.9314316,0.0,5.147874147874147
Chandigarh,2026-10-05 04:00:00,2,22.505366300000002,0.0,4.97030417030417
Chandigarh,2026-10-05 05:00:00,2,22.507098600000003,0.0,4.910341210341209
Chandigarh,2026-10-05 06:00:00,2,22.7575685,0.0,5.224402024402024
Chandigarh,2026-10-05 07:00:00,2,24.1564677,0.0,5.527077927077926
Chandigarh,2026-10-05 08:00:00,2,26.4582323,0.0,6.074609274609275
Chandigarh,2026-10-05 09:00:00,2,28.253372999999996,0.0,7.8606078606078595
Chandigarh,2026-10-05 10:00:00,2,29.7653293,0.0,8.267380267380267
Chandigarh,2026-10-05 11:00:00,2,31.011824700000002,0.0,7.893127593127592
Chandigarh,2026-10-05 12:00:00,2,31.859498,0.0,7.949353649353648
Chandigarh,2026-10-05 13:00:00,2,32.3084461,0.020518920518920524,7.265335265335264
Chandigarh,2026-10-05 14:00:00,2,32.6061875,0.020518920518920524,6.773525973525973
Chandigarh,2026-10-05 15:00:00,2,32.3768023,0.06155676155676156,6.3711888711888705
Chandigarh,2026-10-05 16:00:00,2,31.8102522,0.0,6.51142141142141
Chandigarh,2026-10-05 17:00:00,2,30.754482999999997,0.0,6.524167824167824
Chandigarh,2026-10-05 18:00:00,2,29.306233499999998,0.0,6.53116943116943
Chandigarh,2026-10-05 19:00:00,2,28.110601100000004,0.0,6.881875181875182
Chandigarh,2026-10-05 20:00:00,2,26.9598794,0.0,6.954853854853853
Chandigarh,2026-10-05 21:00:00,2,26.175743599999997,0.0,7.120733720733719
Chandigarh,2026-10-05 22:00:00,2,25.4046015,0.0,7.208799308799307
Chandigarh,2026-10-05 23:00:00,2,24.821279599999997,0.0,7.480296680296679
Chandigarh,2026-10-06 00:00:00,3,24.41118611118611,0.0,7.905459199999999
Chandigarh,2026-10-06 01:00:00,3,24.116911616911615,0.0,8.256622700000001
Chandigarh,2026-10-06 02:00:00,3,23.736403636403637,0.0,8.5117809
Chandigarh,2026-10-06 03:00:00,3,23.388805488805488,0.0,8.5411346
Chandigarh,2026-10-06 04:00:00,3,23.286135886135888,0.0,8.5061009
Chandigarh,2026-10-06 05:00:00,3,23.279456079456082,0.0,8.4447086
Chandigarh,2026-10-06 06:00:00,3,23.476427376427377,0.0,8.022925200000001
Chandigarh,2026-10-06 07:00:00,3,24.646996046996048,0.0,7.8459061000000005
Chandigarh,2026-10-06 08:00:00,3,26.68829678829679,0.0,8.8732863
Chandigarh,2026-10-06 09:00:00,3,28.348794948794946,0.0,11.9059307
Chandigarh,2026-10-06 10:00:00,3,29.764392364392364,0.0,12.667569
Chandigarh,2026-10-06 11:00:00,3,30.774919174919177,0.0,12.7065925
Chandigarh,2026-10-06 12:00:00,3,31.453358153358153,0.015028600000000001,11.679298699999999
Chandigarh,2026-10-06 13:00:00,3,31.831859531859536,0.015028600000000001,9.7981339
Chandigarh,2026-10-06 14:00:00,3,31.97925377925378,0.015028600000000001,8.4574743
Chandigarh,2026-10-06 15:00:00,3,31.793700793700797,0.0,8.400444
Chandigarh,2026-10-06 16:00:00,3,31.233004833004834,0.0,8.4656462
Chandigarh,2026-10-06 17:00:00,3,30.096923796923797,0.0,7.8321762
Chandigarh,2026-10-06 18:00:00,3,28.59163579163579,0.0450858,8.016099
Chandigarh,2026-10-06 19:00:00,3,26.993641493641494,0.0450858,8.8220808
Chandigarh,2026-10-06 20:00:00,3,25.689247389247388,0.0450858,9.273649
Chandigarh,2026-10-06 21:00:00,3,24.91333931333931,0.0,8.9051967
Chandigarh,2026-10-06 22:00:00,3,24.573503473503475,0.0,7.7111961
Chandigarh,2026-10-06 23:00:00,3,24.364265364265364,0.0,6.959666200000001
Chennai,2026-10-04 00:00:00,1,28.7389075,0.05005289999999999,7.095589799999999
Chennai,2026-10-04 01:00:00,1,28.524967599999997,0.05005289999999999,6.5657252999999995
Chennai,2026-10-04 02:00:00,1,28.2861052,0.05005289999999999,5.8884796999999995
Chennai,2026-10-04 03:00:00,1,28.0622907,0.05005289999999999,5.6512697
Chennai,2026-10-04 04:00:00,1,27.931593499999998,0.05005289999999999,5.384023600000001
Chennai,2026-10-04 05:00:00,1,27.8721422,0.05005289999999999,5.444210099999999
Chennai,2026-10-04 06:00:00,1,27.857628499999997,0.03336859999999999,5.743485700000001
Chennai,2026-10-04 07:00:00,1,28.6639904,0.03336859999999999,5.637374500000001
Chennai,2026-10-04 08:00:00,1,29.7700436,0.03336859999999999,6.0844312
Chennai,2026-10-04 09:00:00,1,30.8959236,0.03336859999999999,6.688424499999999
Chennai,2026-10-04 10:00:00,1,31.672790999999997,0.03336859999999999,8.7417033
Chennai,2026-10-04 11:00:00,1,32.198767100000005,0.03336859999999999,11.446513900000001
Chennai,2026-10-04 12:00:00,1,32.4771185,0.0,14.158775700000001
Chennai,2026-10-04 13:00:00,1,32.2967199,0.0,15.896435399999998
Chennai,2026-10-04 14:00:00,1,31.9601435,0.0,16.0847823
Chennai,2026-10-04 15:00:00,1,31.6097699,0.0,15.998073300000001
Chennai,2026-10-04 16:00:00,1,31.046979,0.0,16.2559282
Chennai,2026-10-04 17:00:00,1,30.296521499999997,0.0,15.5748169
Chennai,2026-10-04 18:00:00,1,29.7450254,0.0,13.9342775
Chennai,2026-10-04 19:00:00,1,29.4258587,0.0,12.7861993
Chennai,2026-10-04 20:00:00,1,29.2316145,0.0,12.2838797
Chennai,2026-10-04 21:00:00,1,29.0119784,0.0,11.6189195
Chennai,2026-10-04 22:00:00,1,28.7802572,0.0,11.0952622
Chennai,2026-10-04 23:00:00,1,28.558231000000003,0.0,10.645340399999998
Chennai,2026-10-05 00:00:00,2,28.279111020888973,0.10804979999999999,10.319947599999999
Chennai,2026-10-05 01:00:00,2,28.09131370868629,0.0900415,9.695783500000001
Chennai,2026-10-05 02:00:00,2,27.895524704475292,0.0,9.1829736
Chennai,2026-10-05 03:00:00,2,27.63102516897483,0.015200600000000002,8.6136294
Chennai,2026-10-05 04:00:00,2,27.419305380694617,0.015200600000000002,8.1483056
Chennai,2026-10-05 05:00:00,2,27.29504460495539,0.015200600000000002,8.257227700000001
Chennai,2026-10-05 06:00:00,2,27.476228923771075,0.0,8.442972099999999
Chennai,2026-10-05 07:00:00,2,28.28576121423878,0.0,8.884538500000001
Chennai,2026-10-05 08:00:00,2,29.51218628781371,0.0,9.0052435
Chennai,2026-10-05 09:00:00,2,30.7109892890107,0.0,7.989874500000001
Chennai,2026-10-05 10:00:00,2,31.87089292910707,0.0,7.372619
Chennai,2026-10-05 11:00:00,2,32.7017477982522,0.0,7.6567492
Chennai,2026-10-05 12:00:00,2,33.05658114341885,0.10640419999999999,9.7142895
Chennai,2026-10-05 13:00:00,2,32.91229898770101,0.10640419999999999,13.008585900000002
Chennai,2026-10-05 14:00:00,2,32.23949896050104,0.10640419999999999,15.035392100000001
Chennai,2026-10-05 15:00:00,2,31.530511969488025,0.015200600000000002,14.854942300000001
Chennai,2026-10-05 16:00:00,2,31.043489156510837,0.015200600000000002,14.469032200000001
Chennai,2026-10-05 17:00:00,2,30.319393980606016,0.015200600000000002,13.859311200000002
Chennai,2026-10-05 18:00:00,2,29.731866168133827,0.0,12.4818899
Chennai,2026-10-05 19:00:00,2,29.48561681438318,0.0,11.4137155
Chennai,2026-10-05 20:00:00,2,29.24499325500674,0.0,9.3513766
Chennai,2026-10-05 21:00:00,2,28.957446442553554,0.0,7.8872336
Chennai,2026-10-05 22:00:00,2,28.58938131061868,0.0,7.456292599999999
Chennai,2026-10-05 23:00:00,2,28.29267230732769,0.054024899999999994,7.245983
Chennai,2026-10-06 00:00:00,3,28.0580568,0.0962508,7.6913762000000006
Chennai,2026-10-06 01:00:00,3,27.8410504,0.0,7.3980863
Chennai,2026-10-06 02:00:00,3,27.646561900000002,0.0,7.0779046999999995
Chennai,2026-10-06 03:00:00,3,27.454825699999997,0.032083600000000004,7.104596599999999
Chennai,2026-10-06 04:00:00,3,27.262307,0.0890446,7.389624899999999
Chennai,2026-10-06 05:00:00,3,27.216208899999998,0.0,7.4969585
Chennai,2026-10-06 06:00:00,3,27.391760599999998,0.0,7.514804000000001
Chennai,2026-10-06 07:00:00,3,28.2169052,0.0182507,7.3277408
Chennai,2026-10-06 08:00:00,3,29.429636100000003,0.0365014,6.476567
Chennai,2026-10-06 09:00:00,3,30.540484300000003,0.0,4.6515218
Chennai,2026-10-06 10:00:00,3,31.5645857,0.0182507,4.2604471
Chennai,2026-10-06 11:00:00,3,32.3121739,0.0,7.183562899999999
Chennai,2026-10-06 12:00:00,3,32.5792459,0.05006069999999999,10.528305
Chennai,2026-10-06 13:00:00,3,32.3946494,0.05006069999999999,13.5065056
Chennai,2026-10-06 14:00:00,3,32.0087345,0.05006069999999999,14.8564825
Chennai,2026-10-06 15:00:00,3,31.4699946,0.0166869,15.284823800000002
Chennai,2026-10-06 16:00:00,3,30.708735799999996,0.0166869,14.822224000000002
Chennai,2026-10-06 17:00:00,3,30.016897299999997,0.0166869,13.780048500000001
Chennai,2026-10-06 18:00:00,3,29.521468,0.0,12.953106700000001
Chennai,2026-10-06 19:00:00,3,29.2791549,0.0,11.580626800000001
Chennai,2026-10-06 20:00:00,3,29.1364131,0.0,10.5127211
Chennai,2026-10-06 21:00:00,3,28.9520361,0.0,9.5315401
Chennai,2026-10-06 22:00:00,3,28.7591933,0.0,8.473495
Chennai,2026-10-06 23:00:00,3,28.5285732,0.0,7.682247800000001
Coimbatore,2026-10-04 00:00:00,1,25.12286267713732,0.03247436752563247,7.441060041060041
Coimbatore,2026-10-04 01:00:00,1,24.800218399781595,0.0,6.066691966691968
Coimbatore,2026-10-04 02:00:00,1,24.542589957410037,0.016237183762816236,4.577360677360677
Coimbatore,2026-10-04 03:00:00,1,24.364923435076562,0.06494873505126494,2.8290249290249294
Coimbatore,2026-10-04 04:00:00,1,24.09094320905679,0.06494873505126494,2.3090660090660093
Coimbatore,2026-10-04 05:00:00,1,24.0049998950001,0.0974231025768974,2.5412974412974414
Coimbatore,2026-10-04 06:00:00,1,24.15220244779755,0.0,3.70944840944841
Coimbatore,2026-10-04 07:00:00,1,25.22229467770532,0.0,4.0328340328340335
Coimbatore,2026-10-04 08:00:00,1,26.718748681251316,0.0,5.581489381489382
Coimbatore,2026-10-04 09:00:00,1,28.337404462595533,0.016153083846916154,6.166454766454768
Coimbatore,2026-10-04 10:00:00,1,29.903885796114196,0.016153083846916154,6.523475423475423
Coimbatore,2026-10-04 11:00:00,1,31.024436875563122,0.06481953518046481,7.235684535684537
Coimbatore,2026-10-04 12:00:00,1,32.03333896666103,0.1794451205548794,7.102081602081602
Coimbatore,2026-10-04 13:00:00,1,32.77358602641397,0.03360116639883359,7.318452918452919
Coimbatore,2026-10-04 14:00:00,1,32.71591518408481,0.09845300154699843,6.968005368005369
Coimbatore,2026-10-04 15:00:00,1,31.36561463438536,1.2318858681141316,5.708418708418709
Coimbatore,2026-10-04 16:00:00,1,28.98347601652398,1.6689775310224686,10.639647639647642
Coimbatore,2026-10-04 17:00:00,1,27.547527652472343,0.8432924567075432,13.214212214212214
Coimbatore,2026-10-04 18:00:00,1,26.506190793809203,0.464134435865564,11.72869382869383
Coimbatore,2026-10-04 19:00:00,1,25.785910314089683,0.5607939392060607,9.565777665777667
Coimbatore,2026-10-04 20:00:00,1,25.15117794882205,0.722013977986022,8.50969220969221
Coimbatore,2026-10-04 21:00:00,1,24.723290376709613,0.6107094892905106,7.81877751877752
Coimbatore,2026-10-04 22:00:00,1,24.34888825111174,0.48190531809468184,7.862517362517363
Coimbatore,2026-10-04 23:00:00,1,24.11236108763891,0.3365275634724365,7.373307973307973
Coimbatore,2026-10-05 00:00:00,2,23.7979001,0.1684738315261685,7.123321799999999
Coimbatore,2026-10-05 01:00:00,2,23.3758943,0.2531932468067532,6.778857099999999
Coimbatore,2026-10-05 02:00:00,2,23.3507712,0.06730663269336731,6.630410199999999
Coimbatore,2026-10-05 03:00:00,2,23.254077000000002,0.016610283389716613,6.2546114
Coimbatore,2026-10-05 04:00:00,2,23.1537404,0.016610283389716613,5.8770261999999995
Coimbatore,2026-10-05 05:00:00,2,23.0592265,0.03350906649093351,4.6791007
Coimbatore,2026-10-05 06:00:00,2,23.234525199999997,0.0844939155060845,3.3393584
Coimbatore,2026-10-05 07:00:00,2,24.5056689,0.050696349303650697,2.339237
Coimbatore,2026-10-05 08:00:00,2,26.0754188,0.0,2.9292636
Coimbatore,2026-10-05 09:00:00,2,27.741262600000002,0.0,3.0042187
Coimbatore,2026-10-05 10:00:00,2,29.3840345,0.016673283326716675,3.6120715
Coimbatore,2026-10-05 11:00:00,2,30.850309299999996,0.016673283326716675,4.8686929
Coimbatore,2026-10-05 12:00:00,2,31.6226055,0.11627198372801628,5.8483977
Coimbatore,2026-10-05 13:00:00,2,32.070791899999996,0.11627198372801628,7.2285843000000005
Coimbatore,2026-10-05 14:00:00,2,31.8564226,0.2167626832373168,7.64119
Coimbatore,2026-10-05 15:00:00,2,31.0744794,0.5655015344984655,7.935937999999999
Coimbatore,2026-10-05 16:00:00,2,29.9091903,0.349035450964549,10.580678400000002
Coimbatore,2026-10-05 17:00:00,2,28.494042299999997,0.21555298444701557,12.9795536
Coimbatore,2026-10-05 18:00:00,2,27.330890600000004,0.21593368406631597,11.0318626
Coimbatore,2026-10-05 19:00:00,2,26.588104999999995,0.21593368406631597,9.0225923
Coimbatore,2026-10-05 20:00:00,2,25.9044844,0.21593368406631597,7.801847500000001
Coimbatore,2026-10-05 21:00:00,2,25.441669100000002,0.23212336787663215,5.7266870999999995
Coimbatore,2026-10-05 22:00:00,2,24.941799999999997,0.666981733018267,5.4287411
Coimbatore,2026-10-05 23:00:00,2,24.5088682,0.6672072327927672,5.093414
Coimbatore,2026-10-06 00:00:00,3,24.123705576294427,0.5431177568822432,4.313540986459014
Coimbatore,2026-10-06 01:00:00,3,23.923800576199426,0.37810522189477813,4.48038521961478
Coimbatore,2026-10-06 02:00:00,3,23.742863057136944,0.39448270551729453,4.682736617263383
Coimbatore,2026-10-06 03:00:00,3,23.487597312402688,0.5588018411981589,4.017858782141218
Coimbatore,2026-10-06 04:00:00,3,23.260052339947663,0.4272723727276273,2.078192521807478
Coimbatore,2026-10-06 05:00:00,3,23.269266630733373,0.3286904713095287,2.1869432130567867
Coimbatore,2026-10-06 06:00:00,3,23.394579405420593,0.3279864720135281,2.9662401337598663
Coimbatore,2026-10-06 07:00:00,3,24.28005151994848,0.2788371211628789,3.23997826002174
Coimbatore,2026-10-06 08:00:00,3,25.534703665296334,0.06573743426256574,3.9258741741258256
Coimbatore,2026-10-06 09:00:00,3,27.05034144965855,0.06576493423506577,5.2636061363938635
Coimbatore,2026-10-06 10:00:00,3,28.62884147115853,0.0821847178152822,6.541724058275942
Coimbatore,2026-10-06 11:00:00,3,29.923164176835826,0.049345150654849346,7.156802443197556
Coimbatore,2026-10-06 12:00:00,3,30.6011070988929,0.18072711927288077,8.124290175709824
Coimbatore,2026-10-06 13:00:00,3,31.07301472698528,0.16433483566516438,8.246029953970044
Coimbatore,2026-10-06 14:00:00,3,31.114234985765016,0.18072711927288077,7.589778610221389
Coimbatore,2026-10-06 15:00:00,3,30.60380999619001,0.726874873125127,6.3299913700086305
Coimbatore,2026-10-06 16:00:00,3,29.5966831033169,0.7104825895174106,4.436755463244537
Coimbatore,2026-10-06 17:00:00,3,28.284426715573282,0.7436879563120439,4.185992914007086
Coimbatore,2026-10-06 18:00:00,3,26.95743074256926,0.7615036384963616,3.508891191108809
Coimbatore,2026-10-06 19:00:00,3,26.098148101851898,0.9422395577604423,4.6338583661416335
Coimbatore,2026-10-06 20:00:00,3,25.170452129547872,1.005915094084906,5.807791992208006
Coimbatore,2026-10-06 21:00:00,3,24.765732634267366,1.6282099717900285,5.164505835494165
Coimbatore,2026-10-06 22:00:00,3,24.283700316299687,1.301626698373302,4.943682156317844
Coimbatore,2026-10-06 23:00:00,3,23.83643026356974,1.4861773138226866,6.31974858025142
Dehradun,2026-10-04 00:00:00,1,21.5161642,0.0,5.930658669341331
Dehradun,2026-10-04 01:00:00,1,21.0040723,0.0,6.151458448541552
Dehradun,2026-10-04 02:00:00,1,20.6353066,0.0,6.357155042844958
Dehradun,2026-10-04 03:00:00,1,20.3397793,0.0,6.6532983467016535
Dehradun,2026-10-04 04:00:00,1,20.1731303,0.0,6.475033524966475
Dehradun,2026-10-04 05:00:00,1,20.334817900000004,0.0,6.45931414068586
Dehradun,2026-10-04 06:00:00,1,20.4550167,0.0,6.242042157957843
Dehradun,2026-10-04 07:00:00,1,21.904610299999998,0.0,5.312101987898012
Dehradun,2026-10-04 08:00:00,1,24.1381502,0.0,3.2567824432175576
Dehradun,2026-10-04 09:00:00,1,25.7603149,0.0,4.554172045827955
Dehradun,2026-10-04 10:00:00,1,26.6728362,0.014795700000000002,5.985036314963685
Dehradun,2026-10-04 11:00:00,1,27.654465300000002,0.014795700000000002,6.555611644388356
Dehradun,2026-10-04 12:00:00,1,28.303147699999997,0.0,6.832225767774233
Dehradun,2026-10-04 13:00:00,1,28.625313599999995,0.014795700000000002,7.341119158880842
Dehradun,2026-10-04 14:00:00,1,28.5332223,0.0,7.340505759494241
Dehradun,2026-10-04 15:00:00,1,28.0809997,0.029591400000000004,6.5610730389269625
Dehradun,2026-10-04 16:00:00,1,27.2061019,0.014795700000000002,5.62990877009123
Dehradun,2026-10-04 17:00:00,1,26.0693007,0.0,3.947631052368948
Dehradun,2026-10-04 18:00:00,1,25.007605599999998,0.0,3.5765484234515776
Dehradun,2026-10-04 19:00:00,1,24.306839,0.0,5.011229788770212
Dehradun,2026-10-04 20:00:00,1,23.6185001,0.0,5.3472488527511475
Dehradun,2026-10-04 21:00:00,1,23.071476699999998,0.0,5.777120922879077
Dehradun,2026-10-04 22:00:00,1,22.5891193,0.0,5.904369895630104
Dehradun,2026-10-04 23:00:00,1,22.162105099999998,0.0,5.964788435211565
Dehradun,2026-10-05 00:00:00,2,21.798301100000003,0.0,6.4344664
Dehradun,2026-10-05 01:00:00,2,21.4879757,0.0,6.701467699999999
Dehradun,2026-10-05 02:00:00,2,21.1886598,0.0,6.704878
Dehradun,2026-10-05 03:00:00,2,20.9569928,0.0,6.8413981
Dehradun,2026-10-05 04:00:00,2,20.8379163,0.0,6.704046
Dehradun,2026-10-05 05:00:00,2,20.727902299999997,0.0,6.5048954000000005
Dehradun,2026-10-05 06:00:00,2,21.062649099999998,0.0,6.1594463
Dehradun,2026-10-05 07:00:00,2,22.4627244,0.0,5.3316212
Dehradun,2026-10-05 08:00:00,2,24.339921,0.0,3.4036543999999997
Dehradun,2026-10-05 09:00:00,2,25.8790601,0.0,3.8874853
Dehradun,2026-10-05 10:00:00,2,26.928564199999997,0.0,5.490056099999999
Dehradun,2026-10-05 11:00:00,2,27.6354681,0.0,6.7410932
Dehradun,2026-10-05 12:00:00,2,28.080509,0.04276435723564276,7.2782383
Dehradun,2026-10-05 13:00:00,2,28.4264984,0.04276435723564276,7.2610933
Dehradun,2026-10-05 14:00:00,2,28.3243521,0.04276435723564276,6.6523232
Dehradun,2026-10-05 15:00:00,2,27.871040299999997,0.0,5.9927167
Dehradun,2026-10-05 16:00:00,2,27.024690200000002,0.010429089570910427,4.8047285
Dehradun,2026-10-05 17:00:00,2,25.846099600000002,0.010429089570910427,3.7341557
Dehradun,2026-10-05 18:00:00,2,24.7359975,0.013422586577413423,4.3026966
Dehradun,2026-10-05 19:00:00,2,24.0919741,0.013422586577413423,5.2898271
Dehradun,2026-10-05 20:00:00,2,23.3980615,0.013422586577413423,5.0482151
Dehradun,2026-10-05 21:00:00,2,22.918712100000004,0.013422586577413423,5.2129620999999995
Dehradun,2026-10-05 22:00:00,2,22.5305836,0.013422586577413423,5.471194000000001
Dehradun,2026-10-05 23:00:00,2,22.177915700000003,0.013422586577413423,5.9651522
Dehradun,2026-10-06 00:00:00,3,21.883109700000002,0.0,6.2526604
Dehradun,2026-10-06 01:00:00,3,21.740687899999998,0.0,6.3475184
Dehradun,2026-10-06 02:00:00,3,21.6126119,0.0,6.227644100000001
Dehradun,2026-10-06 03:00:00,3,21.4092719,0.016578683421316576,6.2924466
Dehradun,2026-10-06 04:00:00,3,21.196150699999997,0.03522216477783521,6.3223068
Dehradun,2026-10-06 05:00:00,3,21.1757969,0.05410204589795409,5.9378665
Dehradun,2026-10-06 06:00:00,3,21.1421252,0.7105318894681105,5.5354947
Dehradun,2026-10-06 07:00:00,3,21.9398755,1.2014087985912012,4.0555462
Dehradun,2026-10-06 08:00:00,3,23.137705099999998,1.2958082041917955,2.8221036
Dehradun,2026-10-06 09:00:00,3,24.3489463,1.092259107740892,3.2520879999999996
Dehradun,2026-10-06 10:00:00,3,25.495822499999996,0.18602481397518597,5.655225499999999
Dehradun,2026-10-06 11:00:00,3,26.1009679,0.33682746317253676,6.4671717
Dehradun,2026-10-06 12:00:00,3,26.6264029,0.3872115127884872,6.7473672
Dehradun,2026-10-06 13:00:00,3,26.606567399999996,0.5273141726858273,6.934497400000001
Dehradun,2026-10-06 14:00:00,3,26.3559465,1.0902391097608901,6.5431672999999995
Dehradun,2026-10-06 15:00:00,3,25.6935926,0.9334768665231332,5.2052191
Dehradun,2026-10-06 16:00:00,3,24.737175399999998,0.7395568604431394,4.574987999999999
Dehradun,2026-10-06 17:00:00,3,23.7270222,0.3712459287540712,5.511382799999999
Dehradun,2026-10-06 18:00:00,3,22.558704199999998,0.9133498866501133,6.2108134999999995
Dehradun,2026-10-06 19:00:00,3,22.302632,0.25693944306055694,5.0738877
Dehradun,2026-10-06 20:00:00,3,21.974941299999998,0.25693944306055694,5.2005841
Dehradun,2026-10-06 21:00:00,3,21.5580891,0.10697029302970695,5.0648173
Dehradun,2026-10-06 22:00:00,3,21.2241645,0.07294372705627293,5.4216241
Dehradun,2026-10-06 23:00:00,3,20.9527261,0.20280399719600278,5.4291708
Delhi,2026-10-04 00:00:00,1,27.501893998106002,0.0,2.4701284999999995
Delhi,2026-10-04 01:00:00,1,26.907580592419407,0.0,2.6571702000000004
Delhi,2026-10-04 02:00:00,1,26.437261562738442,0.0,3.4896472
Delhi,2026-10-04 03:00:00,1,26.035819964180035,0.0,4.7656686
Delhi,2026-10-04 04:00:00,1,25.83932476067524,0.0,5.5997428
Delhi,2026-10-04 05:00:00,1,26.019830680169324,0.0,5.829763100000001
Delhi,2026-10-04 06:00:00,1,25.862569937430063,0.0,5.4983438
Delhi,2026-10-04 07:00:00,1,26.825672774327227,0.0,6.2034579999999995
Delhi,2026-10-04 08:00:00,1,28.70889139110861,0.0,7.057275399999999
Delhi,2026-10-04 09:00:00,1,30.422918877081123,0.0,8.5438695
Delhi,2026-10-04 10:00:00,1,32.0962667037333,0.0,9.430839500000001
Delhi,2026-10-04 11:00:00,1,33.55345614654385,0.0,9.353809100000001
Delhi,2026-10-04 12:00:00,1,34.74734835265165,0.0,9.390887399999999
Delhi,2026-10-04 13:00:00,1,35.63337626662373,0.0,9.4407462
Delhi,2026-10-04 14:00:00,1,36.17355082644917,0.0,9.2738125
Delhi,2026-10-04 15:00:00,1,36.256848843151154,0.0,9.2643569
Delhi,2026-10-04 16:00:00,1,35.877390222609776,0.0,8.7949381
Delhi,2026-10-04 17:00:00,1,34.95921314078686,0.0,6.7506056999999995
Delhi,2026-10-04 18:00:00,1,33.285514614485386,0.0,6.5019416
Delhi,2026-10-04 19:00:00,1,31.817021982978016,0.0,6.707053099999999
Delhi,2026-10-04 20:00:00,1,30.67350582649418,0.0,6.0876966999999995
Delhi,2026-10-04 21:00:00,1,29.796540903459096,0.0,5.0804596
Delhi,2026-10-04 22:00:00,1,29.091284908715096,0.0,4.940719
Delhi,2026-10-04 23:00:00,1,28.37531962468038,0.0,4.765637
Delhi,2026-10-05 00:00:00,2,27.798859898859895,0.0,5.171637500000001
Delhi,2026-10-05 01:00:00,2,27.173507073507075,0.0,5.470750500000001
Delhi,2026-10-05 02:00:00,2,26.74749314749315,0.0,5.150731100000001
Delhi,2026-10-05 03:00:00,2,26.568682368682364,0.0,5.5570844
Delhi,2026-10-05 04:00:00,2,26.284374284374284,0.0,6.813289900000001
Delhi,2026-10-05 05:00:00,2,26.118365118365123,0.0,7.3868170000000015
Delhi,2026-10-05 06:00:00,2,26.207231207231207,0.0,8.3701447
Delhi,2026-10-05 07:00:00,2,27.13071183071183,0.0,9.461575200000002
Delhi,2026-10-05 08:00:00,2,28.737055937055935,0.0,11.095875400000002
Delhi,2026-10-05 09:00:00,2,30.374959674959676,0.0,11.447280800000001
Delhi,2026-10-05 10:00:00,2,32.24140434140434,0.0,11.261974700000001
Delhi,2026-10-05 11:00:00,2,33.919156519156516,0.0,10.8602478
Delhi,2026-10-05 12:00:00,2,35.188448288448285,0.0,10.1436943
Delhi,2026-10-05 13:00:00,2,36.088272188272185,0.0,9.626250700000002
Delhi,2026-10-05 14:00:00,2,36.59181649181649,0.0,9.709368000000001
Delhi,2026-10-05 15:00:00,2,36.63374423374423,0.0,9.845247300000002
Delhi,2026-10-05 16:00:00,2,36.25605035605035,0.0,9.200636000000001
Delhi,2026-10-05 17:00:00,2,35.34279444279444,0.0,7.675600600000001
Delhi,2026-10-05 18:00:00,2,33.640368840368836,0.0,6.884142100000001
Delhi,2026-10-05 19:00:00,2,32.14946604946605,0.0,6.282977700000001
Delhi,2026-10-05 20:00:00,2,30.94004574004574,0.0,6.474957100000001
Delhi,2026-10-05 21:00:00,2,30.023940723940722,0.0,6.427340300000002
Delhi,2026-10-05 22:00:00,2,29.230421930421933,0.0,6.1138852
Delhi,2026-10-05 23:00:00,2,28.596482296482293,0.0,6.111949600000001
Delhi,2026-10-06 00:00:00,3,27.996811,0.0,5.982434800000002
Delhi,2026-10-06 01:00:00,3,27.488330399999995,0.0,5.5013072
Delhi,2026-10-06 02:00:00,3,27.1109785,0.0,4.8333811
Delhi,2026-10-06 03:00:00,3,26.715592700000002,0.0,4.833964000000001
Delhi,2026-10-06 04:00:00,3,26.4034932,0.0,5.210154
Delhi,2026-10-06 05:00:00,3,26.2714213,0.0,5.567018
Delhi,2026-10-06 06:00:00,3,26.355145900000004,0.0,5.3995332
Delhi,2026-10-06 07:00:00,3,27.1526296,0.0,6.0135274
Delhi,2026-10-06 08:00:00,3,28.7055116,0.0,7.2736027
Delhi,2026-10-06 09:00:00,3,30.4691786,0.0,7.9678709
Delhi,2026-10-06 10:00:00,3,32.0403972,0.0,7.783777700000001
Delhi,2026-10-06 11:00:00,3,33.440045500000004,0.0,7.744809200000001
Delhi,2026-10-06 12:00:00,3,34.553714400000004,0.0,8.149581
Delhi,2026-10-06 13:00:00,3,35.4180882,0.0,8.5652014
Delhi,2026-10-06 14:00:00,3,35.8503815,0.0,8.823118200000001
Delhi,2026-10-06 15:00:00,3,35.745865900000005,0.0173644,8.1654601
Delhi,2026-10-06 16:00:00,3,34.8900861,0.0347288,9.7969674
Delhi,2026-10-06 17:00:00,3,33.846379,0.0,11.2068455
Delhi,2026-10-06 18:00:00,3,32.3782554,0.0,10.6539804
Delhi,2026-10-06 19:00:00,3,30.984071099999998,0.0,9.6658671
Delhi,2026-10-06 20:00:00,3,29.7677628,0.0,8.7291469
Delhi,2026-10-06 21:00:00,3,28.632817000000003,0.0,8.4499031
Delhi,2026-10-06 22:00:00,3,27.6257275,0.0,8.3503596
Delhi,2026-10-06 23:00:00,3,26.843712699999998,0.0,8.646728
Ghaziabad,2026-10-04 00:00:00,1,25.6380509,0.0,2.1671631000000002
Ghaziabad,2026-10-04 01:00:00,1,24.9795017,0.0,2.6072180000000005
Ghaziabad,2026-10-04 02:00:00,1,24.4378487,0.0,3.1618665999999997
Ghaziabad,2026-10-04 03:00:00,1,24.1333905,0.0,3.6990808
Ghaziabad,2026-10-04 04:00:00,1,23.920273499999997,0.0,4.0986572
Ghaziabad,2026-10-04 05:00:00,1,24.240057200000003,0.0,3.7554388
Ghaziabad,2026-10-04 06:00:00,1,24.504756999999998,0.0,3.3066995
Ghaziabad,2026-10-04 07:00:00,1,26.160783199999997,0.0,3.8745089
Ghaziabad,2026-10-04 08:00:00,1,28.5650936,0.0,4.399123100000001
Ghaziabad,2026-10-04 09:00:00,1,30.7701126,0.0,5.562375099999999
Ghaziabad,2026-10-04 10:00:00,1,32.4361368,0.0,6.696958899999999
Ghaziabad,2026-10-04 11:00:00,1,33.6882527,0.0,7.479621499999999
Ghaziabad,2026-10-04 12:00:00,1,34.6331602,0.0,7.7909664
Ghaziabad,2026-10-04 13:00:00,1,35.2974189,0.0,8.1301632
Ghaziabad,2026-10-04 14:00:00,1,35.6140107,0.0,8.2219593
Ghaziabad,2026-10-04 15:00:00,1,35.3960963,0.0,8.1674169
Ghaziabad,2026-10-04 16:00:00,1,34.659798099999996,0.0,7.911509199999999
Ghaziabad,2026-10-04 17:00:00,1,33.2666452,0.0,6.6848555
Ghaziabad,2026-10-04 18:00:00,1,31.463611799999995,0.0,6.5008757
Ghaziabad,2026-10-04 19:00:00,1,29.8837399,0.0,5.8654508
Ghaziabad,2026-10-04 20:00:00,1,28.609955300000003,0.0,5.073202200000001
Ghaziabad,2026-10-04 21:00:00,1,27.55643,0.0,4.4769223
Ghaziabad,2026-10-04 22:00:00,1,26.809609000000002,0.0,3.7948327
Ghaziabad,2026-10-04 23:00:00,1,26.2020694,0.0,3.6662802000000005
Ghaziabad,2026-10-05 00:00:00,2,25.715449315449316,0.0,3.6856634143365845
Ghaziabad,2026-10-05 01:00:00,2,25.24829374829375,0.0,4.092501307498692
Ghaziabad,2026-10-05 02:00:00,2,24.91244451244451,0.0,4.0125243874756125
Ghaziabad,2026-10-05 03:00:00,2,24.62917422917423,0.0,3.82094227905772
Ghaziabad,2026-10-05 04:00:00,2,24.51757241757242,0.0,3.923971676028323
Ghaziabad,2026-10-05 05:00:00,2,24.75680495680496,0.0,4.177350122649877
Ghaziabad,2026-10-05 06:00:00,2,25.15136455136455,0.0,5.331685368314631
Ghaziabad,2026-10-05 07:00:00,2,26.456431156431158,0.0,6.444225955774044
Ghaziabad,2026-10-05 08:00:00,2,28.56629596629597,0.0,8.801970998029
Ghaziabad,2026-10-05 09:00:00,2,30.470410470410467,0.0,10.03131596868403
Ghaziabad,2026-10-05 10:00:00,2,32.153980753980754,0.0,9.986659813340184
Ghaziabad,2026-10-05 11:00:00,2,33.62088102088102,0.0,9.246587453412545
Ghaziabad,2026-10-05 12:00:00,2,34.657262757262764,0.0,8.315073984926014
Ghaziabad,2026-10-05 13:00:00,2,35.33374693374694,0.0,7.1229233770766225
Ghaziabad,2026-10-05 14:00:00,2,35.60751490751491,0.0,6.913380486619513
Ghaziabad,2026-10-05 15:00:00,2,35.375133875133876,0.0,7.491706308293691
Ghaziabad,2026-10-05 16:00:00,2,34.62400372400372,0.0,7.517093582906416
Ghaziabad,2026-10-05 17:00:00,2,33.372369972369974,0.0,6.593651006348993
Ghaziabad,2026-10-05 18:00:00,2,31.696097996097997,0.0,6.2890134109865885
Ghaziabad,2026-10-05 19:00:00,2,30.245298945298945,0.0,6.232667967332032
Ghaziabad,2026-10-05 20:00:00,2,29.156388456388452,0.0,6.356851843148157
Ghaziabad,2026-10-05 21:00:00,2,28.314013214013215,0.0,6.87110712889287
Ghaziabad,2026-10-05 22:00:00,2,27.562877262877265,0.0,6.756979443020556
Ghaziabad,2026-10-05 23:00:00,2,26.9039037039037,0.0,6.606600293399705
Ghaziabad,2026-10-06 00:00:00,3,26.218680018680022,0.0,6.293153086306173
Ghaziabad,2026-10-06 01:00:00,3,25.830225630225634,0.0,5.851639303278607
Ghaziabad,2026-10-06 02:00:00,3,25.513920613920618,0.0,5.113635527271055
Ghaziabad,2026-10-06 03:00:00,3,25.161902761902766,0.0,5.0119800239600485
Ghaziabad,2026-10-06 04:00:00,3,24.826406826406828,0.0,4.872704945409891
Ghaziabad,2026-10-06 05:00:00,3,24.80284410284411,0.0,5.1261911523823045
Ghaziabad,2026-10-06 06:00:00,3,24.979636079636087,0.0,5.278371956743913
Ghaziabad,2026-10-06 07:00:00,3,26.073163973163975,0.0,5.817187334374669
Ghaziabad,2026-10-06 08:00:00,3,27.967276767276772,0.0,6.581443762887527
Ghaziabad,2026-10-06 09:00:00,3,29.90873850873851,0.0,7.370723941447883
Ghaziabad,2026-10-06 10:00:00,3,31.55767595767596,0.0,7.28239746479493
Ghaziabad,2026-10-06 11:00:00,3,32.84107244107245,0.0,7.11473642947286
Ghaziabad,2026-10-06 12:00:00,3,33.758662758662766,0.0,7.2149973299946595
Ghaziabad,2026-10-06 13:00:00,3,34.44967634967636,0.0,7.379918659837319
Ghaziabad,2026-10-06 14:00:00,3,34.620545420545426,0.0,7.721580943161886
Ghaziabad,2026-10-06 15:00:00,3,34.07998437998438,0.0,7.83234526469053
Ghaziabad,2026-10-06 16:00:00,3,32.78482038482039,0.0,8.77221174442349
Ghaziabad,2026-10-06 17:00:00,3,31.200100300100303,0.0,9.68980877961756
Ghaziabad,2026-10-06 18:00:00,3,29.785759685759693,0.0,9.815663231326464
Ghaziabad,2026-10-06 19:00:00,3,28.716872416872423,0.0,9.797827295654592
Ghaziabad,2026-10-06 20:00:00,3,27.76963096963097,0.0,10.097666795333591
Ghaziabad,2026-10-06 21:00:00,3,26.977539977539983,0.0,9.609496518993037
Ghaziabad,2026-10-06 22:00:00,3,26.31804771804772,0.0,8.84520779041558
Ghaziabad,2026-10-06 23:00:00,3,25.78915678915679,0.0,8.087738475476952
Goa,2026-10-04 00:00:00,1,26.1319422,0.019364380635619363,2.6683855316144682
Goa,2026-10-04 01:00:00,1,25.758971499999998,0.019364380635619363,3.1422388577611415
Goa,2026-10-04 02:00:00,1,25.421482599999997,0.019364380635619363,3.263488236511763
Goa,2026-10-04 03:00:00,1,25.1060708,0.019364380635619363,3.2007629992370004
Goa,2026-10-04 04:00:00,1,24.933109599999998,0.019364380635619363,3.2092719907280087
Goa,2026-10-04 05:00:00,1,24.9146261,0.019364380635619363,3.131640968359031
Goa,2026-10-04 06:00:00,1,25.003749199999998,0.0,3.31089778910221
Goa,2026-10-04 07:00:00,1,26.1171313,0.0,3.5197547802452194
Goa,2026-10-04 08:00:00,1,28.226736100000004,0.0,2.614284285715714
Goa,2026-10-04 09:00:00,1,29.940350699999996,0.0,2.6307519692480303
Goa,2026-10-04 10:00:00,1,31.5205045,0.0,3.3280214719785275
Goa,2026-10-04 11:00:00,1,32.6600588,0.0,5.389339510660488
Goa,2026-10-04 12:00:00,1,33.198241800000005,0.09437890562109437,7.71176968823031
Goa,2026-10-04 13:00:00,1,32.506139,0.09437890562109437,9.37262422737577
Goa,2026-10-04 14:00:00,1,31.0589131,0.6967544032455968,9.136840963159035
Goa,2026-10-04 15:00:00,1,29.9042118,1.2499054500945497,8.17180922819077
Goa,2026-10-04 16:00:00,1,29.387178100000003,0.018875781124218876,7.184406815593183
Goa,2026-10-04 17:00:00,1,28.6727836,0.018875781124218876,6.52026467973532
Goa,2026-10-04 18:00:00,1,27.877571500000002,0.029046570953429045,4.874512925487074
Goa,2026-10-04 19:00:00,1,27.3358202,0.029046570953429045,3.2286957713042277
Goa,2026-10-04 20:00:00,1,26.8803929,0.029046570953429045,2.7882184117815876
Goa,2026-10-04 21:00:00,1,26.454318400000005,0.029046570953429045,3.3149629850370146
Goa,2026-10-04 22:00:00,1,26.0968179,0.029046570953429045,3.313529886470113
Goa,2026-10-04 23:00:00,1,25.7481202,0.029046570953429045,3.4907380092619897
Goa,2026-10-05 00:00:00,2,25.5039806,0.0092346,3.9502436
Goa,2026-10-05 01:00:00,2,25.2581351,0.0092346,4.1770154
Goa,2026-10-05 02:00:00,2,25.0980006,0.0092346,4.3462504
Goa,2026-10-05 03:00:00,2,24.987112,0.0092346,4.197972099999999
Goa,2026-10-05 04:00:00,2,24.846646599999996,0.0092346,4.255865399999999
Goa,2026-10-05 05:00:00,2,24.930119,0.028817300000000004,3.9870292
Goa,2026-10-05 06:00:00,2,25.0885152,0.0,3.4287133
Goa,2026-10-05 07:00:00,2,25.8594437,0.0,2.7420252
Goa,2026-10-05 08:00:00,2,27.237307100000002,0.0,2.2781306000000003
Goa,2026-10-05 09:00:00,2,28.601835599999998,0.16907880000000003,3.6238856
Goa,2026-10-05 10:00:00,2,29.7133263,0.23056200000000002,5.1000662000000005
Goa,2026-10-05 11:00:00,2,30.7566474,0.2109495,6.6926833
Goa,2026-10-05 12:00:00,2,31.2553244,0.28273760000000003,8.384785599999999
Goa,2026-10-05 13:00:00,2,31.378069900000003,0.10230170000000001,9.825668
Goa,2026-10-05 14:00:00,2,30.879774599999998,0.12145820000000002,10.542412599999999
Goa,2026-10-05 15:00:00,2,30.250144400000003,0.2666969,9.9135467
Goa,2026-10-05 16:00:00,2,29.475436000000002,0.28164150000000004,8.7340836
Goa,2026-10-05 17:00:00,2,28.7099069,0.0555492,7.4339009
Goa,2026-10-05 18:00:00,2,27.619136700000002,0.07392399999999999,5.0095624
Goa,2026-10-05 19:00:00,2,26.9128214,0.07392399999999999,3.1747294000000004
Goa,2026-10-05 20:00:00,2,26.4670566,0.07392399999999999,2.1674838999999997
Goa,2026-10-05 21:00:00,2,26.053025299999998,0.055407599999999994,2.6156404
Goa,2026-10-05 22:00:00,2,25.6852062,0.055407599999999994,2.796428
Goa,2026-10-05 23:00:00,2,25.378795399999998,0.055407599999999994,3.1284687
Goa,2026-10-06 00:00:00,3,25.056829000000008,0.049736,3.0750688000000004
Goa,2026-10-06 01:00:00,3,24.770408400000004,0.049736,3.3414479000000004
Goa,2026-10-06 02:00:00,3,24.538335800000002,0.049736,3.2293331
Goa,2026-10-06 03:00:00,3,24.289566500000006,0.049736,3.2068751
Goa,2026-10-06 04:00:00,3,24.206238300000006,0.049736,2.9791994
Goa,2026-10-06 05:00:00,3,24.0787102,0.049736,3.4478882000000004
Goa,2026-10-06 06:00:00,3,24.1772359,0.009947200000000002,3.8146523
Goa,2026-10-06 07:00:00,3,25.362230700000005,0.009947200000000002,3.2718502000000003
Goa,2026-10-06 08:00:00,3,27.434545100000005,0.009947200000000002,2.4213887
Goa,2026-10-06 09:00:00,3,29.007854400000006,0.009947200000000002,2.5327069
Goa,2026-10-06 10:00:00,3,30.5332596,0.009947200000000002,3.0063905
Goa,2026-10-06 11:00:00,3,31.8765128,0.009947200000000002,4.0061311
Goa,2026-10-06 12:00:00,3,32.615191900000006,0.0181154,6.5260303
Goa,2026-10-06 13:00:00,3,32.62497100000001,0.0181154,9.575237900000001
Goa,2026-10-06 14:00:00,3,31.977056200000007,0.0181154,11.1583118
Goa,2026-10-06 15:00:00,3,30.8239036,0.2500372,10.537233800000001
Goa,2026-10-06 16:00:00,3,29.668360100000005,0.6174527999999999,9.005523499999999
Goa,2026-10-06 17:00:00,3,28.827917800000005,0.3021562,7.3686745
Goa,2026-10-06 18:00:00,3,27.9256566,0.1529892,5.4196466
Goa,2026-10-06 19:00:00,3,27.218499300000005,0.20058749999999997,3.5996959000000004
Goa,2026-10-06 20:00:00,3,26.680310500000004,0.10539090000000001,2.9520294000000002
Goa,2026-10-06 21:00:00,3,26.193344700000004,0.22002150000000004,2.3940553
Goa,2026-10-06 22:00:00,3,25.845539300000002,0.283167,2.2269335999999997
Goa,2026-10-06 23:00:00,3,25.457555500000005,0.3747957,3.2157778
Guwahati,2026-10-04 00:00:00,1,25.652399800000005,0.11725163450326902,4.277978244043512
Guwahati,2026-10-04 01:00:00,1,25.212785500000003,0.11725163450326902,4.655718288563423
Guwahati,2026-10-04 02:00:00,1,24.792368800000006,0.11725163450326902,4.247239705520588
Guwahati,2026-10-04 03:00:00,1,24.517793200000003,0.019541939083878173,4.2551912896174215
Guwahati,2026-10-04 04:00:00,1,24.444940900000002,0.019541939083878173,3.160504878990242
Guwahati,2026-10-04 05:00:00,1,24.772563500000008,0.019541939083878173,3.6022758954482086
Guwahati,2026-10-04 06:00:00,1,25.408698500000003,0.04665979331958665,2.6738174523650957
Guwahati,2026-10-04 07:00:00,1,26.329360200000004,0.04665979331958665,3.2229116541766913
Guwahati,2026-10-04 08:00:00,1,27.338740500000004,0.03310086620173241,4.311187277625445
Guwahati,2026-10-04 09:00:00,1,28.35907540000001,0.019541939083878173,4.783951632096736
Guwahati,2026-10-04 10:00:00,1,29.248752500000002,0.038248276496553005,5.5317500364999255
Guwahati,2026-10-04 11:00:00,1,29.570614400000004,0.12148514297028595,7.039647620704757
Guwahati,2026-10-04 12:00:00,1,29.787382000000008,0.2408051816103632,6.562202975594048
Guwahati,2026-10-04 13:00:00,1,30.268035500000003,0.037421274842549694,6.553027093945811
Guwahati,2026-10-04 14:00:00,1,30.291135500000003,0.037421274842549694,6.3464232071535855
Guwahati,2026-10-04 15:00:00,1,29.430205500000003,0.3975751951503904,6.559003081993835
Guwahati,2026-10-04 16:00:00,1,28.072528800000004,0.5515050030100062,4.993807912384176
Guwahati,2026-10-04 17:00:00,1,26.784587500000004,0.5117447234894471,3.3834162331675333
Guwahati,2026-10-04 18:00:00,1,26.279865600000008,0.13925887851775703,3.173281153437693
Guwahati,2026-10-04 19:00:00,1,26.049229500000003,0.01207962415924832,3.0800925398149204
Guwahati,2026-10-04 20:00:00,1,25.771247000000002,0.04831849663699328,3.1796783406433184
Guwahati,2026-10-04 21:00:00,1,25.45644290000001,0.04831849663699328,3.3399243201513595
Guwahati,2026-10-04 22:00:00,1,25.265121300000004,0.03623887247774495,3.3126946746106505
Guwahati,2026-10-04 23:00:00,1,25.0775307,0.013558927117854237,3.706026087947824
Guwahati,2026-10-05 00:00:00,2,24.64245424245424,0.2290888,4.517453182546817
Guwahati,2026-10-05 01:00:00,2,24.255137555137555,0.28663530000000004,4.797115902884097
Guwahati,2026-10-05 02:00:00,2,24.02295232295232,0.15111370000000002,5.5552323447676555
Guwahati,2026-10-05 03:00:00,2,23.841646941646935,0.032859000000000006,5.26896173103827
Guwahati,2026-10-05 04:00:00,2,23.655274755274757,0.14128810000000003,5.539869660130341
Guwahati,2026-10-05 05:00:00,2,23.592015892015887,0.0342263,5.457865842134158
Guwahati,2026-10-05 06:00:00,2,23.96254836254836,0.05021370000000001,6.378035021964979
Guwahati,2026-10-05 07:00:00,2,24.48528258528258,0.05021370000000001,7.211022288977712
Guwahati,2026-10-05 08:00:00,2,25.359948659948653,0.035182000000000005,7.579083020916981
Guwahati,2026-10-05 09:00:00,2,26.351368851368846,0.05376020000000001,7.432203067796933
Guwahati,2026-10-05 10:00:00,2,27.63529883529883,0.0356756,6.991565908434092
Guwahati,2026-10-05 11:00:00,2,28.81318341318341,0.017591000000000002,7.230525169474831
Guwahati,2026-10-05 12:00:00,2,29.442784342784336,0.0173894,7.730839469160531
Guwahati,2026-10-05 13:00:00,2,29.673404073404072,0.0173894,7.704953395046606
Guwahati,2026-10-05 14:00:00,2,29.528264728264727,0.035474000000000006,7.083699416300584
Guwahati,2026-10-05 15:00:00,2,28.920481520481513,0.10168560000000001,5.8400057599942405
Guwahati,2026-10-05 16:00:00,2,27.958617958617957,0.22946280000000002,4.938601761398239
Guwahati,2026-10-05 17:00:00,2,26.846360446360443,0.12658840000000002,4.154272245727755
Guwahati,2026-10-05 18:00:00,2,26.158428958428953,0.3706748,4.4060760939239065
Guwahati,2026-10-05 19:00:00,2,25.81561141561141,0.0500468,4.968113231886769
Guwahati,2026-10-05 20:00:00,2,25.449181749181744,0.0347788,5.095270104729896
Guwahati,2026-10-05 21:00:00,2,25.069851969851964,0.0500468,5.47919682080318
Guwahati,2026-10-05 22:00:00,2,24.635835535835533,0.0347788,5.32925867074133
Guwahati,2026-10-05 23:00:00,2,24.34233474233474,0.0347788,4.981347518652481
Guwahati,2026-10-06 00:00:00,3,24.03664556335444,0.0,4.8549747000000005
Guwahati,2026-10-06 01:00:00,3,23.684364915635083,0.0,5.0642712
Guwahati,2026-10-06 02:00:00,3,23.434394265605736,0.0,4.7123947
Guwahati,2026-10-06 03:00:00,3,23.23048356951643,0.0,4.567633600000001
Guwahati,2026-10-06 04:00:00,3,23.082825417174583,0.0,4.463342399999999
Guwahati,2026-10-06 05:00:00,3,23.10606209393791,0.0,4.4419571
Guwahati,2026-10-06 06:00:00,3,24.061009938990065,0.0166484,4.556733
Guwahati,2026-10-06 07:00:00,3,25.60632929367071,0.0166484,5.8099118999999995
Guwahati,2026-10-06 08:00:00,3,27.195284704715302,0.0166484,7.2663525
Guwahati,2026-10-06 09:00:00,3,28.684204215795788,0.0166484,8.896040300000001
Guwahati,2026-10-06 10:00:00,3,29.95759734240266,0.0166484,9.976577800000001
Guwahati,2026-10-06 11:00:00,3,30.871544428455575,0.0166484,10.2646207
Guwahati,2026-10-06 12:00:00,3,31.438971561028442,0.0,10.353181800000002
Guwahati,2026-10-06 13:00:00,3,31.64155765844234,0.0,9.6848466
Guwahati,2026-10-06 14:00:00,3,31.474964525035478,0.0,8.712148699999998
Guwahati,2026-10-06 15:00:00,3,30.818267481732523,0.0364564,6.8398994
Guwahati,2026-10-06 16:00:00,3,29.615484784515218,0.0364564,4.6970117
Guwahati,2026-10-06 17:00:00,3,28.212006987993014,0.08421790000000001,3.9874614999999998
Guwahati,2026-10-06 18:00:00,3,27.534878465121533,0.0166484,4.287476700000001
Guwahati,2026-10-06 19:00:00,3,27.074289825710174,0.0166484,4.149339100000001
Guwahati,2026-10-06 20:00:00,3,26.58861371138629,0.044524600000000004,4.2253404
Guwahati,2026-10-06 21:00:00,3,26.109423490576514,0.0166484,4.0380344
Guwahati,2026-10-06 22:00:00,3,25.689687110312892,0.0166484,3.6819541
Guwahati,2026-10-06 23:00:00,3,25.273717826282176,0.0166484,3.7204718000000003
Hyderabad,2026-10-04 00:00:00,1,26.2024363,0.0,6.258059958059959
Hyderabad,2026-10-04 01:00:00,1,25.648544500000003,0.0,6.6238331238331245
Hyderabad,2026-10-04 02:00:00,1,25.1757959,0.0,6.454178554178555
Hyderabad,2026-10-04 03:00:00,1,24.667732100000002,0.0,5.376773776773777
Hyderabad,2026-10-04 04:00:00,1,24.2880939,0.0,4.651572251572252
Hyderabad,2026-10-04 05:00:00,1,24.3726565,0.0,3.4715918715918717
Hyderabad,2026-10-04 06:00:00,1,24.1982957,0.0,3.2819672819672823
Hyderabad,2026-10-04 07:00:00,1,25.3669345,0.0,3.7775073775073778
Hyderabad,2026-10-04 08:00:00,1,27.196183499999997,0.0,4.355897955897957
Hyderabad,2026-10-04 09:00:00,1,28.903374199999995,0.0,5.76030976030976
Hyderabad,2026-10-04 10:00:00,1,30.3485489,0.0,5.9990160990160994
Hyderabad,2026-10-04 11:00:00,1,31.504255399999998,0.0,6.464572564572565
Hyderabad,2026-10-04 12:00:00,1,32.1663095,0.0,6.444207844207844
Hyderabad,2026-10-04 13:00:00,1,32.550879300000005,0.0,6.712636112636113
Hyderabad,2026-10-04 14:00:00,1,32.66978689999999,0.0,8.176311976311975
Hyderabad,2026-10-04 15:00:00,1,32.170487699999995,0.08856241143758856,9.540913940913942
Hyderabad,2026-10-04 16:00:00,1,31.1363426,0.12398737601262397,10.05088665088665
Hyderabad,2026-10-04 17:00:00,1,30.3403926,0.05276974723025277,9.193223393223395
Hyderabad,2026-10-04 18:00:00,1,29.389692600000004,0.0,8.196694196694196
Hyderabad,2026-10-04 19:00:00,1,28.5559996,0.0,6.698134098134099
Hyderabad,2026-10-04 20:00:00,1,27.8751161,0.0,6.107662507662508
Hyderabad,2026-10-04 21:00:00,1,27.382225499999997,0.0,5.942122942122943
Hyderabad,2026-10-04 22:00:00,1,26.7930054,0.0,5.878983278983279
Hyderabad,2026-10-04 23:00:00,1,26.2496354,0.0,5.7989783989784
Hyderabad,2026-10-05 00:00:00,2,25.7790287,0.0,5.593731
Hyderabad,2026-10-05 01:00:00,2,25.307978400000003,0.0,5.0904729
Hyderabad,2026-10-05 02:00:00,2,24.910669999999996,0.0,4.4540703
Hyderabad,2026-10-05 03:00:00,2,24.5385514,0.0,3.9389588
Hyderabad,2026-10-05 04:00:00,2,24.2027242,0.0,3.3294049
Hyderabad,2026-10-05 05:00:00,2,24.046733999999997,0.0,3.1190805
Hyderabad,2026-10-05 06:00:00,2,24.2601988,0.0,3.1657829000000004
Hyderabad,2026-10-05 07:00:00,2,25.3931497,0.0,3.6844557
Hyderabad,2026-10-05 08:00:00,2,27.2083508,0.0,4.4217893
Hyderabad,2026-10-05 09:00:00,2,28.9838248,0.0,4.9242413
Hyderabad,2026-10-05 10:00:00,2,30.5473292,0.0,3.9664787
Hyderabad,2026-10-05 11:00:00,2,31.7346098,0.0,4.6681978
Hyderabad,2026-10-05 12:00:00,2,32.2342417,0.03713640000000001,5.2469011000000005
Hyderabad,2026-10-05 13:00:00,2,32.5987837,0.0557046,6.294075200000001
Hyderabad,2026-10-05 14:00:00,2,32.6476636,0.0,7.765983800000001
Hyderabad,2026-10-05 15:00:00,2,32.5077436,0.0,8.1920825
Hyderabad,2026-10-05 16:00:00,2,32.1393372,0.0,8.0029284
Hyderabad,2026-10-05 17:00:00,2,31.3475271,0.0,7.3255283
Hyderabad,2026-10-05 18:00:00,2,30.2141297,0.0,6.974703
Hyderabad,2026-10-05 19:00:00,2,28.8802774,0.0172712,7.3322485
Hyderabad,2026-10-05 20:00:00,2,27.8436407,0.0,6.8319007
Hyderabad,2026-10-05 21:00:00,2,26.8632019,0.0,5.6413853000000005
Hyderabad,2026-10-05 22:00:00,2,26.0081495,0.0,4.465938
Hyderabad,2026-10-05 23:00:00,2,25.345505499999998,0.0,3.5010822000000004
Hyderabad,2026-10-06 00:00:00,3,24.86365193634806,0.0,2.9338375999999995
Hyderabad,2026-10-06 01:00:00,3,24.42357197642802,0.0,3.0142604
Hyderabad,2026-10-06 02:00:00,3,23.82383087616912,0.0,3.3936463999999997
Hyderabad,2026-10-06 03:00:00,3,23.348685151314843,0.0,3.181328
Hyderabad,2026-10-06 04:00:00,3,22.997306802693195,0.0,3.2586934999999997
Hyderabad,2026-10-06 05:00:00,3,22.791518508481488,0.0,3.2812099000000003
Hyderabad,2026-10-06 06:00:00,3,23.099177000822994,0.0,3.2905372
Hyderabad,2026-10-06 07:00:00,3,24.617253882746112,0.0,2.8527161999999997
Hyderabad,2026-10-06 08:00:00,3,26.887690612309385,0.0,2.9737941999999995
Hyderabad,2026-10-06 09:00:00,3,28.87178762821237,0.0,4.072990600000001
Hyderabad,2026-10-06 10:00:00,3,30.578759721240274,0.0,6.9936775
Hyderabad,2026-10-06 11:00:00,3,31.744222255777736,0.0,8.4369432
Hyderabad,2026-10-06 12:00:00,3,32.45791964208035,0.017419200000000003,9.8359431
Hyderabad,2026-10-06 13:00:00,3,32.77962122037877,0.017419200000000003,10.626653600000001
Hyderabad,2026-10-06 14:00:00,3,32.83945616054383,0.017419200000000003,10.966612600000001
Hyderabad,2026-10-06 15:00:00,3,32.55574294425705,0.0350868,10.9521914
Hyderabad,2026-10-06 16:00:00,3,31.93614886385113,0.0350868,10.6184958
Hyderabad,2026-10-06 17:00:00,3,30.9027481972518,0.0350868,9.2035027
Hyderabad,2026-10-06 18:00:00,3,29.512590187409806,0.0,8.614927
Hyderabad,2026-10-06 19:00:00,3,28.620941379058618,0.0,9.3469929
Hyderabad,2026-10-06 20:00:00,3,27.99112880887119,0.0,8.859345600000001
Hyderabad,2026-10-06 21:00:00,3,27.460795139204855,0.0,7.2854756
Hyderabad,2026-10-06 22:00:00,3,26.910249089750902,0.0,6.641455499999999
Hyderabad,2026-10-06 23:00:00,3,26.291279608720384,0.0,5.7374881
Imphal,2026-10-04 00:00:00,1,18.4755617,0.0,3.5285151
Imphal,2026-10-04 01:00:00,1,18.060726300000002,0.0,3.3185724
Imphal,2026-10-04 02:00:00,1,17.7489133,0.0,2.9020232
Imphal,2026-10-04 03:00:00,1,17.6936322,0.0,3.1222403
Imphal,2026-10-04 04:00:00,1,17.7524962,0.0,3.2785279999999997
Imphal,2026-10-04 05:00:00,1,18.5138509,0.0,2.9887086
Imphal,2026-10-04 06:00:00,1,19.5335243,0.0,1.9950487999999997
Imphal,2026-10-04 07:00:00,1,21.1963368,0.0,1.4671253999999998
Imphal,2026-10-04 08:00:00,1,23.001218400000003,0.0,2.3303461
Imphal,2026-10-04 09:00:00,1,24.642283300000003,0.0,3.7702197999999996
Imphal,2026-10-04 10:00:00,1,25.9472227,0.0,4.7861652
Imphal,2026-10-04 11:00:00,1,26.8936426,0.0,5.8753082999999995
Imphal,2026-10-04 12:00:00,1,27.348421899999998,0.019335780664219333,7.335419399999999
Imphal,2026-10-04 13:00:00,1,27.442107900000003,0.038671561328438665,8.1635622
Imphal,2026-10-04 14:00:00,1,27.1196257,0.0,8.4896147
Imphal,2026-10-04 15:00:00,1,26.3998438,0.0,8.372808899999999
Imphal,2026-10-04 16:00:00,1,24.8466819,0.0,6.0010054
Imphal,2026-10-04 17:00:00,1,22.9642862,0.0,4.415623399999999
Imphal,2026-10-04 18:00:00,1,21.797130799999998,0.0,3.3269583999999996
Imphal,2026-10-04 19:00:00,1,20.822245100000004,0.0,2.6568715999999997
Imphal,2026-10-04 20:00:00,1,20.1730989,0.0,2.7112929
Imphal,2026-10-04 21:00:00,1,19.720246,0.0,3.5429455
Imphal,2026-10-04 22:00:00,1,19.2205051,0.0,3.4662881999999997
Imphal,2026-10-04 23:00:00,1,18.671346600000003,0.0,3.5461921
Imphal,2026-10-05 00:00:00,2,18.1642713,0.0,3.7336417
Imphal,2026-10-05 01:00:00,2,17.8458634,0.0,3.524747
Imphal,2026-10-05 02:00:00,2,17.530869300000003,0.0,3.5763427
Imphal,2026-10-05 03:00:00,2,17.248546400000002,0.0,3.7239542
Imphal,2026-10-05 04:00:00,2,17.1242318,0.0,3.8227160999999996
Imphal,2026-10-05 05:00:00,2,17.4149169,0.0,3.6361221
Imphal,2026-10-05 06:00:00,2,19.1570848,0.0,2.4959663
Imphal,2026-10-05 07:00:00,2,21.5454208,0.0,1.9193453
Imphal,2026-10-05 08:00:00,2,23.588734799999997,0.0,2.4037616
Imphal,2026-10-05 09:00:00,2,25.1519885,0.06150173849826149,2.7689733
Imphal,2026-10-05 10:00:00,2,26.449210599999997,0.06150173849826149,3.7791882
Imphal,2026-10-05 11:00:00,2,27.2922791,0.06150173849826149,4.6651479
Imphal,2026-10-05 12:00:00,2,27.768423600000002,0.0971123028876971,5.7644066
Imphal,2026-10-05 13:00:00,2,27.834921199999997,0.0971123028876971,6.6875564
Imphal,2026-10-05 14:00:00,2,27.534488299999996,0.0971123028876971,6.6465478000000004
Imphal,2026-10-05 15:00:00,2,26.6197713,0.18815331184668813,5.9502747000000005
Imphal,2026-10-05 16:00:00,2,25.0067004,0.17173492826507172,4.9229994
Imphal,2026-10-05 17:00:00,2,23.3463311,0.0766117233882766,4.2399291
Imphal,2026-10-05 18:00:00,2,22.45876,0.062467737532262466,3.6757932
Imphal,2026-10-05 19:00:00,2,21.7909485,0.03878886121113879,3.1178539
Imphal,2026-10-05 20:00:00,2,21.038714400000003,0.01510998489001511,2.5939903
Imphal,2026-10-05 21:00:00,2,20.6543328,0.027927372072627927,3.15786
Imphal,2026-10-05 22:00:00,2,20.238302199999996,0.027927372072627927,3.5446719
Imphal,2026-10-05 23:00:00,2,19.987687899999997,0.01510998489001511,4.1878464
Imphal,2026-10-06 00:00:00,3,19.659731440268555,0.019296638593277186,4.220841
Imphal,2026-10-06 01:00:00,3,19.266322633677362,0.019296638593277186,4.1282829
Imphal,2026-10-06 02:00:00,3,18.907972992027005,0.019296638593277186,4.0864487
Imphal,2026-10-06 03:00:00,3,18.545930954069043,0.019296638593277186,3.8585803000000003
Imphal,2026-10-06 04:00:00,3,18.35118954881045,0.019296638593277186,3.7295116999999998
Imphal,2026-10-06 05:00:00,3,18.540311959688037,0.019296638593277186,3.3919607999999997
Imphal,2026-10-06 06:00:00,3,20.087702412297585,0.019296638593277186,2.5985774
Imphal,2026-10-06 07:00:00,3,22.26660903339096,0.019296638593277186,2.3582678
Imphal,2026-10-06 08:00:00,3,24.31400678599321,0.019296638593277186,2.3945436000000004
Imphal,2026-10-06 09:00:00,3,25.81680338319661,0.08319696639393277,3.0898373
Imphal,2026-10-06 10:00:00,3,26.346475153524846,0.3008649017298034,5.1357794000000005
Imphal,2026-10-06 11:00:00,3,26.939558660441335,0.3716084432168864,6.5134862
Imphal,2026-10-06 12:00:00,3,26.335453664546332,0.3490868981737963,6.9000796
Imphal,2026-10-06 13:00:00,3,25.639466560533435,0.6740763481526962,4.6207183999999994
Imphal,2026-10-06 14:00:00,3,25.408273991726006,0.9025826051652103,4.0240895
Imphal,2026-10-06 15:00:00,3,24.790203109796884,0.454017008034016,3.1741772
Imphal,2026-10-06 16:00:00,3,23.6019715980284,0.09296838593677187,2.7070004
Imphal,2026-10-06 17:00:00,3,22.54552915447084,0.052302404604809206,2.5933915
Imphal,2026-10-06 18:00:00,3,21.84956075043925,0.08276896553793106,3.8113076
Imphal,2026-10-06 19:00:00,3,21.23304136695863,0.06347232694465388,3.720942
Imphal,2026-10-06 20:00:00,3,20.7059566940433,0.06347232694465388,3.4486600000000003
Imphal,2026-10-06 21:00:00,3,20.301722298277696,0.019296638593277186,3.1627973999999996
Imphal,2026-10-06 22:00:00,3,19.923697876302118,0.019296638593277186,3.1066491999999997
Imphal,2026-10-06 23:00:00,3,19.56275823724176,0.019296638593277186,3.0919587
Indore,2026-10-04 00:00:00,1,23.6900586,0.0,6.4621523378476615
Indore,2026-10-04 01:00:00,1,22.8232771,0.0,6.404636695363304
Indore,2026-10-04 02:00:00,1,22.061554199999996,0.0,6.311084188915811
Indore,2026-10-04 03:00:00,1,21.485544899999997,0.0,6.116189483810516
Indore,2026-10-04 04:00:00,1,21.092792499999998,0.0,5.969378530621469
Indore,2026-10-04 05:00:00,1,21.178016200000002,0.0,5.8228111771888225
Indore,2026-10-04 06:00:00,1,21.457023,0.0,5.208450191549807
Indore,2026-10-04 07:00:00,1,23.167718999999998,0.0,4.681992818007181
Indore,2026-10-04 08:00:00,1,25.9158508,0.0,4.634323865676134
Indore,2026-10-04 09:00:00,1,28.467159600000002,0.0,6.304382495617503
Indore,2026-10-04 10:00:00,1,30.559512199999997,0.0,6.825689374310625
Indore,2026-10-04 11:00:00,1,31.922514500000002,0.0,6.396318903681095
Indore,2026-10-04 12:00:00,1,32.712082099999996,0.0,5.784196715803284
Indore,2026-10-04 13:00:00,1,33.1496351,0.0,5.566456933543066
Indore,2026-10-04 14:00:00,1,33.2227214,0.0,5.417086382913617
Indore,2026-10-04 15:00:00,1,32.9823932,0.0,5.7433772566227415
Indore,2026-10-04 16:00:00,1,32.503285,0.0,5.943429856570142
Indore,2026-10-04 17:00:00,1,31.3655163,0.0,6.598353501646497
Indore,2026-10-04 18:00:00,1,29.518002700000004,0.0,7.453049146950852
Indore,2026-10-04 19:00:00,1,28.166805,0.0,7.168028331971667
Indore,2026-10-04 20:00:00,1,27.0764149,0.0,6.649698350301649
Indore,2026-10-04 21:00:00,1,26.1539036,0.0,6.397707402292597
Indore,2026-10-04 22:00:00,1,25.415732300000002,0.0,6.85056694943305
Indore,2026-10-04 23:00:00,1,24.6894523,0.0,7.731831468168531
Indore,2026-10-05 00:00:00,2,24.034287900000002,0.0,7.51927241927242
Indore,2026-10-05 01:00:00,2,23.3875251,0.0,7.5517835517835525
Indore,2026-10-05 02:00:00,2,22.741337100000003,0.0,7.0804732804732815
Indore,2026-10-05 03:00:00,2,22.1558704,0.0,6.606792006792007
Indore,2026-10-05 04:00:00,2,21.7505426,0.0,5.968406568406568
Indore,2026-10-05 05:00:00,2,21.6346415,0.0,5.3993396993397
Indore,2026-10-05 06:00:00,2,22.0337434,0.0,4.9336903336903335
Indore,2026-10-05 07:00:00,2,23.862871400000003,0.0,4.766182166182166
Indore,2026-10-05 08:00:00,2,26.5425721,0.0,4.911073011073011
Indore,2026-10-05 09:00:00,2,29.0056115,0.0,6.661490561490561
Indore,2026-10-05 10:00:00,2,30.934381700000003,0.0,7.420695320695321
Indore,2026-10-05 11:00:00,2,32.25612230000001,0.0,7.168238968238968
Indore,2026-10-05 12:00:00,2,32.958088399999994,0.0,6.963440163440163
Indore,2026-10-05 13:00:00,2,33.2989385,0.0,6.7778948778948775
Indore,2026-10-05 14:00:00,2,33.3427738,0.0,6.855294955294955
Indore,2026-10-05 15:00:00,2,33.0500904,0.0,7.1029665029665034
Indore,2026-10-05 16:00:00,2,32.495631599999996,0.0,7.431279831279831
Indore,2026-10-05 17:00:00,2,31.285944999999998,0.0,7.3914574914574915
Indore,2026-10-05 18:00:00,2,29.5630561,0.0,6.963768263768264
Indore,2026-10-05 19:00:00,2,28.2315787,0.0,6.470514470514471
Indore,2026-10-05 20:00:00,2,27.1193219,0.0,5.699218999218999
Indore,2026-10-05 21:00:00,2,26.0741477,0.0,4.973326573326574
Indore,2026-10-05 22:00:00,2,25.232051500000004,0.0,5.577382777382778
Indore,2026-10-05 23:00:00,2,24.5559076,0.0,5.46940996940997
Indore,2026-10-06 00:00:00,3,24.04922415077585,0.0,5.273823526176474
Indore,2026-10-06 01:00:00,3,23.427195272804724,0.0,5.482136317863683
Indore,2026-10-06 02:00:00,3,22.871450428549565,0.0,5.540348859651141
Indore,2026-10-06 03:00:00,3,22.34915585084415,0.0,5.3135666864333135
Indore,2026-10-06 04:00:00,3,21.984730915269083,0.0,5.082028117971882
Indore,2026-10-06 05:00:00,3,21.939239260760736,0.0,4.621482078517921
Indore,2026-10-06 06:00:00,3,22.281726318273677,0.0,4.177861422138578
Indore,2026-10-06 07:00:00,3,24.016458083541913,0.0,3.9549858450141553
Indore,2026-10-06 08:00:00,3,26.667962232037766,0.0,3.604134995865005
Indore,2026-10-06 09:00:00,3,29.182669317330678,0.0,4.154310945689055
Indore,2026-10-06 10:00:00,3,31.190837109162885,0.0,3.542920657079343
Indore,2026-10-06 11:00:00,3,32.39806060193939,0.0,4.334476965523035
Indore,2026-10-06 12:00:00,3,33.129267570732424,0.0,5.384183915816085
Indore,2026-10-06 13:00:00,3,33.52251807748192,0.0,6.096107503892497
Indore,2026-10-06 14:00:00,3,33.530953569046424,0.0,6.632909767090234
Indore,2026-10-06 15:00:00,3,33.318412081587915,0.0,7.0139199860800145
Indore,2026-10-06 16:00:00,3,32.83847966152033,0.0,6.913156786843213
Indore,2026-10-06 17:00:00,3,31.75052684947314,0.0,6.490514409485591
Indore,2026-10-06 18:00:00,3,30.153404846595148,0.0,6.215390484609516
Indore,2026-10-06 19:00:00,3,28.941193658806338,0.0,5.477000622999378
Indore,2026-10-06 20:00:00,3,28.100413699586298,0.0,4.750604649395351
Indore,2026-10-06 21:00:00,3,27.366662633337363,0.0,3.984981715018285
Indore,2026-10-06 22:00:00,3,26.550304149695847,0.0,4.053728446271554
Indore,2026-10-06 23:00:00,3,25.772081327918666,0.0,4.334458965541035
Jabalpur,2026-10-04 00:00:00,1,22.01122331122331,0.0,4.4031044
Jabalpur,2026-10-04 01:00:00,1,21.437822037822038,0.0,4.6544663
Jabalpur,2026-10-04 02:00:00,1,20.98156428156428,0.0,4.8235827
Jabalpur,2026-10-04 03:00:00,1,20.690229790229793,0.0,5.0172175
Jabalpur,2026-10-04 04:00:00,1,20.310473310473313,0.0,4.8125389
Jabalpur,2026-10-04 05:00:00,1,20.713284013284017,0.0,5.1185044
Jabalpur,2026-10-04 06:00:00,1,20.993124293124296,0.0,5.105180099999999
Jabalpur,2026-10-04 07:00:00,1,23.056156456156454,0.0,5.0373130999999995
Jabalpur,2026-10-04 08:00:00,1,25.66071676071676,0.0,6.0416620000000005
Jabalpur,2026-10-04 09:00:00,1,27.762132562132567,0.0,7.415836
Jabalpur,2026-10-04 10:00:00,1,29.572451272451275,0.0,8.333345399999999
Jabalpur,2026-10-04 11:00:00,1,30.98231678231678,0.0,9.1099969
Jabalpur,2026-10-04 12:00:00,1,31.883894183894185,0.0,9.373159900000001
Jabalpur,2026-10-04 13:00:00,1,32.20183040183041,0.0,8.770302
Jabalpur,2026-10-04 14:00:00,1,32.209542209542214,0.0,7.8456282999999996
Jabalpur,2026-10-04 15:00:00,1,31.794833794833796,0.0,7.045463600000001
Jabalpur,2026-10-04 16:00:00,1,30.903098303098304,0.0,6.487761600000001
Jabalpur,2026-10-04 17:00:00,1,29.191197091197093,0.0,5.7574169
Jabalpur,2026-10-04 18:00:00,1,27.60763480763481,0.0,5.3213648000000005
Jabalpur,2026-10-04 19:00:00,1,26.48116728116728,0.0,4.8190059
Jabalpur,2026-10-04 20:00:00,1,25.672290472290474,0.0,4.8716247
Jabalpur,2026-10-04 21:00:00,1,24.806383406383407,0.0,4.9792144
Jabalpur,2026-10-04 22:00:00,1,24.042937342937343,0.0,5.0420629
Jabalpur,2026-10-04 23:00:00,1,23.514258714258716,0.0,5.1739275000000005
Jabalpur,2026-10-05 00:00:00,2,23.082180800000003,0.0,5.0098617
Jabalpur,2026-10-05 01:00:00,2,22.584612000000007,0.0,4.632556
Jabalpur,2026-10-05 02:00:00,2,22.182649800000004,0.0,4.9213934
Jabalpur,2026-10-05 03:00:00,2,21.8754148,0.0,4.9924604000000015
Jabalpur,2026-10-05 04:00:00,2,21.631360600000004,0.0,5.224882300000002
Jabalpur,2026-10-05 05:00:00,2,21.6704244,0.0,5.0516157999999995
Jabalpur,2026-10-05 06:00:00,2,22.169806200000004,0.0,5.0444275
Jabalpur,2026-10-05 07:00:00,2,23.958904800000006,0.0,5.3139614
Jabalpur,2026-10-05 08:00:00,2,26.221158600000003,0.0,6.684311500000001
Jabalpur,2026-10-05 09:00:00,2,28.084106000000006,0.0,8.4514574
Jabalpur,2026-10-05 10:00:00,2,29.774836800000003,0.0,9.199304900000001
Jabalpur,2026-10-05 11:00:00,2,31.137008800000004,0.0,9.750603300000002
Jabalpur,2026-10-05 12:00:00,2,32.0147034,0.0,10.084383900000002
Jabalpur,2026-10-05 13:00:00,2,32.4507278,0.0,10.231837
Jabalpur,2026-10-05 14:00:00,2,32.4004084,0.0,9.862133200000002
Jabalpur,2026-10-05 15:00:00,2,31.958798400000006,0.0,8.533056300000002
Jabalpur,2026-10-05 16:00:00,2,31.076856800000005,0.0,6.631910700000001
Jabalpur,2026-10-05 17:00:00,2,29.535211400000005,0.0,4.9381451
Jabalpur,2026-10-05 18:00:00,2,28.1835492,0.0,4.366432900000001
Jabalpur,2026-10-05 19:00:00,2,27.1589098,0.0,4.533097900000001
Jabalpur,2026-10-05 20:00:00,2,26.234168200000003,0.0,4.675620200000001
Jabalpur,2026-10-05 21:00:00,2,25.470690000000005,0.0,4.6661143
Jabalpur,2026-10-05 22:00:00,2,24.8844754,0.0,5.102701700000001
Jabalpur,2026-10-05 23:00:00,2,24.467280800000005,0.0,5.4540417
Jabalpur,2026-10-06 00:00:00,3,23.935872264127735,0.0,5.134914234914235
Jabalpur,2026-10-06 01:00:00,3,23.41221638778361,0.0,5.176387076387077
Jabalpur,2026-10-06 02:00:00,3,22.915086084913913,0.0,5.164674764674765
Jabalpur,2026-10-06 03:00:00,3,22.494083805916194,0.0,4.994070994070995
Jabalpur,2026-10-06 04:00:00,3,22.108657191342807,0.0,4.761347461347462
Jabalpur,2026-10-06 05:00:00,3,21.945355054644946,0.0,4.4522376522376526
Jabalpur,2026-10-06 06:00:00,3,22.304459495540502,0.0,3.9061094061094064
Jabalpur,2026-10-06 07:00:00,3,24.170165329834663,0.0,4.223122123122123
Jabalpur,2026-10-06 08:00:00,3,26.227217072782924,0.0,5.4116514116514125
Jabalpur,2026-10-06 09:00:00,3,28.157186042813954,0.0,6.41935921935922
Jabalpur,2026-10-06 10:00:00,3,29.86395853604146,0.0,7.3221261221261225
Jabalpur,2026-10-06 11:00:00,3,31.068409231590767,0.0,8.21951971951972
Jabalpur,2026-10-06 12:00:00,3,31.96426813573186,0.0,8.93985143985144
Jabalpur,2026-10-06 13:00:00,3,32.53520726479273,0.0,9.670443970443971
Jabalpur,2026-10-06 14:00:00,3,32.549155950844046,0.0,9.681296681296681
Jabalpur,2026-10-06 15:00:00,3,32.06297953702046,0.0,8.72937772937773
Jabalpur,2026-10-06 16:00:00,3,31.13277576722423,0.0,7.293570493570495
Jabalpur,2026-10-06 17:00:00,3,29.59278980721019,0.0,5.467150667150667
Jabalpur,2026-10-06 18:00:00,3,28.241482358517636,0.0,4.310279610279611
Jabalpur,2026-10-06 19:00:00,3,27.119300980699016,0.0,3.2653321653321656
Jabalpur,2026-10-06 20:00:00,3,26.115104984895012,0.0,2.082481082481083
Jabalpur,2026-10-06 21:00:00,3,25.20804309195691,0.0,1.9405449405449409
Jabalpur,2026-10-06 22:00:00,3,24.42174637825362,0.0,2.4959395959395962
Jabalpur,2026-10-06 23:00:00,3,23.770055629944366,0.0,3.0799850799850805
Jaipur,2026-10-04 00:00:00,1,26.935570135570142,0.0,10.180257200000002
Jaipur,2026-10-04 01:00:00,1,26.290296790296793,0.0,9.8800501
Jaipur,2026-10-04 02:00:00,1,25.84636444636445,0.0,10.130399800000001
Jaipur,2026-10-04 03:00:00,1,25.432410232410234,0.0,10.948974100000001
Jaipur,2026-10-04 04:00:00,1,25.237641837641842,0.0,12.384437100000001
Jaipur,2026-10-04 05:00:00,1,25.46861236861237,0.0,12.919809300000002
Jaipur,2026-10-04 06:00:00,1,25.105011905011906,0.0,12.821859200000002
Jaipur,2026-10-04 07:00:00,1,26.022099922099923,0.0,13.412510800000002
Jaipur,2026-10-04 08:00:00,1,28.042144542144545,0.0,15.362783500000003
Jaipur,2026-10-04 09:00:00,1,30.18016898016898,0.0,16.4637914
Jaipur,2026-10-04 10:00:00,1,32.252810152810156,0.0,16.917933700000003
Jaipur,2026-10-04 11:00:00,1,33.90342430342431,0.0,16.9034887
Jaipur,2026-10-04 12:00:00,1,35.015596115596125,0.0,16.0376087
Jaipur,2026-10-04 13:00:00,1,35.6960002960003,0.0,15.228501600000001
Jaipur,2026-10-04 14:00:00,1,35.96094116094117,0.0,14.469645300000002
Jaipur,2026-10-04 15:00:00,1,35.824995924995925,0.0,13.452250300000003
Jaipur,2026-10-04 16:00:00,1,35.27769567769568,0.0,12.648731600000001
Jaipur,2026-10-04 17:00:00,1,34.26653946653947,0.0,10.8699032
Jaipur,2026-10-04 18:00:00,1,32.5992965992966,0.0,9.8012236
Jaipur,2026-10-04 19:00:00,1,31.112590912590914,0.0,9.3032403
Jaipur,2026-10-04 20:00:00,1,29.930421030421034,0.0,9.234965200000001
Jaipur,2026-10-04 21:00:00,1,28.993034193034198,0.0,9.165083200000002
Jaipur,2026-10-04 22:00:00,1,28.17704347704348,0.0,9.078713200000003
Jaipur,2026-10-04 23:00:00,1,27.36928286928287,0.0,9.112146700000002
Jaipur,2026-10-05 00:00:00,2,26.633333999999998,0.0,9.5550665
Jaipur,2026-10-05 01:00:00,2,25.9287942,0.0,11.1438655
Jaipur,2026-10-05 02:00:00,2,25.380732099999996,0.0,12.188859
Jaipur,2026-10-05 03:00:00,2,24.873388300000002,0.0,12.810709300000001
Jaipur,2026-10-05 04:00:00,2,24.4644652,0.0,13.019796099999999
Jaipur,2026-10-05 05:00:00,2,24.2768966,0.0,13.067147700000001
Jaipur,2026-10-05 06:00:00,2,24.322419699999998,0.0,12.8736332
Jaipur,2026-10-05 07:00:00,2,25.265204699999998,0.0,13.2564917
Jaipur,2026-10-05 08:00:00,2,27.4176432,0.0,15.0069025
Jaipur,2026-10-05 09:00:00,2,29.700569699999996,0.0,16.768166700000002
Jaipur,2026-10-05 10:00:00,2,31.885078299999996,0.0,17.2386206
Jaipur,2026-10-05 11:00:00,2,33.6017577,0.0,17.257276200000003
Jaipur,2026-10-05 12:00:00,2,34.789746900000004,0.0,16.5026599
Jaipur,2026-10-05 13:00:00,2,35.5742158,0.0,15.5870077
Jaipur,2026-10-05 14:00:00,2,35.8287439,0.0,14.4079767
Jaipur,2026-10-05 15:00:00,2,35.7113109,0.0,13.352968500000001
Jaipur,2026-10-05 16:00:00,2,35.1576692,0.0,12.328627700000002
Jaipur,2026-10-05 17:00:00,2,34.0669639,0.0,10.3603526
Jaipur,2026-10-05 18:00:00,2,32.3994299,0.0,9.2317755
Jaipur,2026-10-05 19:00:00,2,30.822698600000003,0.0,8.2856066
Jaipur,2026-10-05 20:00:00,2,29.5608107,0.0,8.052140699999999
Jaipur,2026-10-05 21:00:00,2,28.599693000000002,0.0,8.264489
Jaipur,2026-10-05 22:00:00,2,27.6780033,0.0,7.8448051
Jaipur,2026-10-05 23:00:00,2,26.6803886,0.0,7.709505
Jaipur,2026-10-06 00:00:00,3,25.94659225340775,0.0,7.6594553
Jaipur,2026-10-06 01:00:00,3,25.2965931034069,0.0,7.4679038
Jaipur,2026-10-06 02:00:00,3,24.88948681051319,0.0,9.078126300000001
Jaipur,2026-10-06 03:00:00,3,24.528040971959033,0.0,10.0785551
Jaipur,2026-10-06 04:00:00,3,24.174106725893274,0.0,10.6278456
Jaipur,2026-10-06 05:00:00,3,24.037592862407138,0.0,10.8648615
Jaipur,2026-10-06 06:00:00,3,24.187217012782988,0.0,11.297715700000001
Jaipur,2026-10-06 07:00:00,3,25.282697417302586,0.0,12.087011500000001
Jaipur,2026-10-06 08:00:00,3,27.47864182135818,0.0,13.774790399999999
Jaipur,2026-10-06 09:00:00,3,29.819099780900224,0.0,14.2795723
Jaipur,2026-10-06 10:00:00,3,32.04167415832585,0.0,14.229871900000003
Jaipur,2026-10-06 11:00:00,3,33.73036656963343,0.0,13.224891099999997
Jaipur,2026-10-06 12:00:00,3,34.86614953385047,0.0,12.196324299999999
Jaipur,2026-10-06 13:00:00,3,35.58963821036179,0.0,11.085530400000001
Jaipur,2026-10-06 14:00:00,3,35.885224014775986,0.0,10.258110400000001
Jaipur,2026-10-06 15:00:00,3,35.701645998354,0.0,9.838154099999999
Jaipur,2026-10-06 16:00:00,3,35.08110281889718,0.0,9.401228499999998
Jaipur,2026-10-06 17:00:00,3,34.0961381038619,0.0,8.302028499999999
Jaipur,2026-10-06 18:00:00,3,32.62740007259993,0.0,7.1732277
Jaipur,2026-10-06 19:00:00,3,31.42189127810872,0.0,6.1030916
Jaipur,2026-10-06 20:00:00,3,30.31693108306892,0.0,5.5766326
Jaipur,2026-10-06 21:00:00,3,29.26989213010787,0.0,5.6803242
Jaipur,2026-10-06 22:00:00,3,28.307364492635507,0.0,6.176312899999999
Jaipur,2026-10-06 23:00:00,3,27.442386557613446,0.0,6.6710829
Jodhpur,2026-10-04 00:00:00,1,28.172133199999998,0.0,11.958169258169258
Jodhpur,2026-10-04 01:00:00,1,27.414265,0.0,11.332603832603832
Jodhpur,2026-10-04 02:00:00,1,26.704216099999996,0.0,10.704807304807305
Jodhpur,2026-10-04 03:00:00,1,26.065567899999998,0.0,10.282793982793985
Jodhpur,2026-10-04 04:00:00,1,25.454558500000005,0.0,9.949337749337749
Jodhpur,2026-10-04 05:00:00,1,25.664214200000004,0.0,10.207742307742308
Jodhpur,2026-10-04 06:00:00,1,25.062391599999998,0.0,9.40962740962741
Jodhpur,2026-10-04 07:00:00,1,25.7221253,0.0,9.184219684219684
Jodhpur,2026-10-04 08:00:00,1,27.7758174,0.0,10.689778489778488
Jodhpur,2026-10-04 09:00:00,1,30.115708700000003,0.0,12.446120946120946
Jodhpur,2026-10-04 10:00:00,1,32.6467101,0.0,13.760372560372561
Jodhpur,2026-10-04 11:00:00,1,34.766153,0.0,15.434737934737933
Jodhpur,2026-10-04 12:00:00,1,36.194381,0.0,16.493486193486195
Jodhpur,2026-10-04 13:00:00,1,37.1234864,0.0,16.635793835793837
Jodhpur,2026-10-04 14:00:00,1,37.6149981,0.0,16.35804635804636
Jodhpur,2026-10-04 15:00:00,1,37.653081,0.0,16.074936974936975
Jodhpur,2026-10-04 16:00:00,1,37.2514195,0.0,15.45082315082315
Jodhpur,2026-10-04 17:00:00,1,36.3682415,0.0,14.448521648521648
Jodhpur,2026-10-04 18:00:00,1,34.4363485,0.0,12.77039827039827
Jodhpur,2026-10-04 19:00:00,1,32.7270395,0.0,12.653108553108552
Jodhpur,2026-10-04 20:00:00,1,31.384069999999998,0.0,13.238230538230537
Jodhpur,2026-10-04 21:00:00,1,30.3104461,0.0,13.285278985278985
Jodhpur,2026-10-04 22:00:00,1,29.359115000000003,0.0,12.95145645145645
Jodhpur,2026-10-04 23:00:00,1,28.441840099999997,0.0,12.499674999675
Jodhpur,2026-10-05 00:00:00,2,27.647374800000005,0.0,11.890329009670989
Jodhpur,2026-10-05 01:00:00,2,26.849271200000004,0.0,10.986822313177688
Jodhpur,2026-10-05 02:00:00,2,26.152983200000005,0.0,10.440831159168843
Jodhpur,2026-10-05 03:00:00,2,25.453010000000006,0.0,10.341785358214642
Jodhpur,2026-10-05 04:00:00,2,24.842491500000005,0.0,10.213976486023515
Jodhpur,2026-10-05 05:00:00,2,24.386489300000004,0.0,10.276209523790477
Jodhpur,2026-10-05 06:00:00,2,24.189830500000003,0.0,10.123988476011526
Jodhpur,2026-10-05 07:00:00,2,24.784487600000002,0.0,10.217883382116618
Jodhpur,2026-10-05 08:00:00,2,26.695982400000005,0.0,11.681482518517482
Jodhpur,2026-10-05 09:00:00,2,28.922922000000003,0.0,13.083237316762684
Jodhpur,2026-10-05 10:00:00,2,31.185086900000005,0.0,14.334419265580737
Jodhpur,2026-10-05 11:00:00,2,33.273686700000006,0.0,15.746888153111849
Jodhpur,2026-10-05 12:00:00,2,34.843531500000005,0.0,16.17481262518738
Jodhpur,2026-10-05 13:00:00,2,36.01844750000001,0.0,16.082468917531084
Jodhpur,2026-10-05 14:00:00,2,36.66673710000001,0.0,15.64778665221335
Jodhpur,2026-10-05 15:00:00,2,36.8305136,0.0,14.816810883189117
Jodhpur,2026-10-05 16:00:00,2,36.56202170000001,0.0,14.230630069369932
Jodhpur,2026-10-05 17:00:00,2,35.75309640000001,0.0,12.925017974982024
Jodhpur,2026-10-05 18:00:00,2,33.8546412,0.0,11.231368868631131
Jodhpur,2026-10-05 19:00:00,2,32.12768450000001,0.0,11.282038217961784
Jodhpur,2026-10-05 20:00:00,2,30.748460000000005,0.0,11.54933365066635
Jodhpur,2026-10-05 21:00:00,2,29.672831600000006,0.0,12.064550735449266
Jodhpur,2026-10-05 22:00:00,2,28.747758100000006,0.0,11.86089313910686
Jodhpur,2026-10-05 23:00:00,2,27.97762800000001,0.0,11.625536974463028
Jodhpur,2026-10-06 00:00:00,3,27.234825600000004,0.0,10.9255455
Jodhpur,2026-10-06 01:00:00,3,26.402198600000006,0.0,9.863623400000002
Jodhpur,2026-10-06 02:00:00,3,25.612651400000004,0.0,9.1055097
Jodhpur,2026-10-06 03:00:00,3,24.876433600000002,0.0,8.2067591
Jodhpur,2026-10-06 04:00:00,3,24.268575300000002,0.0,7.1552919
Jodhpur,2026-10-06 05:00:00,3,23.94197590000001,0.0,7.044925
Jodhpur,2026-10-06 06:00:00,3,23.788820700000002,0.0,6.5670428
Jodhpur,2026-10-06 07:00:00,3,24.488724500000004,0.0,6.8674787
Jodhpur,2026-10-06 08:00:00,3,26.512691200000006,0.0,8.4633813
Jodhpur,2026-10-06 09:00:00,3,28.73542610000001,0.0,9.787128500000001
Jodhpur,2026-10-06 10:00:00,3,30.903248100000003,0.0,10.4165948
Jodhpur,2026-10-06 11:00:00,3,32.952075400000005,0.0,11.966193100000002
Jodhpur,2026-10-06 12:00:00,3,34.40677370000001,0.0,12.943517500000002
Jodhpur,2026-10-06 13:00:00,3,35.471254900000005,0.0,13.018136499999999
Jodhpur,2026-10-06 14:00:00,3,36.0985481,0.0,13.0513926
Jodhpur,2026-10-06 15:00:00,3,36.26622630000001,0.0,12.7788501
Jodhpur,2026-10-06 16:00:00,3,35.9646703,0.0,12.2218251
Jodhpur,2026-10-06 17:00:00,3,35.30145490000001,0.0,11.4791178
Jodhpur,2026-10-06 18:00:00,3,33.58390430000001,0.0,9.8774425
Jodhpur,2026-10-06 19:00:00,3,32.0182331,0.0,8.832441600000001
Jodhpur,2026-10-06 20:00:00,3,30.75492550000001,0.0,8.4581872
Jodhpur,2026-10-06 21:00:00,3,29.756091000000005,0.0,8.749113600000001
Jodhpur,2026-10-06 22:00:00,3,28.962581500000006,0.0,9.257207900000001
Jodhpur,2026-10-06 23:00:00,3,28.264196800000008,0.0,9.244557100000002
Kanpur,2026-10-04 00:00:00,1,26.449206750793252,0.0,3.6892724107275896
Kanpur,2026-10-04 01:00:00,1,25.949810750189247,0.0,4.241928858071143
Kanpur,2026-10-04 02:00:00,1,25.463002636997366,0.0,4.487754312245688
Kanpur,2026-10-04 03:00:00,1,25.062769537230466,0.0,6.105812594187406
Kanpur,2026-10-04 04:00:00,1,24.74625395374605,0.0,7.182256317743683
Kanpur,2026-10-04 05:00:00,1,24.693052906947095,0.0,7.13866586133414
Kanpur,2026-10-04 06:00:00,1,24.800170999829003,0.0,7.604911995088006
Kanpur,2026-10-04 07:00:00,1,26.083328716671282,0.0,8.407248792751208
Kanpur,2026-10-04 08:00:00,1,27.860806039193964,0.0,9.69029170970829
Kanpur,2026-10-04 09:00:00,1,29.46851173148827,0.0,9.312712887287114
Kanpur,2026-10-04 10:00:00,1,30.88872361127639,0.0,9.537095962904038
Kanpur,2026-10-04 11:00:00,1,32.034326265673734,0.0,9.636532163467837
Kanpur,2026-10-04 12:00:00,1,32.90472519527481,0.0,9.351082748917252
Kanpur,2026-10-04 13:00:00,1,33.4976967023033,0.0,9.142683757316243
Kanpur,2026-10-04 14:00:00,1,33.782863217136786,0.0,9.060116339883661
Kanpur,2026-10-04 15:00:00,1,33.61841848158152,0.0,8.86937403062597
Kanpur,2026-10-04 16:00:00,1,32.97106212893787,0.0,8.082273017726983
Kanpur,2026-10-04 17:00:00,1,31.82712527287473,0.0,7.027774772225229
Kanpur,2026-10-04 18:00:00,1,30.705247894752105,0.0,5.917482582517417
Kanpur,2026-10-04 19:00:00,1,29.782539117460885,0.0,4.933455666544333
Kanpur,2026-10-04 20:00:00,1,28.977790722209278,0.0,4.12912357087643
Kanpur,2026-10-04 21:00:00,1,28.228049971950032,0.0,4.008840491159509
Kanpur,2026-10-04 22:00:00,1,27.45877254122746,0.0,4.113114086885913
Kanpur,2026-10-04 23:00:00,1,26.755525044474957,0.0,3.9058186941813062
Kanpur,2026-10-05 00:00:00,2,26.26033093966906,0.0,3.2998028000000006
Kanpur,2026-10-05 01:00:00,2,25.764053535946466,0.0,4.3562146
Kanpur,2026-10-05 02:00:00,2,25.23185506814493,0.0,5.7060032000000005
Kanpur,2026-10-05 03:00:00,2,24.821227078772925,0.0,5.8610204999999995
Kanpur,2026-10-05 04:00:00,2,24.474363525636473,0.0,6.396283
Kanpur,2026-10-05 05:00:00,2,24.364386835613168,0.0,6.6512522
Kanpur,2026-10-05 06:00:00,2,24.616961483038516,0.0,6.7271814999999995
Kanpur,2026-10-05 07:00:00,2,25.767355332644666,0.0,7.2733144
Kanpur,2026-10-05 08:00:00,2,27.429898170101836,0.0,7.5902381
Kanpur,2026-10-05 09:00:00,2,29.024441175558827,0.0,8.225170499999999
Kanpur,2026-10-05 10:00:00,2,30.62054107945892,0.0,8.642698099999999
Kanpur,2026-10-05 11:00:00,2,31.79018080981919,0.0,8.192236600000001
Kanpur,2026-10-05 12:00:00,2,32.59431080568919,0.0,8.375613000000001
Kanpur,2026-10-05 13:00:00,2,33.11372008627991,0.0,8.2733767
Kanpur,2026-10-05 14:00:00,2,33.28114261885739,0.0,7.930000800000001
Kanpur,2026-10-05 15:00:00,2,33.10877409122591,0.0,6.849010300000001
Kanpur,2026-10-05 16:00:00,2,32.55226224773775,0.0,5.873916400000001
Kanpur,2026-10-05 17:00:00,2,31.445343754656246,0.0,4.8193572
Kanpur,2026-10-05 18:00:00,2,30.43013966986033,0.0,4.4510322
Kanpur,2026-10-05 19:00:00,2,29.686906913093086,0.0,4.5168257999999994
Kanpur,2026-10-05 20:00:00,2,29.030861369138634,0.0,4.6101606
Kanpur,2026-10-05 21:00:00,2,28.339093060906936,0.0,4.1991484
Kanpur,2026-10-05 22:00:00,2,27.5994938005062,0.0,4.2172987
Kanpur,2026-10-05 23:00:00,2,26.94870725129275,0.0,4.8057718000000005
Kanpur,2026-10-06 00:00:00,3,26.3885169,0.0,5.750032400000001
Kanpur,2026-10-06 01:00:00,3,25.889421000000002,0.0,6.088916
Kanpur,2026-10-06 02:00:00,3,25.5580131,0.0,5.940533400000001
Kanpur,2026-10-06 03:00:00,3,25.320839499999998,0.0,6.350787400000001
Kanpur,2026-10-06 04:00:00,3,25.115895400000003,0.0,6.778767000000001
Kanpur,2026-10-06 05:00:00,3,25.093711199999998,0.0,6.946770600000001
Kanpur,2026-10-06 06:00:00,3,25.3215766,0.0,6.9334055
Kanpur,2026-10-06 07:00:00,3,26.2112617,0.0,7.1499380000000015
Kanpur,2026-10-06 08:00:00,3,27.464127600000005,0.0,7.809021400000002
Kanpur,2026-10-06 09:00:00,3,28.7258079,0.1572,7.7724608
Kanpur,2026-10-06 10:00:00,3,29.738882999999998,0.22215479999999999,8.321369100000002
Kanpur,2026-10-06 11:00:00,3,30.6456436,0.1896774,8.613574900000001
Kanpur,2026-10-06 12:00:00,3,31.462888900000003,0.0393,7.5305398000000014
Kanpur,2026-10-06 13:00:00,3,32.1299307,0.0393,5.649243900000001
Kanpur,2026-10-06 14:00:00,3,32.4802271,0.0393,5.405424100000001
Kanpur,2026-10-06 15:00:00,3,32.3341262,0.0433032,5.4330737000000004
Kanpur,2026-10-06 16:00:00,3,31.921143,0.0,6.182202400000001
Kanpur,2026-10-06 17:00:00,3,31.0579268,0.0,7.355657000000001
Kanpur,2026-10-06 18:00:00,3,30.100231900000004,0.0,7.8480205
Kanpur,2026-10-06 19:00:00,3,29.252969699999998,0.0,8.0838625
Kanpur,2026-10-06 20:00:00,3,28.4937826,0.0,8.0977362
Kanpur,2026-10-06 21:00:00,3,27.7756553,0.0,8.120363900000001
Kanpur,2026-10-06 22:00:00,3,27.184326600000002,0.0,7.905085100000001
Kanpur,2026-10-06 23:00:00,3,26.673490300000005,0.0,7.4028410000000004
Kochi,2026-10-04 00:00:00,1,26.318769600000003,0.3609306609306609,3.8620343
Kochi,2026-10-04 01:00:00,1,26.069344400000002,0.037533237533237535,5.0734355
Kochi,2026-10-04 02:00:00,1,25.7891783,0.05286825286825288,5.4974473
Kochi,2026-10-04 03:00:00,1,25.5070307,0.11977771977771978,5.2136830000000005
Kochi,2026-10-04 04:00:00,1,25.428580200000003,0.0,4.8646481999999995
Kochi,2026-10-04 05:00:00,1,25.4927016,0.018507218507218506,4.5585996
Kochi,2026-10-04 06:00:00,1,25.523169600000003,0.09094999094999094,4.0279226
Kochi,2026-10-04 07:00:00,1,26.208116399999998,0.3051061051061051,3.5839852999999997
Kochi,2026-10-04 08:00:00,1,27.3382335,0.5324851324851325,3.0997471
Kochi,2026-10-04 09:00:00,1,28.654292499999997,0.10363160363160363,3.1093145999999994
Kochi,2026-10-04 10:00:00,1,29.8202032,0.0697893697893698,3.8356231999999997
Kochi,2026-10-04 11:00:00,1,30.661835200000002,0.12105172105172105,5.744183700000001
Kochi,2026-10-04 12:00:00,1,30.87471,0.24241564241564242,8.5293288
Kochi,2026-10-04 13:00:00,1,30.770029799999996,0.19421229421229422,10.0505807
Kochi,2026-10-04 14:00:00,1,30.2626577,0.23204423204423205,10.6103773
Kochi,2026-10-04 15:00:00,1,29.8106207,0.2731962731962732,9.264951900000002
Kochi,2026-10-04 16:00:00,1,29.2640881,0.30600800600800604,7.4720059
Kochi,2026-10-04 17:00:00,1,28.353805299999998,0.6242749242749244,5.717129400000001
Kochi,2026-10-04 18:00:00,1,27.352455,1.0562612562612563,5.4455829
Kochi,2026-10-04 19:00:00,1,26.608271700000003,1.5009122009122011,6.149731300000001
Kochi,2026-10-04 20:00:00,1,25.9331634,1.533924233924234,6.2962868
Kochi,2026-10-04 21:00:00,1,25.3362566,2.648067448067448,7.2054434999999994
Kochi,2026-10-04 22:00:00,1,24.9149956,2.322871822871823,7.4134785
Kochi,2026-10-04 23:00:00,1,24.6572046,0.42734342734342734,6.9664309
Kochi,2026-10-05 00:00:00,2,24.507348999999998,0.6736783,6.4555035
Kochi,2026-10-05 01:00:00,2,24.5299064,0.1847633,5.2177565999999995
Kochi,2026-10-05 02:00:00,2,24.4478333,0.028310500000000002,5.4457965999999995
Kochi,2026-10-05 03:00:00,2,24.3668598,0.009048800000000001,5.081722599999999
Kochi,2026-10-05 04:00:00,2,24.3334325,0.009048800000000001,4.5700575
Kochi,2026-10-05 05:00:00,2,24.4448347,0.009048800000000001,4.0721304
Kochi,2026-10-05 06:00:00,2,24.7115032,0.0,4.0679063
Kochi,2026-10-05 07:00:00,2,25.5650256,0.0,3.8168018999999997
Kochi,2026-10-05 08:00:00,2,26.840843900000003,0.0,3.138978
Kochi,2026-10-05 09:00:00,2,28.284856799999996,0.0,1.6386747
Kochi,2026-10-05 10:00:00,2,29.5223761,0.0,2.7115537000000005
Kochi,2026-10-05 11:00:00,2,30.245080199999997,0.0,5.6846198
Kochi,2026-10-05 12:00:00,2,30.5876401,0.018097600000000002,8.2691935
Kochi,2026-10-05 13:00:00,2,30.1433823,0.018097600000000002,9.7108277
Kochi,2026-10-05 14:00:00,2,30.3230974,0.018097600000000002,10.1023684
Kochi,2026-10-05 15:00:00,2,29.9578537,0.018097600000000002,10.456235900000001
Kochi,2026-10-05 16:00:00,2,29.3394558,0.018097600000000002,9.6252132
Kochi,2026-10-05 17:00:00,2,28.718211500000002,0.018097600000000002,8.5997942
Kochi,2026-10-05 18:00:00,2,27.991417300000002,0.036195200000000004,6.4611966
Kochi,2026-10-05 19:00:00,2,27.592708899999998,0.05463610000000001,5.266311099999999
Kochi,2026-10-05 20:00:00,2,27.3208467,0.1099588,4.333997299999999
Kochi,2026-10-05 21:00:00,2,26.9963416,0.0520211,3.1011852999999996
Kochi,2026-10-05 22:00:00,2,26.754406999999997,0.0520211,3.4259592
Kochi,2026-10-05 23:00:00,2,26.5167524,0.1468406,3.4248215
Kochi,2026-10-06 00:00:00,3,26.21297158702841,0.11972248027751972,3.4165714
Kochi,2026-10-06 01:00:00,3,25.81011828988171,0.7122744877255122,3.9211921
Kochi,2026-10-06 02:00:00,3,25.644239555760446,0.47193282806717196,4.2333457
Kochi,2026-10-06 03:00:00,3,25.487916312083684,0.15047984952015048,4.3984497000000005
Kochi,2026-10-06 04:00:00,3,25.403882796117202,0.0626994373005627,4.324857
Kochi,2026-10-06 05:00:00,3,25.36232153767846,0.02758727241272759,4.2379437
Kochi,2026-10-06 06:00:00,3,25.506587993412005,0.0,3.9897459000000004
Kochi,2026-10-06 07:00:00,3,26.317993182006816,0.0,3.8669177000000006
Kochi,2026-10-06 08:00:00,3,27.60608999391,0.0,4.1358699
Kochi,2026-10-06 09:00:00,3,28.990979509020487,0.0,4.1957507000000005
Kochi,2026-10-06 10:00:00,3,30.324980275019723,0.0,4.699651600000001
Kochi,2026-10-06 11:00:00,3,31.19111710888289,0.0,6.8293964
Kochi,2026-10-06 12:00:00,3,31.372809427190568,0.12786507213492787,9.5322282
Kochi,2026-10-06 13:00:00,3,31.170520729479264,0.12786507213492787,11.687488
Kochi,2026-10-06 14:00:00,3,30.768420831579164,0.12786507213492787,11.7686912
Kochi,2026-10-06 15:00:00,3,30.210710889289107,0.183983916016084,9.529108099999998
Kochi,2026-10-06 16:00:00,3,29.51483958516041,0.183983916016084,7.1815755
Kochi,2026-10-06 17:00:00,3,28.750025349974646,0.2790713209286791,5.8394229
Kochi,2026-10-06 18:00:00,3,27.546535253464743,1.9092894907105094,6.3249176
Kochi,2026-10-06 19:00:00,3,26.63745716254283,1.6620622379377623,7.0220454
Kochi,2026-10-06 20:00:00,3,26.0024470975529,2.498156501843498,7.6174491
Kochi,2026-10-06 21:00:00,3,25.77144762855237,0.6164488835511166,6.2090745
Kochi,2026-10-06 22:00:00,3,25.417036582963412,0.7411984588015413,6.3946803
Kochi,2026-10-06 23:00:00,3,25.249492550507448,0.4266357733642267,6.1448514
Kolkata,2026-10-04 00:00:00,1,27.781570799999997,0.0,6.547522252477748
Kolkata,2026-10-04 01:00:00,1,27.470083600000002,0.0,6.308385391614609
Kolkata,2026-10-04 02:00:00,1,27.237162299999998,0.0,6.235477364522636
Kolkata,2026-10-04 03:00:00,1,27.0751293,0.0,6.208450091549908
Kolkata,2026-10-04 04:00:00,1,26.995720000000002,0.0,6.350799649200351
Kolkata,2026-10-04 05:00:00,1,27.1050653,0.0,5.019059180940819
Kolkata,2026-10-04 06:00:00,1,27.6579076,0.016422700000000002,5.000444099555901
Kolkata,2026-10-04 07:00:00,1,28.899757300000005,0.016422700000000002,5.074062325937675
Kolkata,2026-10-04 08:00:00,1,30.2037196,0.016422700000000002,4.951050448949551
Kolkata,2026-10-04 09:00:00,1,31.5218914,0.016422700000000002,4.412257287742713
Kolkata,2026-10-04 10:00:00,1,32.6345983,0.016422700000000002,4.087858612141388
Kolkata,2026-10-04 11:00:00,1,33.3895257,0.016422700000000002,4.276935623064377
Kolkata,2026-10-04 12:00:00,1,33.772539699999996,0.0584928,5.04015225984774
Kolkata,2026-10-04 13:00:00,1,34.0018392,0.0,5.865589734410265
Kolkata,2026-10-04 14:00:00,1,33.7336685,0.0584928,6.5850220149779854
Kolkata,2026-10-04 15:00:00,1,33.1216992,0.019497600000000004,6.633592566407434
Kolkata,2026-10-04 16:00:00,1,32.4170635,0.03899520000000001,6.170746029253971
Kolkata,2026-10-04 17:00:00,1,31.611852499999998,0.0584928,5.484938715061285
Kolkata,2026-10-04 18:00:00,1,30.9107857,0.03899520000000001,4.612166787833212
Kolkata,2026-10-04 19:00:00,1,30.300232299999998,0.03787080000000001,5.171462128537872
Kolkata,2026-10-04 20:00:00,1,29.6513159,0.0,5.445408954591046
Kolkata,2026-10-04 21:00:00,1,29.098971499999998,0.019497600000000004,4.995264904735095
Kolkata,2026-10-04 22:00:00,1,28.477314,0.019497600000000004,5.535993564006437
Kolkata,2026-10-04 23:00:00,1,28.067256999999998,0.0,5.285196514803485
Kolkata,2026-10-05 00:00:00,2,27.678395700000003,0.0,5.061085338914661
Kolkata,2026-10-05 01:00:00,2,27.346249800000002,0.0,5.279752620247381
Kolkata,2026-10-05 02:00:00,2,27.0776763,0.0,5.902833197166803
Kolkata,2026-10-05 03:00:00,2,26.817618599999996,0.0,6.051788648211351
Kolkata,2026-10-05 04:00:00,2,26.610252199999998,0.0,5.891701008298991
Kolkata,2026-10-05 05:00:00,2,26.5333166,0.0,5.308987791012209
Kolkata,2026-10-05 06:00:00,2,27.2085364,0.0,4.8822716177283825
Kolkata,2026-10-05 07:00:00,2,28.7485453,0.0,4.900124899875101
Kolkata,2026-10-05 08:00:00,2,30.341503699999997,0.0,4.872673427326573
Kolkata,2026-10-05 09:00:00,2,31.736193699999998,0.0,4.898464601535398
Kolkata,2026-10-05 10:00:00,2,32.8235876,0.0,4.803328896671103
Kolkata,2026-10-05 11:00:00,2,33.5061451,0.0,5.405640494359506
Kolkata,2026-10-05 12:00:00,2,33.7125802,0.3942081057918941,6.353850746149254
Kolkata,2026-10-05 13:00:00,2,33.6818949,0.1028368971631028,6.597368902631098
Kolkata,2026-10-05 14:00:00,2,33.720193699999996,0.0,6.724792075207925
Kolkata,2026-10-05 15:00:00,2,33.3641848,0.0,6.48968381031619
Kolkata,2026-10-05 16:00:00,2,32.5617769,0.0,5.926924973075027
Kolkata,2026-10-05 17:00:00,2,31.3775889,0.03865916134083866,5.490996409003591
Kolkata,2026-10-05 18:00:00,2,30.5530211,0.03865916134083866,5.5556131443868555
Kolkata,2026-10-05 19:00:00,2,29.786866499999995,0.0,5.536502963497037
Kolkata,2026-10-05 20:00:00,2,29.182748200000002,0.0,4.748306851693148
Kolkata,2026-10-05 21:00:00,2,28.6671525,0.0,4.17957272042728
Kolkata,2026-10-05 22:00:00,2,28.143629699999995,0.0,4.4356005643994365
Kolkata,2026-10-05 23:00:00,2,27.6031202,0.0,5.23002276997723
Kolkata,2026-10-06 00:00:00,3,27.199716600283402,0.0,5.0460947
Kolkata,2026-10-06 01:00:00,3,26.92887267112733,0.0,4.970025000000001
Kolkata,2026-10-06 02:00:00,3,26.673349926650076,0.0,4.839224300000001
Kolkata,2026-10-06 03:00:00,3,26.36610053389947,0.0,4.735653900000001
Kolkata,2026-10-06 04:00:00,3,26.135247364752637,0.0,4.5544206
Kolkata,2026-10-06 05:00:00,3,26.12040517959482,0.0,3.9167111000000006
Kolkata,2026-10-06 06:00:00,3,26.845047054952943,0.0,3.5453632
Kolkata,2026-10-06 07:00:00,3,28.27849542150458,0.0,3.6495760000000006
Kolkata,2026-10-06 08:00:00,3,29.973815326184674,0.0,3.335465
Kolkata,2026-10-06 09:00:00,3,31.453027246972756,0.0,2.9520687
Kolkata,2026-10-06 10:00:00,3,32.508380091619905,0.0,2.5728581000000004
Kolkata,2026-10-06 11:00:00,3,33.28389221610779,0.0,2.5031498
Kolkata,2026-10-06 12:00:00,3,33.582848717151286,0.036494000000000006,2.9115423000000002
Kolkata,2026-10-06 13:00:00,3,33.333893766106236,0.09740330000000003,4.282308199999999
Kolkata,2026-10-06 14:00:00,3,33.05736024263976,0.17628140000000003,4.985597100000001
Kolkata,2026-10-06 15:00:00,3,32.436922463077536,0.11847100000000002,4.3405529000000005
Kolkata,2026-10-06 16:00:00,3,31.939114060885935,0.1257816,4.3239825
Kolkata,2026-10-06 17:00:00,3,31.0983934016066,0.10019450000000002,5.1198923
Kolkata,2026-10-06 18:00:00,3,30.412280687719313,0.0,5.7990981
Kolkata,2026-10-06 19:00:00,3,29.709017390982613,0.0,5.9145201
Kolkata,2026-10-06 20:00:00,3,28.990818009181993,0.0,6.617729700000001
Kolkata,2026-10-06 21:00:00,3,28.372259927740075,0.018247000000000003,7.011674400000001
Kolkata,2026-10-06 22:00:00,3,27.819269680730322,0.018247000000000003,6.515729
Kolkata,2026-10-06 23:00:00,3,27.43419626580373,0.018247000000000003,6.0685348
Kota,2026-10-04 00:00:00,1,26.2741381,0.0,9.4982225
Kota,2026-10-04 01:00:00,1,25.8855491,0.0,9.898894700000001
Kota,2026-10-04 02:00:00,1,25.402335000000004,0.0,10.0535492
Kota,2026-10-04 03:00:00,1,25.029449200000002,0.0,10.0982985
Kota,2026-10-04 04:00:00,1,24.818362599999997,0.0,10.2762189
Kota,2026-10-04 05:00:00,1,25.039507,0.0,10.0940346
Kota,2026-10-04 06:00:00,1,24.9085355,0.0,9.201073800000001
Kota,2026-10-04 07:00:00,1,26.1621194,0.0,8.0139932
Kota,2026-10-04 08:00:00,1,28.424091100000002,0.0,8.229086600000002
Kota,2026-10-04 09:00:00,1,30.620126,0.0,8.983236600000001
Kota,2026-10-04 10:00:00,1,32.6638748,0.0,9.364645
Kota,2026-10-04 11:00:00,1,34.2788735,0.0,9.656118500000002
Kota,2026-10-04 12:00:00,1,35.4206898,0.0,9.2372369
Kota,2026-10-04 13:00:00,1,36.0915217,0.0,8.3908785
Kota,2026-10-04 14:00:00,1,36.35015,0.0,7.647698699999999
Kota,2026-10-04 15:00:00,1,36.141194399999996,0.0,7.0134241
Kota,2026-10-04 16:00:00,1,35.5041992,0.0,6.307592099999999
Kota,2026-10-04 17:00:00,1,34.1348007,0.0,5.823911200000001
Kota,2026-10-04 18:00:00,1,32.3423153,0.0,6.5541764
Kota,2026-10-04 19:00:00,1,30.8102917,0.0,7.9998127000000006
Kota,2026-10-04 20:00:00,1,29.6202978,0.0,9.863292499999998
Kota,2026-10-04 21:00:00,1,28.761782099999998,0.0,10.8658509
Kota,2026-10-04 22:00:00,1,27.952463499999997,0.0,11.887034700000001
Kota,2026-10-04 23:00:00,1,27.438035900000003,0.0,12.396619600000001
Kota,2026-10-05 00:00:00,2,26.8679177,0.0,12.3322496
Kota,2026-10-05 01:00:00,2,26.3342825,0.0,12.372233900000001
Kota,2026-10-05 02:00:00,2,25.9262999,0.0,11.893287699999998
Kota,2026-10-05 03:00:00,2,25.401759499999997,0.0,11.183345900000003
Kota,2026-10-05 04:00:00,2,24.926537899999996,0.0,10.2064633
Kota,2026-10-05 05:00:00,2,24.555928299999998,0.0,9.2208374
Kota,2026-10-05 06:00:00,2,24.4171903,0.0,8.414664
Kota,2026-10-05 07:00:00,2,25.636177,0.0,8.032572
Kota,2026-10-05 08:00:00,2,28.027546400000002,0.0,8.831854700000001
Kota,2026-10-05 09:00:00,2,30.4613934,0.0,9.695695200000001
Kota,2026-10-05 10:00:00,2,32.615566400000006,0.0,10.1584866
Kota,2026-10-05 11:00:00,2,34.3481571,0.0,10.243087399999999
Kota,2026-10-05 12:00:00,2,35.474957700000004,0.0,9.9259031
Kota,2026-10-05 13:00:00,2,36.1608061,0.0,9.3865568
Kota,2026-10-05 14:00:00,2,36.403607400000006,0.0,8.5958457
Kota,2026-10-05 15:00:00,2,36.1407365,0.0,7.6199787
Kota,2026-10-05 16:00:00,2,35.4424832,0.0,6.786873
Kota,2026-10-05 17:00:00,2,33.9297737,0.0,6.0496323
Kota,2026-10-05 18:00:00,2,32.0667834,0.0,6.7090009
Kota,2026-10-05 19:00:00,2,30.5321572,0.0,8.3519005
Kota,2026-10-05 20:00:00,2,29.437671499999997,0.0,10.334351600000003
Kota,2026-10-05 21:00:00,2,28.4831258,0.0,11.3526004
Kota,2026-10-05 22:00:00,2,27.7532638,0.0,11.6580677
Kota,2026-10-05 23:00:00,2,26.972131500000003,0.0,11.5780435
Kota,2026-10-06 00:00:00,3,26.47346997346997,0.0,11.876008476008478
Kota,2026-10-06 01:00:00,3,25.926542326542325,0.0,11.396586796586796
Kota,2026-10-06 02:00:00,3,25.373591573591572,0.0,10.88870868870869
Kota,2026-10-06 03:00:00,3,24.79303709303709,0.0,9.647413247413246
Kota,2026-10-06 04:00:00,3,24.252396252396245,0.0,8.372562072562072
Kota,2026-10-06 05:00:00,3,23.9046086046086,0.0,7.302734302734303
Kota,2026-10-06 06:00:00,3,23.925576325576323,0.0,6.687940687940687
Kota,2026-10-06 07:00:00,3,25.04272514272514,0.0,6.048605848605848
Kota,2026-10-06 08:00:00,3,27.37056817056817,0.0,5.936561936561937
Kota,2026-10-06 09:00:00,3,29.71620171620171,0.0,6.7094378094378095
Kota,2026-10-06 10:00:00,3,31.823525223525223,0.0,7.823780423780423
Kota,2026-10-06 11:00:00,3,33.52240102240102,0.0,8.684922284922285
Kota,2026-10-06 12:00:00,3,34.664202164202166,0.0,8.878968478968478
Kota,2026-10-06 13:00:00,3,35.33180093180093,0.0,8.706982506982508
Kota,2026-10-06 14:00:00,3,35.60985270985271,0.0,8.154755554755553
Kota,2026-10-06 15:00:00,3,35.34189374189374,0.0,7.616133916133916
Kota,2026-10-06 16:00:00,3,34.65670405670406,0.0,7.283715283715283
Kota,2026-10-06 17:00:00,3,33.37939157939158,0.0,6.590897890897891
Kota,2026-10-06 18:00:00,3,31.69021369021369,0.0,6.060961060961061
Kota,2026-10-06 19:00:00,3,30.179376379376375,0.0,5.821314321314321
Kota,2026-10-06 20:00:00,3,28.905735005735004,0.0,6.587154687154686
Kota,2026-10-06 21:00:00,3,27.78223898223898,0.0,7.229117429117428
Kota,2026-10-06 22:00:00,3,26.924280924280925,0.0,7.6771858771858765
Kota,2026-10-06 23:00:00,3,26.147477347477345,0.0,7.764261964261964
Lucknow,2026-10-04 00:00:00,1,26.094477400000002,0.0,3.8993198
Lucknow,2026-10-04 01:00:00,1,25.5880522,0.0,4.4745126
Lucknow,2026-10-04 02:00:00,1,25.2363941,0.0,4.4437808
Lucknow,2026-10-04 03:00:00,1,24.889443400000005,0.0,4.3426236
Lucknow,2026-10-04 04:00:00,1,24.6256852,0.0,3.9461963000000004
Lucknow,2026-10-04 05:00:00,1,24.7203485,0.0,4.5100202
Lucknow,2026-10-04 06:00:00,1,24.973678800000002,0.0,5.159500199999999
Lucknow,2026-10-04 07:00:00,1,26.3708674,0.0,5.4158799
Lucknow,2026-10-04 08:00:00,1,28.2623012,0.0,5.9020452
Lucknow,2026-10-04 09:00:00,1,29.997564599999997,0.0,6.554956299999999
Lucknow,2026-10-04 10:00:00,1,31.3615837,0.0,6.6562057999999995
Lucknow,2026-10-04 11:00:00,1,32.3897918,0.0,6.714190400000001
Lucknow,2026-10-04 12:00:00,1,33.068789100000004,0.0,6.2396891000000005
Lucknow,2026-10-04 13:00:00,1,33.4153738,0.0,6.640242599999999
Lucknow,2026-10-04 14:00:00,1,33.529583099999996,0.0,6.949125
Lucknow,2026-10-04 15:00:00,1,33.344896899999995,0.0,6.6723657
Lucknow,2026-10-04 16:00:00,1,32.762894800000005,0.0,5.982295000000001
Lucknow,2026-10-04 17:00:00,1,31.618596,0.0,4.783809
Lucknow,2026-10-04 18:00:00,1,30.5895836,0.0,4.2653378
Lucknow,2026-10-04 19:00:00,1,29.661357999999996,0.0,4.4348005
Lucknow,2026-10-04 20:00:00,1,28.9225803,0.0,4.4586120000000005
Lucknow,2026-10-04 21:00:00,1,28.238949299999994,0.0,3.8700712999999998
Lucknow,2026-10-04 22:00:00,1,27.6690383,0.0,3.3541342
Lucknow,2026-10-04 23:00:00,1,27.1846778,0.0,3.2828841
Lucknow,2026-10-05 00:00:00,2,26.708967408967407,0.0,3.8292508
Lucknow,2026-10-05 01:00:00,2,26.279445179445183,0.0,4.043636
Lucknow,2026-10-05 02:00:00,2,25.742656342656343,0.0,4.363468
Lucknow,2026-10-05 03:00:00,2,25.347777547777547,0.0,4.5785265
Lucknow,2026-10-05 04:00:00,2,25.00668690668691,0.0,4.3842985
Lucknow,2026-10-05 05:00:00,2,24.97103657103657,0.0,4.8835035
Lucknow,2026-10-05 06:00:00,2,25.2968598968599,0.0,5.042744000000001
Lucknow,2026-10-05 07:00:00,2,26.517898617898616,0.0,5.70025
Lucknow,2026-10-05 08:00:00,2,28.24977624977625,0.0,6.0014453
Lucknow,2026-10-05 09:00:00,2,29.847925447925448,0.0,6.3686977
Lucknow,2026-10-05 10:00:00,2,31.250951650951652,0.0,6.6124122
Lucknow,2026-10-05 11:00:00,2,32.23670943670944,0.0,6.8014576
Lucknow,2026-10-05 12:00:00,2,32.84311704311704,0.0,5.9462817
Lucknow,2026-10-05 13:00:00,2,32.95950335950336,0.12004472004472005,6.693952400000001
Lucknow,2026-10-05 14:00:00,2,32.32844382844383,0.18095198095198098,8.2717787
Lucknow,2026-10-05 15:00:00,2,32.12232382232382,0.033247433247433254,7.258874399999999
Lucknow,2026-10-05 16:00:00,2,31.68743708743709,0.0,6.3497246999999994
Lucknow,2026-10-05 17:00:00,2,30.755635555635557,0.0,5.2278533000000005
Lucknow,2026-10-05 18:00:00,2,29.744068944068943,0.0,5.7027842
Lucknow,2026-10-05 19:00:00,2,28.84872484872485,0.0,6.894299800000001
Lucknow,2026-10-05 20:00:00,2,28.18125058125058,0.0,6.7555038
Lucknow,2026-10-05 21:00:00,2,27.624360924360925,0.0,7.423429799999999
Lucknow,2026-10-05 22:00:00,2,27.103820203820202,0.0,7.9321665999999995
Lucknow,2026-10-05 23:00:00,2,26.68062348062348,0.0,7.608105199999999
Lucknow,2026-10-06 00:00:00,3,26.3884717,0.0,6.334536865463136
Lucknow,2026-10-06 01:00:00,3,26.122830500000003,0.0,7.002372997627003
Lucknow,2026-10-06 02:00:00,3,25.7474989,0.0,7.123487276512724
Lucknow,2026-10-06 03:00:00,3,25.4361637,0.0,7.219269780730219
Lucknow,2026-10-06 04:00:00,3,25.193016800000002,0.0,7.426881973118027
Lucknow,2026-10-06 05:00:00,3,25.1244844,0.0,7.421808878191122
Lucknow,2026-10-06 06:00:00,3,25.4381524,0.0,8.123679976320023
Lucknow,2026-10-06 07:00:00,3,26.451734799999997,0.0,9.721705678294322
Lucknow,2026-10-06 08:00:00,3,27.783112099999997,0.0,10.497065002934999
Lucknow,2026-10-06 09:00:00,3,28.8640636,0.2667100667100667,10.354951045048956
Lucknow,2026-10-06 10:00:00,3,29.5866712,0.3419441419441419,9.253385346614655
Lucknow,2026-10-06 11:00:00,3,30.0933915,0.6145489145489145,8.942428457571543
Lucknow,2026-10-06 12:00:00,3,30.7769044,0.18206728206728207,7.813463686536313
Lucknow,2026-10-06 13:00:00,3,31.3421891,0.18206728206728207,7.302268297731702
Lucknow,2026-10-06 14:00:00,3,31.579679099999996,0.18206728206728207,6.877767422232578
Lucknow,2026-10-06 15:00:00,3,31.3262177,0.0938050938050938,6.466983733016267
Lucknow,2026-10-06 16:00:00,3,30.7943354,0.04364904364904365,6.651727748272252
Lucknow,2026-10-06 17:00:00,3,29.9497519,0.04364904364904365,6.753416346583653
Lucknow,2026-10-06 18:00:00,3,29.1288664,0.0,6.598366901633098
Lucknow,2026-10-06 19:00:00,3,28.4849922,0.0,6.33006956993043
Lucknow,2026-10-06 20:00:00,3,27.889483999999996,0.017688117688117688,5.984289015710985
Lucknow,2026-10-06 21:00:00,3,27.2516211,0.017688117688117688,6.1687706312293695
Lucknow,2026-10-06 22:00:00,3,26.6639349,0.0,6.638464361535639
Lucknow,2026-10-06 23:00:00,3,26.2704249,0.0,6.751723948276052
Ludhiana,2026-10-04 00:00:00,1,25.979278479278477,0.0,3.6391525000000002
Ludhiana,2026-10-04 01:00:00,1,25.210968010968013,0.0,3.4294593000000004
Ludhiana,2026-10-04 02:00:00,1,24.584952184952186,0.0,3.5382107000000005
Ludhiana,2026-10-04 03:00:00,1,24.060495760495762,0.0,3.7122980000000005
Ludhiana,2026-10-04 04:00:00,1,23.630459530459532,0.0,3.3244151
Ludhiana,2026-10-04 05:00:00,1,23.803367203367205,0.0,2.7796981
Ludhiana,2026-10-04 06:00:00,1,23.76701066701067,0.0,2.7048441
Ludhiana,2026-10-04 07:00:00,1,25.214400014400013,0.0,2.1885679000000002
Ludhiana,2026-10-04 08:00:00,1,27.63435493435494,0.0,2.5989319
Ludhiana,2026-10-04 09:00:00,1,30.12886052886053,0.0,2.9280414000000006
Ludhiana,2026-10-04 10:00:00,1,32.1057266057266,0.0,2.5389260000000005
Ludhiana,2026-10-04 11:00:00,1,33.63807803807804,0.0,2.928166
Ludhiana,2026-10-04 12:00:00,1,34.714533814533816,0.0,3.3089687
Ludhiana,2026-10-04 13:00:00,1,35.32678332678333,0.0,3.8992404
Ludhiana,2026-10-04 14:00:00,1,35.539068639068645,0.0,5.2425502
Ludhiana,2026-10-04 15:00:00,1,35.35809315809316,0.0,5.9183782
Ludhiana,2026-10-04 16:00:00,1,34.914286414286416,0.0,6.440145
Ludhiana,2026-10-04 17:00:00,1,33.806172906172904,0.0,6.4247415
Ludhiana,2026-10-04 18:00:00,1,31.959642359642363,0.0,6.5754017
Ludhiana,2026-10-04 19:00:00,1,30.57324597324598,0.0,6.3028628
Ludhiana,2026-10-04 20:00:00,1,29.404120004120003,0.0,5.6543959
Ludhiana,2026-10-04 21:00:00,1,28.37474507474508,0.0,4.1320282
Ludhiana,2026-10-04 22:00:00,1,27.52253462253462,0.0,3.7193446999999997
Ludhiana,2026-10-04 23:00:00,1,26.831060031060034,0.0,3.8797332
Ludhiana,2026-10-05 00:00:00,2,26.17871947871948,0.0,4.140393
Ludhiana,2026-10-05 01:00:00,2,25.4980812980813,0.0,4.2343497999999995
Ludhiana,2026-10-05 02:00:00,2,24.84301324301324,0.0,4.113254899999999
Ludhiana,2026-10-05 03:00:00,2,24.374101574101573,0.0,3.8169337000000008
Ludhiana,2026-10-05 04:00:00,2,24.000144000144,0.0,3.2020822
Ludhiana,2026-10-05 05:00:00,2,23.769895469895474,0.0,3.088001
Ludhiana,2026-10-05 06:00:00,2,23.9982043982044,0.0,3.5708056
Ludhiana,2026-10-05 07:00:00,2,25.34470774470774,0.0,4.007406899999999
Ludhiana,2026-10-05 08:00:00,2,27.69398949398949,0.0,4.4363446
Ludhiana,2026-10-05 09:00:00,2,30.249417949417946,0.0,5.2528730999999995
Ludhiana,2026-10-05 10:00:00,2,32.408005108005106,0.0,4.8682474000000004
Ludhiana,2026-10-05 11:00:00,2,33.982562282562284,0.0,5.1889744
Ludhiana,2026-10-05 12:00:00,2,35.03111353111353,0.0,5.277276700000001
Ludhiana,2026-10-05 13:00:00,2,35.63351683351683,0.0,5.381482500000001
Ludhiana,2026-10-05 14:00:00,2,35.83040123040123,0.0,5.7512991
Ludhiana,2026-10-05 15:00:00,2,35.80936960936961,0.0,6.0162502
Ludhiana,2026-10-05 16:00:00,2,35.39277379277379,0.0,6.4062732
Ludhiana,2026-10-05 17:00:00,2,34.25953045953045,0.0,6.688366799999999
Ludhiana,2026-10-05 18:00:00,2,32.34834044834045,0.0,6.6904917
Ludhiana,2026-10-05 19:00:00,2,30.77345147345147,0.0,5.7788489
Ludhiana,2026-10-05 20:00:00,2,29.446843746843747,0.0,6.8706089
Ludhiana,2026-10-05 21:00:00,2,28.396475396475395,0.0,8.0381515
Ludhiana,2026-10-05 22:00:00,2,27.534837234837234,0.0,7.706710300000001
Ludhiana,2026-10-05 23:00:00,2,26.86022366022366,0.0,7.7050942
Ludhiana,2026-10-06 00:00:00,3,26.250379949620054,0.0,7.630367800000001
Ludhiana,2026-10-06 01:00:00,3,25.67357762642238,0.0,7.5582432
Ludhiana,2026-10-06 02:00:00,3,25.18405131594869,0.0,7.7633965
Ludhiana,2026-10-06 03:00:00,3,24.76290263709737,0.0,7.4630201000000005
Ludhiana,2026-10-06 04:00:00,3,24.475452324547682,0.0,7.552392700000001
Ludhiana,2026-10-06 05:00:00,3,24.37523352476648,0.0,7.9446657
Ludhiana,2026-10-06 06:00:00,3,24.455484044515956,0.0,8.225297999999999
Ludhiana,2026-10-06 07:00:00,3,25.52759857240143,0.0,8.735621000000002
Ludhiana,2026-10-06 08:00:00,3,27.476672323327676,0.0,10.2025986
Ludhiana,2026-10-06 09:00:00,3,29.66748703251297,0.0,10.4643534
Ludhiana,2026-10-06 10:00:00,3,31.63656596343404,0.0,10.7750337
Ludhiana,2026-10-06 11:00:00,3,33.28223871776128,0.0,9.9571764
Ludhiana,2026-10-06 12:00:00,3,34.42049407950592,0.0,9.023088999999999
Ludhiana,2026-10-06 13:00:00,3,35.13206056793943,0.0,7.667116
Ludhiana,2026-10-06 14:00:00,3,35.02703147296853,0.10530709469290529,6.5549969
Ludhiana,2026-10-06 15:00:00,3,34.647402852597146,0.035102364897635095,6.6626955
Ludhiana,2026-10-06 16:00:00,3,34.43563366436634,0.0,7.120849100000001
Ludhiana,2026-10-06 17:00:00,3,33.03064496935504,0.052653547346452646,6.305825799999999
Ludhiana,2026-10-06 18:00:00,3,31.570310129689876,0.0,6.8094937
Ludhiana,2026-10-06 19:00:00,3,30.441217958782048,0.0,8.7607725
Ludhiana,2026-10-06 20:00:00,3,29.41891568108432,0.0,10.0038011
Ludhiana,2026-10-06 21:00:00,3,28.20130839869161,0.0,9.886155200000001
Ludhiana,2026-10-06 22:00:00,3,27.212905887094117,0.0,10.2035325
Ludhiana,2026-10-06 23:00:00,3,26.412016987983016,0.0,10.109646
Madurai,2026-10-04 00:00:00,1,25.871712728287267,0.3789728579457159,3.4171917
Madurai,2026-10-04 01:00:00,1,25.559794440205557,0.31247992495984994,3.6521209
Madurai,2026-10-04 02:00:00,1,25.305961694038302,0.046508193016386035,4.9707118999999995
Madurai,2026-10-04 03:00:00,1,25.047985952014045,0.029917859835719676,5.1143795999999995
Madurai,2026-10-04 04:00:00,1,24.907694892305102,0.029917859835719676,4.4496827
Madurai,2026-10-04 05:00:00,1,25.315437884562108,0.08009446018892037,4.1799028
Madurai,2026-10-04 06:00:00,1,25.52303607696392,0.0,3.3473897
Madurai,2026-10-04 07:00:00,1,26.85121204878795,0.0,3.1911591
Madurai,2026-10-04 08:00:00,1,28.312981987018006,0.0,3.0504588
Madurai,2026-10-04 09:00:00,1,29.7062622937377,0.016590333180666363,4.4506521
Madurai,2026-10-04 10:00:00,1,30.832766567233428,0.016590333180666363,5.1151577
Madurai,2026-10-04 11:00:00,1,31.797165002834994,0.016590333180666363,4.8743654
Madurai,2026-10-04 12:00:00,1,32.64149635850363,0.0,5.7042458
Madurai,2026-10-04 13:00:00,1,32.59538890461109,0.439741679483359,7.8117297
Madurai,2026-10-04 14:00:00,1,31.730276769723226,0.8275155550311102,10.4321222
Madurai,2026-10-04 15:00:00,1,31.372987327012666,0.25023250046500095,9.4587354
Madurai,2026-10-04 16:00:00,1,30.909912690087303,0.18413946827893657,8.8698356
Madurai,2026-10-04 17:00:00,1,30.061084738915255,0.1659033318066636,8.4334828
Madurai,2026-10-04 18:00:00,1,29.029355070644925,0.14768159536319073,7.1022967
Madurai,2026-10-04 19:00:00,1,28.18604691395308,0.14768159536319073,6.107417000000001
Madurai,2026-10-04 20:00:00,1,27.47175262824737,0.14768159536319073,6.494366
Madurai,2026-10-04 21:00:00,1,26.678647921352074,0.24911639823279644,5.9873419000000005
Madurai,2026-10-04 22:00:00,1,26.359302640697354,0.13203766407532813,4.9227857
Madurai,2026-10-04 23:00:00,1,26.1049640950359,0.24911639823279644,5.73552
Madurai,2026-10-05 00:00:00,2,25.7054011,0.03486223486223486,4.846636646636646
Madurai,2026-10-05 01:00:00,2,25.3857511,0.0,3.9988376988376984
Madurai,2026-10-05 02:00:00,2,25.1603552,0.0,3.8073694073694067
Madurai,2026-10-05 03:00:00,2,24.9303602,0.0,3.025940225940226
Madurai,2026-10-05 04:00:00,2,24.7799924,0.01743111743111743,2.7173554173554173
Madurai,2026-10-05 05:00:00,2,24.6898279,0.0,2.226251026251026
Madurai,2026-10-05 06:00:00,2,25.0220511,0.0,2.1677449677449676
Madurai,2026-10-05 07:00:00,2,26.320328999999997,0.0,2.008128408128408
Madurai,2026-10-05 08:00:00,2,28.0181707,0.0,2.288054688054688
Madurai,2026-10-05 09:00:00,2,29.6166952,0.016683216683216685,1.795498995498995
Madurai,2026-10-05 10:00:00,2,31.0665622,0.016683216683216685,1.4812013812013811
Madurai,2026-10-05 11:00:00,2,32.3067899,0.016683216683216685,2.6073910073910076
Madurai,2026-10-05 12:00:00,2,33.2278175,0.032031632031632035,3.6164599164599163
Madurai,2026-10-05 13:00:00,2,33.7312929,0.032031632031632035,4.76010806010806
Madurai,2026-10-05 14:00:00,2,34.1918395,0.032031632031632035,6.310562110562111
Madurai,2026-10-05 15:00:00,2,33.814269,0.13213093213093213,7.154543854543854
Madurai,2026-10-05 16:00:00,2,33.2346157,0.13213093213093213,6.955773755773755
Madurai,2026-10-05 17:00:00,2,32.0352289,0.13213093213093213,9.014696514696514
Madurai,2026-10-05 18:00:00,2,30.218902399999997,0.12946132946132946,10.841556641556641
Madurai,2026-10-05 19:00:00,2,29.018645900000003,0.14613634613634613,9.550499950499947
Madurai,2026-10-05 20:00:00,2,28.0295676,0.3795865795865796,7.664515064515063
Madurai,2026-10-05 21:00:00,2,27.3064735,0.4629288629288629,5.346587446587446
Madurai,2026-10-05 22:00:00,2,26.725355200000003,0.3632755632755633,4.4595966595966585
Madurai,2026-10-05 23:00:00,2,26.2094981,0.3662999662999663,4.314321114321114
Madurai,2026-10-06 00:00:00,3,25.763388163388164,0.48956891043108947,4.157238642761357
Madurai,2026-10-06 01:00:00,3,25.530640330640335,0.06547953452046548,4.228101671898328
Madurai,2026-10-06 02:00:00,3,25.323957323957327,0.04844075155924843,3.337928562071438
Madurai,2026-10-06 03:00:00,3,25.155607155607157,0.03151256848743151,3.7219299780700217
Madurai,2026-10-06 04:00:00,3,25.053201953201953,0.03151256848743151,3.6717326282673715
Madurai,2026-10-06 05:00:00,3,25.091378791378794,0.03151256848743151,3.7914862085137915
Madurai,2026-10-06 06:00:00,3,25.442628942628946,0.0,3.909616990383009
Madurai,2026-10-06 07:00:00,3,26.752005452005452,0.0,4.3269698730301265
Madurai,2026-10-06 08:00:00,3,28.46924546924547,0.0,4.3847684152315844
Madurai,2026-10-06 09:00:00,3,30.173989173989174,0.0,4.324556475443524
Madurai,2026-10-06 10:00:00,3,31.65713115713116,0.0,5.109462990537009
Madurai,2026-10-06 11:00:00,3,32.754301654301656,0.0,6.245860654139345
Madurai,2026-10-06 12:00:00,3,33.4966182966183,0.03151256848743151,7.2842417157582835
Madurai,2026-10-06 13:00:00,3,33.92310802310803,0.03151256848743151,8.239498660501338
Madurai,2026-10-06 14:00:00,3,33.999325099325105,0.03151256848743151,9.047448252551746
Madurai,2026-10-06 15:00:00,3,33.570290670290674,0.2738332261667738,9.639898060101938
Madurai,2026-10-06 16:00:00,3,32.5965006965007,0.2738332261667738,10.611208588791408
Madurai,2026-10-06 17:00:00,3,31.04912564912565,0.2908720091279908,12.664370235629761
Madurai,2026-10-06 18:00:00,3,29.6979054979055,0.43501696498303494,10.053132946867052
Madurai,2026-10-06 19:00:00,3,28.56824506824507,0.43501696498303494,8.524064075935922
Madurai,2026-10-06 20:00:00,3,27.665604165604165,0.43501696498303494,6.141638958361042
Madurai,2026-10-06 21:00:00,3,27.052671252671253,0.4037602962397037,4.864860635139364
Madurai,2026-10-06 22:00:00,3,26.559632259632263,0.45487664512335485,4.869758930241069
Madurai,2026-10-06 23:00:00,3,26.263719863719864,0.42079907920092074,4.015183584816414
Mumbai,2026-10-04 00:00:00,1,28.861405100000002,0.0,4.863079900000001
Mumbai,2026-10-04 01:00:00,1,28.113658299999997,0.0,5.1107058
Mumbai,2026-10-04 02:00:00,1,27.456990700000002,0.0,5.0044645999999995
Mumbai,2026-10-04 03:00:00,1,26.973095400000005,0.0,4.994754200000001
Mumbai,2026-10-04 04:00:00,1,26.6471515,0.0,5.0657422
Mumbai,2026-10-04 05:00:00,1,26.4507526,0.0,5.2181101000000005
Mumbai,2026-10-04 06:00:00,1,26.224254799999997,0.0,4.931619800000001
Mumbai,2026-10-04 07:00:00,1,26.756350100000002,0.0,4.8650883
Mumbai,2026-10-04 08:00:00,1,28.249193,0.0,4.7742295
Mumbai,2026-10-04 09:00:00,1,30.2350329,0.0,5.529897500000001
Mumbai,2026-10-04 10:00:00,1,31.910219299999998,0.0,6.9087425
Mumbai,2026-10-04 11:00:00,1,33.1767747,0.0,7.1325259999999995
Mumbai,2026-10-04 12:00:00,1,34.052296299999995,0.0,6.764177
Mumbai,2026-10-04 13:00:00,1,34.5748677,0.0,7.339846400000001
Mumbai,2026-10-04 14:00:00,1,34.6948491,0.0,8.7341557
Mumbai,2026-10-04 15:00:00,1,34.493971699999996,0.0,10.0899506
Mumbai,2026-10-04 16:00:00,1,34.0347826,0.0,11.2781505
Mumbai,2026-10-04 17:00:00,1,33.2045873,0.0,12.2395985
Mumbai,2026-10-04 18:00:00,1,32.0969232,0.0,12.0612916
Mumbai,2026-10-04 19:00:00,1,31.1640615,0.0,10.5916381
Mumbai,2026-10-04 20:00:00,1,30.3611909,0.0,9.0908267
Mumbai,2026-10-04 21:00:00,1,29.635073600000002,0.0,7.2578744
Mumbai,2026-10-04 22:00:00,1,29.0689288,0.0,5.6301608
Mumbai,2026-10-04 23:00:00,1,28.5781838,0.0,4.8361201000000005
Mumbai,2026-10-05 00:00:00,2,28.128618771381227,0.0,4.634955334955334
Mumbai,2026-10-05 01:00:00,2,27.589405010594984,0.0,4.620972220972221
Mumbai,2026-10-05 02:00:00,2,27.11166448833551,0.0,4.6910286910286905
Mumbai,2026-10-05 03:00:00,2,26.705746494253503,0.0,4.5258000258000255
Mumbai,2026-10-05 04:00:00,2,26.39583360416639,0.0,4.365541165541165
Mumbai,2026-10-05 05:00:00,2,26.209738890261104,0.0,4.3589623589623585
Mumbai,2026-10-05 06:00:00,2,26.17392882607117,0.0,4.11008161008161
Mumbai,2026-10-05 07:00:00,2,26.628735371264625,0.0,4.05041185041185
Mumbai,2026-10-05 08:00:00,2,28.038478061521936,0.0,4.129118229118229
Mumbai,2026-10-05 09:00:00,2,29.76905813094187,0.0,4.533047933047933
Mumbai,2026-10-05 10:00:00,2,31.319788680211317,0.0,5.4388291388291385
Mumbai,2026-10-05 11:00:00,2,32.522685677314314,0.0,5.740981340981341
Mumbai,2026-10-05 12:00:00,2,33.31148978851021,0.0,7.126912526912527
Mumbai,2026-10-05 13:00:00,2,33.65563424436575,0.0,10.155089955089954
Mumbai,2026-10-05 14:00:00,2,33.61868148131852,0.0,13.048217148217148
Mumbai,2026-10-05 15:00:00,2,33.228694171305825,0.0,15.332377232377233
Mumbai,2026-10-05 16:00:00,2,32.489613510386484,0.0,16.66152046152046
Mumbai,2026-10-05 17:00:00,2,31.509309890690105,0.0,16.650198850198848
Mumbai,2026-10-05 18:00:00,2,30.516516983483008,0.0,15.212699612699613
Mumbai,2026-10-05 19:00:00,2,29.77921882078118,0.0,12.767441567441569
Mumbai,2026-10-05 20:00:00,2,29.208726991273004,0.0,10.754193654193653
Mumbai,2026-10-05 21:00:00,2,28.671184328815666,0.0,8.48997718997719
Mumbai,2026-10-05 22:00:00,2,28.239795260204737,0.0,6.5634172634172625
Mumbai,2026-10-05 23:00:00,2,27.83444286555713,0.0,5.776948676948677
Mumbai,2026-10-06 00:00:00,3,27.497026200000004,0.0,5.406009193990805
Mumbai,2026-10-06 01:00:00,3,27.175338400000005,0.0,5.444598855401144
Mumbai,2026-10-06 02:00:00,3,26.8795553,0.0,5.4186668813331185
Mumbai,2026-10-06 03:00:00,3,26.596090000000004,0.0,5.642084357915642
Mumbai,2026-10-06 04:00:00,3,26.360068500000004,0.0,5.71009048990951
Mumbai,2026-10-06 05:00:00,3,26.2322847,0.0,5.382897117102883
Mumbai,2026-10-06 06:00:00,3,26.158014400000006,0.0,5.338790261209739
Mumbai,2026-10-06 07:00:00,3,26.545997700000008,0.0,5.44913365086635
Mumbai,2026-10-06 08:00:00,3,27.628669600000006,0.0,5.606597893402106
Mumbai,2026-10-06 09:00:00,3,29.090608300000007,0.0,6.291900208099791
Mumbai,2026-10-06 10:00:00,3,30.439963500000005,0.0,6.628940671059328
Mumbai,2026-10-06 11:00:00,3,31.571044000000004,0.0,6.855132144867856
Mumbai,2026-10-06 12:00:00,3,32.4785193,0.0,7.98107091892908
Mumbai,2026-10-06 13:00:00,3,32.92319990000001,0.0,10.582387717612281
Mumbai,2026-10-06 14:00:00,3,33.0582609,0.0,13.59064430935569
Mumbai,2026-10-06 15:00:00,3,32.58785730000001,0.0,15.650702249297748
Mumbai,2026-10-06 16:00:00,3,31.775898000000005,0.0,17.411010688989307
Mumbai,2026-10-06 17:00:00,3,30.860370000000003,0.0,17.914664285335714
Mumbai,2026-10-06 18:00:00,3,29.988200400000004,0.0,16.614872485127513
Mumbai,2026-10-06 19:00:00,3,29.27350100000001,0.0353546,13.879324820675178
Mumbai,2026-10-06 20:00:00,3,28.850259200000004,0.0176773,11.135046564953434
Mumbai,2026-10-06 21:00:00,3,28.576341600000006,0.0,9.979751820248179
Mumbai,2026-10-06 22:00:00,3,28.314232700000005,0.05303189999999999,8.81193458806541
Mumbai,2026-10-06 23:00:00,3,28.086727800000006,0.0,7.771840628159371
Nagpur,2026-10-04 00:00:00,1,24.642338057661938,0.0,4.3287155712844285
Nagpur,2026-10-04 01:00:00,1,24.05265244734755,0.0,4.446510053489947
Nagpur,2026-10-04 02:00:00,1,23.550655049344947,0.0,4.855346244653755
Nagpur,2026-10-04 03:00:00,1,22.96600423399576,0.0,4.686826013173986
Nagpur,2026-10-04 04:00:00,1,22.48374071625928,0.0,4.2878361121638875
Nagpur,2026-10-04 05:00:00,1,22.096582303417694,0.0,4.434647565352435
Nagpur,2026-10-04 06:00:00,1,22.37066272933727,0.0,4.167155332844667
Nagpur,2026-10-04 07:00:00,1,23.945836754163246,0.0,3.858858341141659
Nagpur,2026-10-04 08:00:00,1,26.169765530234464,0.0,3.6764007235992766
Nagpur,2026-10-04 09:00:00,1,28.591303508696488,0.0,2.9275934724065276
Nagpur,2026-10-04 10:00:00,1,30.75592424407575,0.0,2.9002010997989007
Nagpur,2026-10-04 11:00:00,1,32.37374932625067,0.0,2.68962031037969
Nagpur,2026-10-04 12:00:00,1,33.24506085493914,0.0,2.7629059370940636
Nagpur,2026-10-04 13:00:00,1,33.491380908619085,0.0,3.4098976901023104
Nagpur,2026-10-04 14:00:00,1,33.47482192517807,0.0,3.955321244678756
Nagpur,2026-10-04 15:00:00,1,33.07387052612947,0.0,3.484759815240185
Nagpur,2026-10-04 16:00:00,1,32.36345813654186,0.0,2.8089956910043097
Nagpur,2026-10-04 17:00:00,1,30.968235431764565,0.0,2.450648249351751
Nagpur,2026-10-04 18:00:00,1,29.248987351012644,0.0,2.23998406001594
Nagpur,2026-10-04 19:00:00,1,28.189772810227186,0.0,1.914926885073115
Nagpur,2026-10-04 20:00:00,1,27.25538694461305,0.0,2.123638376361624
Nagpur,2026-10-04 21:00:00,1,26.34125465874534,0.0,2.662760237239763
Nagpur,2026-10-04 22:00:00,1,25.397303602696397,0.0,4.682982717017283
Nagpur,2026-10-04 23:00:00,1,24.360994739005257,0.0,5.2151378848621155
Nagpur,2026-10-05 00:00:00,2,23.822496077503924,0.0,4.581107899999999
Nagpur,2026-10-05 01:00:00,2,23.220903679096324,0.0,4.2341568
Nagpur,2026-10-05 02:00:00,2,22.625246274753728,0.0,4.029016500000001
Nagpur,2026-10-05 03:00:00,2,22.1009670990329,0.0,3.6266473000000006
Nagpur,2026-10-05 04:00:00,2,21.733647266352737,0.0,3.1536475999999993
Nagpur,2026-10-05 05:00:00,2,21.64766735233265,0.0,3.0678891999999998
Nagpur,2026-10-05 06:00:00,2,22.123090476909525,0.0,3.1425835999999996
Nagpur,2026-10-05 07:00:00,2,23.96982153017847,0.0,3.1742877000000003
Nagpur,2026-10-05 08:00:00,2,26.41687208312792,0.0,2.8856973
Nagpur,2026-10-05 09:00:00,2,28.900249899750104,0.0,2.6762995
Nagpur,2026-10-05 10:00:00,2,31.141626658373344,0.0,3.5725544
Nagpur,2026-10-05 11:00:00,2,32.82425987574013,0.0,4.5325313000000005
Nagpur,2026-10-05 12:00:00,2,33.66974843025157,0.0,3.9294922000000003
Nagpur,2026-10-05 13:00:00,2,34.021728378271625,0.0,3.4990395000000003
Nagpur,2026-10-05 14:00:00,2,33.90571609428391,0.0,3.088778
Nagpur,2026-10-05 15:00:00,2,33.594692605307394,0.0,3.5175229999999997
Nagpur,2026-10-05 16:00:00,2,33.00647089352911,0.0,3.6354160999999996
Nagpur,2026-10-05 17:00:00,2,31.795314204685795,0.0,3.5486418
Nagpur,2026-10-05 18:00:00,2,30.329976470023535,0.0,3.620031
Nagpur,2026-10-05 19:00:00,2,29.029489370510632,0.0,2.7648738
Nagpur,2026-10-05 20:00:00,2,27.854572845427157,0.0,5.027464999999999
Nagpur,2026-10-05 21:00:00,2,27.0942561057439,0.0,4.4014429
Nagpur,2026-10-05 22:00:00,2,26.60937759062241,0.0,4.581105999999999
Nagpur,2026-10-05 23:00:00,2,26.259227940772064,0.0,5.293256700000001
Nagpur,2026-10-06 00:00:00,3,25.776704000000002,0.0,4.242001200000001
Nagpur,2026-10-06 01:00:00,3,25.3732872,0.0,3.7223366000000007
Nagpur,2026-10-06 02:00:00,3,24.918836,0.0,3.9223336000000004
Nagpur,2026-10-06 03:00:00,3,24.355367599999997,0.0,3.8811804000000003
Nagpur,2026-10-06 04:00:00,3,23.829877699999997,0.0,4.0816289
Nagpur,2026-10-06 05:00:00,3,23.442375900000002,0.0,3.7830896000000003
Nagpur,2026-10-06 06:00:00,3,23.6472438,0.0,3.1339363000000002
Nagpur,2026-10-06 07:00:00,3,25.0878028,0.0,2.5914739000000004
Nagpur,2026-10-06 08:00:00,3,27.146395400000003,0.0,2.3145115
Nagpur,2026-10-06 09:00:00,3,29.330414000000005,0.0,2.0501341
Nagpur,2026-10-06 10:00:00,3,31.365998600000005,0.0,2.3452896
Nagpur,2026-10-06 11:00:00,3,32.9317307,0.0,2.8408256000000005
Nagpur,2026-10-06 12:00:00,3,33.860013,0.0,2.8318359000000006
Nagpur,2026-10-06 13:00:00,3,34.2342534,0.0,3.0567396000000002
Nagpur,2026-10-06 14:00:00,3,34.2414784,0.0,3.5775478000000005
Nagpur,2026-10-06 15:00:00,3,33.9209571,0.0,3.5291025000000005
Nagpur,2026-10-06 16:00:00,3,33.3074849,0.0,3.4773265000000007
Nagpur,2026-10-06 17:00:00,3,32.190297900000004,0.0,3.6748381000000006
Nagpur,2026-10-06 18:00:00,3,30.8018877,0.0,3.472069200000001
Nagpur,2026-10-06 19:00:00,3,29.610987200000004,0.0,4.4204876
Nagpur,2026-10-06 20:00:00,3,28.4207085,0.0,4.213159
Nagpur,2026-10-06 21:00:00,3,27.4223389,0.0,4.1185252000000006
Nagpur,2026-10-06 22:00:00,3,26.684145700000002,0.0,3.7549992000000003
Nagpur,2026-10-06 23:00:00,3,26.0448836,0.0,3.6042412
Nashik,2026-10-04 00:00:00,1,22.842612000000003,0.0,4.1350371
Nashik,2026-10-04 01:00:00,1,22.099766000000002,0.0,3.5344344000000003
Nashik,2026-10-04 02:00:00,1,21.499313800000003,0.0,3.1783937000000004
Nashik,2026-10-04 03:00:00,1,21.082699800000004,0.0,2.7473455
Nashik,2026-10-04 04:00:00,1,20.830899800000005,0.0,2.383145
Nashik,2026-10-04 05:00:00,1,20.910471600000005,0.0,2.2264111
Nashik,2026-10-04 06:00:00,1,21.046270600000007,0.0,2.0701255000000005
Nashik,2026-10-04 07:00:00,1,22.537677800000004,0.0,2.2573325
Nashik,2026-10-04 08:00:00,1,24.808064400000003,0.0,2.9133118000000007
Nashik,2026-10-04 09:00:00,1,27.298695400000003,0.0,4.9252362000000005
Nashik,2026-10-04 10:00:00,1,29.325124600000002,0.0,7.226044400000001
Nashik,2026-10-04 11:00:00,1,30.797227200000002,0.0,8.255297700000002
Nashik,2026-10-04 12:00:00,1,31.67941280000001,0.0,6.8313883
Nashik,2026-10-04 13:00:00,1,32.064319000000005,0.0,4.833475100000001
Nashik,2026-10-04 14:00:00,1,32.1501074,0.0,3.5002932000000007
Nashik,2026-10-04 15:00:00,1,32.0407342,0.0,3.240634
Nashik,2026-10-04 16:00:00,1,31.650973600000007,0.0,4.1442918
Nashik,2026-10-04 17:00:00,1,30.419181200000008,0.0,5.5017866
Nashik,2026-10-04 18:00:00,1,28.148840600000007,0.0,6.1827628
Nashik,2026-10-04 19:00:00,1,26.810549600000005,0.0,7.1531455
Nashik,2026-10-04 20:00:00,1,25.958289200000007,0.0,8.307997700000003
Nashik,2026-10-04 21:00:00,1,25.125211400000005,0.0,7.785710500000001
Nashik,2026-10-04 22:00:00,1,24.388006200000003,0.0,6.740989
Nashik,2026-10-04 23:00:00,1,23.715643200000002,0.0,5.367889
Nashik,2026-10-05 00:00:00,2,23.126890900000003,0.0,4.369825030174969
Nashik,2026-10-05 01:00:00,2,22.5803957,0.0,3.7403654596345395
Nashik,2026-10-05 02:00:00,2,22.0869878,0.0,3.4090103909896086
Nashik,2026-10-05 03:00:00,2,21.605883,0.0,3.2969921030078964
Nashik,2026-10-05 04:00:00,2,21.269356900000002,0.0,2.8878905121094878
Nashik,2026-10-05 05:00:00,2,21.187727100000004,0.0,2.227584872415127
Nashik,2026-10-05 06:00:00,2,21.4345617,0.0,2.2445967554032444
Nashik,2026-10-05 07:00:00,2,23.0569269,0.0,2.0409427590572404
Nashik,2026-10-05 08:00:00,2,25.3712939,0.0,2.0878194121805875
Nashik,2026-10-05 09:00:00,2,27.6189747,0.0,3.044567455432544
Nashik,2026-10-05 10:00:00,2,29.5998824,0.0,4.934033465966533
Nashik,2026-10-05 11:00:00,2,30.9894857,0.0,6.528648471351527
Nashik,2026-10-05 12:00:00,2,31.8179461,0.0,5.997361702638297
Nashik,2026-10-05 13:00:00,2,32.2025467,0.0,5.002081197918802
Nashik,2026-10-05 14:00:00,2,32.2972916,0.0,3.675935924064076
Nashik,2026-10-05 15:00:00,2,32.095732600000005,0.0,3.867041732958267
Nashik,2026-10-05 16:00:00,2,31.5616422,0.0,5.792317307682692
Nashik,2026-10-05 17:00:00,2,30.0851138,0.0,8.114870585129413
Nashik,2026-10-05 18:00:00,2,28.224962299999994,0.0,8.457113542886455
Nashik,2026-10-05 19:00:00,2,26.858097700000002,0.0,8.3009964990035
Nashik,2026-10-05 20:00:00,2,25.8323976,0.0,8.765960434039563
Nashik,2026-10-05 21:00:00,2,24.984313599999997,0.0,8.457247442752555
Nashik,2026-10-05 22:00:00,2,24.257898000000004,0.0,7.3236988763011235
Nashik,2026-10-05 23:00:00,2,23.6675426,0.0,5.98000031999968
Nashik,2026-10-06 00:00:00,3,23.155987200000006,0.0,5.114424614424614
Nashik,2026-10-06 01:00:00,3,22.688744500000006,0.0,4.883349983349984
Nashik,2026-10-06 02:00:00,3,22.225985200000004,0.0,4.8774746774746776
Nashik,2026-10-06 03:00:00,3,21.721007200000006,0.0,4.1601381601381595
Nashik,2026-10-06 04:00:00,3,21.357056200000002,0.0,3.2565451565451564
Nashik,2026-10-06 05:00:00,3,21.304461600000003,0.0,3.1246611246611247
Nashik,2026-10-06 06:00:00,3,21.523684200000005,0.0,2.774172674172674
Nashik,2026-10-06 07:00:00,3,22.983441600000003,0.0,2.481561281561281
Nashik,2026-10-06 08:00:00,3,25.177130700000003,0.0,2.5745592745592747
Nashik,2026-10-06 09:00:00,3,27.418752100000006,0.0,4.243274143274143
Nashik,2026-10-06 10:00:00,3,29.558930700000005,0.0,7.031606531606531
Nashik,2026-10-06 11:00:00,3,31.143266100000005,0.0,9.023880823880823
Nashik,2026-10-06 12:00:00,3,32.0642998,0.0,8.735534335534334
Nashik,2026-10-06 13:00:00,3,32.508941300000004,0.0,7.211313311313312
Nashik,2026-10-06 14:00:00,3,32.651479300000005,0.0,6.24994034994035
Nashik,2026-10-06 15:00:00,3,32.52808890000001,0.0,5.386680686680687
Nashik,2026-10-06 16:00:00,3,32.14682090000001,0.0,4.823770123770124
Nashik,2026-10-06 17:00:00,3,30.74310940000001,0.0,6.242812542812543
Nashik,2026-10-06 18:00:00,3,28.6010713,0.0,6.617287817287817
Nashik,2026-10-06 19:00:00,3,27.083166300000006,0.0,7.329860929860929
Nashik,2026-10-06 20:00:00,3,25.886794100000003,0.0,6.654075954075954
Nashik,2026-10-06 21:00:00,3,25.041395800000004,0.0,4.921763721763722
Nashik,2026-10-06 22:00:00,3,24.367151600000003,0.0,4.4307665307665305
Nashik,2026-10-06 23:00:00,3,23.711826700000003,0.0,3.5365603365603366
Patna,2026-10-04 00:00:00,1,27.542479,0.0,6.167068567068568
Patna,2026-10-04 01:00:00,1,26.8745016,0.0,6.175909675909676
Patna,2026-10-04 02:00:00,1,26.2730075,0.0,6.397255497255498
Patna,2026-10-04 03:00:00,1,25.8502534,0.0,6.746568846568845
Patna,2026-10-04 04:00:00,1,25.580975499999997,0.0,7.059876259876259
Patna,2026-10-04 05:00:00,1,25.8531819,0.0,7.200012000012
Patna,2026-10-04 06:00:00,1,26.029961800000002,0.0,7.344308444308444
Patna,2026-10-04 07:00:00,1,27.430475400000002,0.0,7.244612044612043
Patna,2026-10-04 08:00:00,1,29.131335800000002,0.0,7.743259443259442
Patna,2026-10-04 09:00:00,1,30.728469299999997,0.0,8.183372183372184
Patna,2026-10-04 10:00:00,1,32.055219,0.0,8.311757811757811
Patna,2026-10-04 11:00:00,1,33.0650379,0.0,8.282131482131483
Patna,2026-10-04 12:00:00,1,33.522475,0.0,8.610167210167209
Patna,2026-10-04 13:00:00,1,33.732932299999995,0.0,9.423394323394325
Patna,2026-10-04 14:00:00,1,33.570918400000004,0.0,9.82865672865673
Patna,2026-10-04 15:00:00,1,33.12935,0.0,9.738031238031239
Patna,2026-10-04 16:00:00,1,32.3967076,0.0,8.94956594956595
Patna,2026-10-04 17:00:00,1,31.276465299999998,0.0,7.708893408893408
Patna,2026-10-04 18:00:00,1,30.3094647,0.0,6.822629822629822
Patna,2026-10-04 19:00:00,1,29.572154500000003,0.0,6.225170125170125
Patna,2026-10-04 20:00:00,1,28.9517319,0.0,5.96182266182266
Patna,2026-10-04 21:00:00,1,28.385564900000002,0.0,5.614274414274414
Patna,2026-10-04 22:00:00,1,27.779502200000003,0.0,5.0049250049250045
Patna,2026-10-04 23:00:00,1,27.241971999999997,0.0,4.684980084980085
Patna,2026-10-05 00:00:00,2,26.847338847338843,0.0,4.8112326
Patna,2026-10-05 01:00:00,2,26.386855686855686,0.0,5.0762607
Patna,2026-10-05 02:00:00,2,26.034865634865632,0.0,5.0704502
Patna,2026-10-05 03:00:00,2,25.708051708051705,0.0,4.9059048999999995
Patna,2026-10-05 04:00:00,2,25.465822365822362,0.06806566806566808,4.883840899999999
Patna,2026-10-05 05:00:00,2,25.384400184400178,0.01701641701641702,4.9298959
Patna,2026-10-05 06:00:00,2,25.628045228045224,0.05265005265005265,4.4925049999999995
Patna,2026-10-05 07:00:00,2,26.78516428516429,0.018617218617218618,5.968337699999999
Patna,2026-10-05 08:00:00,2,28.236063736063734,0.018617218617218618,7.208956199999999
Patna,2026-10-05 09:00:00,2,29.68174598174598,0.13613133613133616,6.509107899999999
Patna,2026-10-05 10:00:00,2,30.898945498945494,0.18718058718058722,5.9005832
Patna,2026-10-05 11:00:00,2,31.9023373023373,0.0,7.0105108000000005
Patna,2026-10-05 12:00:00,2,32.38428068428068,0.018617218617218618,7.1377432999999995
Patna,2026-10-05 13:00:00,2,32.34881374881375,0.05265005265005265,7.2694379
Patna,2026-10-05 14:00:00,2,32.19354379354379,0.03563363563363564,7.484301899999999
Patna,2026-10-05 15:00:00,2,31.618081618081618,0.22348832348832348,6.313121100000001
Patna,2026-10-05 16:00:00,2,30.195717695717693,1.0527502527502528,4.750441599999999
Patna,2026-10-05 17:00:00,2,28.842534442534443,0.9354701354701356,6.242796299999999
Patna,2026-10-05 18:00:00,2,28.191078091078086,0.3477120477120478,5.0470887
Patna,2026-10-05 19:00:00,2,27.857850857850853,0.14901944901944902,4.1403288
Patna,2026-10-05 20:00:00,2,27.74683594683594,0.0,3.8816188
Patna,2026-10-05 21:00:00,2,27.659156459156453,0.0,5.1152875
Patna,2026-10-05 22:00:00,2,27.498537398537394,0.0,6.342990199999999
Patna,2026-10-05 23:00:00,2,27.184726484726482,0.0,7.0849734
Patna,2026-10-06 00:00:00,3,26.825279,0.0,7.050618049381951
Patna,2026-10-06 01:00:00,3,26.420025000000003,0.0,7.290664109335891
Patna,2026-10-06 02:00:00,3,26.1631688,0.0,7.453977146022855
Patna,2026-10-06 03:00:00,3,25.8097622,0.017107782892217104,7.80875649124351
Patna,2026-10-06 04:00:00,3,25.5208839,0.017107782892217104,8.231816068183932
Patna,2026-10-06 05:00:00,3,25.318152900000005,0.017107782892217104,8.925089374910625
Patna,2026-10-06 06:00:00,3,25.5012213,0.03327986672013328,9.79164670835329
Patna,2026-10-06 07:00:00,3,26.269053400000004,0.03327986672013328,10.438491561508439
Patna,2026-10-06 08:00:00,3,27.213820300000002,0.03327986672013328,10.641186358813641
Patna,2026-10-06 09:00:00,3,28.3312673,0.05038764961235038,10.453615246384754
Patna,2026-10-06 10:00:00,3,29.357601199999998,0.0628056371943628,10.449156950843049
Patna,2026-10-06 11:00:00,3,30.2226403,0.05038764961235038,9.711510788489212
Patna,2026-10-06 12:00:00,3,30.7723732,0.05811584188415811,9.277982722017278
Patna,2026-10-06 13:00:00,3,30.955284399999996,0.05811584188415811,8.663488936511063
Patna,2026-10-06 14:00:00,3,30.8935994,0.145041754958245,7.4998033001966995
Patna,2026-10-06 15:00:00,3,30.6979833,0.1396030603969396,6.04937775062225
Patna,2026-10-06 16:00:00,3,30.246814899999997,0.1396030603969396,4.598560501439499
Patna,2026-10-06 17:00:00,3,29.346466200000002,0.1396030603969396,3.8243913756086245
Patna,2026-10-06 18:00:00,3,28.4289214,0.2126463873536126,4.08964111035889
Patna,2026-10-06 19:00:00,3,27.688811,0.2126463873536126,5.045380154619846
Patna,2026-10-06 20:00:00,3,27.1118444,0.2126463873536126,6.253583546416454
Patna,2026-10-06 21:00:00,3,26.7003426,0.017107782892217104,6.531075968924031
Patna,2026-10-06 22:00:00,3,26.416765,0.017107782892217104,6.172498427501573
Patna,2026-10-06 23:00:00,3,26.145880299999998,0.017107782892217104,5.843288956711043
Pune,2026-10-04 00:00:00,1,24.6733976,0.0,4.235504899999999
Pune,2026-10-04 01:00:00,1,24.1870647,0.0,4.265838499999999
Pune,2026-10-04 02:00:00,1,23.689649099999997,0.0,3.2957227999999996
Pune,2026-10-04 03:00:00,1,23.235325,0.0,2.7735868999999997
Pune,2026-10-04 04:00:00,1,22.8551555,0.0,1.8004165999999997
Pune,2026-10-04 05:00:00,1,22.888605500000004,0.0,1.7950289999999998
Pune,2026-10-04 06:00:00,1,22.776275300000002,0.0,1.4361252999999998
Pune,2026-10-04 07:00:00,1,23.9169482,0.0,2.0611794999999997
Pune,2026-10-04 08:00:00,1,25.8090028,0.0,2.656036699999999
Pune,2026-10-04 09:00:00,1,27.7517134,0.0,3.6730747999999993
Pune,2026-10-04 10:00:00,1,29.3222277,0.0,5.164547399999999
Pune,2026-10-04 11:00:00,1,30.682111300000003,0.0,5.930624799999998
Pune,2026-10-04 12:00:00,1,31.639706799999995,0.0,4.6056593999999995
Pune,2026-10-04 13:00:00,1,32.1020554,0.018853518853518856,4.152605799999999
Pune,2026-10-04 14:00:00,1,32.1994926,0.03770703770703771,5.5811244
Pune,2026-10-04 15:00:00,1,32.138854599999995,0.018853518853518856,6.6819405
Pune,2026-10-04 16:00:00,1,31.7115735,0.0,7.640152899999999
Pune,2026-10-04 17:00:00,1,30.607943900000002,0.0,8.392338199999998
Pune,2026-10-04 18:00:00,1,28.9061297,0.0,8.355306699999998
Pune,2026-10-04 19:00:00,1,27.4767217,0.0,7.450532799999999
Pune,2026-10-04 20:00:00,1,26.3922307,0.0,6.878550999999999
Pune,2026-10-04 21:00:00,1,25.563281999999997,0.0,5.627803800000001
Pune,2026-10-04 22:00:00,1,24.953001200000003,0.0,4.689817699999999
Pune,2026-10-04 23:00:00,1,24.4721719,0.0,4.0530206
Pune,2026-10-05 00:00:00,2,23.9587971,0.0,3.7453259999999995
Pune,2026-10-05 01:00:00,2,23.478096899999997,0.0,3.8230717
Pune,2026-10-05 02:00:00,2,23.018115500000004,0.0,2.7728523999999997
Pune,2026-10-05 03:00:00,2,22.587840099999998,0.0,2.5628378
Pune,2026-10-05 04:00:00,2,22.2062824,0.0,2.4336313
Pune,2026-10-05 05:00:00,2,22.098835599999997,0.0,2.1810427
Pune,2026-10-05 06:00:00,2,22.334716299999997,0.0,2.0692182
Pune,2026-10-05 07:00:00,2,23.590621900000002,0.0,1.8161071
Pune,2026-10-05 08:00:00,2,25.6058589,0.0,2.0580346
Pune,2026-10-05 09:00:00,2,27.6010597,0.0,3.8001028999999997
Pune,2026-10-05 10:00:00,2,29.430148,0.0,4.4343449
Pune,2026-10-05 11:00:00,2,30.820285300000002,0.0,4.7328652
Pune,2026-10-05 12:00:00,2,31.7607163,0.0,5.0009939
Pune,2026-10-05 13:00:00,2,32.169810999999996,0.0,5.1899443000000005
Pune,2026-10-05 14:00:00,2,32.184628999999994,0.0,7.1610079
Pune,2026-10-05 15:00:00,2,31.9769644,0.0,8.634164499999999
Pune,2026-10-05 16:00:00,2,31.415663600000002,0.0,10.265836099999998
Pune,2026-10-05 17:00:00,2,30.2223632,0.0,11.419530599999998
Pune,2026-10-05 18:00:00,2,28.4653484,0.0,10.1426972
Pune,2026-10-05 19:00:00,2,27.2139041,0.0,9.4335221
Pune,2026-10-05 20:00:00,2,25.989328300000004,0.0,8.0150839
Pune,2026-10-05 21:00:00,2,25.063730099999997,0.0,6.381212
Pune,2026-10-05 22:00:00,2,24.3681406,0.0,6.162888
Pune,2026-10-05 23:00:00,2,23.8289728,0.0,6.3104269
Pune,2026-10-06 00:00:00,3,23.454587190825617,0.0,5.407847992152007
Pune,2026-10-06 01:00:00,3,23.0010291979416,0.0,4.14065215934784
Pune,2026-10-06 02:00:00,3,22.662164575670843,0.0,4.1173424826575165
Pune,2026-10-06 03:00:00,3,22.24090071819856,0.0,3.997225902774096
Pune,2026-10-06 04:00:00,3,21.899466801066396,0.0,3.8555214444785553
Pune,2026-10-06 05:00:00,3,21.884644930710138,0.0,2.46013783986216
Pune,2026-10-06 06:00:00,3,22.037274025451946,0.0,2.1347323652676344
Pune,2026-10-06 07:00:00,3,23.04808870382259,0.0,2.22027437972562
Pune,2026-10-06 08:00:00,3,24.997921404157193,0.0,2.5896816103183893
Pune,2026-10-06 09:00:00,3,27.0755685488629,0.0,3.8706675293324704
Pune,2026-10-06 10:00:00,3,29.13606462787074,0.0,6.2437058562941425
Pune,2026-10-06 11:00:00,3,30.769924260151477,0.0,7.562223337776661
Pune,2026-10-06 12:00:00,3,31.8509771980456,0.01803121803121803,7.9020874979125
Pune,2026-10-06 13:00:00,3,32.1513410973178,0.16759696759696763,7.524086375913623
Pune,2026-10-06 14:00:00,3,32.457392785214424,0.03672693672693673,6.939093060906938
Pune,2026-10-06 15:00:00,3,32.46801646396707,0.0,7.091724108275891
Pune,2026-10-06 16:00:00,3,31.894482511034976,0.0,8.752505647494353
Pune,2026-10-06 17:00:00,3,30.444379911240173,0.0,10.698061701938295
Pune,2026-10-06 18:00:00,3,29.074757150485695,0.05881565881565881,7.876511923488076
Pune,2026-10-06 19:00:00,3,27.993926312147373,0.018695718695718698,5.088217911782087
Pune,2026-10-06 20:00:00,3,26.98767762464475,0.0,4.614605485394515
Pune,2026-10-06 21:00:00,3,25.836833926332147,0.014703914703914703,4.51180548819451
Pune,2026-10-06 22:00:00,3,25.206810286379422,0.0,4.3717534282465715
Pune,2026-10-06 23:00:00,3,24.69493331013338,0.0,4.036849163150836
Raipur,2026-10-04 00:00:00,1,24.1442076,0.0,4.240180740180739
Raipur,2026-10-04 01:00:00,1,23.5846212,0.0,3.7984300984300985
Raipur,2026-10-04 02:00:00,1,23.005343300000003,0.0,3.669411869411869
Raipur,2026-10-04 03:00:00,1,22.5285046,0.0,3.989036089036089
Raipur,2026-10-04 04:00:00,1,22.227466099999997,0.0,4.256291656291657
Raipur,2026-10-04 05:00:00,1,22.410296600000002,0.0,4.194831494831494
Raipur,2026-10-04 06:00:00,1,22.8940376,0.0,3.587715387715387
Raipur,2026-10-04 07:00:00,1,24.774325400000002,0.0,3.4814330814330816
Raipur,2026-10-04 08:00:00,1,27.022415099999996,0.0,3.945410245410245
Raipur,2026-10-04 09:00:00,1,29.1224669,0.0,3.8080205080205083
Raipur,2026-10-04 10:00:00,1,30.8674056,0.0,4.288154588154588
Raipur,2026-10-04 11:00:00,1,32.1049476,0.0,4.801780401780402
Raipur,2026-10-04 12:00:00,1,32.7204623,0.0,4.817923017923017
Raipur,2026-10-04 13:00:00,1,32.9685325,0.0,4.33029763029763
Raipur,2026-10-04 14:00:00,1,32.8358949,0.0,3.6900008900008894
Raipur,2026-10-04 15:00:00,1,32.4500869,0.0,2.5712760712760714
Raipur,2026-10-04 16:00:00,1,31.714457499999998,0.0,2.0005428005428003
Raipur,2026-10-04 17:00:00,1,29.789453299999998,0.0,2.6336853336853334
Raipur,2026-10-04 18:00:00,1,28.382106999999998,0.0,3.4328207328207325
Raipur,2026-10-04 19:00:00,1,27.4288819,0.0,4.546489946489946
Raipur,2026-10-04 20:00:00,1,26.5480823,0.0,4.661446561446561
Raipur,2026-10-04 21:00:00,1,25.810540300000003,0.0,5.257495957495958
Raipur,2026-10-04 22:00:00,1,25.2374186,0.0,5.734715634715634
Raipur,2026-10-04 23:00:00,1,24.8276186,0.0,5.743757543757543
Raipur,2026-10-05 00:00:00,2,24.507844392155608,0.0,5.7524662
Raipur,2026-10-05 01:00:00,2,24.01632198367802,0.0,5.4481626
Raipur,2026-10-05 02:00:00,2,23.502718697281306,0.0,5.0428351
Raipur,2026-10-05 03:00:00,2,22.96126733873266,0.0,4.2398234
Raipur,2026-10-05 04:00:00,2,22.570798929201075,0.0,4.590895799999999
Raipur,2026-10-05 05:00:00,2,22.43455436544564,0.0,4.5931076
Raipur,2026-10-05 06:00:00,2,22.930582569417435,0.0,4.8660771
Raipur,2026-10-05 07:00:00,2,24.628675371324633,0.0,5.4309157
Raipur,2026-10-05 08:00:00,2,26.724761075238927,0.0,6.057352499999999
Raipur,2026-10-05 09:00:00,2,28.762457937542067,0.0,6.367169800000001
Raipur,2026-10-05 10:00:00,2,30.57784242215758,0.0,6.4366836
Raipur,2026-10-05 11:00:00,2,31.914034385965618,0.0,6.8155548
Raipur,2026-10-05 12:00:00,2,32.702470597529405,0.0,6.6977288999999995
Raipur,2026-10-05 13:00:00,2,33.03460516539484,0.0,6.2481542
Raipur,2026-10-05 14:00:00,2,33.03824326175674,0.0,5.2763709
Raipur,2026-10-05 15:00:00,2,32.667113032886974,0.0,4.5606115
Raipur,2026-10-05 16:00:00,2,31.98925771074229,0.0,3.9914847
Raipur,2026-10-05 17:00:00,2,30.249280550719455,0.0,3.9026381000000003
Raipur,2026-10-05 18:00:00,2,29.12453317546683,0.0,4.091694700000001
Raipur,2026-10-05 19:00:00,2,28.280877619122382,0.0,5.2890497
Raipur,2026-10-05 20:00:00,2,27.43487076512924,0.033080000000000005,4.9305527
Raipur,2026-10-05 21:00:00,2,26.849437550562453,0.0,4.741654199999999
Raipur,2026-10-05 22:00:00,2,26.121052978947027,0.03831720000000001,5.8058396
Raipur,2026-10-05 23:00:00,2,25.582312917687084,0.0,5.0558558
Raipur,2026-10-06 00:00:00,3,25.064586135413865,0.0,5.3800007199992805
Raipur,2026-10-06 01:00:00,3,24.689972910027095,0.0,4.405373194626805
Raipur,2026-10-06 02:00:00,3,24.336803363196637,0.0,5.1975073024926965
Raipur,2026-10-06 03:00:00,3,23.98841711158289,0.0,5.402065297934703
Raipur,2026-10-06 04:00:00,3,23.690760309239693,0.0,4.695148804851195
Raipur,2026-10-06 05:00:00,3,23.615900984099017,0.0,3.873946326053674
Raipur,2026-10-06 06:00:00,3,23.930381969618033,0.0,3.7753143246856746
Raipur,2026-10-06 07:00:00,3,25.37779202220798,0.0,4.238213361786638
Raipur,2026-10-06 08:00:00,3,27.220742279257724,0.0,4.45026344973655
Raipur,2026-10-06 09:00:00,3,29.022820277179726,0.0,4.517514082485917
Raipur,2026-10-06 10:00:00,3,30.684338515661484,0.0,5.394232105767894
Raipur,2026-10-06 11:00:00,3,31.93691326308674,0.0,6.213185386814613
Raipur,2026-10-06 12:00:00,3,32.692401807598195,0.0,6.622112477887522
Raipur,2026-10-06 13:00:00,3,33.10429939570061,0.0,6.281224618775381
Raipur,2026-10-06 14:00:00,3,33.1926035073965,0.0,5.7730489269510725
Raipur,2026-10-06 15:00:00,3,32.812582487417515,0.017119400000000003,5.2457028542971464
Raipur,2026-10-06 16:00:00,3,31.9986775013225,0.017119400000000003,4.007600792399208
Raipur,2026-10-06 17:00:00,3,30.46734983265017,0.017119400000000003,3.2962676037323964
Raipur,2026-10-06 18:00:00,3,29.376195223804775,0.0,2.4553347446652554
Raipur,2026-10-06 19:00:00,3,28.584230015769986,0.017266300000000002,2.4827442172557825
Raipur,2026-10-06 20:00:00,3,27.608197591802412,0.1208641,3.488586211413789
Raipur,2026-10-06 21:00:00,3,26.77316192683808,0.017266300000000002,3.332735267264732
Raipur,2026-10-06 22:00:00,3,26.13900156099844,0.0,3.887876612123388
Raipur,2026-10-06 23:00:00,3,25.58771521228479,0.0,3.8140343859656136
Ranchi,2026-10-04 00:00:00,1,22.021434000000003,0.0,7.2868088868088865
Ranchi,2026-10-04 01:00:00,1,21.5757145,0.0,7.287317787317788
Ranchi,2026-10-04 02:00:00,1,21.0771221,0.0,7.215261515261515
Ranchi,2026-10-04 03:00:00,1,20.7049357,0.0,6.842136342136341
Ranchi,2026-10-04 04:00:00,1,20.4930203,0.0,6.875031775031774
Ranchi,2026-10-04 05:00:00,1,21.0242647,0.0,6.5590732590732586
Ranchi,2026-10-04 06:00:00,1,21.6363123,0.0,6.2123405123405115
Ranchi,2026-10-04 07:00:00,1,23.894628599999997,0.0,6.014071914071914
Ranchi,2026-10-04 08:00:00,1,26.1237402,0.0,6.415336415336415
Ranchi,2026-10-04 09:00:00,1,27.591210099999998,0.0,6.66071446071446
Ranchi,2026-10-04 10:00:00,1,28.5325153,0.0,6.575330975330974
Ranchi,2026-10-04 11:00:00,1,29.244995199999998,0.0,6.992374692374691
Ranchi,2026-10-04 12:00:00,1,29.5620446,0.0,7.49065189065189
Ranchi,2026-10-04 13:00:00,1,29.661139000000002,0.0,7.955492155492155
Ranchi,2026-10-04 14:00:00,1,29.406985199999998,0.0,8.679300079300077
Ranchi,2026-10-04 15:00:00,1,28.7395922,0.0,9.039557239557238
Ranchi,2026-10-04 16:00:00,1,27.336817399999997,0.0,8.75279445279445
Ranchi,2026-10-04 17:00:00,1,25.5934449,0.0,7.169161469161468
Ranchi,2026-10-04 18:00:00,1,24.474597199999998,0.0,5.887992887992887
Ranchi,2026-10-04 19:00:00,1,23.821230800000002,0.0,5.285560385560385
Ranchi,2026-10-04 20:00:00,1,23.2695788,0.0,5.321782121782121
Ranchi,2026-10-04 21:00:00,1,22.6549238,0.0,5.203931603931603
Ranchi,2026-10-04 22:00:00,1,21.9323541,0.0,4.979132579132578
Ranchi,2026-10-04 23:00:00,1,21.3978238,0.0,4.976018276018276
Ranchi,2026-10-05 00:00:00,2,20.9933683,0.0,5.0512768
Ranchi,2026-10-05 01:00:00,2,20.688572299999997,0.0,5.249485
Ranchi,2026-10-05 02:00:00,2,20.475580100000002,0.0,5.7861528
Ranchi,2026-10-05 03:00:00,2,20.3134279,0.0,6.195628200000001
Ranchi,2026-10-05 04:00:00,2,20.2255474,0.0,6.3138357
Ranchi,2026-10-05 05:00:00,2,20.2582974,0.0,6.471939900000001
Ranchi,2026-10-05 06:00:00,2,21.2756818,0.0,6.8306806
Ranchi,2026-10-05 07:00:00,2,23.541758200000004,0.0,6.552568099999999
Ranchi,2026-10-05 08:00:00,2,25.8173082,0.0,7.240471
Ranchi,2026-10-05 09:00:00,2,27.5336553,0.0,7.621475099999999
Ranchi,2026-10-05 10:00:00,2,28.771210200000002,0.0,7.6972676
Ranchi,2026-10-05 11:00:00,2,29.538540499999996,0.0,7.822330200000001
Ranchi,2026-10-05 12:00:00,2,29.808803700000006,0.038192000000000004,8.2960552
Ranchi,2026-10-05 13:00:00,2,29.678573999999998,0.038192000000000004,9.0428792
Ranchi,2026-10-05 14:00:00,2,29.2207558,0.038192000000000004,9.432696300000002
Ranchi,2026-10-05 15:00:00,2,28.4665327,0.0,8.7249048
Ranchi,2026-10-05 16:00:00,2,27.5640267,0.0,7.796687799999999
Ranchi,2026-10-05 17:00:00,2,26.000893899999998,0.0,6.1692724
Ranchi,2026-10-05 18:00:00,2,24.9878181,0.0,4.6772465
Ranchi,2026-10-05 19:00:00,2,24.193615299999998,0.0,3.5354908000000003
Ranchi,2026-10-05 20:00:00,2,23.502880100000002,0.0,4.176811799999999
Ranchi,2026-10-05 21:00:00,2,22.9703794,0.0,4.2689313
Ranchi,2026-10-05 22:00:00,2,22.5559901,0.0,4.2465654
Ranchi,2026-10-05 23:00:00,2,22.134390200000002,0.0,3.8389062000000003
Ranchi,2026-10-06 00:00:00,3,21.8345202,0.0,3.7216962000000002
Ranchi,2026-10-06 01:00:00,3,21.568245199999996,0.0,3.6101782000000004
Ranchi,2026-10-06 02:00:00,3,21.535129400000002,0.0,3.8987230000000004
Ranchi,2026-10-06 03:00:00,3,21.260306,0.01947978052021948,3.8593764999999998
Ranchi,2026-10-06 04:00:00,3,21.124059699999997,0.01947978052021948,3.4406799999999995
Ranchi,2026-10-06 05:00:00,3,21.207259,0.01947978052021948,3.6186638999999996
Ranchi,2026-10-06 06:00:00,3,22.281326899999996,0.0,3.2847061999999996
Ranchi,2026-10-06 07:00:00,3,24.0882627,0.0,3.3954429
Ranchi,2026-10-06 08:00:00,3,25.768427900000002,0.024021375978624027,4.9452796
Ranchi,2026-10-06 09:00:00,3,26.6911527,0.25409994590005414,5.3419139
Ranchi,2026-10-06 10:00:00,3,27.018402000000002,0.3141533858466142,6.182619600000001
Ranchi,2026-10-06 11:00:00,3,27.159779899999997,0.20605719394280608,6.5024280999999995
Ranchi,2026-10-06 12:00:00,3,27.455571000000003,0.11655398344601656,6.500436800000001
Ranchi,2026-10-06 13:00:00,3,27.416958,0.3193641806358194,7.184791
Ranchi,2026-10-06 14:00:00,3,27.1315349,0.2437709562290438,7.68626
Ranchi,2026-10-06 15:00:00,3,26.590352000000003,0.35422244577755424,6.983372999999999
Ranchi,2026-10-06 16:00:00,3,25.7510441,0.2844707155292845,4.8592452
Ranchi,2026-10-06 17:00:00,3,24.8365315,0.15389004610995388,5.0667941
Ranchi,2026-10-06 18:00:00,3,23.997316599999998,0.05746524253475747,5.953030200000001
Ranchi,2026-10-06 19:00:00,3,23.302985200000002,0.0,5.5218606
Ranchi,2026-10-06 20:00:00,3,22.8873327,0.0,4.6031374
Ranchi,2026-10-06 21:00:00,3,22.4033799,0.0,3.7474536000000005
Ranchi,2026-10-06 22:00:00,3,21.9302534,0.0,3.6188860999999997
Ranchi,2026-10-06 23:00:00,3,21.5364684,0.0,3.3851293
Shillong,2026-10-04 00:00:00,1,15.77835027835028,0.0,6.4995595999999995
Shillong,2026-10-04 01:00:00,1,15.46958396958397,0.0,6.526649300000001
Shillong,2026-10-04 02:00:00,1,15.17973767973768,0.0,6.522482
Shillong,2026-10-04 03:00:00,1,14.942372142372141,0.0,6.5542395
Shillong,2026-10-04 04:00:00,1,14.796497996497996,0.0,6.670961900000001
Shillong,2026-10-04 05:00:00,1,15.105767505767506,0.0,7.020718900000001
Shillong,2026-10-04 06:00:00,1,16.394828494828495,0.0,5.760458399999999
Shillong,2026-10-04 07:00:00,1,18.677850477850477,0.0,3.9911286999999995
Shillong,2026-10-04 08:00:00,1,20.489103889103887,0.0,3.4509757000000003
Shillong,2026-10-04 09:00:00,1,21.718387518387523,0.0465328,4.0503244
Shillong,2026-10-04 10:00:00,1,22.23071913071913,0.136,4.8070023
Shillong,2026-10-04 11:00:00,1,22.155544755544756,0.1306657,5.3371332
Shillong,2026-10-04 12:00:00,1,22.10947410947411,0.0893773,4.4881156
Shillong,2026-10-04 13:00:00,1,22.40986140986141,0.07943650000000001,4.520319
Shillong,2026-10-04 14:00:00,1,21.625540025540026,0.22643619999999998,5.324468199999999
Shillong,2026-10-04 15:00:00,1,20.65652175652176,0.13142109999999999,4.7019285
Shillong,2026-10-04 16:00:00,1,19.475435175435177,0.36595390000000005,3.6805083
Shillong,2026-10-04 17:00:00,1,18.37408807408807,0.9550369000000001,2.6667028
Shillong,2026-10-04 18:00:00,1,17.857781557781557,0.3748137,1.4028869
Shillong,2026-10-04 19:00:00,1,17.51829191829192,0.0099408,1.3857304000000001
Shillong,2026-10-04 20:00:00,1,17.102331502331502,0.0,2.1871971
Shillong,2026-10-04 21:00:00,1,16.70860740860741,0.0,3.1172405000000003
Shillong,2026-10-04 22:00:00,1,16.30916110916111,0.0,3.9243775000000003
Shillong,2026-10-04 23:00:00,1,16.003034403034402,0.0,4.5197379
Shillong,2026-10-05 00:00:00,2,15.7348114,0.0,4.9155823000000005
Shillong,2026-10-05 01:00:00,2,15.4781873,0.033962566037433965,5.227139200000002
Shillong,2026-10-05 02:00:00,2,15.3001641,0.0,5.2842600000000015
Shillong,2026-10-05 03:00:00,2,15.0366165,0.0,5.484806300000001
Shillong,2026-10-05 04:00:00,2,14.863752900000001,0.0,5.6805172000000015
Shillong,2026-10-05 05:00:00,2,15.005478299999998,0.0,5.7479622
Shillong,2026-10-05 06:00:00,2,16.409399599999997,0.0,4.4561557
Shillong,2026-10-05 07:00:00,2,18.7621716,0.0,2.2041921
Shillong,2026-10-05 08:00:00,2,20.549669299999998,0.0,3.0857042000000003
Shillong,2026-10-05 09:00:00,2,21.6721374,0.03337586662413338,4.760449100000001
Shillong,2026-10-05 10:00:00,2,22.2615485,0.03337586662413338,5.921466700000001
Shillong,2026-10-05 11:00:00,2,22.1977033,0.06733843266156735,6.272295600000001
Shillong,2026-10-05 12:00:00,2,21.5483022,0.6854557145442854,6.278791700000001
Shillong,2026-10-05 13:00:00,2,20.7478277,5.363867536132465,4.608451200000001
Shillong,2026-10-05 14:00:00,2,20.2902821,2.6295650704349294,4.3434588000000005
Shillong,2026-10-05 15:00:00,2,19.5166306,1.8262412737587261,3.8367663000000007
Shillong,2026-10-05 16:00:00,2,18.6149983,0.6990214009785991,3.222475600000001
Shillong,2026-10-05 17:00:00,2,17.8156525,0.33549966450033547,2.2197844000000004
Shillong,2026-10-05 18:00:00,2,17.2473198,0.09422030577969423,2.4078153000000007
Shillong,2026-10-05 19:00:00,2,17.094977699999998,0.07018052981947018,3.0114616000000005
Shillong,2026-10-05 20:00:00,2,16.9802252,0.031002668997331007,2.8084401000000003
Shillong,2026-10-05 21:00:00,2,16.728600200000002,0.015864584135415867,2.699030000000001
Shillong,2026-10-05 22:00:00,2,16.4297475,0.015864584135415867,3.0902396000000003
Shillong,2026-10-05 23:00:00,2,16.165647,0.015864584135415867,3.4490410000000002
Shillong,2026-10-06 00:00:00,3,15.955554099999999,0.0,3.5994055
Shillong,2026-10-06 01:00:00,3,15.7121894,0.0,3.7020619
Shillong,2026-10-06 02:00:00,3,15.4641153,0.0,3.9051768000000004
Shillong,2026-10-06 03:00:00,3,15.242736699999998,0.0,4.0888663
Shillong,2026-10-06 04:00:00,3,15.120373699999998,0.0,4.1398849
Shillong,2026-10-06 05:00:00,3,15.242239399999999,0.0,4.2166936999999995
Shillong,2026-10-06 06:00:00,3,16.6076606,0.0,3.3619585
Shillong,2026-10-06 07:00:00,3,18.714969800000002,0.0,2.5154943999999997
Shillong,2026-10-06 08:00:00,3,20.5369288,0.0,4.4044557
Shillong,2026-10-06 09:00:00,3,21.874497399999996,0.030906299999999998,6.0097213
Shillong,2026-10-06 10:00:00,3,22.759996,0.0521254,7.007852300000001
Shillong,2026-10-06 11:00:00,3,22.8076675,0.1965401,6.5021544
Shillong,2026-10-06 12:00:00,3,22.524493300000003,0.41128560000000003,5.3381405
Shillong,2026-10-06 13:00:00,3,22.2388951,0.5725639,3.5687385999999996
Shillong,2026-10-06 14:00:00,3,21.740206699999998,0.3731268,2.9839784000000003
Shillong,2026-10-06 15:00:00,3,21.0028296,0.21628809999999998,3.0340195999999997
Shillong,2026-10-06 16:00:00,3,19.8010829,0.1702882,3.4433947000000003
Shillong,2026-10-06 17:00:00,3,18.4867007,0.1949086,3.5860061
Shillong,2026-10-06 18:00:00,3,17.8872176,0.1693028,3.4792536000000003
Shillong,2026-10-06 19:00:00,3,17.4983868,0.1693028,2.9882061
Shillong,2026-10-06 20:00:00,3,17.2037766,0.0830846,2.8499467000000003
Shillong,2026-10-06 21:00:00,3,16.8671807,0.0,3.3615518
Shillong,2026-10-06 22:00:00,3,16.4564204,0.0,4.1361719
Shillong,2026-10-06 23:00:00,3,16.12246,0.0,4.6269713
Shimla,2026-10-04 00:00:00,1,11.032595532595533,0.0,6.2297204
Shimla,2026-10-04 01:00:00,1,10.505981905981905,0.0,6.5997278
Shimla,2026-10-04 02:00:00,1,10.062579262579264,0.0,6.935006
Shimla,2026-10-04 03:00:00,1,9.743019743019744,0.0,7.017649799999999
Shimla,2026-10-04 04:00:00,1,9.584481484481485,0.0,6.8405723
Shimla,2026-10-04 05:00:00,1,9.79066179066179,0.0,6.539088100000001
Shimla,2026-10-04 06:00:00,1,10.290000490000489,0.0,6.1238335
Shimla,2026-10-04 07:00:00,1,12.319148519148518,0.0,4.715173
Shimla,2026-10-04 08:00:00,1,15.604449004449005,0.0,2.2026225000000004
Shimla,2026-10-04 09:00:00,1,18.132755932755934,0.0,2.9695064
Shimla,2026-10-04 10:00:00,1,19.724464024464027,0.0,5.419287199999999
Shimla,2026-10-04 11:00:00,1,20.861414661414663,0.0,7.2264613
Shimla,2026-10-04 12:00:00,1,21.379609579609582,0.0,8.6763364
Shimla,2026-10-04 13:00:00,1,21.307882307882306,0.0,8.9218655
Shimla,2026-10-04 14:00:00,1,20.814424314424315,0.0207291,8.5462275
Shimla,2026-10-04 15:00:00,1,20.112944112944113,0.0,7.837184200000001
Shimla,2026-10-04 16:00:00,1,18.956103156103154,0.0207291,6.9129413
Shimla,2026-10-04 17:00:00,1,17.481665481665484,0.0,5.2295334
Shimla,2026-10-04 18:00:00,1,15.758063858063858,0.0,3.6294207
Shimla,2026-10-04 19:00:00,1,14.566933366933366,0.0,3.1869600000000005
Shimla,2026-10-04 20:00:00,1,13.608541908541907,0.0,4.0631094
Shimla,2026-10-04 21:00:00,1,12.935980535980537,0.0,5.3887654
Shimla,2026-10-04 22:00:00,1,12.382545182545183,0.0,5.6236584
Shimla,2026-10-04 23:00:00,1,11.91000351000351,0.0,6.0672449
Shimla,2026-10-05 00:00:00,2,11.5357787,0.0,6.4460362
Shimla,2026-10-05 01:00:00,2,11.1441102,0.0,6.7726674
Shimla,2026-10-05 02:00:00,2,10.8082718,0.0,6.959169900000001
Shimla,2026-10-05 03:00:00,2,10.490834999999999,0.0,7.2000516999999995
Shimla,2026-10-05 04:00:00,2,10.2430722,0.0,7.2413285
Shimla,2026-10-05 05:00:00,2,10.2839486,0.0,6.7844208
Shimla,2026-10-05 06:00:00,2,10.7656965,0.0,6.4498837
Shimla,2026-10-05 07:00:00,2,12.6096937,0.0,5.084737799999999
Shimla,2026-10-05 08:00:00,2,15.788283999999999,0.0,2.5754819
Shimla,2026-10-05 09:00:00,2,18.314547,0.0,3.0175558000000002
Shimla,2026-10-05 10:00:00,2,19.8288928,0.0,5.564521099999999
Shimla,2026-10-05 11:00:00,2,20.845381699999997,0.0,7.650053999999999
Shimla,2026-10-05 12:00:00,2,21.290766999999995,0.0,8.857048800000001
Shimla,2026-10-05 13:00:00,2,21.281340500000002,0.04606095393904606,9.013606000000001
Shimla,2026-10-05 14:00:00,2,20.6834252,0.0,8.543737499999999
Shimla,2026-10-05 15:00:00,2,19.8821003,0.18424381575618423,7.3348863
Shimla,2026-10-05 16:00:00,2,18.8521017,0.13818286181713815,6.419642199999999
Shimla,2026-10-05 17:00:00,2,17.2880989,0.02303047696952303,5.1120126
Shimla,2026-10-05 18:00:00,2,15.7575232,0.0,3.1008822
Shimla,2026-10-05 19:00:00,2,14.6836053,0.0,3.0287406000000003
Shimla,2026-10-05 20:00:00,2,13.8636015,0.0,4.280038800000001
Shimla,2026-10-05 21:00:00,2,13.203110899999999,0.0,5.4513513
Shimla,2026-10-05 22:00:00,2,12.834948399999998,0.0,6.0126876000000005
Shimla,2026-10-05 23:00:00,2,12.387523499999999,0.0,5.9037731
Shimla,2026-10-06 00:00:00,3,11.9348754,0.0,6.069240400000002
Shimla,2026-10-06 01:00:00,3,11.564273100000001,0.021029600000000002,6.374170800000001
Shimla,2026-10-06 02:00:00,3,11.187308400000001,0.021029600000000002,6.328493800000001
Shimla,2026-10-06 03:00:00,3,10.8742293,0.1472072,6.357999400000001
Shimla,2026-10-06 04:00:00,3,10.7036545,0.042059200000000005,6.556260800000001
Shimla,2026-10-06 05:00:00,3,10.7192641,0.0,6.635897600000002
Shimla,2026-10-06 06:00:00,3,11.0248794,0.0,6.082944600000001
Shimla,2026-10-06 07:00:00,3,12.658797900000001,0.0,4.6005304
Shimla,2026-10-06 08:00:00,3,15.620557900000001,0.0,2.4861974000000004
Shimla,2026-10-06 09:00:00,3,17.804544300000003,0.042059200000000005,2.9209868000000005
Shimla,2026-10-06 10:00:00,3,19.1516431,0.021029600000000002,5.614933200000001
Shimla,2026-10-06 11:00:00,3,20.2107634,0.0,7.367734200000001
Shimla,2026-10-06 12:00:00,3,20.6211369,0.0374134,8.630350200000002
Shimla,2026-10-06 13:00:00,3,20.485255400000003,0.05844300000000001,9.414989000000002
Shimla,2026-10-06 14:00:00,3,19.893039899999998,0.0794726,9.3779398
Shimla,2026-10-06 15:00:00,3,18.9453189,0.3318278,7.829783000000003
Shimla,2026-10-06 16:00:00,3,17.9690514,0.19732130000000003,6.143321400000001
Shimla,2026-10-06 17:00:00,3,16.529862100000003,0.1687922,4.276581800000001
Shimla,2026-10-06 18:00:00,3,15.130205100000001,0.025401400000000005,3.4044882000000007
Shimla,2026-10-06 19:00:00,3,13.950714399999999,0.13970770000000002,4.292337000000001
Shimla,2026-10-06 20:00:00,3,13.302111100000001,0.0,4.914796600000001
Shimla,2026-10-06 21:00:00,3,12.952835899999998,0.0,4.563532
Shimla,2026-10-06 22:00:00,3,12.691294199999998,0.0,4.7480546000000015
Shimla,2026-10-06 23:00:00,3,12.4100643,0.012700700000000002,5.329800200000001
Srinagar,2026-10-04 00:00:00,1,15.506896700000002,0.0,5.2378693
Srinagar,2026-10-04 01:00:00,1,14.8662782,0.0,4.9431983
Srinagar,2026-10-04 02:00:00,1,14.325766400000003,0.0,4.870867199999999
Srinagar,2026-10-04 03:00:00,1,13.8217298,0.0,4.5301773999999995
Srinagar,2026-10-04 04:00:00,1,13.491039500000001,0.0,4.5018825
Srinagar,2026-10-04 05:00:00,1,13.5081474,0.0,4.259354699999999
Srinagar,2026-10-04 06:00:00,1,13.2979078,0.0,3.6396477999999997
Srinagar,2026-10-04 07:00:00,1,14.726250700000001,0.0,3.0488996000000004
Srinagar,2026-10-04 08:00:00,1,17.6435578,0.0,1.7152174
Srinagar,2026-10-04 09:00:00,1,20.296388200000003,0.0,2.6479687
Srinagar,2026-10-04 10:00:00,1,22.768946999999997,0.0,3.5204349999999995
Srinagar,2026-10-04 11:00:00,1,24.9404713,0.0,3.5617975
Srinagar,2026-10-04 12:00:00,1,26.5734652,0.0,4.048432399999999
Srinagar,2026-10-04 13:00:00,1,27.744476300000002,0.0,4.0880391
Srinagar,2026-10-04 14:00:00,1,28.4770368,0.0,4.1835909000000004
Srinagar,2026-10-04 15:00:00,1,28.597532199999996,0.0,4.385849599999999
Srinagar,2026-10-04 16:00:00,1,28.056873,0.0,4.6360526
Srinagar,2026-10-04 17:00:00,1,26.270482899999998,0.0,4.1536309
Srinagar,2026-10-04 18:00:00,1,22.6916175,0.0,3.5308093
Srinagar,2026-10-04 19:00:00,1,20.5459852,0.0,3.1144832
Srinagar,2026-10-04 20:00:00,1,18.9611228,0.0,3.7076561999999997
Srinagar,2026-10-04 21:00:00,1,17.9635045,0.0,4.3771122
Srinagar,2026-10-04 22:00:00,1,17.182062700000003,0.0,4.6065082
Srinagar,2026-10-04 23:00:00,1,16.4556767,0.0,5.2965862
Srinagar,2026-10-05 00:00:00,2,15.670504570504571,0.0,5.3493347
Srinagar,2026-10-05 01:00:00,2,14.823533123533124,0.0,5.2434197000000005
Srinagar,2026-10-05 02:00:00,2,14.01821851821852,0.0,5.1056493
Srinagar,2026-10-05 03:00:00,2,13.421019421019421,0.0,5.067755
Srinagar,2026-10-05 04:00:00,2,13.136154636154636,0.0,4.5022047
Srinagar,2026-10-05 05:00:00,2,13.071587571587571,0.0,4.5070982
Srinagar,2026-10-05 06:00:00,2,13.093436593436595,0.0,4.0316341
Srinagar,2026-10-05 07:00:00,2,14.48090308090308,0.0,3.0148822
Srinagar,2026-10-05 08:00:00,2,17.314623814623815,0.0,1.4943903000000003
Srinagar,2026-10-05 09:00:00,2,20.007012207012206,0.0,1.9072415
Srinagar,2026-10-05 10:00:00,2,22.563939963939966,0.0,2.9332501000000004
Srinagar,2026-10-05 11:00:00,2,24.706939306939308,0.0,4.1621198
Srinagar,2026-10-05 12:00:00,2,26.354673954673952,0.0,4.6871823
Srinagar,2026-10-05 13:00:00,2,27.57740117740118,0.0,5.0419633
Srinagar,2026-10-05 14:00:00,2,28.255161755161758,0.0,5.165202300000001
Srinagar,2026-10-05 15:00:00,2,28.371982871982873,0.0,4.942582699999999
Srinagar,2026-10-05 16:00:00,2,27.832131632131635,0.0,4.2560218999999995
Srinagar,2026-10-05 17:00:00,2,26.197865197865198,0.0,2.8294254
Srinagar,2026-10-05 18:00:00,2,22.8001099001099,0.0,3.6656410000000004
Srinagar,2026-10-05 19:00:00,2,20.615303515303516,0.016530383469616532,2.7837592
Srinagar,2026-10-05 20:00:00,2,19.323124923124922,0.0,4.704564
Srinagar,2026-10-05 21:00:00,2,18.07143167143167,0.0,4.7454851
Srinagar,2026-10-05 22:00:00,2,17.2982933982934,0.0,4.4187607
Srinagar,2026-10-05 23:00:00,2,16.54922674922675,0.0,4.8241159
Srinagar,2026-10-06 00:00:00,3,15.732719332719332,0.0,4.5367602
Srinagar,2026-10-06 01:00:00,3,15.010483510483514,0.018317118317118318,4.9176249
Srinagar,2026-10-06 02:00:00,3,14.470600370600371,0.0,5.127264
Srinagar,2026-10-06 03:00:00,3,14.046588146588148,0.0,4.7511646
Srinagar,2026-10-06 04:00:00,3,13.765568665568667,0.0,4.7551171
Srinagar,2026-10-06 05:00:00,3,13.810186110186109,0.0,4.3375424
Srinagar,2026-10-06 06:00:00,3,14.090946490946491,0.0,4.265836
Srinagar,2026-10-06 07:00:00,3,15.566022666022665,0.0,4.8217926
Srinagar,2026-10-06 08:00:00,3,17.88715228715229,0.0,3.2713026000000003
Srinagar,2026-10-06 09:00:00,3,20.334996934996937,0.0,3.1319139
Srinagar,2026-10-06 10:00:00,3,22.193148793148794,0.0,3.779004
Srinagar,2026-10-06 11:00:00,3,24.14581944581945,0.0,5.864777200000001
Srinagar,2026-10-06 12:00:00,3,25.284489784489786,0.0,6.7062943
Srinagar,2026-10-06 13:00:00,3,26.145805845805846,0.0,6.790562400000001
Srinagar,2026-10-06 14:00:00,3,26.2023271023271,0.013466013466013466,7.540307100000001
Srinagar,2026-10-06 15:00:00,3,25.08030328030328,0.14876414876414873,7.9995370999999995
Srinagar,2026-10-06 16:00:00,3,23.4991683991684,0.19048269048269045,6.090495499999999
Srinagar,2026-10-06 17:00:00,3,21.818276518276516,0.19886439886439883,4.4369194
Srinagar,2026-10-06 18:00:00,3,19.82138592138592,0.7537664537664536,3.3007746999999994
Srinagar,2026-10-06 19:00:00,3,18.14780984780985,0.6381230381230379,3.5052988000000003
Srinagar,2026-10-06 20:00:00,3,16.893056793056793,0.6599707599707598,3.3597072
Srinagar,2026-10-06 21:00:00,3,16.25259225259225,0.4281959281959281,2.8980332000000004
Srinagar,2026-10-06 22:00:00,3,15.561102461102463,0.4304060304060303,3.3834489000000003
Srinagar,2026-10-06 23:00:00,3,15.106206506206505,0.3339693339693339,3.6434905
Surat,2026-10-04 00:00:00,1,26.4634404,0.0,4.071369471369471
Surat,2026-10-04 01:00:00,1,25.721356600000004,0.0,3.1002511002510995
Surat,2026-10-04 02:00:00,1,25.1050668,0.0,2.8710133710133707
Surat,2026-10-04 03:00:00,1,24.5092158,0.0,2.609375109375109
Surat,2026-10-04 04:00:00,1,24.1148034,0.0,3.717968517968518
Surat,2026-10-04 05:00:00,1,23.888024,0.0,3.8412340412340407
Surat,2026-10-04 06:00:00,1,23.872036,0.0,4.243681643681643
Surat,2026-10-04 07:00:00,1,24.9128014,0.0,4.534245534245534
Surat,2026-10-04 08:00:00,1,27.4077446,0.0,4.015016015016014
Surat,2026-10-04 09:00:00,1,29.945956199999998,0.0,4.0001561001561
Surat,2026-10-04 10:00:00,1,31.946946800000006,0.0,4.46023816023816
Surat,2026-10-04 11:00:00,1,33.518760199999996,0.0,5.388187488187488
Surat,2026-10-04 12:00:00,1,34.4124758,0.0,5.9944245944245935
Surat,2026-10-04 13:00:00,1,34.737660000000005,0.0,7.1282515282515275
Surat,2026-10-04 14:00:00,1,34.753192,0.0,8.592285792285791
Surat,2026-10-04 15:00:00,1,34.38211700000001,0.0,9.752064152064152
Surat,2026-10-04 16:00:00,1,33.702556400000006,0.0,10.283279583279581
Surat,2026-10-04 17:00:00,1,32.6086746,0.0,9.948008748008746
Surat,2026-10-04 18:00:00,1,31.010922400000002,0.0,8.262490762490762
Surat,2026-10-04 19:00:00,1,29.6861508,0.0,5.972455972455972
Surat,2026-10-04 20:00:00,1,28.784613399999998,0.0,3.637921837921837
Surat,2026-10-04 21:00:00,1,28.1942928,0.0,3.168465868465868
Surat,2026-10-04 22:00:00,1,27.5252134,0.0,5.333014033014033
Surat,2026-10-04 23:00:00,1,26.734693800000002,0.0,5.702582402582402
Surat,2026-10-05 00:00:00,2,26.2809171,0.0,4.3262071
Surat,2026-10-05 01:00:00,2,25.8542085,0.0,3.2168216999999997
Surat,2026-10-05 02:00:00,2,25.3573717,0.0,2.8568879
Surat,2026-10-05 03:00:00,2,24.8311622,0.0,2.9172011999999996
Surat,2026-10-05 04:00:00,2,24.466663200000003,0.0,3.5703645999999996
Surat,2026-10-05 05:00:00,2,24.3034571,0.0,3.9435743
Surat,2026-10-05 06:00:00,2,24.4053263,0.0,3.8344286
Surat,2026-10-05 07:00:00,2,25.3594708,0.0,3.9951993
Surat,2026-10-05 08:00:00,2,27.429331400000002,0.0,3.9003740000000002
Surat,2026-10-05 09:00:00,2,29.498618399999998,0.0,5.391169699999999
Surat,2026-10-05 10:00:00,2,31.2196168,0.0,6.0131668000000005
Surat,2026-10-05 11:00:00,2,32.5024019,0.0,6.6960256
Surat,2026-10-05 12:00:00,2,33.2523037,0.0,7.8109912
Surat,2026-10-05 13:00:00,2,33.6294191,0.0,8.9576147
Surat,2026-10-05 14:00:00,2,33.5958561,0.0,10.026483299999999
Surat,2026-10-05 15:00:00,2,33.1218889,0.0191539,10.7443837
Surat,2026-10-05 16:00:00,2,32.4956003,0.0,10.4898938
Surat,2026-10-05 17:00:00,2,31.5994,0.0,9.755823099999999
Surat,2026-10-05 18:00:00,2,30.0794953,0.0,8.3468708
Surat,2026-10-05 19:00:00,2,28.9245521,0.0,7.2167613
Surat,2026-10-05 20:00:00,2,27.9761965,0.0,7.622171100000001
Surat,2026-10-05 21:00:00,2,27.325467,0.0,8.360307500000001
Surat,2026-10-05 22:00:00,2,26.9010333,0.0,8.1778839
Surat,2026-10-05 23:00:00,2,26.613369300000002,0.0,7.9213546
Surat,2026-10-06 00:00:00,3,26.323070500000007,0.0,6.844938655061345
Surat,2026-10-06 01:00:00,3,25.974277400000005,0.0,5.317299882700118
Surat,2026-10-06 02:00:00,3,25.5633592,0.0,3.9645144354855644
Surat,2026-10-06 03:00:00,3,25.115147400000005,0.0,4.141873858126142
Surat,2026-10-06 04:00:00,3,24.733253700000002,0.0,3.9924246075753924
Surat,2026-10-06 05:00:00,3,24.574251800000006,0.0,4.14045025954974
Surat,2026-10-06 06:00:00,3,24.708796800000005,0.0,3.9077072922927076
Surat,2026-10-06 07:00:00,3,25.535124800000006,0.0,3.770665929334071
Surat,2026-10-06 08:00:00,3,27.171026700000002,0.0,4.861273738726262
Surat,2026-10-06 09:00:00,3,29.090692900000004,0.0,5.682687417312583
Surat,2026-10-06 10:00:00,3,30.648562900000005,0.0,6.213270286729713
Surat,2026-10-06 11:00:00,3,31.929448300000008,0.0,6.9499191500808495
Surat,2026-10-06 12:00:00,3,32.85687120000001,0.0164017,7.4758046241953755
Surat,2026-10-06 13:00:00,3,33.35291200000001,0.0164017,8.004897195102805
Surat,2026-10-06 14:00:00,3,33.440194600000005,0.0164017,8.485881414118586
Surat,2026-10-06 15:00:00,3,33.2219898,0.0,9.274690825309175
Surat,2026-10-06 16:00:00,3,32.779229300000004,0.0,10.28951341048659
Surat,2026-10-06 17:00:00,3,31.926961300000002,0.0,10.703376496623504
Surat,2026-10-06 18:00:00,3,30.608330700000007,0.0,9.233258366741632
Surat,2026-10-06 19:00:00,3,29.531137600000005,0.0,7.822031377968623
Surat,2026-10-06 20:00:00,3,28.780492600000002,0.0,7.337164262835737
Surat,2026-10-06 21:00:00,3,28.264830900000003,0.0,7.601372298627702
Surat,2026-10-06 22:00:00,3,27.814206300000006,0.0,7.405843394156606
Surat,2026-10-06 23:00:00,3,27.461076000000006,0.0,7.07922342077658
Thane,2026-10-04 00:00:00,1,26.5883699,0.0,4.140815718368564
Thane,2026-10-04 01:00:00,1,25.8143121,0.0,4.157049885900229
Thane,2026-10-04 02:00:00,1,25.199911099999998,0.0,4.065577568844863
Thane,2026-10-04 03:00:00,1,24.7798024,0.0,3.6294488411023185
Thane,2026-10-04 04:00:00,1,24.5218057,0.0,3.624597150805699
Thane,2026-10-04 05:00:00,1,24.520123,0.0,3.7460455079089847
Thane,2026-10-04 06:00:00,1,24.390306700000004,0.0,3.428227443545113
Thane,2026-10-04 07:00:00,1,25.301047600000004,0.0,3.574094951810097
Thane,2026-10-04 08:00:00,1,27.1988316,0.0,3.6695812608374787
Thane,2026-10-04 09:00:00,1,29.4922497,0.0,4.675068449863101
Thane,2026-10-04 10:00:00,1,31.582502299999994,0.0,6.433654132691736
Thane,2026-10-04 11:00:00,1,33.2095932,0.0,7.150626898746204
Thane,2026-10-04 12:00:00,1,34.2725873,0.0,7.08735142529715
Thane,2026-10-04 13:00:00,1,34.89372,0.0,6.898314003371994
Thane,2026-10-04 14:00:00,1,35.1366569,0.0,7.4207840584318845
Thane,2026-10-04 15:00:00,1,34.9550621,0.0,8.364120071759857
Thane,2026-10-04 16:00:00,1,34.363513,0.0,9.636095327809345
Thane,2026-10-04 17:00:00,1,33.1603185,0.0,10.93693182613635
Thane,2026-10-04 18:00:00,1,31.5623716,0.0,10.010747778504445
Thane,2026-10-04 19:00:00,1,30.252186899999998,0.0,8.028044443911112
Thane,2026-10-04 20:00:00,1,29.2090476,0.0,6.779928540142921
Thane,2026-10-04 21:00:00,1,28.300278100000003,0.0,5.318503662992675
Thane,2026-10-04 22:00:00,1,27.5908393,0.0,3.920831758336484
Thane,2026-10-04 23:00:00,1,26.918569299999998,0.0,3.3591393817212367
Thane,2026-10-05 00:00:00,2,26.382459917540082,0.0,2.9539188000000003
Thane,2026-10-05 01:00:00,2,25.728617371382633,0.0,3.1064969
Thane,2026-10-05 02:00:00,2,25.225757074242928,0.0,3.3029553
Thane,2026-10-05 03:00:00,2,24.77154002845997,0.0,3.2306988999999997
Thane,2026-10-05 04:00:00,2,24.42155587844412,0.0,3.0912778
Thane,2026-10-05 05:00:00,2,24.32983137016863,0.0,3.2056576999999997
Thane,2026-10-05 06:00:00,2,24.446248553751445,0.0,3.0400422
Thane,2026-10-05 07:00:00,2,25.37932522067478,0.0,3.1364764000000003
Thane,2026-10-05 08:00:00,2,27.253118746881253,0.0,3.3318339000000003
Thane,2026-10-05 09:00:00,2,29.35060504939495,0.0,4.0713635
Thane,2026-10-05 10:00:00,2,31.281287718712285,0.0,5.6188913000000005
Thane,2026-10-05 11:00:00,2,32.80870409129591,0.0,6.4090511999999995
Thane,2026-10-05 12:00:00,2,33.83790706209294,0.0,6.779803900000001
Thane,2026-10-05 13:00:00,2,34.3957597042403,0.0,7.149438200000001
Thane,2026-10-05 14:00:00,2,34.48822901177098,0.0,8.3549823
Thane,2026-10-05 15:00:00,2,34.18627861372139,0.0,10.5960026
Thane,2026-10-05 16:00:00,2,33.3038090961909,0.0,12.541908799999998
Thane,2026-10-05 17:00:00,2,31.967103532896466,0.0,13.1871703
Thane,2026-10-05 18:00:00,2,30.303896696103305,0.0,12.1346363
Thane,2026-10-05 19:00:00,2,29.148136051863947,0.0,9.6788872
Thane,2026-10-05 20:00:00,2,28.29445250554749,0.0,7.285542000000001
Thane,2026-10-05 21:00:00,2,27.598666501333504,0.0,5.1878065
Thane,2026-10-05 22:00:00,2,26.987584012415986,0.0,3.8355959
Thane,2026-10-05 23:00:00,2,26.492191407808594,0.0,2.9672874
Thane,2026-10-06 00:00:00,3,26.075479975479972,0.0,2.9337223
Thane,2026-10-06 01:00:00,3,25.709489409489404,0.0,3.3960325
Thane,2026-10-06 02:00:00,3,25.416413416413416,0.0,3.9181008999999998
Thane,2026-10-06 03:00:00,3,25.076659976659972,0.0,4.187240399999999
Thane,2026-10-06 04:00:00,3,24.92260472260472,0.0,3.7978698
Thane,2026-10-06 05:00:00,3,24.834679934679933,0.0,3.6337289999999998
Thane,2026-10-06 06:00:00,3,24.817979917979915,0.0,3.8127074999999997
Thane,2026-10-06 07:00:00,3,25.4059815059815,0.0,3.8430216
Thane,2026-10-06 08:00:00,3,26.83351073351073,0.0,4.079327
Thane,2026-10-06 09:00:00,3,28.65299905299905,0.0,5.0361965
Thane,2026-10-06 10:00:00,3,30.48197838197838,0.0,5.827609799999999
Thane,2026-10-06 11:00:00,3,31.93199073199073,0.0,6.0159847
Thane,2026-10-06 12:00:00,3,33.004332804332805,0.0183937,6.293669599999999
Thane,2026-10-06 13:00:00,3,33.7034746034746,0.0183937,7.2852072
Thane,2026-10-06 14:00:00,3,33.97521537521537,0.0183937,9.0751966
Thane,2026-10-06 15:00:00,3,33.70855010855011,0.0,10.955303
Thane,2026-10-06 16:00:00,3,32.86059686059686,0.0,13.284333499999999
Thane,2026-10-06 17:00:00,3,31.586628686628686,0.0,14.0784791
Thane,2026-10-06 18:00:00,3,30.08462838462838,0.0,13.129814900000003
Thane,2026-10-06 19:00:00,3,28.9999280999281,0.0343074,10.364671699999999
Thane,2026-10-06 20:00:00,3,28.314777814777813,0.0,8.5204141
Thane,2026-10-06 21:00:00,3,27.843840843840844,0.0171537,7.826473600000001
Thane,2026-10-06 22:00:00,3,27.39674699674699,0.051461099999999996,6.4049151
Thane,2026-10-06 23:00:00,3,27.09056699056699,0.0,5.2712783
Thiruvananthapuram,2026-10-04 00:00:00,1,25.68203598203598,0.07316389999999999,2.7026491000000004
Thiruvananthapuram,2026-10-04 01:00:00,1,25.275926675926673,0.07316389999999999,2.9289298
Thiruvananthapuram,2026-10-04 02:00:00,1,24.946878346878346,0.07316389999999999,3.1384698999999996
Thiruvananthapuram,2026-10-04 03:00:00,1,24.72064322064322,0.0157352,3.068307
Thiruvananthapuram,2026-10-04 04:00:00,1,24.474641074641074,0.0157352,2.9165005999999996
Thiruvananthapuram,2026-10-04 05:00:00,1,24.72518782518782,0.0157352,2.7013953999999996
Thiruvananthapuram,2026-10-04 06:00:00,1,24.999568399568403,0.0,3.0644918999999997
Thiruvananthapuram,2026-10-04 07:00:00,1,26.445585245585246,0.0,2.8319571999999997
Thiruvananthapuram,2026-10-04 08:00:00,1,28.170275370275363,0.0,2.4292787
Thiruvananthapuram,2026-10-04 09:00:00,1,29.689998989998987,0.0191429,2.0654149000000004
Thiruvananthapuram,2026-10-04 10:00:00,1,30.78989558989559,0.036283300000000004,5.0457737
Thiruvananthapuram,2026-10-04 11:00:00,1,31.480702780702774,0.053423700000000005,8.0780577
Thiruvananthapuram,2026-10-04 12:00:00,1,31.26537676537676,0.6444238,9.884730099999999
Thiruvananthapuram,2026-10-04 13:00:00,1,29.86495256495256,0.8785976,9.4560517
Thiruvananthapuram,2026-10-04 14:00:00,1,29.608361908361907,0.6186936999999999,8.178420200000001
Thiruvananthapuram,2026-10-04 15:00:00,1,29.047261447261448,0.6899658,7.268389299999999
Thiruvananthapuram,2026-10-04 16:00:00,1,28.44365604365604,1.1156183,5.4124162
Thiruvananthapuram,2026-10-04 17:00:00,1,27.991198991198992,0.4371907,4.5016825
Thiruvananthapuram,2026-10-04 18:00:00,1,27.308585408585405,0.0314704,4.2592080999999995
Thiruvananthapuram,2026-10-04 19:00:00,1,26.827319727319725,0.0505972,3.897362
Thiruvananthapuram,2026-10-04 20:00:00,1,26.424761724761726,0.1844848,3.702142
Thiruvananthapuram,2026-10-04 21:00:00,1,26.156024156024152,0.2036116,3.3247354000000007
Thiruvananthapuram,2026-10-04 22:00:00,1,25.86655666655667,0.0314704,3.9565277999999995
Thiruvananthapuram,2026-10-04 23:00:00,1,25.510375110375108,0.2371552,3.9304165999999996
Thiruvananthapuram,2026-10-05 00:00:00,2,25.25657895657896,0.08531258531258532,4.036843263156737
Thiruvananthapuram,2026-10-05 01:00:00,2,24.956644156644163,0.1365001365001365,4.876102423897576
Thiruvananthapuram,2026-10-05 02:00:00,2,24.72591382591383,0.10237510237510238,4.984106115893885
Thiruvananthapuram,2026-10-05 03:00:00,2,24.46354486354487,0.4095004095004095,4.563597936402064
Thiruvananthapuram,2026-10-05 04:00:00,2,24.329475129475135,0.05118755118755119,4.431294068705932
Thiruvananthapuram,2026-10-05 05:00:00,2,24.35586945586946,0.08531258531258532,4.451958448041553
Thiruvananthapuram,2026-10-05 06:00:00,2,24.745158745158747,0.0,4.305604594395406
Thiruvananthapuram,2026-10-05 07:00:00,2,26.059057459057463,0.0,3.8535444464555533
Thiruvananthapuram,2026-10-05 08:00:00,2,27.697662197662204,0.0,4.771861428138572
Thiruvananthapuram,2026-10-05 09:00:00,2,29.23527373527374,0.01952701952701953,5.63906026093974
Thiruvananthapuram,2026-10-05 10:00:00,2,30.61490121490122,0.01952701952701953,7.099050200949799
Thiruvananthapuram,2026-10-05 11:00:00,2,31.493398293398297,0.01952701952701953,8.914530585469414
Thiruvananthapuram,2026-10-05 12:00:00,2,31.603652803652803,0.18205548205548205,10.922486977513024
Thiruvananthapuram,2026-10-05 13:00:00,2,31.25300895300896,0.41848811848811857,11.914880385119616
Thiruvananthapuram,2026-10-05 14:00:00,2,30.487981387981396,0.45531905531905537,11.822501877498123
Thiruvananthapuram,2026-10-05 15:00:00,2,29.77436617436618,0.10093590093590094,10.536699163300836
Thiruvananthapuram,2026-10-05 16:00:00,2,29.36683546683547,0.1691859691859692,8.950598749401252
Thiruvananthapuram,2026-10-05 17:00:00,2,28.71113641113642,0.08195588195588195,7.900579699420301
Thiruvananthapuram,2026-10-05 18:00:00,2,27.854292854292858,0.09793719793719793,6.511255388744612
Thiruvananthapuram,2026-10-05 19:00:00,2,27.23803093803094,0.3197499197499198,6.002851197148804
Thiruvananthapuram,2026-10-05 20:00:00,2,26.730236030236032,0.09793719793719793,5.394561605438395
Thiruvananthapuram,2026-10-05 21:00:00,2,26.41569031569032,0.012624612624612626,5.4108341891658105
Thiruvananthapuram,2026-10-05 22:00:00,2,26.132631732631733,0.012624612624612626,5.837636862363138
Thiruvananthapuram,2026-10-05 23:00:00,2,25.813579213579217,0.012624612624612626,5.954438945561055
Thiruvananthapuram,2026-10-06 00:00:00,3,25.471564471564474,0.0521991521991522,5.82913342913343
Thiruvananthapuram,2026-10-06 01:00:00,3,25.173477973477972,0.5045918045918046,5.682551282551283
Thiruvananthapuram,2026-10-06 02:00:00,3,24.993565693565696,0.06959886959886961,5.501376001376
Thiruvananthapuram,2026-10-06 03:00:00,3,24.764767864767865,0.5045918045918046,5.816587116587116
Thiruvananthapuram,2026-10-06 04:00:00,3,24.65937765937766,0.38279378279378284,5.864615064615065
Thiruvananthapuram,2026-10-06 05:00:00,3,24.672962872962874,0.434992934992935,6.110644310644311
Thiruvananthapuram,2026-10-06 06:00:00,3,25.09032219032219,0.03479943479943481,5.770695270695271
Thiruvananthapuram,2026-10-06 07:00:00,3,26.48351658351659,0.0,5.743969143969144
Thiruvananthapuram,2026-10-06 08:00:00,3,28.219681219681224,0.0,6.553851953851954
Thiruvananthapuram,2026-10-06 09:00:00,3,29.793315093315094,0.0,6.827698127698128
Thiruvananthapuram,2026-10-06 10:00:00,3,31.284873884873885,0.0,6.885273885273886
Thiruvananthapuram,2026-10-06 11:00:00,3,32.23496673496673,0.0,8.183756583756583
Thiruvananthapuram,2026-10-06 12:00:00,3,32.144833644833646,0.6738091738091739,9.8003862003862
Thiruvananthapuram,2026-10-06 13:00:00,3,31.266053966053967,1.1421274421274419,9.984695484695484
Thiruvananthapuram,2026-10-06 14:00:00,3,30.487635287635285,1.0449838449838451,9.214919414919416
Thiruvananthapuram,2026-10-06 15:00:00,3,29.486290586290586,1.0054331054331054,6.921178921178921
Thiruvananthapuram,2026-10-06 16:00:00,3,28.48320608320609,0.723978523978524,7.317927417927419
Thiruvananthapuram,2026-10-06 17:00:00,3,27.681687581687584,0.5823062823062823,6.579927379927381
Thiruvananthapuram,2026-10-06 18:00:00,3,26.8964871964872,0.43412643412643415,4.694025394025394
Thiruvananthapuram,2026-10-06 19:00:00,3,26.52108482108482,0.31123891123891123,3.6827149827149825
Thiruvananthapuram,2026-10-06 20:00:00,3,26.22366942366943,0.30965540965540966,3.6056940056940054
Thiruvananthapuram,2026-10-06 21:00:00,3,25.977744977744976,0.06729126729126729,3.6316316316316315
Thiruvananthapuram,2026-10-06 22:00:00,3,25.63909103909104,0.11815391815391815,3.929434929434929
Thiruvananthapuram,2026-10-06 23:00:00,3,25.346172646172647,0.2573516573516574,3.9435610435610435
Vadodara,2026-10-04 00:00:00,1,27.644831599999996,0.0,5.1287948000000005
Vadodara,2026-10-04 01:00:00,1,26.8456771,0.0,4.529880100000001
Vadodara,2026-10-04 02:00:00,1,26.065273100000002,0.0,4.799229100000002
Vadodara,2026-10-04 03:00:00,1,25.3063931,0.0,3.3197912000000005
Vadodara,2026-10-04 04:00:00,1,24.756699500000003,0.0,2.0567348
Vadodara,2026-10-04 05:00:00,1,24.7636,0.0,2.8804611000000007
Vadodara,2026-10-04 06:00:00,1,24.489956799999998,0.0,2.0444649000000004
Vadodara,2026-10-04 07:00:00,1,25.732505099999997,0.0,2.5448618
Vadodara,2026-10-04 08:00:00,1,28.196429300000002,0.0,2.2307504000000002
Vadodara,2026-10-04 09:00:00,1,30.434642600000004,0.0,2.6473537000000005
Vadodara,2026-10-04 10:00:00,1,32.4251752,0.0,2.9606886
Vadodara,2026-10-04 11:00:00,1,34.0624855,0.0,3.7465748000000008
Vadodara,2026-10-04 12:00:00,1,35.2735912,0.0,4.607258
Vadodara,2026-10-04 13:00:00,1,35.9548203,0.0,6.326873600000001
Vadodara,2026-10-04 14:00:00,1,36.2114905,0.0,7.866610900000001
Vadodara,2026-10-04 15:00:00,1,36.133979200000006,0.0,8.3683846
Vadodara,2026-10-04 16:00:00,1,35.6565269,0.0,8.238453100000001
Vadodara,2026-10-04 17:00:00,1,34.7810537,0.0,7.547288400000002
Vadodara,2026-10-04 18:00:00,1,33.085187499999996,0.0,6.134445400000001
Vadodara,2026-10-04 19:00:00,1,31.453345200000005,0.0,5.0289657000000005
Vadodara,2026-10-04 20:00:00,1,30.3557353,0.0,5.780968100000001
Vadodara,2026-10-04 21:00:00,1,29.6121963,0.0,6.165777200000001
Vadodara,2026-10-04 22:00:00,1,28.896201000000005,0.0,5.760843400000001
Vadodara,2026-10-04 23:00:00,1,28.337073699999998,0.0,5.137839700000001
Vadodara,2026-10-05 00:00:00,2,27.498602599999998,0.0,5.9916909
Vadodara,2026-10-05 01:00:00,2,26.309536100000003,0.0,4.0183374
Vadodara,2026-10-05 02:00:00,2,25.5481461,0.0,3.7828073
Vadodara,2026-10-05 03:00:00,2,25.131438600000003,0.0,2.8077121000000003
Vadodara,2026-10-05 04:00:00,2,24.7313466,0.0,2.2048140000000003
Vadodara,2026-10-05 05:00:00,2,24.486026100000004,0.0,2.6183273
Vadodara,2026-10-05 06:00:00,2,24.5108049,0.0,2.8473453
Vadodara,2026-10-05 07:00:00,2,25.3759337,0.0,3.0597902
Vadodara,2026-10-05 08:00:00,2,27.3881166,0.0,3.4116255
Vadodara,2026-10-05 09:00:00,2,29.3047083,0.0,4.0390978
Vadodara,2026-10-05 10:00:00,2,31.1867228,0.0,4.2153095
Vadodara,2026-10-05 11:00:00,2,32.7537266,0.0,4.594819
Vadodara,2026-10-05 12:00:00,2,33.998558,0.0,5.2502623
Vadodara,2026-10-05 13:00:00,2,34.93470409999999,0.0,6.4554585
Vadodara,2026-10-05 14:00:00,2,35.5518864,0.0,7.4344372000000005
Vadodara,2026-10-05 15:00:00,2,35.6850342,0.0,7.9250005
Vadodara,2026-10-05 16:00:00,2,35.428124600000004,0.0,7.8429091
Vadodara,2026-10-05 17:00:00,2,34.683693899999994,0.0,7.526370300000001
Vadodara,2026-10-05 18:00:00,2,33.1290899,0.0,6.8946987
Vadodara,2026-10-05 19:00:00,2,31.595820500000002,0.0,5.7972264
Vadodara,2026-10-05 20:00:00,2,30.417420800000002,0.0,5.864563
Vadodara,2026-10-05 21:00:00,2,29.383789200000002,0.0,6.3043421
Vadodara,2026-10-05 22:00:00,2,28.4407996,0.0,6.4264098999999995
Vadodara,2026-10-05 23:00:00,2,27.5630932,0.0,5.8975223
Vadodara,2026-10-06 00:00:00,3,26.666957733042263,0.0,6.8772030772030766
Vadodara,2026-10-06 01:00:00,3,25.840979859020134,0.0,6.56032516032516
Vadodara,2026-10-06 02:00:00,3,25.219362380637616,0.0,5.8378802378802375
Vadodara,2026-10-06 03:00:00,3,24.787590012409986,0.0,4.650152250152249
Vadodara,2026-10-06 04:00:00,3,24.519051780948217,0.0,2.8565504565504565
Vadodara,2026-10-06 05:00:00,3,24.3992084007916,0.0,2.581363181363181
Vadodara,2026-10-06 06:00:00,3,24.481889318110678,0.0,2.897155197155197
Vadodara,2026-10-06 07:00:00,3,25.428472471527524,0.0,3.3822894822894822
Vadodara,2026-10-06 08:00:00,3,27.307074592925403,0.0,3.998705098705098
Vadodara,2026-10-06 09:00:00,3,29.18212451787548,0.0,5.034279934279933
Vadodara,2026-10-06 10:00:00,3,31.09740250259749,0.0,5.0014083014083015
Vadodara,2026-10-06 11:00:00,3,32.730802669197324,0.0,4.438820538820538
Vadodara,2026-10-06 12:00:00,3,34.00036979963019,0.0,4.474833774833774
Vadodara,2026-10-06 13:00:00,3,34.94236445763554,0.0,4.665220765220766
Vadodara,2026-10-06 14:00:00,3,35.5066850933149,0.0,5.17071797071797
Vadodara,2026-10-06 15:00:00,3,35.65698484301515,0.022718900000000004,5.629248629248629
Vadodara,2026-10-06 16:00:00,3,35.41655158344841,0.022718900000000004,5.709491909491909
Vadodara,2026-10-06 17:00:00,3,34.887710012289986,0.022718900000000004,5.596671696671697
Vadodara,2026-10-06 18:00:00,3,33.71610308389691,0.0,4.805381605381605
Vadodara,2026-10-06 19:00:00,3,32.32947887052112,0.0,5.729436329436329
Vadodara,2026-10-06 20:00:00,3,31.046337453662538,0.0,5.772780672780673
Vadodara,2026-10-06 21:00:00,3,30.148873851126144,0.0,5.12996722996723
Vadodara,2026-10-06 22:00:00,3,29.404908495091505,0.0,4.878267878267878
Vadodara,2026-10-06 23:00:00,3,28.776870223129773,0.0,4.579560779560779
Varanasi,2026-10-04 00:00:00,1,25.174723874723874,0.0,5.8144348
Varanasi,2026-10-04 01:00:00,1,24.757337857337856,0.0,5.9004395999999995
Varanasi,2026-10-04 02:00:00,1,24.38795528795529,0.0,6.221471000000001
Varanasi,2026-10-04 03:00:00,1,24.17863787863788,0.0,6.636586
Varanasi,2026-10-04 04:00:00,1,24.066997366997366,0.0,7.105449300000001
Varanasi,2026-10-04 05:00:00,1,24.448161648161648,0.0,6.9999514000000005
Varanasi,2026-10-04 06:00:00,1,24.718283718283715,0.0,6.779176199999999
Varanasi,2026-10-04 07:00:00,1,26.26163646163646,0.0,6.762225999999999
Varanasi,2026-10-04 08:00:00,1,28.091595091595092,0.0,7.1965526
Varanasi,2026-10-04 09:00:00,1,29.86633916633917,0.0,7.443882200000001
Varanasi,2026-10-04 10:00:00,1,31.37098997098997,0.0,7.4182407
Varanasi,2026-10-04 11:00:00,1,32.48437418437418,0.0,7.1387292
Varanasi,2026-10-04 12:00:00,1,33.178888378888374,0.0,7.1178695
Varanasi,2026-10-04 13:00:00,1,33.494854894854896,0.0,7.8566716
Varanasi,2026-10-04 14:00:00,1,33.4995301995302,0.0,7.866984200000001
Varanasi,2026-10-04 15:00:00,1,33.115488615488616,0.0,6.9973494999999994
Varanasi,2026-10-04 16:00:00,1,32.3012828012828,0.0,5.7775187
Varanasi,2026-10-04 17:00:00,1,30.967019567019566,0.0,4.655284600000001
Varanasi,2026-10-04 18:00:00,1,29.948380648380645,0.0,4.4028823
Varanasi,2026-10-04 19:00:00,1,29.19372219372219,0.0,4.9514142
Varanasi,2026-10-04 20:00:00,1,28.45812385812386,0.0,5.0658064
Varanasi,2026-10-04 21:00:00,1,27.74321724321724,0.0,5.45229
Varanasi,2026-10-04 22:00:00,1,27.09111959111959,0.0,5.6203046
Varanasi,2026-10-04 23:00:00,1,26.54685584685585,0.0,5.9233022
Varanasi,2026-10-05 00:00:00,2,26.1436829,0.0,6.28986628986629
Varanasi,2026-10-05 01:00:00,2,25.745245599999997,0.0,6.304141904141905
Varanasi,2026-10-05 02:00:00,2,25.3764919,0.0,6.9174221174221175
Varanasi,2026-10-05 03:00:00,2,25.0744853,0.0,7.067665567665568
Varanasi,2026-10-05 04:00:00,2,24.879971400000002,0.0,6.636344636344636
Varanasi,2026-10-05 05:00:00,2,24.9043982,0.0,6.391270491270491
Varanasi,2026-10-05 06:00:00,2,25.291379900000003,0.0,6.363796763796764
Varanasi,2026-10-05 07:00:00,2,26.6316571,0.0,6.866542066542067
Varanasi,2026-10-05 08:00:00,2,28.1107852,0.3015170969658061,6.744447944447945
Varanasi,2026-10-05 09:00:00,2,29.6612366,0.10964258071483858,6.405971505971506
Varanasi,2026-10-05 10:00:00,2,31.111217599999996,0.0,6.47014857014857
Varanasi,2026-10-05 11:00:00,2,32.1332462,0.018273763452473096,6.913497413497414
Varanasi,2026-10-05 12:00:00,2,32.8248017,0.009136881726236548,6.407802807802808
Varanasi,2026-10-05 13:00:00,2,32.9049862,0.2466958066083868,6.290462890462891
Varanasi,2026-10-05 14:00:00,2,33.0200911,0.0,5.823568823568823
Varanasi,2026-10-05 15:00:00,2,32.7560182,0.01946496107007786,5.5064997064997065
Varanasi,2026-10-05 16:00:00,2,32.0565222,0.01946496107007786,4.973470373470374
Varanasi,2026-10-05 17:00:00,2,30.6383017,0.01946496107007786,6.123719223719224
Varanasi,2026-10-05 18:00:00,2,29.5531955,0.0,6.892826092826092
Varanasi,2026-10-05 19:00:00,2,28.6570142,0.0,6.775676475676476
Varanasi,2026-10-05 20:00:00,2,27.922348399999997,0.0,6.0627379627379625
Varanasi,2026-10-05 21:00:00,2,27.3259159,0.0,5.694993594993594
Varanasi,2026-10-05 22:00:00,2,26.821299700000004,0.0,5.857673257673257
Varanasi,2026-10-05 23:00:00,2,26.4809785,0.0,5.8441208441208445
Varanasi,2026-10-06 00:00:00,3,26.182959382959382,0.0,5.895326704673295
Varanasi,2026-10-06 01:00:00,3,25.924740524740525,0.0,6.026668373331627
Varanasi,2026-10-06 02:00:00,3,25.683477583477583,0.198666,7.242340057659942
Varanasi,2026-10-06 03:00:00,3,25.483549783549787,0.1191996,6.27049022950977
Varanasi,2026-10-06 04:00:00,3,25.39452099452099,0.0,5.14073585926414
Varanasi,2026-10-06 05:00:00,3,25.300073900073897,0.0,5.172473627526372
Varanasi,2026-10-06 06:00:00,3,25.42147182147182,0.1178508,5.8541896458103535
Varanasi,2026-10-06 07:00:00,3,26.2994407994408,0.1178508,6.908530091469908
Varanasi,2026-10-06 08:00:00,3,27.284903984903988,0.1178508,8.085059314940684
Varanasi,2026-10-06 09:00:00,3,28.281528681528684,0.2895784,7.35039574960425
Varanasi,2026-10-06 10:00:00,3,29.411722311722308,0.1571344,6.485322114677885
Varanasi,2026-10-06 11:00:00,3,30.092432492432494,0.3227458000000001,5.766938933061066
Varanasi,2026-10-06 12:00:00,3,30.503383103383104,0.3641662,5.432141167858831
Varanasi,2026-10-06 13:00:00,3,30.640869440869444,0.3641662,5.372439327560672
Varanasi,2026-10-06 14:00:00,3,30.64900654900655,0.17874459999999998,5.3463866536133455
Varanasi,2026-10-06 15:00:00,3,30.265934565934565,0.5773584,5.6237845762154235
Varanasi,2026-10-06 16:00:00,3,29.57119407119407,0.4714032,6.541951558048441
Varanasi,2026-10-06 17:00:00,3,28.364287864287864,0.4714032,7.933220466779532
Varanasi,2026-10-06 18:00:00,3,27.668002268002272,0.0392836,8.064072635927364
Varanasi,2026-10-06 19:00:00,3,27.282049282049286,0.0392836,6.284472115527883
Varanasi,2026-10-06 20:00:00,3,26.918606618606624,0.0392836,6.473915026084973
Varanasi,2026-10-06 21:00:00,3,26.575115175115176,0.0,6.263325136674863
Varanasi,2026-10-06 22:00:00,3,26.260253360253362,0.0,6.044319355680644
Varanasi,2026-10-06 23:00:00,3,25.939623239623238,0.0,5.824168675831324
Vijayawada,2026-10-04 00:00:00,1,26.751277299999998,0.0,3.5027547999999995
Vijayawada,2026-10-04 01:00:00,1,26.478357099999997,0.0,3.1801238
Vijayawada,2026-10-04 02:00:00,1,26.185889500000002,0.0,2.9246938
Vijayawada,2026-10-04 03:00:00,1,25.928366699999998,0.0,2.5345829999999996
Vijayawada,2026-10-04 04:00:00,1,25.7454911,0.0,2.060065
Vijayawada,2026-10-04 05:00:00,1,26.0335307,0.0,2.0212383999999997
Vijayawada,2026-10-04 06:00:00,1,26.275009700000002,0.0,2.0994764999999997
Vijayawada,2026-10-04 07:00:00,1,27.5521034,0.0,2.0838964
Vijayawada,2026-10-04 08:00:00,1,29.0768478,0.0,2.4251779
Vijayawada,2026-10-04 09:00:00,1,30.4937646,0.0,2.8757893
Vijayawada,2026-10-04 10:00:00,1,31.6286739,0.0,3.0077255999999997
Vijayawada,2026-10-04 11:00:00,1,32.5297869,0.018705299999999998,3.1251762999999997
Vijayawada,2026-10-04 12:00:00,1,33.136037099999996,0.014678599999999998,3.5996637
Vijayawada,2026-10-04 13:00:00,1,33.4180539,0.014678599999999998,4.3198769
Vijayawada,2026-10-04 14:00:00,1,33.469023199999995,0.033383899999999994,5.227224299999999
Vijayawada,2026-10-04 15:00:00,1,33.139639,0.029357199999999996,5.8920388
Vijayawada,2026-10-04 16:00:00,1,32.1346135,0.048062499999999994,6.880134199999999
Vijayawada,2026-10-04 17:00:00,1,30.691098,0.4502661999999999,7.17038
Vijayawada,2026-10-04 18:00:00,1,29.651869999999995,0.34528679999999995,6.2749581
Vijayawada,2026-10-04 19:00:00,1,29.0560958,0.0,6.2807198
Vijayawada,2026-10-04 20:00:00,1,28.4673058,0.0,6.074431100000001
Vijayawada,2026-10-04 21:00:00,1,27.8764956,0.0,5.186422100000001
Vijayawada,2026-10-04 22:00:00,1,27.3503808,0.10100859999999998,4.9998523
Vijayawada,2026-10-04 23:00:00,1,27.0329734,0.016741799999999998,4.0908276
Vijayawada,2026-10-05 00:00:00,2,26.712449575100848,0.03381203381203382,3.8037298
Vijayawada,2026-10-05 01:00:00,2,26.33544012911974,0.06624346624346625,3.901831
Vijayawada,2026-10-05 02:00:00,2,25.984546030907936,0.08096338096338096,3.2563876
Vijayawada,2026-10-05 03:00:00,2,25.77810024379951,0.4884341884341884,3.0920190000000005
Vijayawada,2026-10-05 04:00:00,2,25.596305507388983,0.4884341884341884,3.176039
Vijayawada,2026-10-05 05:00:00,2,25.565537068925863,0.4884341884341884,2.9743812000000003
Vijayawada,2026-10-05 06:00:00,2,25.948646602706795,0.03186413186413187,2.5538966000000003
Vijayawada,2026-10-05 07:00:00,2,27.032137735724525,0.03186413186413187,3.7754320000000003
Vijayawada,2026-10-05 08:00:00,2,28.371306357387283,0.03186413186413187,5.2568828000000005
Vijayawada,2026-10-05 09:00:00,2,29.83780072439855,0.03186413186413187,5.5724816
Vijayawada,2026-10-05 10:00:00,2,31.118553662892673,0.03186413186413187,4.4400284
Vijayawada,2026-10-05 11:00:00,2,32.15752128495743,0.03186413186413187,3.1604162
Vijayawada,2026-10-05 12:00:00,2,32.92824114351771,0.01426781426781427,2.4971106
Vijayawada,2026-10-05 13:00:00,2,33.5252706494587,0.01426781426781427,2.3997876
Vijayawada,2026-10-05 14:00:00,2,33.55610758778482,0.01426781426781427,3.4548826000000004
Vijayawada,2026-10-05 15:00:00,2,33.03551852896294,0.11506351506351506,4.177550999999999
Vijayawada,2026-10-05 16:00:00,2,32.0753320493359,0.4214023214023214,5.822899199999999
Vijayawada,2026-10-05 17:00:00,2,30.724105751788493,0.2573328573328574,7.025769200000001
Vijayawada,2026-10-05 18:00:00,2,29.844835810328377,0.12841032841032843,5.5699624
Vijayawada,2026-10-05 19:00:00,2,29.10768938462123,0.12841032841032843,4.5180972
Vijayawada,2026-10-05 20:00:00,2,28.34099091801816,0.12841032841032843,4.9561668
Vijayawada,2026-10-05 21:00:00,2,27.697031005937983,0.01426781426781427,4.619377
Vijayawada,2026-10-05 22:00:00,2,27.236755526488942,0.01426781426781427,4.3384804
Vijayawada,2026-10-05 23:00:00,2,26.805142689714618,0.029984929984929985,4.394937
Vijayawada,2026-10-06 00:00:00,3,26.492308392308388,0.03152723152723153,3.79044379044379
Vijayawada,2026-10-06 01:00:00,3,26.302063302063303,0.016751516751516753,3.1969301969301966
Vijayawada,2026-10-06 02:00:00,3,26.181050581050577,0.016751516751516753,2.914219814219814
Vijayawada,2026-10-06 03:00:00,3,25.784586484586484,0.14973294973294976,2.5743391743391744
Vijayawada,2026-10-06 04:00:00,3,25.569715269715267,0.016751516751516753,2.441157941157941
Vijayawada,2026-10-06 05:00:00,3,25.517347617347614,0.016751516751516753,2.4416904416904415
Vijayawada,2026-10-06 06:00:00,3,25.88962998962999,0.0,2.392190692190692
Vijayawada,2026-10-06 07:00:00,3,27.102386002386,0.0,2.249182049182049
Vijayawada,2026-10-06 08:00:00,3,28.558924658924656,0.0,2.693093993093993
Vijayawada,2026-10-06 09:00:00,3,30.044771644771643,0.016167016167016168,3.056950356950357
Vijayawada,2026-10-06 10:00:00,3,31.205718005718005,0.06936666936666937,2.5305088305088304
Vijayawada,2026-10-06 11:00:00,3,32.203193603193604,0.0339002339002339,2.5923377923377924
Vijayawada,2026-10-06 12:00:00,3,33.007690607690606,0.0,2.8604314604314602
Vijayawada,2026-10-06 13:00:00,3,33.510477210477205,0.0,3.9175924175924166
Vijayawada,2026-10-06 14:00:00,3,33.640352140352135,0.0,5.081660381660381
Vijayawada,2026-10-06 15:00:00,3,33.3009193009193,0.048501048501048506,6.469570769570768
Vijayawada,2026-10-06 16:00:00,3,32.42563482563482,0.08404148404148404,7.600097900097899
Vijayawada,2026-10-06 17:00:00,3,30.96997716997717,0.20843300843300844,8.001636001636001
Vijayawada,2026-10-06 18:00:00,3,29.767368567368564,0.05331065331065331,7.954069454069454
Vijayawada,2026-10-06 19:00:00,3,28.836629036629038,0.0,7.159560359560359
Vijayawada,2026-10-06 20:00:00,3,28.251225651225653,0.0,5.824940924940924
Vijayawada,2026-10-06 21:00:00,3,27.680040980040978,0.0,4.562965462965463
Vijayawada,2026-10-06 22:00:00,3,27.219186219186216,0.0,4.318538718538718
Vijayawada,2026-10-06 23:00:00,3,26.809128009128003,0.0,3.8700144700144694
Visakhapatnam,2026-10-04 00:00:00,1,27.65520885520886,0.051219299999999995,6.5293272
Visakhapatnam,2026-10-04 01:00:00,1,27.315111415111414,0.0,7.0900784
Visakhapatnam,2026-10-04 02:00:00,1,27.040443040443037,0.0,7.0630757000000015
Visakhapatnam,2026-10-04 03:00:00,1,26.848771948771954,0.0341462,6.7867151
Visakhapatnam,2026-10-04 04:00:00,1,26.778492578492582,0.0341462,6.4740571000000005
Visakhapatnam,2026-10-04 05:00:00,1,26.862898262898263,0.0170731,5.5433658
Visakhapatnam,2026-10-04 06:00:00,1,27.2945172945173,0.0,5.4234061
Visakhapatnam,2026-10-04 07:00:00,1,28.212375312375308,0.0,5.677043800000001
Visakhapatnam,2026-10-04 08:00:00,1,29.394582794582796,0.0,6.1867977000000005
Visakhapatnam,2026-10-04 09:00:00,1,30.52263032263032,0.0179578,6.4854129
Visakhapatnam,2026-10-04 10:00:00,1,31.448179148179147,0.051415600000000006,5.969983600000001
Visakhapatnam,2026-10-04 11:00:00,1,32.076175876175874,0.051415600000000006,6.501367500000001
Visakhapatnam,2026-10-04 12:00:00,1,32.14478444478445,0.0718312,8.5102095
Visakhapatnam,2026-10-04 13:00:00,1,31.810727910727913,0.0718312,10.703232700000001
Visakhapatnam,2026-10-04 14:00:00,1,31.34164734164734,0.0718312,11.5862481
Visakhapatnam,2026-10-04 15:00:00,1,30.892795892795895,0.0179578,11.2296881
Visakhapatnam,2026-10-04 16:00:00,1,30.461462861462863,0.0179578,10.6148677
Visakhapatnam,2026-10-04 17:00:00,1,29.52049882049882,0.3082005,10.2088519
Visakhapatnam,2026-10-04 18:00:00,1,28.83695263695264,0.5354296,9.8482477
Visakhapatnam,2026-10-04 19:00:00,1,28.377504277504276,0.5438514999999999,9.1091684
Visakhapatnam,2026-10-04 20:00:00,1,28.175459775459775,0.0148147,8.8019972
Visakhapatnam,2026-10-04 21:00:00,1,27.971042271042272,0.16847259999999997,8.4858838
Visakhapatnam,2026-10-04 22:00:00,1,27.784833884833887,0.0318878,8.2995797
Visakhapatnam,2026-10-04 23:00:00,1,27.603300103300104,0.0148147,7.938508400000001
Visakhapatnam,2026-10-05 00:00:00,2,27.431489,0.0,7.739850960149038
Visakhapatnam,2026-10-05 01:00:00,2,27.1871763,0.06703760000000002,8.136828463171536
Visakhapatnam,2026-10-05 02:00:00,2,27.0180409,0.08379700000000001,8.071889728110268
Visakhapatnam,2026-10-05 03:00:00,2,26.793241899999998,0.0,8.044065755934243
Visakhapatnam,2026-10-05 04:00:00,2,26.619660900000003,0.1005564,7.786865113134884
Visakhapatnam,2026-10-05 05:00:00,2,26.6007995,0.016759400000000004,7.32244687755312
Visakhapatnam,2026-10-05 06:00:00,2,26.9279335,0.0,6.72015117984882
Visakhapatnam,2026-10-05 07:00:00,2,27.7755939,0.0,6.452985647014351
Visakhapatnam,2026-10-05 08:00:00,2,28.8628524,0.0,6.217141882858115
Visakhapatnam,2026-10-05 09:00:00,2,30.0493737,0.0,6.306991793008206
Visakhapatnam,2026-10-05 10:00:00,2,31.1809628,0.0,7.300814399185599
Visakhapatnam,2026-10-05 11:00:00,2,31.8761793,0.0,8.501274198725799
Visakhapatnam,2026-10-05 12:00:00,2,31.922128100000002,0.4070331000000001,9.016805183194815
Visakhapatnam,2026-10-05 13:00:00,2,31.0893388,0.4942251000000001,10.482186117813882
Visakhapatnam,2026-10-05 14:00:00,2,30.716397900000004,0.4070331000000001,11.967839832160166
Visakhapatnam,2026-10-05 15:00:00,2,30.1761473,0.08469450000000002,10.775812724187272
Visakhapatnam,2026-10-05 16:00:00,2,29.8337748,0.10213290000000003,10.425806174193823
Visakhapatnam,2026-10-05 17:00:00,2,29.2415336,0.11957130000000002,10.31095378904621
Visakhapatnam,2026-10-05 18:00:00,2,28.690680999999998,0.0502782,9.17224692775307
Visakhapatnam,2026-10-05 19:00:00,2,28.354849499999997,0.06703760000000002,7.7157851842148135
Visakhapatnam,2026-10-05 20:00:00,2,28.101096500000004,0.016759400000000004,6.470365829634169
Visakhapatnam,2026-10-05 21:00:00,2,27.841121299999998,0.0,5.704490395509604
Visakhapatnam,2026-10-05 22:00:00,2,27.593667500000002,0.0,4.985134114865885
Visakhapatnam,2026-10-05 23:00:00,2,27.322808200000004,0.03351880000000001,4.568295331704668
Visakhapatnam,2026-10-06 00:00:00,3,27.124187724187728,0.0164591,4.5517194
Visakhapatnam,2026-10-06 01:00:00,3,26.863428563428567,0.0164591,4.5300538999999995
Visakhapatnam,2026-10-06 02:00:00,3,26.645525545525548,0.0977616,4.2965405
Visakhapatnam,2026-10-06 03:00:00,3,26.353839353839355,0.0164591,4.1051766999999995
Visakhapatnam,2026-10-06 04:00:00,3,26.17779717779718,0.0327196,4.2564158999999995
Visakhapatnam,2026-10-06 05:00:00,3,26.146186046186045,0.0164591,4.284521
Visakhapatnam,2026-10-06 06:00:00,3,26.669561069561073,0.0,4.1054911
Visakhapatnam,2026-10-06 07:00:00,3,27.78044358044358,0.0,3.6134173
Visakhapatnam,2026-10-06 08:00:00,3,29.073404773404775,0.0,2.9466533000000004
Visakhapatnam,2026-10-06 09:00:00,3,30.254468454468455,0.0,2.9718769
Visakhapatnam,2026-10-06 10:00:00,3,31.238364138364137,0.0,4.3882287
Visakhapatnam,2026-10-06 11:00:00,3,31.96753876753877,0.0,6.8784461
Visakhapatnam,2026-10-06 12:00:00,3,32.06832156832157,0.0665332,8.2943526
Visakhapatnam,2026-10-06 13:00:00,3,31.812761712761713,0.0665332,9.6787206
Visakhapatnam,2026-10-06 14:00:00,3,31.464145764145762,0.0665332,10.6032537
Visakhapatnam,2026-10-06 15:00:00,3,31.03255733255733,0.0,10.6666131
Visakhapatnam,2026-10-06 16:00:00,3,30.535361835361833,0.0,10.1947178
Visakhapatnam,2026-10-06 17:00:00,3,29.85946655946656,0.0,9.5205669
Visakhapatnam,2026-10-06 18:00:00,3,29.224207424207425,0.0,8.257406499999998
Visakhapatnam,2026-10-06 19:00:00,3,28.67212057212057,0.0,7.4100474
Visakhapatnam,2026-10-06 20:00:00,3,28.225261925261922,0.0,6.7115482
Visakhapatnam,2026-10-06 21:00:00,3,27.9001764001764,0.0,5.896440199999999
Visakhapatnam,2026-10-06 22:00:00,3,27.64315494315494,0.0,4.9430058
Visakhapatnam,2026-10-06 23:00:00,3,27.343143143143145,0.0,4.2568499
