city,datetime,lead_day,confidence,confidence_label,skill_score,agreement_score,lead_score,dominant_model,explanation
Agartala,2026-10-04 00:00:00,1,88.3,High,87.88,81.31,100.0,ECMWF,"ECMWF and ensemble members agree closely, while RMSE remains low for this region."
Agartala,2026-10-04 01:00:00,1,88.1,High,87.88,80.46,100.0,ECMWF,"ECMWF and ensemble members agree closely, while RMSE remains low for this region."
Agartala,2026-10-04 02:00:00,1,87.4,High,87.88,78.07,100.0,ECMWF,"ECMWF leads with strong short-range skill, with minor model spread in local precipitation."
Agartala,2026-10-04 03:00:00,1,86.8,High,87.88,76.36,100.0,ECMWF,"ECMWF leads with strong short-range skill, with minor model spread in local precipitation."
Agartala,2026-10-04 04:00:00,1,86.2,High,87.88,74.25,100.0,ECMWF,"ECMWF leads with strong short-range skill, with minor model spread in local precipitation."
Agartala,2026-10-04 05:00:00,1,86.7,High,87.88,75.89,100.0,ECMWF,"ECMWF leads with strong short-range skill, with minor model spread in local precipitation."
Agartala,2026-10-04 06:00:00,1,88.9,High,87.88,83.17,100.0,ECMWF,"ECMWF and ensemble members agree closely, while RMSE remains low for this region."
Agartala,2026-10-04 07:00:00,1,89.2,High,87.88,84.26,100.0,ECMWF,"ECMWF and ensemble members agree closely, while RMSE remains low for this region."
Agartala,2026-10-04 08:00:00,1,89.5,Very High,87.88,85.22,100.0,ECMWF,"ECMWF has the highest historical skill, model agreement is strong, and this is a short-range forecast."
Agartala,2026-10-04 09:00:00,1,89.2,High,87.88,84.04,100.0,ECMWF,"ECMWF and ensemble members agree closely, while RMSE remains low for this region."
Agartala,2026-10-04 10:00:00,1,88.9,High,87.88,83.07,100.0,ECMWF,"ECMWF and ensemble members agree closely, while RMSE remains low for this region."
Agartala,2026-10-04 11:00:00,1,84.2,High,87.88,67.54,100.0,ECMWF,"ECMWF leads with strong short-range skill, with minor model spread in local precipitation."
Agartala,2026-10-04 12:00:00,1,78.1,High,87.88,47.3,100.0,ECMWF,"ECMWF leads with strong short-range skill, with minor model spread in local precipitation."
Agartala,2026-10-04 13:00:00,1,83.3,High,87.88,64.6,100.0,ECMWF,"ECMWF leads with strong short-range skill, with minor model spread in local precipitation."
Agartala,2026-10-04 14:00:00,1,86.4,High,87.88,74.89,100.0,ECMWF,"ECMWF leads with strong short-range skill, with minor model spread in local precipitation."
Agartala,2026-10-04 15:00:00,1,88.0,High,87.88,80.2,100.0,ECMWF,"ECMWF and ensemble members agree closely, while RMSE remains low for this region."
Agartala,2026-10-04 16:00:00,1,87.5,High,87.88,78.4,100.0,ECMWF,"ECMWF leads with strong short-range skill, with minor model spread in local precipitation."
Agartala,2026-10-04 17:00:00,1,86.5,High,87.88,75.19,100.0,ECMWF,"ECMWF leads with strong short-range skill, with minor model spread in local precipitation."
Agartala,2026-10-04 18:00:00,1,86.2,High,87.88,74.36,100.0,ECMWF,"ECMWF leads with strong short-range skill, with minor model spread in local precipitation."
Agartala,2026-10-04 19:00:00,1,86.5,High,87.88,75.04,100.0,ECMWF,"ECMWF leads with strong short-range skill, with minor model spread in local precipitation."
Agartala,2026-10-04 20:00:00,1,86.5,High,87.88,75.25,100.0,ECMWF,"ECMWF leads with strong short-range skill, with minor model spread in local precipitation."
Agartala,2026-10-04 21:00:00,1,87.0,High,87.88,76.9,100.0,ECMWF,"ECMWF leads with strong short-range skill, with minor model spread in local precipitation."
Agartala,2026-10-04 22:00:00,1,86.6,High,87.88,75.65,100.0,ECMWF,"ECMWF leads with strong short-range skill, with minor model spread in local precipitation."
Agartala,2026-10-04 23:00:00,1,85.9,High,87.88,73.26,100.0,ECMWF,"ECMWF leads with strong short-range skill, with minor model spread in local precipitation."
Agartala,2026-10-05 00:00:00,2,81.1,High,85.82,74.03,80.0,ECMWF,"Low regional RMSE supports ECMWF dominance, while the 48-hour forecast horizon maintains stable predictability."
Agartala,2026-10-05 01:00:00,2,82.4,High,85.82,78.18,80.0,ECMWF,"Low regional RMSE supports ECMWF dominance, while the 48-hour forecast horizon maintains stable predictability."
Agartala,2026-10-05 02:00:00,2,83.2,High,85.82,81.04,80.0,ECMWF,"ECMWF and ensemble members agree closely, while RMSE remains low for this region."
Agartala,2026-10-05 03:00:00,2,83.6,High,85.82,82.36,80.0,ECMWF,"ECMWF and ensemble members agree closely, while RMSE remains low for this region."
Agartala,2026-10-05 04:00:00,2,83.1,High,85.82,80.47,80.0,ECMWF,"ECMWF and ensemble members agree closely, while RMSE remains low for this region."
Agartala,2026-10-05 05:00:00,2,82.9,High,85.82,80.04,80.0,ECMWF,"ECMWF and ensemble members agree closely, while RMSE remains low for this region."
Agartala,2026-10-05 06:00:00,2,83.8,High,85.82,83.04,80.0,ECMWF,"ECMWF and ensemble members agree closely, while RMSE remains low for this region."
Agartala,2026-10-05 07:00:00,2,84.3,High,85.82,84.61,80.0,ECMWF,"ECMWF and ensemble members agree closely, while RMSE remains low for this region."
Agartala,2026-10-05 08:00:00,2,83.2,High,85.82,80.91,80.0,ECMWF,"ECMWF and ensemble members agree closely, while RMSE remains low for this region."
Agartala,2026-10-05 09:00:00,2,81.9,High,85.82,76.55,80.0,ECMWF,"Low regional RMSE supports ECMWF dominance, while the 48-hour forecast horizon maintains stable predictability."
Agartala,2026-10-05 10:00:00,2,82.8,High,85.82,79.77,80.0,ECMWF,"Low regional RMSE supports ECMWF dominance, while the 48-hour forecast horizon maintains stable predictability."
Agartala,2026-10-05 11:00:00,2,82.0,High,85.82,76.96,80.0,ECMWF,"Low regional RMSE supports ECMWF dominance, while the 48-hour forecast horizon maintains stable predictability."
Agartala,2026-10-05 12:00:00,2,84.1,High,85.82,83.98,80.0,ECMWF,"ECMWF and ensemble members agree closely, while RMSE remains low for this region."
Agartala,2026-10-05 13:00:00,2,83.8,High,85.82,83.11,80.0,ECMWF,"ECMWF and ensemble members agree closely, while RMSE remains low for this region."
Agartala,2026-10-05 14:00:00,2,77.2,High,85.82,61.05,80.0,ECMWF,"Low regional RMSE supports ECMWF dominance, while the 48-hour forecast horizon maintains stable predictability."
Agartala,2026-10-05 15:00:00,2,79.4,High,85.82,68.42,80.0,ECMWF,"Low regional RMSE supports ECMWF dominance, while the 48-hour forecast horizon maintains stable predictability."
Agartala,2026-10-05 16:00:00,2,80.7,High,85.82,72.77,80.0,ECMWF,"Low regional RMSE supports ECMWF dominance, while the 48-hour forecast horizon maintains stable predictability."
Agartala,2026-10-05 17:00:00,2,81.2,High,85.82,74.34,80.0,ECMWF,"Low regional RMSE supports ECMWF dominance, while the 48-hour forecast horizon maintains stable predictability."
Agartala,2026-10-05 18:00:00,2,81.3,High,85.82,74.6,80.0,ECMWF,"Low regional RMSE supports ECMWF dominance, while the 48-hour forecast horizon maintains stable predictability."
Agartala,2026-10-05 19:00:00,2,81.7,High,85.82,76.09,80.0,ECMWF,"Low regional RMSE supports ECMWF dominance, while the 48-hour forecast horizon maintains stable predictability."
Agartala,2026-10-05 20:00:00,2,82.4,High,85.82,78.17,80.0,ECMWF,"Low regional RMSE supports ECMWF dominance, while the 48-hour forecast horizon maintains stable predictability."
Agartala,2026-10-05 21:00:00,2,81.8,High,85.82,76.46,80.0,ECMWF,"Low regional RMSE supports ECMWF dominance, while the 48-hour forecast horizon maintains stable predictability."
Agartala,2026-10-05 22:00:00,2,82.8,High,85.82,79.67,80.0,ECMWF,"Low regional RMSE supports ECMWF dominance, while the 48-hour forecast horizon maintains stable predictability."
Agartala,2026-10-05 23:00:00,2,83.2,High,85.82,80.86,80.0,ECMWF,"ECMWF and ensemble members agree closely, while RMSE remains low for this region."
Agartala,2026-10-06 00:00:00,3,78.8,High,85.1,80.69,60.0,UKMO,"UKMO and ensemble members agree closely, while RMSE remains low for this region."
Agartala,2026-10-06 01:00:00,3,78.0,High,85.1,78.21,60.0,UKMO,"Low regional RMSE supports UKMO dominance, while the extended Day 3 lead time maintains stable predictability."
Agartala,2026-10-06 02:00:00,3,77.8,High,85.1,77.45,60.0,UKMO,"Low regional RMSE supports UKMO dominance, while the extended Day 3 lead time maintains stable predictability."
Agartala,2026-10-06 03:00:00,3,79.2,High,85.1,82.3,60.0,UKMO,"UKMO and ensemble members agree closely, while RMSE remains low for this region."
Agartala,2026-10-06 04:00:00,3,79.7,High,85.1,83.7,60.0,UKMO,"UKMO and ensemble members agree closely, while RMSE remains low for this region."
Agartala,2026-10-06 05:00:00,3,79.2,High,85.1,82.33,60.0,UKMO,"UKMO and ensemble members agree closely, while RMSE remains low for this region."
Agartala,2026-10-06 06:00:00,3,80.1,High,85.1,85.19,60.0,UKMO,"UKMO and ensemble members agree closely, while RMSE remains low for this region."
Agartala,2026-10-06 07:00:00,3,80.0,High,85.1,84.79,60.0,UKMO,"UKMO and ensemble members agree closely, while RMSE remains low for this region."
Agartala,2026-10-06 08:00:00,3,80.4,High,85.1,86.3,60.0,UKMO,"UKMO and ensemble members agree closely, while RMSE remains low for this region."
Agartala,2026-10-06 09:00:00,3,80.0,High,85.1,84.98,60.0,UKMO,"UKMO and ensemble members agree closely, while RMSE remains low for this region."
Agartala,2026-10-06 10:00:00,3,79.5,High,85.1,83.24,60.0,UKMO,"UKMO and ensemble members agree closely, while RMSE remains low for this region."
Agartala,2026-10-06 11:00:00,3,79.2,High,85.1,82.2,60.0,UKMO,"UKMO and ensemble members agree closely, while RMSE remains low for this region."
Agartala,2026-10-06 12:00:00,3,78.5,High,85.1,79.74,60.0,UKMO,"Low regional RMSE supports UKMO dominance, while the extended Day 3 lead time maintains stable predictability."
Agartala,2026-10-06 13:00:00,3,78.6,High,85.1,80.05,60.0,UKMO,"UKMO and ensemble members agree closely, while RMSE remains low for this region."
Agartala,2026-10-06 14:00:00,3,79.6,High,85.1,83.37,60.0,UKMO,"UKMO and ensemble members agree closely, while RMSE remains low for this region."
Agartala,2026-10-06 15:00:00,3,80.6,High,85.1,86.78,60.0,UKMO,"UKMO and ensemble members agree closely, while RMSE remains low for this region."
Agartala,2026-10-06 16:00:00,3,80.3,High,85.1,85.7,60.0,UKMO,"UKMO and ensemble members agree closely, while RMSE remains low for this region."
Agartala,2026-10-06 17:00:00,3,79.1,High,85.1,81.96,60.0,UKMO,"UKMO and ensemble members agree closely, while RMSE remains low for this region."
Agartala,2026-10-06 18:00:00,3,78.4,High,85.1,79.36,60.0,UKMO,"Low regional RMSE supports UKMO dominance, while the extended Day 3 lead time maintains stable predictability."
Agartala,2026-10-06 19:00:00,3,76.5,High,85.1,73.14,60.0,UKMO,"Low regional RMSE supports UKMO dominance, while the extended Day 3 lead time maintains stable predictability."
Agartala,2026-10-06 20:00:00,3,74.9,High,85.1,67.71,60.0,UKMO,"Low regional RMSE supports UKMO dominance, while the extended Day 3 lead time maintains stable predictability."
Agartala,2026-10-06 21:00:00,3,75.0,High,85.1,68.27,60.0,UKMO,"Low regional RMSE supports UKMO dominance, while the extended Day 3 lead time maintains stable predictability."
Agartala,2026-10-06 22:00:00,3,76.2,High,85.1,72.13,60.0,UKMO,"Low regional RMSE supports UKMO dominance, while the extended Day 3 lead time maintains stable predictability."
Agartala,2026-10-06 23:00:00,3,77.1,High,85.1,75.3,60.0,UKMO,"Low regional RMSE supports UKMO dominance, while the extended Day 3 lead time maintains stable predictability."
Agra,2026-10-04 00:00:00,1,85.5,High,82.01,81.8,100.0,ECMWF,"ECMWF and ensemble members agree closely, while RMSE remains low for this region."
Agra,2026-10-04 01:00:00,1,86.4,High,82.01,84.51,100.0,ECMWF,"ECMWF and ensemble members agree closely, while RMSE remains low for this region."
Agra,2026-10-04 02:00:00,1,85.3,High,82.01,80.82,100.0,ECMWF,"ECMWF and ensemble members agree closely, while RMSE remains low for this region."
Agra,2026-10-04 03:00:00,1,84.2,High,82.01,77.42,100.0,ECMWF,"ECMWF leads with strong short-range skill, with minor model spread in local precipitation."
Agra,2026-10-04 04:00:00,1,84.0,High,82.01,76.7,100.0,ECMWF,"ECMWF leads with strong short-range skill, with minor model spread in local precipitation."
Agra,2026-10-04 05:00:00,1,84.5,High,82.01,78.36,100.0,ECMWF,"ECMWF leads with strong short-range skill, with minor model spread in local precipitation."
Agra,2026-10-04 06:00:00,1,83.3,High,82.01,74.27,100.0,ECMWF,"ECMWF leads with strong short-range skill, with minor model spread in local precipitation."
Agra,2026-10-04 07:00:00,1,82.5,High,82.01,71.75,100.0,ECMWF,"ECMWF leads with strong short-range skill, with minor model spread in local precipitation."
Agra,2026-10-04 08:00:00,1,83.3,High,82.01,74.39,100.0,ECMWF,"ECMWF leads with strong short-range skill, with minor model spread in local precipitation."
Agra,2026-10-04 09:00:00,1,83.4,High,82.01,74.52,100.0,ECMWF,"ECMWF leads with strong short-range skill, with minor model spread in local precipitation."
Agra,2026-10-04 10:00:00,1,82.0,High,82.01,69.88,100.0,ECMWF,"ECMWF leads with strong short-range skill, with minor model spread in local precipitation."
Agra,2026-10-04 11:00:00,1,82.6,High,82.01,71.9,100.0,ECMWF,"ECMWF leads with strong short-range skill, with minor model spread in local precipitation."
Agra,2026-10-04 12:00:00,1,82.9,High,82.01,72.86,100.0,ECMWF,"ECMWF leads with strong short-range skill, with minor model spread in local precipitation."
Agra,2026-10-04 13:00:00,1,82.9,High,82.01,72.95,100.0,ECMWF,"ECMWF leads with strong short-range skill, with minor model spread in local precipitation."
Agra,2026-10-04 14:00:00,1,83.2,High,82.01,74.12,100.0,ECMWF,"ECMWF leads with strong short-range skill, with minor model spread in local precipitation."
Agra,2026-10-04 15:00:00,1,82.7,High,82.01,72.39,100.0,ECMWF,"ECMWF leads with strong short-range skill, with minor model spread in local precipitation."
Agra,2026-10-04 16:00:00,1,83.3,High,82.01,74.36,100.0,ECMWF,"ECMWF leads with strong short-range skill, with minor model spread in local precipitation."
Agra,2026-10-04 17:00:00,1,82.8,High,82.01,72.78,100.0,ECMWF,"ECMWF leads with strong short-range skill, with minor model spread in local precipitation."
Agra,2026-10-04 18:00:00,1,81.9,High,82.01,69.5,100.0,ECMWF,"ECMWF leads with strong short-range skill, with minor model spread in local precipitation."
Agra,2026-10-04 19:00:00,1,82.5,High,82.01,71.63,100.0,ECMWF,"ECMWF leads with strong short-range skill, with minor model spread in local precipitation."
Agra,2026-10-04 20:00:00,1,82.3,High,82.01,71.12,100.0,ECMWF,"ECMWF leads with strong short-range skill, with minor model spread in local precipitation."
Agra,2026-10-04 21:00:00,1,82.4,High,82.01,71.36,100.0,ECMWF,"ECMWF leads with strong short-range skill, with minor model spread in local precipitation."
Agra,2026-10-04 22:00:00,1,82.4,High,82.01,71.19,100.0,ECMWF,"ECMWF leads with strong short-range skill, with minor model spread in local precipitation."
Agra,2026-10-04 23:00:00,1,82.1,High,82.01,70.21,100.0,ECMWF,"ECMWF leads with strong short-range skill, with minor model spread in local precipitation."
Agra,2026-10-05 00:00:00,2,78.6,High,82.16,71.6,80.0,ECMWF,"Low regional RMSE supports ECMWF dominance, while the 48-hour forecast horizon maintains stable predictability."
Agra,2026-10-05 01:00:00,2,78.7,High,82.16,72.04,80.0,ECMWF,"Low regional RMSE supports ECMWF dominance, while the 48-hour forecast horizon maintains stable predictability."
Agra,2026-10-05 02:00:00,2,78.3,High,82.16,70.6,80.0,ECMWF,"Low regional RMSE supports ECMWF dominance, while the 48-hour forecast horizon maintains stable predictability."
Agra,2026-10-05 03:00:00,2,78.2,High,82.16,70.24,80.0,ECMWF,"Low regional RMSE supports ECMWF dominance, while the 48-hour forecast horizon maintains stable predictability."
Agra,2026-10-05 04:00:00,2,78.9,High,82.16,72.64,80.0,ECMWF,"Low regional RMSE supports ECMWF dominance, while the 48-hour forecast horizon maintains stable predictability."
Agra,2026-10-05 05:00:00,2,78.3,High,82.16,70.7,80.0,ECMWF,"Low regional RMSE supports ECMWF dominance, while the 48-hour forecast horizon maintains stable predictability."
Agra,2026-10-05 06:00:00,2,77.6,High,82.16,68.38,80.0,ECMWF,"Low regional RMSE supports ECMWF dominance, while the 48-hour forecast horizon maintains stable predictability."
Agra,2026-10-05 07:00:00,2,77.4,High,82.16,67.79,80.0,ECMWF,"Low regional RMSE supports ECMWF dominance, while the 48-hour forecast horizon maintains stable predictability."
Agra,2026-10-05 08:00:00,2,78.3,High,82.16,70.84,80.0,ECMWF,"Low regional RMSE supports ECMWF dominance, while the 48-hour forecast horizon maintains stable predictability."
Agra,2026-10-05 09:00:00,2,77.7,High,82.16,68.71,80.0,ECMWF,"Low regional RMSE supports ECMWF dominance, while the 48-hour forecast horizon maintains stable predictability."
Agra,2026-10-05 10:00:00,2,77.3,High,82.16,67.38,80.0,ECMWF,"Low regional RMSE supports ECMWF dominance, while the 48-hour forecast horizon maintains stable predictability."
Agra,2026-10-05 11:00:00,2,77.8,High,82.16,69.07,80.0,ECMWF,"Low regional RMSE supports ECMWF dominance, while the 48-hour forecast horizon maintains stable predictability."
Agra,2026-10-05 12:00:00,2,78.2,High,82.16,70.43,80.0,ECMWF,"Low regional RMSE supports ECMWF dominance, while the 48-hour forecast horizon maintains stable predictability."
Agra,2026-10-05 13:00:00,2,77.9,High,82.16,69.41,80.0,ECMWF,"Low regional RMSE supports ECMWF dominance, while the 48-hour forecast horizon maintains stable predictability."
Agra,2026-10-05 14:00:00,2,77.7,High,82.16,68.8,80.0,ECMWF,"Low regional RMSE supports ECMWF dominance, while the 48-hour forecast horizon maintains stable predictability."
Agra,2026-10-05 15:00:00,2,76.7,High,82.16,65.35,80.0,ECMWF,"Low regional RMSE supports ECMWF dominance, while the 48-hour forecast horizon maintains stable predictability."
Agra,2026-10-05 16:00:00,2,76.4,High,82.16,64.52,80.0,ECMWF,"Low regional RMSE supports ECMWF dominance, while the 48-hour forecast horizon maintains stable predictability."
Agra,2026-10-05 17:00:00,2,77.4,High,82.16,67.71,80.0,ECMWF,"Low regional RMSE supports ECMWF dominance, while the 48-hour forecast horizon maintains stable predictability."
Agra,2026-10-05 18:00:00,2,77.5,High,82.16,68.23,80.0,ECMWF,"Low regional RMSE supports ECMWF dominance, while the 48-hour forecast horizon maintains stable predictability."
Agra,2026-10-05 19:00:00,2,77.4,High,82.16,67.76,80.0,ECMWF,"Low regional RMSE supports ECMWF dominance, while the 48-hour forecast horizon maintains stable predictability."
Agra,2026-10-05 20:00:00,2,77.2,High,82.16,66.93,80.0,ECMWF,"Low regional RMSE supports ECMWF dominance, while the 48-hour forecast horizon maintains stable predictability."
Agra,2026-10-05 21:00:00,2,77.2,High,82.16,67.11,80.0,ECMWF,"Low regional RMSE supports ECMWF dominance, while the 48-hour forecast horizon maintains stable predictability."
Agra,2026-10-05 22:00:00,2,78.0,High,82.16,69.77,80.0,ECMWF,"Low regional RMSE supports ECMWF dominance, while the 48-hour forecast horizon maintains stable predictability."
Agra,2026-10-05 23:00:00,2,78.6,High,82.16,71.64,80.0,ECMWF,"Low regional RMSE supports ECMWF dominance, while the 48-hour forecast horizon maintains stable predictability."
Agra,2026-10-06 00:00:00,3,71.4,Medium,77.38,69.19,60.0,UKMO,Models show moderate disagreement and the forecast lead time reduces reliability.
Agra,2026-10-06 01:00:00,3,71.3,Medium,77.38,68.85,60.0,UKMO,Models show moderate disagreement and the forecast lead time reduces reliability.
Agra,2026-10-06 02:00:00,3,71.4,Medium,77.38,69.19,60.0,UKMO,Models show moderate disagreement and the forecast lead time reduces reliability.
Agra,2026-10-06 03:00:00,3,71.2,Medium,77.38,68.49,60.0,UKMO,Models show moderate disagreement and the forecast lead time reduces reliability.
Agra,2026-10-06 04:00:00,3,70.1,Medium,77.38,64.58,60.0,UKMO,Models show moderate disagreement and the forecast lead time reduces reliability.
Agra,2026-10-06 05:00:00,3,69.9,Medium,77.38,63.97,60.0,UKMO,Models show moderate disagreement and the forecast lead time reduces reliability.
Agra,2026-10-06 06:00:00,3,69.4,Medium,77.38,62.23,60.0,UKMO,Models show moderate disagreement and the forecast lead time reduces reliability.
Agra,2026-10-06 07:00:00,3,69.8,Medium,77.38,63.76,60.0,UKMO,Models show moderate disagreement and the forecast lead time reduces reliability.
Agra,2026-10-06 08:00:00,3,70.4,Medium,77.38,65.66,60.0,UKMO,Models show moderate disagreement and the forecast lead time reduces reliability.
Agra,2026-10-06 09:00:00,3,69.5,Medium,77.38,62.76,60.0,UKMO,Models show moderate disagreement and the forecast lead time reduces reliability.
Agra,2026-10-06 10:00:00,3,68.6,Medium,77.38,59.77,60.0,UKMO,Models show moderate disagreement and the forecast lead time reduces reliability.
Agra,2026-10-06 11:00:00,3,69.2,Medium,77.38,61.73,60.0,UKMO,Models show moderate disagreement and the forecast lead time reduces reliability.
Agra,2026-10-06 12:00:00,3,70.9,Medium,77.38,67.35,60.0,UKMO,Models show moderate disagreement and the forecast lead time reduces reliability.
Agra,2026-10-06 13:00:00,3,71.4,Medium,77.38,69.17,60.0,UKMO,Models show moderate disagreement and the forecast lead time reduces reliability.
Agra,2026-10-06 14:00:00,3,71.4,Medium,77.38,69.13,60.0,UKMO,Models show moderate disagreement and the forecast lead time reduces reliability.
Agra,2026-10-06 15:00:00,3,70.4,Medium,77.38,65.6,60.0,UKMO,Models show moderate disagreement and the forecast lead time reduces reliability.
Agra,2026-10-06 16:00:00,3,68.9,Medium,77.38,60.67,60.0,UKMO,Models show moderate disagreement and the forecast lead time reduces reliability.
Agra,2026-10-06 17:00:00,3,68.8,Medium,77.38,60.53,60.0,UKMO,Models show moderate disagreement and the forecast lead time reduces reliability.
Agra,2026-10-06 18:00:00,3,71.8,Medium,77.38,70.51,60.0,UKMO,Models show moderate disagreement and the forecast lead time reduces reliability.
Agra,2026-10-06 19:00:00,3,71.5,Medium,77.38,69.38,60.0,UKMO,Models show moderate disagreement and the forecast lead time reduces reliability.
Agra,2026-10-06 20:00:00,3,68.9,Medium,77.38,60.73,60.0,UKMO,Models show moderate disagreement and the forecast lead time reduces reliability.
Agra,2026-10-06 21:00:00,3,69.1,Medium,77.38,61.24,60.0,UKMO,Models show moderate disagreement and the forecast lead time reduces reliability.
Agra,2026-10-06 22:00:00,3,69.5,Medium,77.38,62.63,60.0,UKMO,Models show moderate disagreement and the forecast lead time reduces reliability.
Agra,2026-10-06 23:00:00,3,70.5,Medium,77.38,66.13,60.0,UKMO,Models show moderate disagreement and the forecast lead time reduces reliability.
Ahmedabad,2026-10-04 00:00:00,1,80.7,High,79.83,69.13,100.0,JMA,"JMA leads with strong short-range skill, with minor model spread in local precipitation."
Ahmedabad,2026-10-04 01:00:00,1,80.5,High,79.83,68.66,100.0,JMA,"JMA leads with strong short-range skill, with minor model spread in local precipitation."
Ahmedabad,2026-10-04 02:00:00,1,80.5,High,79.83,68.77,100.0,JMA,"JMA leads with strong short-range skill, with minor model spread in local precipitation."
Ahmedabad,2026-10-04 03:00:00,1,81.4,High,79.83,71.67,100.0,JMA,"JMA leads with strong short-range skill, with minor model spread in local precipitation."
Ahmedabad,2026-10-04 04:00:00,1,81.7,High,79.83,72.7,100.0,JMA,"JMA leads with strong short-range skill, with minor model spread in local precipitation."
Ahmedabad,2026-10-04 05:00:00,1,83.7,High,79.83,79.23,100.0,JMA,"JMA leads with strong short-range skill, with minor model spread in local precipitation."
Ahmedabad,2026-10-04 06:00:00,1,81.7,High,79.83,72.47,100.0,JMA,"JMA leads with strong short-range skill, with minor model spread in local precipitation."
Ahmedabad,2026-10-04 07:00:00,1,82.0,High,79.83,73.69,100.0,JMA,"JMA leads with strong short-range skill, with minor model spread in local precipitation."
Ahmedabad,2026-10-04 08:00:00,1,82.4,High,79.83,75.03,100.0,JMA,"JMA leads with strong short-range skill, with minor model spread in local precipitation."
Ahmedabad,2026-10-04 09:00:00,1,83.2,High,79.83,77.45,100.0,JMA,"JMA leads with strong short-range skill, with minor model spread in local precipitation."
Ahmedabad,2026-10-04 10:00:00,1,84.4,High,79.83,81.48,100.0,JMA,"JMA and ensemble members agree closely, while RMSE remains low for this region."
Ahmedabad,2026-10-04 11:00:00,1,85.0,High,79.83,83.78,100.0,JMA,"JMA and ensemble members agree closely, while RMSE remains low for this region."
Ahmedabad,2026-10-04 12:00:00,1,84.2,High,79.83,80.9,100.0,JMA,"JMA and ensemble members agree closely, while RMSE remains low for this region."
Ahmedabad,2026-10-04 13:00:00,1,83.7,High,79.83,79.2,100.0,JMA,"JMA leads with strong short-range skill, with minor model spread in local precipitation."
Ahmedabad,2026-10-04 14:00:00,1,83.8,High,79.83,79.53,100.0,JMA,"JMA leads with strong short-range skill, with minor model spread in local precipitation."
Ahmedabad,2026-10-04 15:00:00,1,84.3,High,79.83,81.44,100.0,JMA,"JMA and ensemble members agree closely, while RMSE remains low for this region."
Ahmedabad,2026-10-04 16:00:00,1,85.0,High,79.83,83.49,100.0,JMA,"JMA and ensemble members agree closely, while RMSE remains low for this region."
Ahmedabad,2026-10-04 17:00:00,1,84.8,High,79.83,82.99,100.0,JMA,"JMA and ensemble members agree closely, while RMSE remains low for this region."
Ahmedabad,2026-10-04 18:00:00,1,80.7,High,79.83,69.12,100.0,JMA,"JMA leads with strong short-range skill, with minor model spread in local precipitation."
Ahmedabad,2026-10-04 19:00:00,1,78.8,High,79.83,62.91,100.0,JMA,"JMA leads with strong short-range skill, with minor model spread in local precipitation."
Ahmedabad,2026-10-04 20:00:00,1,80.8,High,79.83,69.57,100.0,JMA,"JMA leads with strong short-range skill, with minor model spread in local precipitation."
Ahmedabad,2026-10-04 21:00:00,1,82.6,High,79.83,75.5,100.0,JMA,"JMA leads with strong short-range skill, with minor model spread in local precipitation."
Ahmedabad,2026-10-04 22:00:00,1,81.1,High,79.83,70.47,100.0,JMA,"JMA leads with strong short-range skill, with minor model spread in local precipitation."
Ahmedabad,2026-10-04 23:00:00,1,82.5,High,79.83,75.13,100.0,JMA,"JMA leads with strong short-range skill, with minor model spread in local precipitation."
Ahmedabad,2026-10-05 00:00:00,2,75.5,High,76.95,70.06,80.0,JMA,"Low regional RMSE supports JMA dominance, while the 48-hour forecast horizon maintains stable predictability."
Ahmedabad,2026-10-05 01:00:00,2,76.5,High,76.95,73.51,80.0,JMA,"Low regional RMSE supports JMA dominance, while the 48-hour forecast horizon maintains stable predictability."
Ahmedabad,2026-10-05 02:00:00,2,75.9,High,76.95,71.26,80.0,JMA,"Low regional RMSE supports JMA dominance, while the 48-hour forecast horizon maintains stable predictability."
Ahmedabad,2026-10-05 03:00:00,2,75.6,High,76.95,70.27,80.0,JMA,"Low regional RMSE supports JMA dominance, while the 48-hour forecast horizon maintains stable predictability."
Ahmedabad,2026-10-05 04:00:00,2,75.9,High,76.95,71.55,80.0,JMA,"Low regional RMSE supports JMA dominance, while the 48-hour forecast horizon maintains stable predictability."
Ahmedabad,2026-10-05 05:00:00,2,75.8,High,76.95,71.01,80.0,JMA,"Low regional RMSE supports JMA dominance, while the 48-hour forecast horizon maintains stable predictability."
Ahmedabad,2026-10-05 06:00:00,2,75.6,High,76.95,70.35,80.0,JMA,"Low regional RMSE supports JMA dominance, while the 48-hour forecast horizon maintains stable predictability."
Ahmedabad,2026-10-05 07:00:00,2,76.2,High,76.95,72.5,80.0,JMA,"Low regional RMSE supports JMA dominance, while the 48-hour forecast horizon maintains stable predictability."
Ahmedabad,2026-10-05 08:00:00,2,77.0,High,76.95,75.15,80.0,JMA,"Low regional RMSE supports JMA dominance, while the 48-hour forecast horizon maintains stable predictability."
Ahmedabad,2026-10-05 09:00:00,2,76.8,High,76.95,74.3,80.0,JMA,"Low regional RMSE supports JMA dominance, while the 48-hour forecast horizon maintains stable predictability."
Ahmedabad,2026-10-05 10:00:00,2,77.3,High,76.95,75.98,80.0,JMA,"Low regional RMSE supports JMA dominance, while the 48-hour forecast horizon maintains stable predictability."
Ahmedabad,2026-10-05 11:00:00,2,79.1,High,76.95,82.08,80.0,JMA,"JMA and ensemble members agree closely, while RMSE remains low for this region."
Ahmedabad,2026-10-05 12:00:00,2,79.3,High,76.95,82.75,80.0,JMA,"JMA and ensemble members agree closely, while RMSE remains low for this region."
Ahmedabad,2026-10-05 13:00:00,2,77.6,High,76.95,77.22,80.0,JMA,"Low regional RMSE supports JMA dominance, while the 48-hour forecast horizon maintains stable predictability."
Ahmedabad,2026-10-05 14:00:00,2,76.7,High,76.95,74.22,80.0,JMA,"Low regional RMSE supports JMA dominance, while the 48-hour forecast horizon maintains stable predictability."
Ahmedabad,2026-10-05 15:00:00,2,77.5,High,76.95,76.6,80.0,JMA,"Low regional RMSE supports JMA dominance, while the 48-hour forecast horizon maintains stable predictability."
Ahmedabad,2026-10-05 16:00:00,2,78.4,High,76.95,79.71,80.0,JMA,"Low regional RMSE supports JMA dominance, while the 48-hour forecast horizon maintains stable predictability."
Ahmedabad,2026-10-05 17:00:00,2,78.2,High,76.95,79.14,80.0,JMA,"Low regional RMSE supports JMA dominance, while the 48-hour forecast horizon maintains stable predictability."
Ahmedabad,2026-10-05 18:00:00,2,75.2,High,76.95,69.04,80.0,JMA,"Low regional RMSE supports JMA dominance, while the 48-hour forecast horizon maintains stable predictability."
Ahmedabad,2026-10-05 19:00:00,2,73.3,Medium,76.95,62.72,80.0,JMA,Inter-model spread indicates divergence between NWP forecasts despite JMA weighting.
Ahmedabad,2026-10-05 20:00:00,2,74.4,Medium,76.95,66.47,80.0,JMA,Inter-model spread indicates divergence between NWP forecasts despite JMA weighting.
Ahmedabad,2026-10-05 21:00:00,2,74.3,Medium,76.95,66.11,80.0,JMA,Inter-model spread indicates divergence between NWP forecasts despite JMA weighting.
Ahmedabad,2026-10-05 22:00:00,2,74.0,Medium,76.95,65.06,80.0,JMA,Inter-model spread indicates divergence between NWP forecasts despite JMA weighting.
Ahmedabad,2026-10-05 23:00:00,2,75.0,High,76.95,68.29,80.0,JMA,"Low regional RMSE supports JMA dominance, while the 48-hour forecast horizon maintains stable predictability."
Ahmedabad,2026-10-06 00:00:00,3,71.1,Medium,75.85,70.45,60.0,ICON,Models show moderate disagreement and the forecast lead time reduces reliability.
Ahmedabad,2026-10-06 01:00:00,3,71.4,Medium,75.85,71.7,60.0,ICON,Models show moderate disagreement and the forecast lead time reduces reliability.
Ahmedabad,2026-10-06 02:00:00,3,70.1,Medium,75.85,67.31,60.0,ICON,Models show moderate disagreement and the forecast lead time reduces reliability.
Ahmedabad,2026-10-06 03:00:00,3,70.8,Medium,75.85,69.52,60.0,ICON,Models show moderate disagreement and the forecast lead time reduces reliability.
Ahmedabad,2026-10-06 04:00:00,3,70.9,Medium,75.85,69.78,60.0,ICON,Models show moderate disagreement and the forecast lead time reduces reliability.
Ahmedabad,2026-10-06 05:00:00,3,70.1,Medium,75.85,67.34,60.0,ICON,Models show moderate disagreement and the forecast lead time reduces reliability.
Ahmedabad,2026-10-06 06:00:00,3,70.7,Medium,75.85,69.1,60.0,ICON,Models show moderate disagreement and the forecast lead time reduces reliability.
Ahmedabad,2026-10-06 07:00:00,3,71.4,Medium,75.85,71.6,60.0,ICON,Models show moderate disagreement and the forecast lead time reduces reliability.
Ahmedabad,2026-10-06 08:00:00,3,72.5,Medium,75.85,75.29,60.0,ICON,Models show moderate disagreement and the forecast lead time reduces reliability.
Ahmedabad,2026-10-06 09:00:00,3,72.2,Medium,75.85,74.41,60.0,ICON,Models show moderate disagreement and the forecast lead time reduces reliability.
Ahmedabad,2026-10-06 10:00:00,3,71.9,Medium,75.85,73.39,60.0,ICON,Models show moderate disagreement and the forecast lead time reduces reliability.
Ahmedabad,2026-10-06 11:00:00,3,72.8,Medium,75.85,76.37,60.0,ICON,Models show moderate disagreement and the forecast lead time reduces reliability.
Ahmedabad,2026-10-06 12:00:00,3,74.5,High,75.85,81.83,60.0,ICON,"ICON and ensemble members agree closely, while RMSE remains low for this region."
Ahmedabad,2026-10-06 13:00:00,3,73.4,Medium,75.85,78.16,60.0,ICON,Models show moderate disagreement and the forecast lead time reduces reliability.
Ahmedabad,2026-10-06 14:00:00,3,71.6,Medium,75.85,72.33,60.0,ICON,Models show moderate disagreement and the forecast lead time reduces reliability.
Ahmedabad,2026-10-06 15:00:00,3,71.2,Medium,75.85,71.05,60.0,ICON,Models show moderate disagreement and the forecast lead time reduces reliability.
Ahmedabad,2026-10-06 16:00:00,3,71.5,Medium,75.85,71.83,60.0,ICON,Models show moderate disagreement and the forecast lead time reduces reliability.
Ahmedabad,2026-10-06 17:00:00,3,69.9,Medium,75.85,66.44,60.0,ICON,Models show moderate disagreement and the forecast lead time reduces reliability.
Ahmedabad,2026-10-06 18:00:00,3,68.7,Medium,75.85,62.67,60.0,ICON,Models show moderate disagreement and the forecast lead time reduces reliability.
Ahmedabad,2026-10-06 19:00:00,3,69.2,Medium,75.85,64.36,60.0,ICON,Models show moderate disagreement and the forecast lead time reduces reliability.
Ahmedabad,2026-10-06 20:00:00,3,70.3,Medium,75.85,67.84,60.0,ICON,Models show moderate disagreement and the forecast lead time reduces reliability.
Ahmedabad,2026-10-06 21:00:00,3,70.6,Medium,75.85,68.96,60.0,ICON,Models show moderate disagreement and the forecast lead time reduces reliability.
Ahmedabad,2026-10-06 22:00:00,3,71.0,Medium,75.85,70.3,60.0,ICON,Models show moderate disagreement and the forecast lead time reduces reliability.
Ahmedabad,2026-10-06 23:00:00,3,71.7,Medium,75.85,72.6,60.0,ICON,Models show moderate disagreement and the forecast lead time reduces reliability.
Amritsar,2026-10-04 00:00:00,1,81.6,High,83.02,66.82,100.0,ECMWF,"ECMWF leads with strong short-range skill, with minor model spread in local precipitation."
Amritsar,2026-10-04 01:00:00,1,82.6,High,83.02,70.25,100.0,ECMWF,"ECMWF leads with strong short-range skill, with minor model spread in local precipitation."
Amritsar,2026-10-04 02:00:00,1,83.6,High,83.02,73.59,100.0,ECMWF,"ECMWF leads with strong short-range skill, with minor model spread in local precipitation."
Amritsar,2026-10-04 03:00:00,1,85.4,High,83.02,79.58,100.0,ECMWF,"ECMWF leads with strong short-range skill, with minor model spread in local precipitation."
Amritsar,2026-10-04 04:00:00,1,85.4,High,83.02,79.64,100.0,ECMWF,"ECMWF leads with strong short-range skill, with minor model spread in local precipitation."
Amritsar,2026-10-04 05:00:00,1,86.1,High,83.02,81.96,100.0,ECMWF,"ECMWF and ensemble members agree closely, while RMSE remains low for this region."
Amritsar,2026-10-04 06:00:00,1,85.3,High,83.02,79.25,100.0,ECMWF,"ECMWF leads with strong short-range skill, with minor model spread in local precipitation."
Amritsar,2026-10-04 07:00:00,1,85.3,High,83.02,79.27,100.0,ECMWF,"ECMWF leads with strong short-range skill, with minor model spread in local precipitation."
Amritsar,2026-10-04 08:00:00,1,84.8,High,83.02,77.58,100.0,ECMWF,"ECMWF leads with strong short-range skill, with minor model spread in local precipitation."
Amritsar,2026-10-04 09:00:00,1,84.8,High,83.02,77.75,100.0,ECMWF,"ECMWF leads with strong short-range skill, with minor model spread in local precipitation."
Amritsar,2026-10-04 10:00:00,1,83.6,High,83.02,73.71,100.0,ECMWF,"ECMWF leads with strong short-range skill, with minor model spread in local precipitation."
Amritsar,2026-10-04 11:00:00,1,83.8,High,83.02,74.34,100.0,ECMWF,"ECMWF leads with strong short-range skill, with minor model spread in local precipitation."
Amritsar,2026-10-04 12:00:00,1,82.0,High,83.02,68.44,100.0,ECMWF,"ECMWF leads with strong short-range skill, with minor model spread in local precipitation."
Amritsar,2026-10-04 13:00:00,1,80.5,High,83.02,63.42,100.0,ECMWF,"ECMWF leads with strong short-range skill, with minor model spread in local precipitation."
Amritsar,2026-10-04 14:00:00,1,79.6,High,83.02,60.17,100.0,ECMWF,"ECMWF leads with strong short-range skill, with minor model spread in local precipitation."
Amritsar,2026-10-04 15:00:00,1,79.7,High,83.02,60.49,100.0,ECMWF,"ECMWF leads with strong short-range skill, with minor model spread in local precipitation."
Amritsar,2026-10-04 16:00:00,1,80.0,High,83.02,61.59,100.0,ECMWF,"ECMWF leads with strong short-range skill, with minor model spread in local precipitation."
Amritsar,2026-10-04 17:00:00,1,80.3,High,83.02,62.62,100.0,ECMWF,"ECMWF leads with strong short-range skill, with minor model spread in local precipitation."
Amritsar,2026-10-04 18:00:00,1,79.6,High,83.02,60.28,100.0,ECMWF,"ECMWF leads with strong short-range skill, with minor model spread in local precipitation."
Amritsar,2026-10-04 19:00:00,1,79.8,High,83.02,60.87,100.0,ECMWF,"ECMWF leads with strong short-range skill, with minor model spread in local precipitation."
Amritsar,2026-10-04 20:00:00,1,79.7,High,83.02,60.53,100.0,ECMWF,"ECMWF leads with strong short-range skill, with minor model spread in local precipitation."
Amritsar,2026-10-04 21:00:00,1,80.7,High,83.02,63.96,100.0,ECMWF,"ECMWF leads with strong short-range skill, with minor model spread in local precipitation."
Amritsar,2026-10-04 22:00:00,1,81.7,High,83.02,67.44,100.0,ECMWF,"ECMWF leads with strong short-range skill, with minor model spread in local precipitation."
Amritsar,2026-10-04 23:00:00,1,82.8,High,83.02,70.91,100.0,ECMWF,"ECMWF leads with strong short-range skill, with minor model spread in local precipitation."
Amritsar,2026-10-05 00:00:00,2,79.3,High,81.95,74.45,80.0,ECMWF,"Low regional RMSE supports ECMWF dominance, while the 48-hour forecast horizon maintains stable predictability."
Amritsar,2026-10-05 01:00:00,2,79.5,High,81.95,75.19,80.0,ECMWF,"Low regional RMSE supports ECMWF dominance, while the 48-hour forecast horizon maintains stable predictability."
Amritsar,2026-10-05 02:00:00,2,78.9,High,81.95,72.95,80.0,ECMWF,"Low regional RMSE supports ECMWF dominance, while the 48-hour forecast horizon maintains stable predictability."
Amritsar,2026-10-05 03:00:00,2,79.0,High,81.95,73.28,80.0,ECMWF,"Low regional RMSE supports ECMWF dominance, while the 48-hour forecast horizon maintains stable predictability."
Amritsar,2026-10-05 04:00:00,2,80.1,High,81.95,76.93,80.0,ECMWF,"Low regional RMSE supports ECMWF dominance, while the 48-hour forecast horizon maintains stable predictability."
Amritsar,2026-10-05 05:00:00,2,79.7,High,81.95,75.65,80.0,ECMWF,"Low regional RMSE supports ECMWF dominance, while the 48-hour forecast horizon maintains stable predictability."
Amritsar,2026-10-05 06:00:00,2,78.9,High,81.95,73.08,80.0,ECMWF,"Low regional RMSE supports ECMWF dominance, while the 48-hour forecast horizon maintains stable predictability."
Amritsar,2026-10-05 07:00:00,2,79.0,High,81.95,73.27,80.0,ECMWF,"Low regional RMSE supports ECMWF dominance, while the 48-hour forecast horizon maintains stable predictability."
Amritsar,2026-10-05 08:00:00,2,76.9,High,81.95,66.52,80.0,ECMWF,"Low regional RMSE supports ECMWF dominance, while the 48-hour forecast horizon maintains stable predictability."
Amritsar,2026-10-05 09:00:00,2,77.1,High,81.95,66.94,80.0,ECMWF,"Low regional RMSE supports ECMWF dominance, while the 48-hour forecast horizon maintains stable predictability."
Amritsar,2026-10-05 10:00:00,2,77.5,High,81.95,68.43,80.0,ECMWF,"Low regional RMSE supports ECMWF dominance, while the 48-hour forecast horizon maintains stable predictability."
Amritsar,2026-10-05 11:00:00,2,77.3,High,81.95,67.73,80.0,ECMWF,"Low regional RMSE supports ECMWF dominance, while the 48-hour forecast horizon maintains stable predictability."
Amritsar,2026-10-05 12:00:00,2,75.8,High,81.95,62.79,80.0,ECMWF,"Low regional RMSE supports ECMWF dominance, while the 48-hour forecast horizon maintains stable predictability."
Amritsar,2026-10-05 13:00:00,2,75.1,High,81.95,60.35,80.0,ECMWF,"Low regional RMSE supports ECMWF dominance, while the 48-hour forecast horizon maintains stable predictability."
Amritsar,2026-10-05 14:00:00,2,74.9,High,81.95,59.75,80.0,ECMWF,"Low regional RMSE supports ECMWF dominance, while the 48-hour forecast horizon maintains stable predictability."
Amritsar,2026-10-05 15:00:00,2,75.5,High,81.95,61.86,80.0,ECMWF,"Low regional RMSE supports ECMWF dominance, while the 48-hour forecast horizon maintains stable predictability."
Amritsar,2026-10-05 16:00:00,2,75.8,High,81.95,62.68,80.0,ECMWF,"Low regional RMSE supports ECMWF dominance, while the 48-hour forecast horizon maintains stable predictability."
Amritsar,2026-10-05 17:00:00,2,76.7,High,81.95,65.72,80.0,ECMWF,"Low regional RMSE supports ECMWF dominance, while the 48-hour forecast horizon maintains stable predictability."
Amritsar,2026-10-05 18:00:00,2,74.7,High,81.95,59.19,80.0,ECMWF,"Low regional RMSE supports ECMWF dominance, while the 48-hour forecast horizon maintains stable predictability."
Amritsar,2026-10-05 19:00:00,2,74.7,High,81.95,59.22,80.0,ECMWF,"Low regional RMSE supports ECMWF dominance, while the 48-hour forecast horizon maintains stable predictability."
Amritsar,2026-10-05 20:00:00,2,75.0,High,81.95,60.0,80.0,ECMWF,"Low regional RMSE supports ECMWF dominance, while the 48-hour forecast horizon maintains stable predictability."
Amritsar,2026-10-05 21:00:00,2,75.9,High,81.95,63.09,80.0,ECMWF,"Low regional RMSE supports ECMWF dominance, while the 48-hour forecast horizon maintains stable predictability."
Amritsar,2026-10-05 22:00:00,2,77.4,High,81.95,68.22,80.0,ECMWF,"Low regional RMSE supports ECMWF dominance, while the 48-hour forecast horizon maintains stable predictability."
Amritsar,2026-10-05 23:00:00,2,78.1,High,81.95,70.26,80.0,ECMWF,"Low regional RMSE supports ECMWF dominance, while the 48-hour forecast horizon maintains stable predictability."
Amritsar,2026-10-06 00:00:00,3,73.9,Medium,80.57,72.04,60.0,ICON,Models show moderate disagreement and the forecast lead time reduces reliability.
Amritsar,2026-10-06 01:00:00,3,74.1,Medium,80.57,72.81,60.0,ICON,Models show moderate disagreement and the forecast lead time reduces reliability.
Amritsar,2026-10-06 02:00:00,3,74.0,Medium,80.57,72.3,60.0,ICON,Models show moderate disagreement and the forecast lead time reduces reliability.
Amritsar,2026-10-06 03:00:00,3,73.8,Medium,80.57,71.59,60.0,ICON,Models show moderate disagreement and the forecast lead time reduces reliability.
Amritsar,2026-10-06 04:00:00,3,74.0,Medium,80.57,72.37,60.0,ICON,Models show moderate disagreement and the forecast lead time reduces reliability.
Amritsar,2026-10-06 05:00:00,3,74.4,Medium,80.57,73.59,60.0,ICON,Models show moderate disagreement and the forecast lead time reduces reliability.
Amritsar,2026-10-06 06:00:00,3,73.3,Medium,80.57,70.18,60.0,ICON,Models show moderate disagreement and the forecast lead time reduces reliability.
Amritsar,2026-10-06 07:00:00,3,73.2,Medium,80.57,69.65,60.0,ICON,Models show moderate disagreement and the forecast lead time reduces reliability.
Amritsar,2026-10-06 08:00:00,3,72.8,Medium,80.57,68.33,60.0,ICON,Models show moderate disagreement and the forecast lead time reduces reliability.
Amritsar,2026-10-06 09:00:00,3,72.7,Medium,80.57,68.04,60.0,ICON,Models show moderate disagreement and the forecast lead time reduces reliability.
Amritsar,2026-10-06 10:00:00,3,73.0,Medium,80.57,68.92,60.0,ICON,Models show moderate disagreement and the forecast lead time reduces reliability.
Amritsar,2026-10-06 11:00:00,3,71.7,Medium,80.57,64.58,60.0,ICON,Models show moderate disagreement and the forecast lead time reduces reliability.
Amritsar,2026-10-06 12:00:00,3,71.1,Medium,80.57,62.64,60.0,ICON,Models show moderate disagreement and the forecast lead time reduces reliability.
Amritsar,2026-10-06 13:00:00,3,71.5,Medium,80.57,64.02,60.0,ICON,Models show moderate disagreement and the forecast lead time reduces reliability.
Amritsar,2026-10-06 14:00:00,3,72.8,Medium,80.57,68.25,60.0,ICON,Models show moderate disagreement and the forecast lead time reduces reliability.
Amritsar,2026-10-06 15:00:00,3,71.3,Medium,80.57,63.39,60.0,ICON,Models show moderate disagreement and the forecast lead time reduces reliability.
Amritsar,2026-10-06 16:00:00,3,70.8,Medium,80.57,61.63,60.0,ICON,Models show moderate disagreement and the forecast lead time reduces reliability.
Amritsar,2026-10-06 17:00:00,3,72.5,Medium,80.57,67.32,60.0,ICON,Models show moderate disagreement and the forecast lead time reduces reliability.
Amritsar,2026-10-06 18:00:00,3,70.3,Medium,80.57,60.11,60.0,ICON,Models show moderate disagreement and the forecast lead time reduces reliability.
Amritsar,2026-10-06 19:00:00,3,69.7,Medium,80.57,57.91,60.0,ICON,Models show moderate disagreement and the forecast lead time reduces reliability.
Amritsar,2026-10-06 20:00:00,3,69.6,Medium,80.57,57.78,60.0,ICON,Models show moderate disagreement and the forecast lead time reduces reliability.
Amritsar,2026-10-06 21:00:00,3,70.4,Medium,80.57,60.4,60.0,ICON,Models show moderate disagreement and the forecast lead time reduces reliability.
Amritsar,2026-10-06 22:00:00,3,71.7,Medium,80.57,64.56,60.0,ICON,Models show moderate disagreement and the forecast lead time reduces reliability.
Amritsar,2026-10-06 23:00:00,3,72.7,Medium,80.57,68.09,60.0,ICON,Models show moderate disagreement and the forecast lead time reduces reliability.
Bengaluru,2026-10-04 00:00:00,1,90.5,Very High,91.23,82.95,100.0,ECMWF,"ECMWF has the highest historical skill, model agreement is strong, and this is a short-range forecast."
Bengaluru,2026-10-04 01:00:00,1,91.0,Very High,91.23,84.7,100.0,ECMWF,"ECMWF has the highest historical skill, model agreement is strong, and this is a short-range forecast."
Bengaluru,2026-10-04 02:00:00,1,90.6,Very High,91.23,83.4,100.0,ECMWF,"ECMWF has the highest historical skill, model agreement is strong, and this is a short-range forecast."
Bengaluru,2026-10-04 03:00:00,1,90.6,Very High,91.23,83.15,100.0,ECMWF,"ECMWF has the highest historical skill, model agreement is strong, and this is a short-range forecast."
Bengaluru,2026-10-04 04:00:00,1,90.3,Very High,91.23,82.21,100.0,ECMWF,"ECMWF has the highest historical skill, model agreement is strong, and this is a short-range forecast."
Bengaluru,2026-10-04 05:00:00,1,91.0,Very High,91.23,84.68,100.0,ECMWF,"ECMWF has the highest historical skill, model agreement is strong, and this is a short-range forecast."
Bengaluru,2026-10-04 06:00:00,1,90.0,Very High,91.23,81.29,100.0,ECMWF,"ECMWF has the highest historical skill, model agreement is strong, and this is a short-range forecast."
Bengaluru,2026-10-04 07:00:00,1,90.7,Very High,91.23,83.62,100.0,ECMWF,"ECMWF has the highest historical skill, model agreement is strong, and this is a short-range forecast."
Bengaluru,2026-10-04 08:00:00,1,91.6,Very High,91.23,86.7,100.0,ECMWF,"ECMWF has the highest historical skill, model agreement is strong, and this is a short-range forecast."
Bengaluru,2026-10-04 09:00:00,1,90.4,Very High,91.23,82.73,100.0,ECMWF,"ECMWF has the highest historical skill, model agreement is strong, and this is a short-range forecast."
Bengaluru,2026-10-04 10:00:00,1,88.6,High,91.23,76.51,100.0,ECMWF,"ECMWF leads with strong short-range skill, with minor model spread in local precipitation."
Bengaluru,2026-10-04 11:00:00,1,89.8,Very High,91.23,80.77,100.0,ECMWF,"ECMWF has the highest historical skill, model agreement is strong, and this is a short-range forecast."
Bengaluru,2026-10-04 12:00:00,1,88.7,High,91.23,77.06,100.0,ECMWF,"ECMWF leads with strong short-range skill, with minor model spread in local precipitation."
Bengaluru,2026-10-04 13:00:00,1,88.1,High,91.23,74.99,100.0,ECMWF,"ECMWF leads with strong short-range skill, with minor model spread in local precipitation."
Bengaluru,2026-10-04 14:00:00,1,88.5,High,91.23,76.14,100.0,ECMWF,"ECMWF leads with strong short-range skill, with minor model spread in local precipitation."
Bengaluru,2026-10-04 15:00:00,1,86.3,High,91.23,69.08,100.0,ECMWF,"ECMWF leads with strong short-range skill, with minor model spread in local precipitation."
Bengaluru,2026-10-04 16:00:00,1,87.0,High,91.23,71.34,100.0,ECMWF,"ECMWF leads with strong short-range skill, with minor model spread in local precipitation."
Bengaluru,2026-10-04 17:00:00,1,88.4,High,91.23,75.94,100.0,ECMWF,"ECMWF leads with strong short-range skill, with minor model spread in local precipitation."
Bengaluru,2026-10-04 18:00:00,1,85.5,High,91.23,66.41,100.0,ECMWF,"ECMWF leads with strong short-range skill, with minor model spread in local precipitation."
Bengaluru,2026-10-04 19:00:00,1,84.1,High,91.23,61.58,100.0,ECMWF,"ECMWF leads with strong short-range skill, with minor model spread in local precipitation."
Bengaluru,2026-10-04 20:00:00,1,83.4,High,91.23,59.24,100.0,ECMWF,"ECMWF leads with strong short-range skill, with minor model spread in local precipitation."
Bengaluru,2026-10-04 21:00:00,1,85.2,High,91.23,65.25,100.0,ECMWF,"ECMWF leads with strong short-range skill, with minor model spread in local precipitation."
Bengaluru,2026-10-04 22:00:00,1,86.5,High,91.23,69.46,100.0,ECMWF,"ECMWF leads with strong short-range skill, with minor model spread in local precipitation."
Bengaluru,2026-10-04 23:00:00,1,86.6,High,91.23,70.05,100.0,ECMWF,"ECMWF leads with strong short-range skill, with minor model spread in local precipitation."
Bengaluru,2026-10-05 00:00:00,2,83.1,High,89.98,73.76,80.0,ICON,"Low regional RMSE supports ICON dominance, while the 48-hour forecast horizon maintains stable predictability."
Bengaluru,2026-10-05 01:00:00,2,83.4,High,89.98,74.7,80.0,ICON,"Low regional RMSE supports ICON dominance, while the 48-hour forecast horizon maintains stable predictability."
Bengaluru,2026-10-05 02:00:00,2,83.2,High,89.98,74.03,80.0,ICON,"Low regional RMSE supports ICON dominance, while the 48-hour forecast horizon maintains stable predictability."
Bengaluru,2026-10-05 03:00:00,2,84.1,High,89.98,77.15,80.0,ICON,"Low regional RMSE supports ICON dominance, while the 48-hour forecast horizon maintains stable predictability."
Bengaluru,2026-10-05 04:00:00,2,84.8,High,89.98,79.35,80.0,ICON,"Low regional RMSE supports ICON dominance, while the 48-hour forecast horizon maintains stable predictability."
Bengaluru,2026-10-05 05:00:00,2,84.8,High,89.98,79.29,80.0,ICON,"Low regional RMSE supports ICON dominance, while the 48-hour forecast horizon maintains stable predictability."
Bengaluru,2026-10-05 06:00:00,2,85.7,High,89.98,82.31,80.0,ICON,"ICON and ensemble members agree closely, while RMSE remains low for this region."
Bengaluru,2026-10-05 07:00:00,2,86.5,High,89.98,85.11,80.0,ICON,"ICON and ensemble members agree closely, while RMSE remains low for this region."
Bengaluru,2026-10-05 08:00:00,2,85.8,High,89.98,82.85,80.0,ICON,"ICON and ensemble members agree closely, while RMSE remains low for this region."
Bengaluru,2026-10-05 09:00:00,2,84.3,High,89.98,77.82,80.0,ICON,"Low regional RMSE supports ICON dominance, while the 48-hour forecast horizon maintains stable predictability."
Bengaluru,2026-10-05 10:00:00,2,83.6,High,89.98,75.23,80.0,ICON,"Low regional RMSE supports ICON dominance, while the 48-hour forecast horizon maintains stable predictability."
Bengaluru,2026-10-05 11:00:00,2,84.8,High,89.98,79.26,80.0,ICON,"Low regional RMSE supports ICON dominance, while the 48-hour forecast horizon maintains stable predictability."
Bengaluru,2026-10-05 12:00:00,2,81.8,High,89.98,69.27,80.0,ICON,"Low regional RMSE supports ICON dominance, while the 48-hour forecast horizon maintains stable predictability."
Bengaluru,2026-10-05 13:00:00,2,82.3,High,89.98,70.98,80.0,ICON,"Low regional RMSE supports ICON dominance, while the 48-hour forecast horizon maintains stable predictability."
Bengaluru,2026-10-05 14:00:00,2,80.8,High,89.98,66.19,80.0,ICON,"Low regional RMSE supports ICON dominance, while the 48-hour forecast horizon maintains stable predictability."
Bengaluru,2026-10-05 15:00:00,2,79.3,High,89.98,60.9,80.0,ICON,"Low regional RMSE supports ICON dominance, while the 48-hour forecast horizon maintains stable predictability."
Bengaluru,2026-10-05 16:00:00,2,77.2,High,89.98,54.03,80.0,ICON,"Low regional RMSE supports ICON dominance, while the 48-hour forecast horizon maintains stable predictability."
Bengaluru,2026-10-05 17:00:00,2,77.9,High,89.98,56.46,80.0,ICON,"Low regional RMSE supports ICON dominance, while the 48-hour forecast horizon maintains stable predictability."
Bengaluru,2026-10-05 18:00:00,2,77.9,High,89.98,56.35,80.0,ICON,"Low regional RMSE supports ICON dominance, while the 48-hour forecast horizon maintains stable predictability."
Bengaluru,2026-10-05 19:00:00,2,78.9,High,89.98,59.75,80.0,ICON,"Low regional RMSE supports ICON dominance, while the 48-hour forecast horizon maintains stable predictability."
Bengaluru,2026-10-05 20:00:00,2,80.2,High,89.98,64.18,80.0,ICON,"Low regional RMSE supports ICON dominance, while the 48-hour forecast horizon maintains stable predictability."
Bengaluru,2026-10-05 21:00:00,2,80.2,High,89.98,63.95,80.0,ICON,"Low regional RMSE supports ICON dominance, while the 48-hour forecast horizon maintains stable predictability."
Bengaluru,2026-10-05 22:00:00,2,79.9,High,89.98,62.88,80.0,ICON,"Low regional RMSE supports ICON dominance, while the 48-hour forecast horizon maintains stable predictability."
Bengaluru,2026-10-05 23:00:00,2,80.1,High,89.98,63.57,80.0,ICON,"Low regional RMSE supports ICON dominance, while the 48-hour forecast horizon maintains stable predictability."
Bengaluru,2026-10-06 00:00:00,3,78.1,High,90.02,70.3,60.0,ICON,"Low regional RMSE supports ICON dominance, while the extended Day 3 lead time maintains stable predictability."
Bengaluru,2026-10-06 01:00:00,3,79.6,High,90.02,75.43,60.0,ICON,"Low regional RMSE supports ICON dominance, while the extended Day 3 lead time maintains stable predictability."
Bengaluru,2026-10-06 02:00:00,3,80.4,High,90.02,77.88,60.0,ICON,"Low regional RMSE supports ICON dominance, while the extended Day 3 lead time maintains stable predictability."
Bengaluru,2026-10-06 03:00:00,3,78.7,High,90.02,72.42,60.0,ICON,"Low regional RMSE supports ICON dominance, while the extended Day 3 lead time maintains stable predictability."
Bengaluru,2026-10-06 04:00:00,3,80.2,High,90.02,77.26,60.0,ICON,"Low regional RMSE supports ICON dominance, while the extended Day 3 lead time maintains stable predictability."
Bengaluru,2026-10-06 05:00:00,3,81.0,High,90.02,79.88,60.0,ICON,"Low regional RMSE supports ICON dominance, while the extended Day 3 lead time maintains stable predictability."
Bengaluru,2026-10-06 06:00:00,3,80.9,High,90.02,79.54,60.0,ICON,"Low regional RMSE supports ICON dominance, while the extended Day 3 lead time maintains stable predictability."
Bengaluru,2026-10-06 07:00:00,3,79.6,High,90.02,75.38,60.0,ICON,"Low regional RMSE supports ICON dominance, while the extended Day 3 lead time maintains stable predictability."
Bengaluru,2026-10-06 08:00:00,3,78.5,High,90.02,71.55,60.0,ICON,"Low regional RMSE supports ICON dominance, while the extended Day 3 lead time maintains stable predictability."
Bengaluru,2026-10-06 09:00:00,3,78.1,High,90.02,70.24,60.0,ICON,"Low regional RMSE supports ICON dominance, while the extended Day 3 lead time maintains stable predictability."
Bengaluru,2026-10-06 10:00:00,3,78.1,High,90.02,70.34,60.0,ICON,"Low regional RMSE supports ICON dominance, while the extended Day 3 lead time maintains stable predictability."
Bengaluru,2026-10-06 11:00:00,3,79.3,High,90.02,74.45,60.0,ICON,"Low regional RMSE supports ICON dominance, while the extended Day 3 lead time maintains stable predictability."
Bengaluru,2026-10-06 12:00:00,3,79.3,High,90.02,74.35,60.0,ICON,"Low regional RMSE supports ICON dominance, while the extended Day 3 lead time maintains stable predictability."
Bengaluru,2026-10-06 13:00:00,3,78.5,High,90.02,71.49,60.0,ICON,"Low regional RMSE supports ICON dominance, while the extended Day 3 lead time maintains stable predictability."
Bengaluru,2026-10-06 14:00:00,3,75.5,High,90.02,61.47,60.0,ICON,"Low regional RMSE supports ICON dominance, while the extended Day 3 lead time maintains stable predictability."
Bengaluru,2026-10-06 15:00:00,3,72.3,Medium,90.02,50.97,60.0,ICON,Models show moderate disagreement and the forecast lead time reduces reliability.
Bengaluru,2026-10-06 16:00:00,3,72.5,Medium,90.02,51.76,60.0,ICON,Models show moderate disagreement and the forecast lead time reduces reliability.
Bengaluru,2026-10-06 17:00:00,3,72.4,Medium,90.02,51.25,60.0,ICON,Models show moderate disagreement and the forecast lead time reduces reliability.
Bengaluru,2026-10-06 18:00:00,3,72.0,Medium,90.02,49.89,60.0,ICON,Models show moderate disagreement and the forecast lead time reduces reliability.
Bengaluru,2026-10-06 19:00:00,3,71.3,Medium,90.02,47.56,60.0,ICON,Models show moderate disagreement and the forecast lead time reduces reliability.
Bengaluru,2026-10-06 20:00:00,3,73.6,Medium,90.02,55.39,60.0,ICON,Models show moderate disagreement and the forecast lead time reduces reliability.
Bengaluru,2026-10-06 21:00:00,3,77.7,High,90.02,69.11,60.0,ICON,"Low regional RMSE supports ICON dominance, while the extended Day 3 lead time maintains stable predictability."
Bengaluru,2026-10-06 22:00:00,3,80.2,High,90.02,77.38,60.0,ICON,"Low regional RMSE supports ICON dominance, while the extended Day 3 lead time maintains stable predictability."
Bengaluru,2026-10-06 23:00:00,3,78.9,High,90.02,72.89,60.0,ICON,"Low regional RMSE supports ICON dominance, while the extended Day 3 lead time maintains stable predictability."
Bhopal,2026-10-04 00:00:00,1,84.4,High,86.53,70.38,100.0,ECMWF,"ECMWF leads with strong short-range skill, with minor model spread in local precipitation."
Bhopal,2026-10-04 01:00:00,1,85.0,High,86.53,72.34,100.0,ECMWF,"ECMWF leads with strong short-range skill, with minor model spread in local precipitation."
Bhopal,2026-10-04 02:00:00,1,85.6,High,86.53,74.52,100.0,ECMWF,"ECMWF leads with strong short-range skill, with minor model spread in local precipitation."
Bhopal,2026-10-04 03:00:00,1,85.0,High,86.53,72.58,100.0,ECMWF,"ECMWF leads with strong short-range skill, with minor model spread in local precipitation."
Bhopal,2026-10-04 04:00:00,1,84.9,High,86.53,72.05,100.0,ECMWF,"ECMWF leads with strong short-range skill, with minor model spread in local precipitation."
Bhopal,2026-10-04 05:00:00,1,86.4,High,86.53,77.25,100.0,ECMWF,"ECMWF leads with strong short-range skill, with minor model spread in local precipitation."
Bhopal,2026-10-04 06:00:00,1,85.4,High,86.53,73.65,100.0,ECMWF,"ECMWF leads with strong short-range skill, with minor model spread in local precipitation."
Bhopal,2026-10-04 07:00:00,1,85.3,High,86.53,73.49,100.0,ECMWF,"ECMWF leads with strong short-range skill, with minor model spread in local precipitation."
Bhopal,2026-10-04 08:00:00,1,85.6,High,86.53,74.3,100.0,ECMWF,"ECMWF leads with strong short-range skill, with minor model spread in local precipitation."
Bhopal,2026-10-04 09:00:00,1,84.8,High,86.53,71.78,100.0,ECMWF,"ECMWF leads with strong short-range skill, with minor model spread in local precipitation."
Bhopal,2026-10-04 10:00:00,1,85.2,High,86.53,73.03,100.0,ECMWF,"ECMWF leads with strong short-range skill, with minor model spread in local precipitation."
Bhopal,2026-10-04 11:00:00,1,86.2,High,86.53,76.3,100.0,ECMWF,"ECMWF leads with strong short-range skill, with minor model spread in local precipitation."
Bhopal,2026-10-04 12:00:00,1,85.5,High,86.53,74.25,100.0,ECMWF,"ECMWF leads with strong short-range skill, with minor model spread in local precipitation."
Bhopal,2026-10-04 13:00:00,1,86.4,High,86.53,77.16,100.0,ECMWF,"ECMWF leads with strong short-range skill, with minor model spread in local precipitation."
Bhopal,2026-10-04 14:00:00,1,86.2,High,86.53,76.55,100.0,ECMWF,"ECMWF leads with strong short-range skill, with minor model spread in local precipitation."
Bhopal,2026-10-04 15:00:00,1,85.8,High,86.53,75.06,100.0,ECMWF,"ECMWF leads with strong short-range skill, with minor model spread in local precipitation."
Bhopal,2026-10-04 16:00:00,1,86.0,High,86.53,75.67,100.0,ECMWF,"ECMWF leads with strong short-range skill, with minor model spread in local precipitation."
Bhopal,2026-10-04 17:00:00,1,85.3,High,86.53,73.57,100.0,ECMWF,"ECMWF leads with strong short-range skill, with minor model spread in local precipitation."
Bhopal,2026-10-04 18:00:00,1,85.4,High,86.53,73.88,100.0,ECMWF,"ECMWF leads with strong short-range skill, with minor model spread in local precipitation."
Bhopal,2026-10-04 19:00:00,1,85.3,High,86.53,73.31,100.0,ECMWF,"ECMWF leads with strong short-range skill, with minor model spread in local precipitation."
Bhopal,2026-10-04 20:00:00,1,85.5,High,86.53,74.28,100.0,ECMWF,"ECMWF leads with strong short-range skill, with minor model spread in local precipitation."
Bhopal,2026-10-04 21:00:00,1,85.1,High,86.53,72.76,100.0,ECMWF,"ECMWF leads with strong short-range skill, with minor model spread in local precipitation."
Bhopal,2026-10-04 22:00:00,1,84.5,High,86.53,70.94,100.0,ECMWF,"ECMWF leads with strong short-range skill, with minor model spread in local precipitation."
Bhopal,2026-10-04 23:00:00,1,85.2,High,86.53,73.09,100.0,ECMWF,"ECMWF leads with strong short-range skill, with minor model spread in local precipitation."
Bhopal,2026-10-05 00:00:00,2,79.7,High,84.17,71.96,80.0,ECMWF,"Low regional RMSE supports ECMWF dominance, while the 48-hour forecast horizon maintains stable predictability."
Bhopal,2026-10-05 01:00:00,2,79.5,High,84.17,71.53,80.0,ECMWF,"Low regional RMSE supports ECMWF dominance, while the 48-hour forecast horizon maintains stable predictability."
Bhopal,2026-10-05 02:00:00,2,79.5,High,84.17,71.3,80.0,ECMWF,"Low regional RMSE supports ECMWF dominance, while the 48-hour forecast horizon maintains stable predictability."
Bhopal,2026-10-05 03:00:00,2,79.6,High,84.17,71.86,80.0,ECMWF,"Low regional RMSE supports ECMWF dominance, while the 48-hour forecast horizon maintains stable predictability."
Bhopal,2026-10-05 04:00:00,2,79.8,High,84.17,72.26,80.0,ECMWF,"Low regional RMSE supports ECMWF dominance, while the 48-hour forecast horizon maintains stable predictability."
Bhopal,2026-10-05 05:00:00,2,79.6,High,84.17,71.85,80.0,ECMWF,"Low regional RMSE supports ECMWF dominance, while the 48-hour forecast horizon maintains stable predictability."
Bhopal,2026-10-05 06:00:00,2,80.1,High,84.17,73.36,80.0,ECMWF,"Low regional RMSE supports ECMWF dominance, while the 48-hour forecast horizon maintains stable predictability."
Bhopal,2026-10-05 07:00:00,2,80.3,High,84.17,74.19,80.0,ECMWF,"Low regional RMSE supports ECMWF dominance, while the 48-hour forecast horizon maintains stable predictability."
Bhopal,2026-10-05 08:00:00,2,81.1,High,84.17,76.83,80.0,ECMWF,"Low regional RMSE supports ECMWF dominance, while the 48-hour forecast horizon maintains stable predictability."
Bhopal,2026-10-05 09:00:00,2,80.9,High,84.17,76.21,80.0,ECMWF,"Low regional RMSE supports ECMWF dominance, while the 48-hour forecast horizon maintains stable predictability."
Bhopal,2026-10-05 10:00:00,2,80.0,High,84.17,73.01,80.0,ECMWF,"Low regional RMSE supports ECMWF dominance, while the 48-hour forecast horizon maintains stable predictability."
Bhopal,2026-10-05 11:00:00,2,79.9,High,84.17,72.65,80.0,ECMWF,"Low regional RMSE supports ECMWF dominance, while the 48-hour forecast horizon maintains stable predictability."
Bhopal,2026-10-05 12:00:00,2,79.7,High,84.17,72.1,80.0,ECMWF,"Low regional RMSE supports ECMWF dominance, while the 48-hour forecast horizon maintains stable predictability."
Bhopal,2026-10-05 13:00:00,2,79.2,High,84.17,70.41,80.0,ECMWF,"Low regional RMSE supports ECMWF dominance, while the 48-hour forecast horizon maintains stable predictability."
Bhopal,2026-10-05 14:00:00,2,79.7,High,84.17,71.9,80.0,ECMWF,"Low regional RMSE supports ECMWF dominance, while the 48-hour forecast horizon maintains stable predictability."
Bhopal,2026-10-05 15:00:00,2,79.5,High,84.17,71.39,80.0,ECMWF,"Low regional RMSE supports ECMWF dominance, while the 48-hour forecast horizon maintains stable predictability."
Bhopal,2026-10-05 16:00:00,2,79.9,High,84.17,72.58,80.0,ECMWF,"Low regional RMSE supports ECMWF dominance, while the 48-hour forecast horizon maintains stable predictability."
Bhopal,2026-10-05 17:00:00,2,78.7,High,84.17,68.57,80.0,ECMWF,"Low regional RMSE supports ECMWF dominance, while the 48-hour forecast horizon maintains stable predictability."
Bhopal,2026-10-05 18:00:00,2,77.4,High,84.17,64.26,80.0,ECMWF,"Low regional RMSE supports ECMWF dominance, while the 48-hour forecast horizon maintains stable predictability."
Bhopal,2026-10-05 19:00:00,2,77.6,High,84.17,64.93,80.0,ECMWF,"Low regional RMSE supports ECMWF dominance, while the 48-hour forecast horizon maintains stable predictability."
Bhopal,2026-10-05 20:00:00,2,78.2,High,84.17,67.02,80.0,ECMWF,"Low regional RMSE supports ECMWF dominance, while the 48-hour forecast horizon maintains stable predictability."
Bhopal,2026-10-05 21:00:00,2,78.2,High,84.17,66.89,80.0,ECMWF,"Low regional RMSE supports ECMWF dominance, while the 48-hour forecast horizon maintains stable predictability."
Bhopal,2026-10-05 22:00:00,2,78.9,High,84.17,69.31,80.0,ECMWF,"Low regional RMSE supports ECMWF dominance, while the 48-hour forecast horizon maintains stable predictability."
Bhopal,2026-10-05 23:00:00,2,79.3,High,84.17,70.73,80.0,ECMWF,"Low regional RMSE supports ECMWF dominance, while the 48-hour forecast horizon maintains stable predictability."
Bhopal,2026-10-06 00:00:00,3,73.5,Medium,78.39,74.48,60.0,UKMO,Models show moderate disagreement and the forecast lead time reduces reliability.
Bhopal,2026-10-06 01:00:00,3,72.3,Medium,78.39,70.33,60.0,UKMO,Models show moderate disagreement and the forecast lead time reduces reliability.
Bhopal,2026-10-06 02:00:00,3,72.1,Medium,78.39,69.55,60.0,UKMO,Models show moderate disagreement and the forecast lead time reduces reliability.
Bhopal,2026-10-06 03:00:00,3,72.7,Medium,78.39,71.53,60.0,UKMO,Models show moderate disagreement and the forecast lead time reduces reliability.
Bhopal,2026-10-06 04:00:00,3,73.0,Medium,78.39,72.58,60.0,UKMO,Models show moderate disagreement and the forecast lead time reduces reliability.
Bhopal,2026-10-06 05:00:00,3,72.4,Medium,78.39,70.57,60.0,UKMO,Models show moderate disagreement and the forecast lead time reduces reliability.
Bhopal,2026-10-06 06:00:00,3,71.6,Medium,78.39,68.15,60.0,UKMO,Models show moderate disagreement and the forecast lead time reduces reliability.
Bhopal,2026-10-06 07:00:00,3,72.0,Medium,78.39,69.38,60.0,UKMO,Models show moderate disagreement and the forecast lead time reduces reliability.
Bhopal,2026-10-06 08:00:00,3,72.3,Medium,78.39,70.3,60.0,UKMO,Models show moderate disagreement and the forecast lead time reduces reliability.
Bhopal,2026-10-06 09:00:00,3,73.4,Medium,78.39,74.11,60.0,UKMO,Models show moderate disagreement and the forecast lead time reduces reliability.
Bhopal,2026-10-06 10:00:00,3,73.6,Medium,78.39,74.59,60.0,UKMO,Models show moderate disagreement and the forecast lead time reduces reliability.
Bhopal,2026-10-06 11:00:00,3,73.7,Medium,78.39,75.03,60.0,UKMO,Models show moderate disagreement and the forecast lead time reduces reliability.
Bhopal,2026-10-06 12:00:00,3,73.8,Medium,78.39,75.5,60.0,UKMO,Models show moderate disagreement and the forecast lead time reduces reliability.
Bhopal,2026-10-06 13:00:00,3,73.1,Medium,78.39,73.01,60.0,UKMO,Models show moderate disagreement and the forecast lead time reduces reliability.
Bhopal,2026-10-06 14:00:00,3,72.9,Medium,78.39,72.23,60.0,UKMO,Models show moderate disagreement and the forecast lead time reduces reliability.
Bhopal,2026-10-06 15:00:00,3,73.6,Medium,78.39,74.67,60.0,UKMO,Models show moderate disagreement and the forecast lead time reduces reliability.
Bhopal,2026-10-06 16:00:00,3,74.0,Medium,78.39,76.11,60.0,UKMO,Models show moderate disagreement and the forecast lead time reduces reliability.
Bhopal,2026-10-06 17:00:00,3,72.9,Medium,78.39,72.33,60.0,UKMO,Models show moderate disagreement and the forecast lead time reduces reliability.
Bhopal,2026-10-06 18:00:00,3,71.4,Medium,78.39,67.48,60.0,UKMO,Models show moderate disagreement and the forecast lead time reduces reliability.
Bhopal,2026-10-06 19:00:00,3,71.3,Medium,78.39,67.18,60.0,UKMO,Models show moderate disagreement and the forecast lead time reduces reliability.
Bhopal,2026-10-06 20:00:00,3,72.2,Medium,78.39,69.95,60.0,UKMO,Models show moderate disagreement and the forecast lead time reduces reliability.
Bhopal,2026-10-06 21:00:00,3,72.4,Medium,78.39,70.84,60.0,UKMO,Models show moderate disagreement and the forecast lead time reduces reliability.
Bhopal,2026-10-06 22:00:00,3,71.8,Medium,78.39,68.81,60.0,UKMO,Models show moderate disagreement and the forecast lead time reduces reliability.
Bhopal,2026-10-06 23:00:00,3,71.5,Medium,78.39,67.73,60.0,UKMO,Models show moderate disagreement and the forecast lead time reduces reliability.
Bhubaneswar,2026-10-04 00:00:00,1,79.7,High,71.04,80.54,100.0,ECMWF,"ECMWF and ensemble members agree closely, while RMSE remains low for this region."
Bhubaneswar,2026-10-04 01:00:00,1,80.4,High,71.04,83.04,100.0,ECMWF,"ECMWF and ensemble members agree closely, while RMSE remains low for this region."
Bhubaneswar,2026-10-04 02:00:00,1,80.4,High,71.04,82.79,100.0,ECMWF,"ECMWF and ensemble members agree closely, while RMSE remains low for this region."
Bhubaneswar,2026-10-04 03:00:00,1,80.2,High,71.04,82.22,100.0,ECMWF,"ECMWF and ensemble members agree closely, while RMSE remains low for this region."
Bhubaneswar,2026-10-04 04:00:00,1,80.4,High,71.04,83.04,100.0,ECMWF,"ECMWF and ensemble members agree closely, while RMSE remains low for this region."
Bhubaneswar,2026-10-04 05:00:00,1,80.4,High,71.04,82.9,100.0,ECMWF,"ECMWF and ensemble members agree closely, while RMSE remains low for this region."
Bhubaneswar,2026-10-04 06:00:00,1,81.1,High,71.04,85.38,100.0,ECMWF,"ECMWF and ensemble members agree closely, while RMSE remains low for this region."
Bhubaneswar,2026-10-04 07:00:00,1,82.8,High,71.04,91.03,100.0,ECMWF,"ECMWF and ensemble members agree closely, while RMSE remains low for this region."
Bhubaneswar,2026-10-04 08:00:00,1,82.5,High,71.04,89.95,100.0,ECMWF,"ECMWF and ensemble members agree closely, while RMSE remains low for this region."
Bhubaneswar,2026-10-04 09:00:00,1,81.4,High,71.04,86.21,100.0,ECMWF,"ECMWF and ensemble members agree closely, while RMSE remains low for this region."
Bhubaneswar,2026-10-04 10:00:00,1,80.5,High,71.04,83.35,100.0,ECMWF,"ECMWF and ensemble members agree closely, while RMSE remains low for this region."
Bhubaneswar,2026-10-04 11:00:00,1,80.4,High,71.04,82.77,100.0,ECMWF,"ECMWF and ensemble members agree closely, while RMSE remains low for this region."
Bhubaneswar,2026-10-04 12:00:00,1,80.2,High,71.04,82.14,100.0,ECMWF,"ECMWF and ensemble members agree closely, while RMSE remains low for this region."
Bhubaneswar,2026-10-04 13:00:00,1,79.6,High,71.04,80.1,100.0,ECMWF,"ECMWF and ensemble members agree closely, while RMSE remains low for this region."
Bhubaneswar,2026-10-04 14:00:00,1,79.4,High,71.04,79.46,100.0,ECMWF,"ECMWF leads with strong short-range skill, with minor model spread in local precipitation."
Bhubaneswar,2026-10-04 15:00:00,1,78.4,High,71.04,76.29,100.0,ECMWF,"ECMWF leads with strong short-range skill, with minor model spread in local precipitation."
Bhubaneswar,2026-10-04 16:00:00,1,78.6,High,71.04,76.79,100.0,ECMWF,"ECMWF leads with strong short-range skill, with minor model spread in local precipitation."
Bhubaneswar,2026-10-04 17:00:00,1,78.6,High,71.04,76.94,100.0,ECMWF,"ECMWF leads with strong short-range skill, with minor model spread in local precipitation."
Bhubaneswar,2026-10-04 18:00:00,1,78.7,High,71.04,77.28,100.0,ECMWF,"ECMWF leads with strong short-range skill, with minor model spread in local precipitation."
Bhubaneswar,2026-10-04 19:00:00,1,78.0,High,71.04,74.97,100.0,ECMWF,"ECMWF leads with strong short-range skill, with minor model spread in local precipitation."
Bhubaneswar,2026-10-04 20:00:00,1,75.9,High,71.04,67.78,100.0,ECMWF,"ECMWF leads with strong short-range skill, with minor model spread in local precipitation."
Bhubaneswar,2026-10-04 21:00:00,1,77.8,High,71.04,74.23,100.0,ECMWF,"ECMWF leads with strong short-range skill, with minor model spread in local precipitation."
Bhubaneswar,2026-10-04 22:00:00,1,78.4,High,71.04,76.14,100.0,ECMWF,"ECMWF leads with strong short-range skill, with minor model spread in local precipitation."
Bhubaneswar,2026-10-04 23:00:00,1,78.8,High,71.04,77.61,100.0,ECMWF,"ECMWF leads with strong short-range skill, with minor model spread in local precipitation."
Bhubaneswar,2026-10-05 00:00:00,2,74.3,Medium,70.14,77.41,80.0,ECMWF,Moderate ensemble agreement and regional variability balance overall forecast confidence.
Bhubaneswar,2026-10-05 01:00:00,2,74.6,High,70.14,78.3,80.0,ECMWF,"Low regional RMSE supports ECMWF dominance, while the 48-hour forecast horizon maintains stable predictability."
Bhubaneswar,2026-10-05 02:00:00,2,75.2,High,70.14,80.5,80.0,ECMWF,"ECMWF and ensemble members agree closely, while RMSE remains low for this region."
Bhubaneswar,2026-10-05 03:00:00,2,76.3,High,70.14,84.13,80.0,ECMWF,"ECMWF and ensemble members agree closely, while RMSE remains low for this region."
Bhubaneswar,2026-10-05 04:00:00,2,75.7,High,70.14,82.13,80.0,ECMWF,"ECMWF and ensemble members agree closely, while RMSE remains low for this region."
Bhubaneswar,2026-10-05 05:00:00,2,75.8,High,70.14,82.34,80.0,ECMWF,"ECMWF and ensemble members agree closely, while RMSE remains low for this region."
Bhubaneswar,2026-10-05 06:00:00,2,76.2,High,70.14,83.65,80.0,ECMWF,"ECMWF and ensemble members agree closely, while RMSE remains low for this region."
Bhubaneswar,2026-10-05 07:00:00,2,76.3,High,70.14,83.97,80.0,ECMWF,"ECMWF and ensemble members agree closely, while RMSE remains low for this region."
Bhubaneswar,2026-10-05 08:00:00,2,75.1,High,70.14,79.96,80.0,ECMWF,"Low regional RMSE supports ECMWF dominance, while the 48-hour forecast horizon maintains stable predictability."
Bhubaneswar,2026-10-05 09:00:00,2,74.8,High,70.14,79.22,80.0,ECMWF,"Low regional RMSE supports ECMWF dominance, while the 48-hour forecast horizon maintains stable predictability."
Bhubaneswar,2026-10-05 10:00:00,2,74.4,Medium,70.14,77.85,80.0,ECMWF,Moderate ensemble agreement and regional variability balance overall forecast confidence.
Bhubaneswar,2026-10-05 11:00:00,2,73.7,Medium,70.14,75.54,80.0,ECMWF,Moderate ensemble agreement and regional variability balance overall forecast confidence.
Bhubaneswar,2026-10-05 12:00:00,2,73.8,Medium,70.14,75.68,80.0,ECMWF,Moderate ensemble agreement and regional variability balance overall forecast confidence.
Bhubaneswar,2026-10-05 13:00:00,2,72.4,Medium,70.14,71.01,80.0,ECMWF,Moderate ensemble agreement and regional variability balance overall forecast confidence.
Bhubaneswar,2026-10-05 14:00:00,2,72.9,Medium,70.14,72.61,80.0,ECMWF,Moderate ensemble agreement and regional variability balance overall forecast confidence.
Bhubaneswar,2026-10-05 15:00:00,2,72.5,Medium,70.14,71.51,80.0,ECMWF,Moderate ensemble agreement and regional variability balance overall forecast confidence.
Bhubaneswar,2026-10-05 16:00:00,2,72.7,Medium,70.14,72.24,80.0,ECMWF,Moderate ensemble agreement and regional variability balance overall forecast confidence.
Bhubaneswar,2026-10-05 17:00:00,2,71.6,Medium,70.14,68.31,80.0,ECMWF,Inter-model spread indicates divergence between NWP forecasts despite ECMWF weighting.
Bhubaneswar,2026-10-05 18:00:00,2,70.6,Medium,70.14,65.22,80.0,ECMWF,Inter-model spread indicates divergence between NWP forecasts despite ECMWF weighting.
Bhubaneswar,2026-10-05 19:00:00,2,71.0,Medium,70.14,66.57,80.0,ECMWF,Inter-model spread indicates divergence between NWP forecasts despite ECMWF weighting.
Bhubaneswar,2026-10-05 20:00:00,2,72.4,Medium,70.14,71.0,80.0,ECMWF,Moderate ensemble agreement and regional variability balance overall forecast confidence.
Bhubaneswar,2026-10-05 21:00:00,2,74.7,High,70.14,78.61,80.0,ECMWF,"Low regional RMSE supports ECMWF dominance, while the 48-hour forecast horizon maintains stable predictability."
Bhubaneswar,2026-10-05 22:00:00,2,75.7,High,70.14,81.98,80.0,ECMWF,"ECMWF and ensemble members agree closely, while RMSE remains low for this region."
Bhubaneswar,2026-10-05 23:00:00,2,75.7,High,70.14,81.98,80.0,ECMWF,"ECMWF and ensemble members agree closely, while RMSE remains low for this region."
Bhubaneswar,2026-10-06 00:00:00,3,69.1,Medium,64.28,83.11,60.0,UKMO,Models show moderate disagreement and the forecast lead time reduces reliability.
Bhubaneswar,2026-10-06 01:00:00,3,69.0,Medium,64.28,83.02,60.0,UKMO,Models show moderate disagreement and the forecast lead time reduces reliability.
Bhubaneswar,2026-10-06 02:00:00,3,69.3,Medium,64.28,83.96,60.0,UKMO,Models show moderate disagreement and the forecast lead time reduces reliability.
Bhubaneswar,2026-10-06 03:00:00,3,69.0,Medium,64.28,83.03,60.0,UKMO,Models show moderate disagreement and the forecast lead time reduces reliability.
Bhubaneswar,2026-10-06 04:00:00,3,68.9,Medium,64.28,82.62,60.0,UKMO,Models show moderate disagreement and the forecast lead time reduces reliability.
Bhubaneswar,2026-10-06 05:00:00,3,69.8,Medium,64.28,85.42,60.0,UKMO,Models show moderate disagreement and the forecast lead time reduces reliability.
Bhubaneswar,2026-10-06 06:00:00,3,69.6,Medium,64.28,84.99,60.0,UKMO,Models show moderate disagreement and the forecast lead time reduces reliability.
Bhubaneswar,2026-10-06 07:00:00,3,70.4,Medium,64.28,87.5,60.0,UKMO,Models show moderate disagreement and the forecast lead time reduces reliability.
Bhubaneswar,2026-10-06 08:00:00,3,70.7,Medium,64.28,88.52,60.0,UKMO,Models show moderate disagreement and the forecast lead time reduces reliability.
Bhubaneswar,2026-10-06 09:00:00,3,70.4,Medium,64.28,87.48,60.0,UKMO,Models show moderate disagreement and the forecast lead time reduces reliability.
Bhubaneswar,2026-10-06 10:00:00,3,70.0,Medium,64.28,86.12,60.0,UKMO,Models show moderate disagreement and the forecast lead time reduces reliability.
Bhubaneswar,2026-10-06 11:00:00,3,68.4,Medium,64.28,80.88,60.0,UKMO,Models show moderate disagreement and the forecast lead time reduces reliability.
Bhubaneswar,2026-10-06 12:00:00,3,68.9,Medium,64.28,82.49,60.0,UKMO,Models show moderate disagreement and the forecast lead time reduces reliability.
Bhubaneswar,2026-10-06 13:00:00,3,69.2,Medium,64.28,83.43,60.0,UKMO,Models show moderate disagreement and the forecast lead time reduces reliability.
Bhubaneswar,2026-10-06 14:00:00,3,67.8,Medium,64.28,79.0,60.0,UKMO,Models show moderate disagreement and the forecast lead time reduces reliability.
Bhubaneswar,2026-10-06 15:00:00,3,65.4,Medium,64.28,70.86,60.0,UKMO,Models show moderate disagreement and the forecast lead time reduces reliability.
Bhubaneswar,2026-10-06 16:00:00,3,64.2,Medium,64.28,66.87,60.0,UKMO,Models show moderate disagreement and the forecast lead time reduces reliability.
Bhubaneswar,2026-10-06 17:00:00,3,64.7,Medium,64.28,68.61,60.0,UKMO,Models show moderate disagreement and the forecast lead time reduces reliability.
Bhubaneswar,2026-10-06 18:00:00,3,66.1,Medium,64.28,73.24,60.0,UKMO,Models show moderate disagreement and the forecast lead time reduces reliability.
Bhubaneswar,2026-10-06 19:00:00,3,66.2,Medium,64.28,73.39,60.0,UKMO,Models show moderate disagreement and the forecast lead time reduces reliability.
Bhubaneswar,2026-10-06 20:00:00,3,66.6,Medium,64.28,74.89,60.0,UKMO,Models show moderate disagreement and the forecast lead time reduces reliability.
Bhubaneswar,2026-10-06 21:00:00,3,67.0,Medium,64.28,76.08,60.0,UKMO,Models show moderate disagreement and the forecast lead time reduces reliability.
Bhubaneswar,2026-10-06 22:00:00,3,67.6,Medium,64.28,78.21,60.0,UKMO,Models show moderate disagreement and the forecast lead time reduces reliability.
Bhubaneswar,2026-10-06 23:00:00,3,68.3,Medium,64.28,80.66,60.0,UKMO,Models show moderate disagreement and the forecast lead time reduces reliability.
Chandigarh,2026-10-04 00:00:00,1,88.6,High,85.54,85.96,100.0,ECMWF,"ECMWF and ensemble members agree closely, while RMSE remains low for this region."
Chandigarh,2026-10-04 01:00:00,1,88.6,High,85.54,86.15,100.0,ECMWF,"ECMWF and ensemble members agree closely, while RMSE remains low for this region."
Chandigarh,2026-10-04 02:00:00,1,88.8,High,85.54,86.72,100.0,ECMWF,"ECMWF and ensemble members agree closely, while RMSE remains low for this region."
Chandigarh,2026-10-04 03:00:00,1,89.0,High,85.54,87.4,100.0,ECMWF,"ECMWF and ensemble members agree closely, while RMSE remains low for this region."
Chandigarh,2026-10-04 04:00:00,1,89.2,High,85.54,88.15,100.0,ECMWF,"ECMWF and ensemble members agree closely, while RMSE remains low for this region."
Chandigarh,2026-10-04 05:00:00,1,88.5,High,85.54,85.88,100.0,ECMWF,"ECMWF and ensemble members agree closely, while RMSE remains low for this region."
Chandigarh,2026-10-04 06:00:00,1,87.8,High,85.54,83.48,100.0,ECMWF,"ECMWF and ensemble members agree closely, while RMSE remains low for this region."
Chandigarh,2026-10-04 07:00:00,1,87.1,High,85.54,80.99,100.0,ECMWF,"ECMWF and ensemble members agree closely, while RMSE remains low for this region."
Chandigarh,2026-10-04 08:00:00,1,86.7,High,85.54,79.72,100.0,ECMWF,"ECMWF leads with strong short-range skill, with minor model spread in local precipitation."
Chandigarh,2026-10-04 09:00:00,1,84.9,High,85.54,73.69,100.0,ECMWF,"ECMWF leads with strong short-range skill, with minor model spread in local precipitation."
Chandigarh,2026-10-04 10:00:00,1,83.8,High,85.54,69.99,100.0,ECMWF,"ECMWF leads with strong short-range skill, with minor model spread in local precipitation."
Chandigarh,2026-10-04 11:00:00,1,85.1,High,85.54,74.45,100.0,ECMWF,"ECMWF leads with strong short-range skill, with minor model spread in local precipitation."
Chandigarh,2026-10-04 12:00:00,1,87.8,High,85.54,83.41,100.0,ECMWF,"ECMWF and ensemble members agree closely, while RMSE remains low for this region."
Chandigarh,2026-10-04 13:00:00,1,85.2,High,85.54,74.83,100.0,ECMWF,"ECMWF leads with strong short-range skill, with minor model spread in local precipitation."
Chandigarh,2026-10-04 14:00:00,1,84.2,High,85.54,71.31,100.0,ECMWF,"ECMWF leads with strong short-range skill, with minor model spread in local precipitation."
Chandigarh,2026-10-04 15:00:00,1,84.2,High,85.54,71.49,100.0,ECMWF,"ECMWF leads with strong short-range skill, with minor model spread in local precipitation."
Chandigarh,2026-10-04 16:00:00,1,84.0,High,85.54,70.79,100.0,ECMWF,"ECMWF leads with strong short-range skill, with minor model spread in local precipitation."
Chandigarh,2026-10-04 17:00:00,1,84.5,High,85.54,72.4,100.0,ECMWF,"ECMWF leads with strong short-range skill, with minor model spread in local precipitation."
Chandigarh,2026-10-04 18:00:00,1,83.8,High,85.54,69.99,100.0,ECMWF,"ECMWF leads with strong short-range skill, with minor model spread in local precipitation."
Chandigarh,2026-10-04 19:00:00,1,83.7,High,85.54,69.86,100.0,ECMWF,"ECMWF leads with strong short-range skill, with minor model spread in local precipitation."
Chandigarh,2026-10-04 20:00:00,1,84.7,High,85.54,73.12,100.0,ECMWF,"ECMWF leads with strong short-range skill, with minor model spread in local precipitation."
Chandigarh,2026-10-04 21:00:00,1,86.6,High,85.54,79.47,100.0,ECMWF,"ECMWF leads with strong short-range skill, with minor model spread in local precipitation."
Chandigarh,2026-10-04 22:00:00,1,85.8,High,85.54,76.61,100.0,ECMWF,"ECMWF leads with strong short-range skill, with minor model spread in local precipitation."
Chandigarh,2026-10-04 23:00:00,1,85.1,High,85.54,74.33,100.0,ECMWF,"ECMWF leads with strong short-range skill, with minor model spread in local precipitation."
Chandigarh,2026-10-05 00:00:00,2,80.4,High,82.42,77.39,80.0,ECMWF,"Low regional RMSE supports ECMWF dominance, while the 48-hour forecast horizon maintains stable predictability."
Chandigarh,2026-10-05 01:00:00,2,80.8,High,82.42,78.47,80.0,ECMWF,"Low regional RMSE supports ECMWF dominance, while the 48-hour forecast horizon maintains stable predictability."
Chandigarh,2026-10-05 02:00:00,2,80.7,High,82.42,78.44,80.0,ECMWF,"Low regional RMSE supports ECMWF dominance, while the 48-hour forecast horizon maintains stable predictability."
Chandigarh,2026-10-05 03:00:00,2,80.5,High,82.42,77.7,80.0,ECMWF,"Low regional RMSE supports ECMWF dominance, while the 48-hour forecast horizon maintains stable predictability."
Chandigarh,2026-10-05 04:00:00,2,80.5,High,82.42,77.53,80.0,ECMWF,"Low regional RMSE supports ECMWF dominance, while the 48-hour forecast horizon maintains stable predictability."
Chandigarh,2026-10-05 05:00:00,2,80.9,High,82.42,78.92,80.0,ECMWF,"Low regional RMSE supports ECMWF dominance, while the 48-hour forecast horizon maintains stable predictability."
Chandigarh,2026-10-05 06:00:00,2,81.8,High,82.42,81.84,80.0,ECMWF,"ECMWF and ensemble members agree closely, while RMSE remains low for this region."
Chandigarh,2026-10-05 07:00:00,2,81.8,High,82.42,81.88,80.0,ECMWF,"ECMWF and ensemble members agree closely, while RMSE remains low for this region."
Chandigarh,2026-10-05 08:00:00,2,79.7,High,82.42,75.12,80.0,ECMWF,"Low regional RMSE supports ECMWF dominance, while the 48-hour forecast horizon maintains stable predictability."
Chandigarh,2026-10-05 09:00:00,2,78.6,High,82.42,71.37,80.0,ECMWF,"Low regional RMSE supports ECMWF dominance, while the 48-hour forecast horizon maintains stable predictability."
Chandigarh,2026-10-05 10:00:00,2,77.6,High,82.42,67.9,80.0,ECMWF,"Low regional RMSE supports ECMWF dominance, while the 48-hour forecast horizon maintains stable predictability."
Chandigarh,2026-10-05 11:00:00,2,77.3,High,82.42,66.84,80.0,ECMWF,"Low regional RMSE supports ECMWF dominance, while the 48-hour forecast horizon maintains stable predictability."
Chandigarh,2026-10-05 12:00:00,2,78.1,High,82.42,69.56,80.0,ECMWF,"Low regional RMSE supports ECMWF dominance, while the 48-hour forecast horizon maintains stable predictability."
Chandigarh,2026-10-05 13:00:00,2,78.5,High,82.42,70.99,80.0,ECMWF,"Low regional RMSE supports ECMWF dominance, while the 48-hour forecast horizon maintains stable predictability."
Chandigarh,2026-10-05 14:00:00,2,79.1,High,82.42,73.13,80.0,ECMWF,"Low regional RMSE supports ECMWF dominance, while the 48-hour forecast horizon maintains stable predictability."
Chandigarh,2026-10-05 15:00:00,2,78.2,High,82.42,70.04,80.0,ECMWF,"Low regional RMSE supports ECMWF dominance, while the 48-hour forecast horizon maintains stable predictability."
Chandigarh,2026-10-05 16:00:00,2,77.8,High,82.42,68.76,80.0,ECMWF,"Low regional RMSE supports ECMWF dominance, while the 48-hour forecast horizon maintains stable predictability."
Chandigarh,2026-10-05 17:00:00,2,79.5,High,82.42,74.29,80.0,ECMWF,"Low regional RMSE supports ECMWF dominance, while the 48-hour forecast horizon maintains stable predictability."
Chandigarh,2026-10-05 18:00:00,2,78.6,High,82.42,71.21,80.0,ECMWF,"Low regional RMSE supports ECMWF dominance, while the 48-hour forecast horizon maintains stable predictability."
Chandigarh,2026-10-05 19:00:00,2,78.4,High,82.42,70.51,80.0,ECMWF,"Low regional RMSE supports ECMWF dominance, while the 48-hour forecast horizon maintains stable predictability."
Chandigarh,2026-10-05 20:00:00,2,79.3,High,82.42,73.59,80.0,ECMWF,"Low regional RMSE supports ECMWF dominance, while the 48-hour forecast horizon maintains stable predictability."
Chandigarh,2026-10-05 21:00:00,2,79.5,High,82.42,74.42,80.0,ECMWF,"Low regional RMSE supports ECMWF dominance, while the 48-hour forecast horizon maintains stable predictability."
Chandigarh,2026-10-05 22:00:00,2,80.3,High,82.42,76.92,80.0,ECMWF,"Low regional RMSE supports ECMWF dominance, while the 48-hour forecast horizon maintains stable predictability."
Chandigarh,2026-10-05 23:00:00,2,80.2,High,82.42,76.55,80.0,ECMWF,"Low regional RMSE supports ECMWF dominance, while the 48-hour forecast horizon maintains stable predictability."
Chandigarh,2026-10-06 00:00:00,3,76.1,High,81.08,78.53,60.0,JMA,"Low regional RMSE supports JMA dominance, while the extended Day 3 lead time maintains stable predictability."
Chandigarh,2026-10-06 01:00:00,3,75.7,High,81.08,77.11,60.0,JMA,"Low regional RMSE supports JMA dominance, while the extended Day 3 lead time maintains stable predictability."
Chandigarh,2026-10-06 02:00:00,3,75.2,High,81.08,75.61,60.0,JMA,"Low regional RMSE supports JMA dominance, while the extended Day 3 lead time maintains stable predictability."
Chandigarh,2026-10-06 03:00:00,3,75.3,High,81.08,75.88,60.0,JMA,"Low regional RMSE supports JMA dominance, while the extended Day 3 lead time maintains stable predictability."
Chandigarh,2026-10-06 04:00:00,3,76.4,High,81.08,79.44,60.0,JMA,"Low regional RMSE supports JMA dominance, while the extended Day 3 lead time maintains stable predictability."
Chandigarh,2026-10-06 05:00:00,3,77.1,High,81.08,81.73,60.0,JMA,"JMA and ensemble members agree closely, while RMSE remains low for this region."
Chandigarh,2026-10-06 06:00:00,3,76.0,High,81.08,78.32,60.0,JMA,"Low regional RMSE supports JMA dominance, while the extended Day 3 lead time maintains stable predictability."
Chandigarh,2026-10-06 07:00:00,3,74.9,High,81.08,74.69,60.0,JMA,"Low regional RMSE supports JMA dominance, while the extended Day 3 lead time maintains stable predictability."
Chandigarh,2026-10-06 08:00:00,3,73.2,Medium,81.08,69.02,60.0,JMA,Models show moderate disagreement and the forecast lead time reduces reliability.
Chandigarh,2026-10-06 09:00:00,3,72.2,Medium,81.08,65.6,60.0,JMA,Models show moderate disagreement and the forecast lead time reduces reliability.
Chandigarh,2026-10-06 10:00:00,3,71.7,Medium,81.08,63.92,60.0,JMA,Models show moderate disagreement and the forecast lead time reduces reliability.
Chandigarh,2026-10-06 11:00:00,3,71.7,Medium,81.08,63.94,60.0,JMA,Models show moderate disagreement and the forecast lead time reduces reliability.
Chandigarh,2026-10-06 12:00:00,3,71.5,Medium,81.08,63.07,60.0,JMA,Models show moderate disagreement and the forecast lead time reduces reliability.
Chandigarh,2026-10-06 13:00:00,3,71.3,Medium,81.08,62.61,60.0,JMA,Models show moderate disagreement and the forecast lead time reduces reliability.
Chandigarh,2026-10-06 14:00:00,3,71.2,Medium,81.08,62.05,60.0,JMA,Models show moderate disagreement and the forecast lead time reduces reliability.
Chandigarh,2026-10-06 15:00:00,3,70.6,Medium,81.08,60.23,60.0,JMA,Models show moderate disagreement and the forecast lead time reduces reliability.
Chandigarh,2026-10-06 16:00:00,3,70.1,Medium,81.08,58.44,60.0,JMA,Models show moderate disagreement and the forecast lead time reduces reliability.
Chandigarh,2026-10-06 17:00:00,3,70.6,Medium,81.08,60.18,60.0,JMA,Models show moderate disagreement and the forecast lead time reduces reliability.
Chandigarh,2026-10-06 18:00:00,3,71.0,Medium,81.08,61.53,60.0,JMA,Models show moderate disagreement and the forecast lead time reduces reliability.
Chandigarh,2026-10-06 19:00:00,3,70.9,Medium,81.08,61.06,60.0,JMA,Models show moderate disagreement and the forecast lead time reduces reliability.
Chandigarh,2026-10-06 20:00:00,3,70.1,Medium,81.08,58.49,60.0,JMA,Models show moderate disagreement and the forecast lead time reduces reliability.
Chandigarh,2026-10-06 21:00:00,3,71.2,Medium,81.08,62.1,60.0,JMA,Models show moderate disagreement and the forecast lead time reduces reliability.
Chandigarh,2026-10-06 22:00:00,3,73.6,Medium,81.08,70.13,60.0,JMA,Models show moderate disagreement and the forecast lead time reduces reliability.
Chandigarh,2026-10-06 23:00:00,3,74.1,Medium,81.08,71.98,60.0,JMA,Models show moderate disagreement and the forecast lead time reduces reliability.
Chennai,2026-10-04 00:00:00,1,84.2,High,82.82,75.9,100.0,ECMWF,"ECMWF leads with strong short-range skill, with minor model spread in local precipitation."
Chennai,2026-10-04 01:00:00,1,83.7,High,82.82,74.28,100.0,ECMWF,"ECMWF leads with strong short-range skill, with minor model spread in local precipitation."
Chennai,2026-10-04 02:00:00,1,83.3,High,82.82,73.09,100.0,ECMWF,"ECMWF leads with strong short-range skill, with minor model spread in local precipitation."
Chennai,2026-10-04 03:00:00,1,84.4,High,82.82,76.69,100.0,ECMWF,"ECMWF leads with strong short-range skill, with minor model spread in local precipitation."
Chennai,2026-10-04 04:00:00,1,84.6,High,82.82,77.36,100.0,ECMWF,"ECMWF leads with strong short-range skill, with minor model spread in local precipitation."
Chennai,2026-10-04 05:00:00,1,85.0,High,82.82,78.53,100.0,ECMWF,"ECMWF leads with strong short-range skill, with minor model spread in local precipitation."
Chennai,2026-10-04 06:00:00,1,84.6,High,82.82,77.46,100.0,ECMWF,"ECMWF leads with strong short-range skill, with minor model spread in local precipitation."
Chennai,2026-10-04 07:00:00,1,85.7,High,82.82,80.82,100.0,ECMWF,"ECMWF and ensemble members agree closely, while RMSE remains low for this region."
Chennai,2026-10-04 08:00:00,1,85.4,High,82.82,79.89,100.0,ECMWF,"ECMWF leads with strong short-range skill, with minor model spread in local precipitation."
Chennai,2026-10-04 09:00:00,1,84.8,High,82.82,77.86,100.0,ECMWF,"ECMWF leads with strong short-range skill, with minor model spread in local precipitation."
Chennai,2026-10-04 10:00:00,1,83.0,High,82.82,71.89,100.0,ECMWF,"ECMWF leads with strong short-range skill, with minor model spread in local precipitation."
Chennai,2026-10-04 11:00:00,1,81.2,High,82.82,66.13,100.0,ECMWF,"ECMWF leads with strong short-range skill, with minor model spread in local precipitation."
Chennai,2026-10-04 12:00:00,1,79.8,High,82.82,61.37,100.0,ECMWF,"ECMWF leads with strong short-range skill, with minor model spread in local precipitation."
Chennai,2026-10-04 13:00:00,1,79.4,High,82.82,60.05,100.0,ECMWF,"ECMWF leads with strong short-range skill, with minor model spread in local precipitation."
Chennai,2026-10-04 14:00:00,1,80.5,High,82.82,63.79,100.0,ECMWF,"ECMWF leads with strong short-range skill, with minor model spread in local precipitation."
Chennai,2026-10-04 15:00:00,1,81.7,High,82.82,67.51,100.0,ECMWF,"ECMWF leads with strong short-range skill, with minor model spread in local precipitation."
Chennai,2026-10-04 16:00:00,1,81.9,High,82.82,68.15,100.0,ECMWF,"ECMWF leads with strong short-range skill, with minor model spread in local precipitation."
Chennai,2026-10-04 17:00:00,1,83.1,High,82.82,72.34,100.0,ECMWF,"ECMWF leads with strong short-range skill, with minor model spread in local precipitation."
Chennai,2026-10-04 18:00:00,1,84.7,High,82.82,77.5,100.0,ECMWF,"ECMWF leads with strong short-range skill, with minor model spread in local precipitation."
Chennai,2026-10-04 19:00:00,1,84.5,High,82.82,76.83,100.0,ECMWF,"ECMWF leads with strong short-range skill, with minor model spread in local precipitation."
Chennai,2026-10-04 20:00:00,1,83.9,High,82.82,74.99,100.0,ECMWF,"ECMWF leads with strong short-range skill, with minor model spread in local precipitation."
Chennai,2026-10-04 21:00:00,1,83.7,High,82.82,74.17,100.0,ECMWF,"ECMWF leads with strong short-range skill, with minor model spread in local precipitation."
Chennai,2026-10-04 22:00:00,1,83.2,High,82.82,72.65,100.0,ECMWF,"ECMWF leads with strong short-range skill, with minor model spread in local precipitation."
Chennai,2026-10-04 23:00:00,1,82.7,High,82.82,70.84,100.0,ECMWF,"ECMWF leads with strong short-range skill, with minor model spread in local precipitation."
Chennai,2026-10-05 00:00:00,2,78.0,High,82.02,70.06,80.0,ECMWF,"Low regional RMSE supports ECMWF dominance, while the 48-hour forecast horizon maintains stable predictability."
Chennai,2026-10-05 01:00:00,2,78.6,High,82.02,71.92,80.0,ECMWF,"Low regional RMSE supports ECMWF dominance, while the 48-hour forecast horizon maintains stable predictability."
Chennai,2026-10-05 02:00:00,2,79.0,High,82.02,73.21,80.0,ECMWF,"Low regional RMSE supports ECMWF dominance, while the 48-hour forecast horizon maintains stable predictability."
Chennai,2026-10-05 03:00:00,2,78.4,High,82.02,71.28,80.0,ECMWF,"Low regional RMSE supports ECMWF dominance, while the 48-hour forecast horizon maintains stable predictability."
Chennai,2026-10-05 04:00:00,2,78.4,High,82.02,71.15,80.0,ECMWF,"Low regional RMSE supports ECMWF dominance, while the 48-hour forecast horizon maintains stable predictability."
Chennai,2026-10-05 05:00:00,2,78.3,High,82.02,70.81,80.0,ECMWF,"Low regional RMSE supports ECMWF dominance, while the 48-hour forecast horizon maintains stable predictability."
Chennai,2026-10-05 06:00:00,2,78.8,High,82.02,72.62,80.0,ECMWF,"Low regional RMSE supports ECMWF dominance, while the 48-hour forecast horizon maintains stable predictability."
Chennai,2026-10-05 07:00:00,2,81.0,High,82.02,80.06,80.0,ECMWF,"ECMWF and ensemble members agree closely, while RMSE remains low for this region."
Chennai,2026-10-05 08:00:00,2,81.7,High,82.02,82.43,80.0,ECMWF,"ECMWF and ensemble members agree closely, while RMSE remains low for this region."
Chennai,2026-10-05 09:00:00,2,79.9,High,82.02,76.29,80.0,ECMWF,"Low regional RMSE supports ECMWF dominance, while the 48-hour forecast horizon maintains stable predictability."
Chennai,2026-10-05 10:00:00,2,78.8,High,82.02,72.47,80.0,ECMWF,"Low regional RMSE supports ECMWF dominance, while the 48-hour forecast horizon maintains stable predictability."
Chennai,2026-10-05 11:00:00,2,77.2,High,82.02,67.17,80.0,ECMWF,"Low regional RMSE supports ECMWF dominance, while the 48-hour forecast horizon maintains stable predictability."
Chennai,2026-10-05 12:00:00,2,76.9,High,82.02,66.25,80.0,ECMWF,"Low regional RMSE supports ECMWF dominance, while the 48-hour forecast horizon maintains stable predictability."
Chennai,2026-10-05 13:00:00,2,74.7,High,82.02,58.96,80.0,ECMWF,"Low regional RMSE supports ECMWF dominance, while the 48-hour forecast horizon maintains stable predictability."
Chennai,2026-10-05 14:00:00,2,74.9,High,82.02,59.5,80.0,ECMWF,"Low regional RMSE supports ECMWF dominance, while the 48-hour forecast horizon maintains stable predictability."
Chennai,2026-10-05 15:00:00,2,76.8,High,82.02,65.89,80.0,ECMWF,"Low regional RMSE supports ECMWF dominance, while the 48-hour forecast horizon maintains stable predictability."
Chennai,2026-10-05 16:00:00,2,77.6,High,82.02,68.59,80.0,ECMWF,"Low regional RMSE supports ECMWF dominance, while the 48-hour forecast horizon maintains stable predictability."
Chennai,2026-10-05 17:00:00,2,78.3,High,82.02,71.0,80.0,ECMWF,"Low regional RMSE supports ECMWF dominance, while the 48-hour forecast horizon maintains stable predictability."
Chennai,2026-10-05 18:00:00,2,79.1,High,82.02,73.72,80.0,ECMWF,"Low regional RMSE supports ECMWF dominance, while the 48-hour forecast horizon maintains stable predictability."
Chennai,2026-10-05 19:00:00,2,78.5,High,82.02,71.53,80.0,ECMWF,"Low regional RMSE supports ECMWF dominance, while the 48-hour forecast horizon maintains stable predictability."
Chennai,2026-10-05 20:00:00,2,79.7,High,82.02,75.53,80.0,ECMWF,"Low regional RMSE supports ECMWF dominance, while the 48-hour forecast horizon maintains stable predictability."
Chennai,2026-10-05 21:00:00,2,78.6,High,82.02,72.04,80.0,ECMWF,"Low regional RMSE supports ECMWF dominance, while the 48-hour forecast horizon maintains stable predictability."
Chennai,2026-10-05 22:00:00,2,78.2,High,82.02,70.56,80.0,ECMWF,"Low regional RMSE supports ECMWF dominance, while the 48-hour forecast horizon maintains stable predictability."
Chennai,2026-10-05 23:00:00,2,79.1,High,82.02,73.67,80.0,ECMWF,"Low regional RMSE supports ECMWF dominance, while the 48-hour forecast horizon maintains stable predictability."
Chennai,2026-10-06 00:00:00,3,74.2,Medium,80.72,72.88,60.0,ECMWF,Models show moderate disagreement and the forecast lead time reduces reliability.
Chennai,2026-10-06 01:00:00,3,74.5,High,80.72,73.71,60.0,ECMWF,"Low regional RMSE supports ECMWF dominance, while the extended Day 3 lead time maintains stable predictability."
Chennai,2026-10-06 02:00:00,3,75.2,High,80.72,75.98,60.0,ECMWF,"Low regional RMSE supports ECMWF dominance, while the extended Day 3 lead time maintains stable predictability."
Chennai,2026-10-06 03:00:00,3,74.6,High,80.72,74.24,60.0,ECMWF,"Low regional RMSE supports ECMWF dominance, while the extended Day 3 lead time maintains stable predictability."
Chennai,2026-10-06 04:00:00,3,73.5,Medium,80.72,70.32,60.0,ECMWF,Models show moderate disagreement and the forecast lead time reduces reliability.
Chennai,2026-10-06 05:00:00,3,74.0,Medium,80.72,72.15,60.0,ECMWF,Models show moderate disagreement and the forecast lead time reduces reliability.
Chennai,2026-10-06 06:00:00,3,74.8,High,80.72,74.65,60.0,ECMWF,"Low regional RMSE supports ECMWF dominance, while the extended Day 3 lead time maintains stable predictability."
Chennai,2026-10-06 07:00:00,3,77.3,High,80.72,83.26,60.0,ECMWF,"ECMWF and ensemble members agree closely, while RMSE remains low for this region."
Chennai,2026-10-06 08:00:00,3,77.6,High,80.72,83.98,60.0,ECMWF,"ECMWF and ensemble members agree closely, while RMSE remains low for this region."
Chennai,2026-10-06 09:00:00,3,75.6,High,80.72,77.62,60.0,ECMWF,"Low regional RMSE supports ECMWF dominance, while the extended Day 3 lead time maintains stable predictability."
Chennai,2026-10-06 10:00:00,3,72.9,Medium,80.72,68.49,60.0,ECMWF,Models show moderate disagreement and the forecast lead time reduces reliability.
Chennai,2026-10-06 11:00:00,3,71.6,Medium,80.72,64.09,60.0,ECMWF,Models show moderate disagreement and the forecast lead time reduces reliability.
Chennai,2026-10-06 12:00:00,3,70.5,Medium,80.72,60.45,60.0,ECMWF,Models show moderate disagreement and the forecast lead time reduces reliability.
Chennai,2026-10-06 13:00:00,3,70.4,Medium,80.72,60.04,60.0,ECMWF,Models show moderate disagreement and the forecast lead time reduces reliability.
Chennai,2026-10-06 14:00:00,3,70.9,Medium,80.72,61.71,60.0,ECMWF,Models show moderate disagreement and the forecast lead time reduces reliability.
Chennai,2026-10-06 15:00:00,3,71.8,Medium,80.72,64.68,60.0,ECMWF,Models show moderate disagreement and the forecast lead time reduces reliability.
Chennai,2026-10-06 16:00:00,3,73.0,Medium,80.72,68.9,60.0,ECMWF,Models show moderate disagreement and the forecast lead time reduces reliability.
Chennai,2026-10-06 17:00:00,3,74.6,High,80.72,74.2,60.0,ECMWF,"Low regional RMSE supports ECMWF dominance, while the extended Day 3 lead time maintains stable predictability."
Chennai,2026-10-06 18:00:00,3,74.9,High,80.72,75.1,60.0,ECMWF,"Low regional RMSE supports ECMWF dominance, while the extended Day 3 lead time maintains stable predictability."
Chennai,2026-10-06 19:00:00,3,75.3,High,80.72,76.36,60.0,ECMWF,"Low regional RMSE supports ECMWF dominance, while the extended Day 3 lead time maintains stable predictability."
Chennai,2026-10-06 20:00:00,3,75.4,High,80.72,76.78,60.0,ECMWF,"Low regional RMSE supports ECMWF dominance, while the extended Day 3 lead time maintains stable predictability."
Chennai,2026-10-06 21:00:00,3,75.2,High,80.72,76.17,60.0,ECMWF,"Low regional RMSE supports ECMWF dominance, while the extended Day 3 lead time maintains stable predictability."
Chennai,2026-10-06 22:00:00,3,74.9,High,80.72,75.11,60.0,ECMWF,"Low regional RMSE supports ECMWF dominance, while the extended Day 3 lead time maintains stable predictability."
Chennai,2026-10-06 23:00:00,3,74.4,Medium,80.72,73.33,60.0,ECMWF,Models show moderate disagreement and the forecast lead time reduces reliability.
Coimbatore,2026-10-04 00:00:00,1,93.2,Very High,94.38,86.82,100.0,ECMWF,"ECMWF has the highest historical skill, model agreement is strong, and this is a short-range forecast."
Coimbatore,2026-10-04 01:00:00,1,94.1,Very High,94.38,89.67,100.0,ECMWF,"ECMWF has the highest historical skill, model agreement is strong, and this is a short-range forecast."
Coimbatore,2026-10-04 02:00:00,1,94.8,Very High,94.38,92.03,100.0,ECMWF,"ECMWF has the highest historical skill, model agreement is strong, and this is a short-range forecast."
Coimbatore,2026-10-04 03:00:00,1,93.9,Very High,94.38,88.96,100.0,ECMWF,"ECMWF has the highest historical skill, model agreement is strong, and this is a short-range forecast."
Coimbatore,2026-10-04 04:00:00,1,94.8,Very High,94.38,92.03,100.0,ECMWF,"ECMWF has the highest historical skill, model agreement is strong, and this is a short-range forecast."
Coimbatore,2026-10-04 05:00:00,1,91.3,Very High,94.38,80.31,100.0,ECMWF,"ECMWF has the highest historical skill, model agreement is strong, and this is a short-range forecast."
Coimbatore,2026-10-04 06:00:00,1,88.8,High,94.38,72.18,100.0,ECMWF,"ECMWF leads with strong short-range skill, with minor model spread in local precipitation."
Coimbatore,2026-10-04 07:00:00,1,88.3,High,94.38,70.23,100.0,ECMWF,"ECMWF leads with strong short-range skill, with minor model spread in local precipitation."
Coimbatore,2026-10-04 08:00:00,1,90.5,Very High,94.38,77.64,100.0,ECMWF,"ECMWF exhibits outstanding regional skill, maintaining very high blend reliability for this short-range forecast."
Coimbatore,2026-10-04 09:00:00,1,90.8,Very High,94.38,78.67,100.0,ECMWF,"ECMWF exhibits outstanding regional skill, maintaining very high blend reliability for this short-range forecast."
Coimbatore,2026-10-04 10:00:00,1,91.0,Very High,94.38,79.38,100.0,ECMWF,"ECMWF exhibits outstanding regional skill, maintaining very high blend reliability for this short-range forecast."
Coimbatore,2026-10-04 11:00:00,1,90.7,Very High,94.38,78.3,100.0,ECMWF,"ECMWF exhibits outstanding regional skill, maintaining very high blend reliability for this short-range forecast."
Coimbatore,2026-10-04 12:00:00,1,89.2,High,94.38,73.5,100.0,ECMWF,"ECMWF leads with strong short-range skill, with minor model spread in local precipitation."
Coimbatore,2026-10-04 13:00:00,1,88.3,High,94.38,70.5,100.0,ECMWF,"ECMWF leads with strong short-range skill, with minor model spread in local precipitation."
Coimbatore,2026-10-04 14:00:00,1,88.0,High,94.38,69.35,100.0,ECMWF,"ECMWF leads with strong short-range skill, with minor model spread in local precipitation."
Coimbatore,2026-10-04 15:00:00,1,81.6,High,94.38,48.1,100.0,ECMWF,"ECMWF leads with strong short-range skill, with minor model spread in local precipitation."
Coimbatore,2026-10-04 16:00:00,1,80.6,High,94.38,44.73,100.0,ECMWF,"ECMWF leads with strong short-range skill, with minor model spread in local precipitation."
Coimbatore,2026-10-04 17:00:00,1,84.3,High,94.38,56.93,100.0,ECMWF,"ECMWF leads with strong short-range skill, with minor model spread in local precipitation."
Coimbatore,2026-10-04 18:00:00,1,87.6,High,94.38,67.96,100.0,ECMWF,"ECMWF leads with strong short-range skill, with minor model spread in local precipitation."
Coimbatore,2026-10-04 19:00:00,1,87.7,High,94.38,68.48,100.0,ECMWF,"ECMWF leads with strong short-range skill, with minor model spread in local precipitation."
Coimbatore,2026-10-04 20:00:00,1,85.4,High,94.38,60.69,100.0,ECMWF,"ECMWF leads with strong short-range skill, with minor model spread in local precipitation."
Coimbatore,2026-10-04 21:00:00,1,86.1,High,94.38,63.0,100.0,ECMWF,"ECMWF leads with strong short-range skill, with minor model spread in local precipitation."
Coimbatore,2026-10-04 22:00:00,1,87.2,High,94.38,66.69,100.0,ECMWF,"ECMWF leads with strong short-range skill, with minor model spread in local precipitation."
Coimbatore,2026-10-04 23:00:00,1,88.5,High,94.38,71.06,100.0,ECMWF,"ECMWF leads with strong short-range skill, with minor model spread in local precipitation."
Coimbatore,2026-10-05 00:00:00,2,83.7,High,92.17,72.15,80.0,ECMWF,"Low regional RMSE supports ECMWF dominance, while the 48-hour forecast horizon maintains stable predictability."
Coimbatore,2026-10-05 01:00:00,2,83.7,High,92.17,72.04,80.0,ECMWF,"Low regional RMSE supports ECMWF dominance, while the 48-hour forecast horizon maintains stable predictability."
Coimbatore,2026-10-05 02:00:00,2,84.9,High,92.17,76.2,80.0,ECMWF,"Low regional RMSE supports ECMWF dominance, while the 48-hour forecast horizon maintains stable predictability."
Coimbatore,2026-10-05 03:00:00,2,85.0,High,92.17,76.4,80.0,ECMWF,"Low regional RMSE supports ECMWF dominance, while the 48-hour forecast horizon maintains stable predictability."
Coimbatore,2026-10-05 04:00:00,2,84.9,High,92.17,75.98,80.0,ECMWF,"Low regional RMSE supports ECMWF dominance, while the 48-hour forecast horizon maintains stable predictability."
Coimbatore,2026-10-05 05:00:00,2,86.9,High,92.17,82.76,80.0,ECMWF,"ECMWF and ensemble members agree closely, while RMSE remains low for this region."
Coimbatore,2026-10-05 06:00:00,2,88.5,High,92.17,87.96,80.0,ECMWF,"ECMWF and ensemble members agree closely, while RMSE remains low for this region."
Coimbatore,2026-10-05 07:00:00,2,88.2,High,92.17,87.15,80.0,ECMWF,"ECMWF and ensemble members agree closely, while RMSE remains low for this region."
Coimbatore,2026-10-05 08:00:00,2,89.7,Very High,92.17,91.91,80.0,ECMWF,"ECMWF has the highest historical skill, model agreement is strong, and this is a 48-hour forecast horizon."
Coimbatore,2026-10-05 09:00:00,2,87.7,High,92.17,85.54,80.0,ECMWF,"ECMWF and ensemble members agree closely, while RMSE remains low for this region."
Coimbatore,2026-10-05 10:00:00,2,87.4,High,92.17,84.51,80.0,ECMWF,"ECMWF and ensemble members agree closely, while RMSE remains low for this region."
Coimbatore,2026-10-05 11:00:00,2,86.3,High,92.17,80.69,80.0,ECMWF,"ECMWF and ensemble members agree closely, while RMSE remains low for this region."
Coimbatore,2026-10-05 12:00:00,2,83.8,High,92.17,72.42,80.0,ECMWF,"Low regional RMSE supports ECMWF dominance, while the 48-hour forecast horizon maintains stable predictability."
Coimbatore,2026-10-05 13:00:00,2,82.2,High,92.17,67.14,80.0,ECMWF,"Low regional RMSE supports ECMWF dominance, while the 48-hour forecast horizon maintains stable predictability."
Coimbatore,2026-10-05 14:00:00,2,82.3,High,92.17,67.22,80.0,ECMWF,"Low regional RMSE supports ECMWF dominance, while the 48-hour forecast horizon maintains stable predictability."
Coimbatore,2026-10-05 15:00:00,2,79.8,High,92.17,58.94,80.0,ECMWF,"Low regional RMSE supports ECMWF dominance, while the 48-hour forecast horizon maintains stable predictability."
Coimbatore,2026-10-05 16:00:00,2,80.8,High,92.17,62.37,80.0,ECMWF,"Low regional RMSE supports ECMWF dominance, while the 48-hour forecast horizon maintains stable predictability."
Coimbatore,2026-10-05 17:00:00,2,81.8,High,92.17,65.73,80.0,ECMWF,"Low regional RMSE supports ECMWF dominance, while the 48-hour forecast horizon maintains stable predictability."
Coimbatore,2026-10-05 18:00:00,2,82.1,High,92.17,66.76,80.0,ECMWF,"Low regional RMSE supports ECMWF dominance, while the 48-hour forecast horizon maintains stable predictability."
Coimbatore,2026-10-05 19:00:00,2,81.9,High,92.17,66.14,80.0,ECMWF,"Low regional RMSE supports ECMWF dominance, while the 48-hour forecast horizon maintains stable predictability."
Coimbatore,2026-10-05 20:00:00,2,82.6,High,92.17,68.32,80.0,ECMWF,"Low regional RMSE supports ECMWF dominance, while the 48-hour forecast horizon maintains stable predictability."
Coimbatore,2026-10-05 21:00:00,2,84.1,High,92.17,73.29,80.0,ECMWF,"Low regional RMSE supports ECMWF dominance, while the 48-hour forecast horizon maintains stable predictability."
Coimbatore,2026-10-05 22:00:00,2,85.4,High,92.17,77.8,80.0,ECMWF,"Low regional RMSE supports ECMWF dominance, while the 48-hour forecast horizon maintains stable predictability."
Coimbatore,2026-10-05 23:00:00,2,86.4,High,92.17,81.15,80.0,ECMWF,"ECMWF and ensemble members agree closely, while RMSE remains low for this region."
Coimbatore,2026-10-06 00:00:00,3,81.3,High,92.24,77.43,60.0,ECMWF,"Low regional RMSE supports ECMWF dominance, while the extended Day 3 lead time maintains stable predictability."
Coimbatore,2026-10-06 01:00:00,3,81.7,High,92.24,78.53,60.0,ECMWF,"Low regional RMSE supports ECMWF dominance, while the extended Day 3 lead time maintains stable predictability."
Coimbatore,2026-10-06 02:00:00,3,81.8,High,92.24,78.81,60.0,ECMWF,"Low regional RMSE supports ECMWF dominance, while the extended Day 3 lead time maintains stable predictability."
Coimbatore,2026-10-06 03:00:00,3,81.1,High,92.24,76.67,60.0,ECMWF,"Low regional RMSE supports ECMWF dominance, while the extended Day 3 lead time maintains stable predictability."
Coimbatore,2026-10-06 04:00:00,3,84.5,High,92.24,88.0,60.0,ECMWF,"ECMWF and ensemble members agree closely, while RMSE remains low for this region."
Coimbatore,2026-10-06 05:00:00,3,85.8,High,92.24,92.2,60.0,ECMWF,"ECMWF and ensemble members agree closely, while RMSE remains low for this region."
Coimbatore,2026-10-06 06:00:00,3,83.3,High,92.24,83.83,60.0,ECMWF,"ECMWF and ensemble members agree closely, while RMSE remains low for this region."
Coimbatore,2026-10-06 07:00:00,3,82.3,High,92.24,80.64,60.0,ECMWF,"ECMWF and ensemble members agree closely, while RMSE remains low for this region."
Coimbatore,2026-10-06 08:00:00,3,83.0,High,92.24,82.96,60.0,ECMWF,"ECMWF and ensemble members agree closely, while RMSE remains low for this region."
Coimbatore,2026-10-06 09:00:00,3,82.1,High,92.24,79.92,60.0,ECMWF,"Low regional RMSE supports ECMWF dominance, while the extended Day 3 lead time maintains stable predictability."
Coimbatore,2026-10-06 10:00:00,3,79.6,High,92.24,71.56,60.0,ECMWF,"Low regional RMSE supports ECMWF dominance, while the extended Day 3 lead time maintains stable predictability."
Coimbatore,2026-10-06 11:00:00,3,79.3,High,92.24,70.71,60.0,ECMWF,"Low regional RMSE supports ECMWF dominance, while the extended Day 3 lead time maintains stable predictability."
Coimbatore,2026-10-06 12:00:00,3,78.4,High,92.24,67.63,60.0,ECMWF,"Low regional RMSE supports ECMWF dominance, while the extended Day 3 lead time maintains stable predictability."
Coimbatore,2026-10-06 13:00:00,3,77.5,High,92.24,64.76,60.0,ECMWF,"Low regional RMSE supports ECMWF dominance, while the extended Day 3 lead time maintains stable predictability."
Coimbatore,2026-10-06 14:00:00,3,76.9,High,92.24,62.75,60.0,ECMWF,"Low regional RMSE supports ECMWF dominance, while the extended Day 3 lead time maintains stable predictability."
Coimbatore,2026-10-06 15:00:00,3,77.0,High,92.24,63.09,60.0,ECMWF,"Low regional RMSE supports ECMWF dominance, while the extended Day 3 lead time maintains stable predictability."
Coimbatore,2026-10-06 16:00:00,3,77.4,High,92.24,64.18,60.0,ECMWF,"Low regional RMSE supports ECMWF dominance, while the extended Day 3 lead time maintains stable predictability."
Coimbatore,2026-10-06 17:00:00,3,75.3,High,92.24,57.36,60.0,ECMWF,"Low regional RMSE supports ECMWF dominance, while the extended Day 3 lead time maintains stable predictability."
Coimbatore,2026-10-06 18:00:00,3,77.2,High,92.24,63.62,60.0,ECMWF,"Low regional RMSE supports ECMWF dominance, while the extended Day 3 lead time maintains stable predictability."
Coimbatore,2026-10-06 19:00:00,3,78.1,High,92.24,66.51,60.0,ECMWF,"Low regional RMSE supports ECMWF dominance, while the extended Day 3 lead time maintains stable predictability."
Coimbatore,2026-10-06 20:00:00,3,76.4,High,92.24,60.84,60.0,ECMWF,"Low regional RMSE supports ECMWF dominance, while the extended Day 3 lead time maintains stable predictability."
Coimbatore,2026-10-06 21:00:00,3,75.8,High,92.24,58.84,60.0,ECMWF,"Low regional RMSE supports ECMWF dominance, while the extended Day 3 lead time maintains stable predictability."
Coimbatore,2026-10-06 22:00:00,3,76.6,High,92.24,61.52,60.0,ECMWF,"Low regional RMSE supports ECMWF dominance, while the extended Day 3 lead time maintains stable predictability."
Coimbatore,2026-10-06 23:00:00,3,78.9,High,92.24,69.11,60.0,ECMWF,"Low regional RMSE supports ECMWF dominance, while the extended Day 3 lead time maintains stable predictability."
Dehradun,2026-10-04 00:00:00,1,82.6,High,84.63,67.48,100.0,ECMWF,"ECMWF leads with strong short-range skill, with minor model spread in local precipitation."
Dehradun,2026-10-04 01:00:00,1,82.0,High,84.63,65.45,100.0,ECMWF,"ECMWF leads with strong short-range skill, with minor model spread in local precipitation."
Dehradun,2026-10-04 02:00:00,1,81.6,High,84.63,64.31,100.0,ECMWF,"ECMWF leads with strong short-range skill, with minor model spread in local precipitation."
Dehradun,2026-10-04 03:00:00,1,81.5,High,84.63,63.89,100.0,ECMWF,"ECMWF leads with strong short-range skill, with minor model spread in local precipitation."
Dehradun,2026-10-04 04:00:00,1,81.7,High,84.63,64.73,100.0,ECMWF,"ECMWF leads with strong short-range skill, with minor model spread in local precipitation."
Dehradun,2026-10-04 05:00:00,1,82.0,High,84.63,65.63,100.0,ECMWF,"ECMWF leads with strong short-range skill, with minor model spread in local precipitation."
Dehradun,2026-10-04 06:00:00,1,84.3,High,84.63,73.2,100.0,ECMWF,"ECMWF leads with strong short-range skill, with minor model spread in local precipitation."
Dehradun,2026-10-04 07:00:00,1,86.6,High,84.63,81.11,100.0,ECMWF,"ECMWF and ensemble members agree closely, while RMSE remains low for this region."
Dehradun,2026-10-04 08:00:00,1,89.2,High,84.63,89.57,100.0,ECMWF,"ECMWF and ensemble members agree closely, while RMSE remains low for this region."
Dehradun,2026-10-04 09:00:00,1,87.0,High,84.63,82.2,100.0,ECMWF,"ECMWF and ensemble members agree closely, while RMSE remains low for this region."
Dehradun,2026-10-04 10:00:00,1,87.6,High,84.63,84.19,100.0,ECMWF,"ECMWF and ensemble members agree closely, while RMSE remains low for this region."
Dehradun,2026-10-04 11:00:00,1,87.3,High,84.63,83.28,100.0,ECMWF,"ECMWF and ensemble members agree closely, while RMSE remains low for this region."
Dehradun,2026-10-04 12:00:00,1,86.8,High,84.63,81.55,100.0,ECMWF,"ECMWF and ensemble members agree closely, while RMSE remains low for this region."
Dehradun,2026-10-04 13:00:00,1,87.2,High,84.63,83.02,100.0,ECMWF,"ECMWF and ensemble members agree closely, while RMSE remains low for this region."
Dehradun,2026-10-04 14:00:00,1,87.3,High,84.63,83.31,100.0,ECMWF,"ECMWF and ensemble members agree closely, while RMSE remains low for this region."
Dehradun,2026-10-04 15:00:00,1,86.9,High,84.63,81.86,100.0,ECMWF,"ECMWF and ensemble members agree closely, while RMSE remains low for this region."
Dehradun,2026-10-04 16:00:00,1,85.6,High,84.63,77.54,100.0,ECMWF,"ECMWF leads with strong short-range skill, with minor model spread in local precipitation."
Dehradun,2026-10-04 17:00:00,1,86.4,High,84.63,80.32,100.0,ECMWF,"ECMWF and ensemble members agree closely, while RMSE remains low for this region."
Dehradun,2026-10-04 18:00:00,1,85.9,High,84.63,78.73,100.0,ECMWF,"ECMWF leads with strong short-range skill, with minor model spread in local precipitation."
Dehradun,2026-10-04 19:00:00,1,85.2,High,84.63,76.24,100.0,ECMWF,"ECMWF leads with strong short-range skill, with minor model spread in local precipitation."
Dehradun,2026-10-04 20:00:00,1,85.7,High,84.63,77.8,100.0,ECMWF,"ECMWF leads with strong short-range skill, with minor model spread in local precipitation."
Dehradun,2026-10-04 21:00:00,1,84.6,High,84.63,74.2,100.0,ECMWF,"ECMWF leads with strong short-range skill, with minor model spread in local precipitation."
Dehradun,2026-10-04 22:00:00,1,83.8,High,84.63,71.73,100.0,ECMWF,"ECMWF leads with strong short-range skill, with minor model spread in local precipitation."
Dehradun,2026-10-04 23:00:00,1,82.7,High,84.63,68.07,100.0,ECMWF,"ECMWF leads with strong short-range skill, with minor model spread in local precipitation."
Dehradun,2026-10-05 00:00:00,2,77.7,High,83.27,66.87,80.0,ICON,"Low regional RMSE supports ICON dominance, while the 48-hour forecast horizon maintains stable predictability."
Dehradun,2026-10-05 01:00:00,2,77.0,High,83.27,64.6,80.0,ICON,"Low regional RMSE supports ICON dominance, while the 48-hour forecast horizon maintains stable predictability."
Dehradun,2026-10-05 02:00:00,2,76.7,High,83.27,63.56,80.0,ICON,"Low regional RMSE supports ICON dominance, while the 48-hour forecast horizon maintains stable predictability."
Dehradun,2026-10-05 03:00:00,2,76.7,High,83.27,63.46,80.0,ICON,"Low regional RMSE supports ICON dominance, while the 48-hour forecast horizon maintains stable predictability."
Dehradun,2026-10-05 04:00:00,2,77.0,High,83.27,64.44,80.0,ICON,"Low regional RMSE supports ICON dominance, while the 48-hour forecast horizon maintains stable predictability."
Dehradun,2026-10-05 05:00:00,2,77.8,High,83.27,67.22,80.0,ICON,"Low regional RMSE supports ICON dominance, while the 48-hour forecast horizon maintains stable predictability."
Dehradun,2026-10-05 06:00:00,2,79.6,High,83.27,73.34,80.0,ICON,"Low regional RMSE supports ICON dominance, while the 48-hour forecast horizon maintains stable predictability."
Dehradun,2026-10-05 07:00:00,2,82.5,High,83.27,82.95,80.0,ICON,"ICON and ensemble members agree closely, while RMSE remains low for this region."
Dehradun,2026-10-05 08:00:00,2,84.0,High,83.27,88.0,80.0,ICON,"ICON and ensemble members agree closely, while RMSE remains low for this region."
Dehradun,2026-10-05 09:00:00,2,83.1,High,83.27,84.75,80.0,ICON,"ICON and ensemble members agree closely, while RMSE remains low for this region."
Dehradun,2026-10-05 10:00:00,2,83.2,High,83.27,85.17,80.0,ICON,"ICON and ensemble members agree closely, while RMSE remains low for this region."
Dehradun,2026-10-05 11:00:00,2,81.3,High,83.27,78.9,80.0,ICON,"Low regional RMSE supports ICON dominance, while the 48-hour forecast horizon maintains stable predictability."
Dehradun,2026-10-05 12:00:00,2,80.8,High,83.27,77.36,80.0,ICON,"Low regional RMSE supports ICON dominance, while the 48-hour forecast horizon maintains stable predictability."
Dehradun,2026-10-05 13:00:00,2,81.3,High,83.27,78.82,80.0,ICON,"Low regional RMSE supports ICON dominance, while the 48-hour forecast horizon maintains stable predictability."
Dehradun,2026-10-05 14:00:00,2,81.3,High,83.27,78.73,80.0,ICON,"Low regional RMSE supports ICON dominance, while the 48-hour forecast horizon maintains stable predictability."
Dehradun,2026-10-05 15:00:00,2,80.6,High,83.27,76.62,80.0,ICON,"Low regional RMSE supports ICON dominance, while the 48-hour forecast horizon maintains stable predictability."
Dehradun,2026-10-05 16:00:00,2,79.8,High,83.27,74.02,80.0,ICON,"Low regional RMSE supports ICON dominance, while the 48-hour forecast horizon maintains stable predictability."
Dehradun,2026-10-05 17:00:00,2,81.4,High,83.27,79.37,80.0,ICON,"Low regional RMSE supports ICON dominance, while the 48-hour forecast horizon maintains stable predictability."
Dehradun,2026-10-05 18:00:00,2,81.5,High,83.27,79.48,80.0,ICON,"Low regional RMSE supports ICON dominance, while the 48-hour forecast horizon maintains stable predictability."
Dehradun,2026-10-05 19:00:00,2,82.3,High,83.27,82.16,80.0,ICON,"ICON and ensemble members agree closely, while RMSE remains low for this region."
Dehradun,2026-10-05 20:00:00,2,81.8,High,83.27,80.68,80.0,ICON,"ICON and ensemble members agree closely, while RMSE remains low for this region."
Dehradun,2026-10-05 21:00:00,2,80.9,High,83.27,77.64,80.0,ICON,"Low regional RMSE supports ICON dominance, while the 48-hour forecast horizon maintains stable predictability."
Dehradun,2026-10-05 22:00:00,2,79.4,High,83.27,72.55,80.0,ICON,"Low regional RMSE supports ICON dominance, while the 48-hour forecast horizon maintains stable predictability."
Dehradun,2026-10-05 23:00:00,2,78.4,High,83.27,69.16,80.0,ICON,"Low regional RMSE supports ICON dominance, while the 48-hour forecast horizon maintains stable predictability."
Dehradun,2026-10-06 00:00:00,3,73.8,Medium,83.04,67.59,60.0,ICON,Models show moderate disagreement and the forecast lead time reduces reliability.
Dehradun,2026-10-06 01:00:00,3,73.1,Medium,83.04,65.21,60.0,ICON,Models show moderate disagreement and the forecast lead time reduces reliability.
Dehradun,2026-10-06 02:00:00,3,72.3,Medium,83.04,62.74,60.0,ICON,Models show moderate disagreement and the forecast lead time reduces reliability.
Dehradun,2026-10-06 03:00:00,3,72.1,Medium,83.04,61.87,60.0,ICON,Models show moderate disagreement and the forecast lead time reduces reliability.
Dehradun,2026-10-06 04:00:00,3,72.6,Medium,83.04,63.45,60.0,ICON,Models show moderate disagreement and the forecast lead time reduces reliability.
Dehradun,2026-10-06 05:00:00,3,73.3,Medium,83.04,65.87,60.0,ICON,Models show moderate disagreement and the forecast lead time reduces reliability.
Dehradun,2026-10-06 06:00:00,3,73.3,Medium,83.04,65.79,60.0,ICON,Models show moderate disagreement and the forecast lead time reduces reliability.
Dehradun,2026-10-06 07:00:00,3,74.1,Medium,83.04,68.67,60.0,ICON,Models show moderate disagreement and the forecast lead time reduces reliability.
Dehradun,2026-10-06 08:00:00,3,73.7,Medium,83.04,67.24,60.0,ICON,Models show moderate disagreement and the forecast lead time reduces reliability.
Dehradun,2026-10-06 09:00:00,3,72.2,Medium,83.04,62.42,60.0,ICON,Models show moderate disagreement and the forecast lead time reduces reliability.
Dehradun,2026-10-06 10:00:00,3,75.5,High,83.04,73.35,60.0,ICON,"Low regional RMSE supports ICON dominance, while the extended Day 3 lead time maintains stable predictability."
Dehradun,2026-10-06 11:00:00,3,74.1,Medium,83.04,68.58,60.0,ICON,Models show moderate disagreement and the forecast lead time reduces reliability.
Dehradun,2026-10-06 12:00:00,3,73.4,Medium,83.04,66.23,60.0,ICON,Models show moderate disagreement and the forecast lead time reduces reliability.
Dehradun,2026-10-06 13:00:00,3,73.9,Medium,83.04,67.83,60.0,ICON,Models show moderate disagreement and the forecast lead time reduces reliability.
Dehradun,2026-10-06 14:00:00,3,72.0,Medium,83.04,61.67,60.0,ICON,Models show moderate disagreement and the forecast lead time reduces reliability.
Dehradun,2026-10-06 15:00:00,3,73.2,Medium,83.04,65.65,60.0,ICON,Models show moderate disagreement and the forecast lead time reduces reliability.
Dehradun,2026-10-06 16:00:00,3,71.7,Medium,83.04,60.54,60.0,ICON,Models show moderate disagreement and the forecast lead time reduces reliability.
Dehradun,2026-10-06 17:00:00,3,71.7,Medium,83.04,60.69,60.0,ICON,Models show moderate disagreement and the forecast lead time reduces reliability.
Dehradun,2026-10-06 18:00:00,3,73.6,Medium,83.04,67.03,60.0,ICON,Models show moderate disagreement and the forecast lead time reduces reliability.
Dehradun,2026-10-06 19:00:00,3,74.4,Medium,83.04,69.52,60.0,ICON,Models show moderate disagreement and the forecast lead time reduces reliability.
Dehradun,2026-10-06 20:00:00,3,76.1,High,83.04,75.15,60.0,ICON,"Low regional RMSE supports ICON dominance, while the extended Day 3 lead time maintains stable predictability."
Dehradun,2026-10-06 21:00:00,3,76.2,High,83.04,75.5,60.0,ICON,"Low regional RMSE supports ICON dominance, while the extended Day 3 lead time maintains stable predictability."
Dehradun,2026-10-06 22:00:00,3,75.3,High,83.04,72.56,60.0,ICON,"Low regional RMSE supports ICON dominance, while the extended Day 3 lead time maintains stable predictability."
Dehradun,2026-10-06 23:00:00,3,73.5,Medium,83.04,66.75,60.0,ICON,Models show moderate disagreement and the forecast lead time reduces reliability.
Delhi,2026-10-04 00:00:00,1,82.3,High,84.6,66.59,100.0,ECMWF,"ECMWF leads with strong short-range skill, with minor model spread in local precipitation."
Delhi,2026-10-04 01:00:00,1,83.4,High,84.6,70.21,100.0,ECMWF,"ECMWF leads with strong short-range skill, with minor model spread in local precipitation."
Delhi,2026-10-04 02:00:00,1,85.0,High,84.6,75.63,100.0,ECMWF,"ECMWF leads with strong short-range skill, with minor model spread in local precipitation."
Delhi,2026-10-04 03:00:00,1,84.3,High,84.6,73.42,100.0,ECMWF,"ECMWF leads with strong short-range skill, with minor model spread in local precipitation."
Delhi,2026-10-04 04:00:00,1,84.7,High,84.6,74.79,100.0,ECMWF,"ECMWF leads with strong short-range skill, with minor model spread in local precipitation."
Delhi,2026-10-04 05:00:00,1,85.1,High,84.6,75.95,100.0,ECMWF,"ECMWF leads with strong short-range skill, with minor model spread in local precipitation."
Delhi,2026-10-04 06:00:00,1,84.2,High,84.6,73.05,100.0,ECMWF,"ECMWF leads with strong short-range skill, with minor model spread in local precipitation."
Delhi,2026-10-04 07:00:00,1,84.1,High,84.6,72.66,100.0,ECMWF,"ECMWF leads with strong short-range skill, with minor model spread in local precipitation."
Delhi,2026-10-04 08:00:00,1,84.8,High,84.6,74.87,100.0,ECMWF,"ECMWF leads with strong short-range skill, with minor model spread in local precipitation."
Delhi,2026-10-04 09:00:00,1,84.5,High,84.6,73.91,100.0,ECMWF,"ECMWF leads with strong short-range skill, with minor model spread in local precipitation."
Delhi,2026-10-04 10:00:00,1,84.1,High,84.6,72.83,100.0,ECMWF,"ECMWF leads with strong short-range skill, with minor model spread in local precipitation."
Delhi,2026-10-04 11:00:00,1,83.3,High,84.6,69.98,100.0,ECMWF,"ECMWF leads with strong short-range skill, with minor model spread in local precipitation."
Delhi,2026-10-04 12:00:00,1,82.9,High,84.6,68.62,100.0,ECMWF,"ECMWF leads with strong short-range skill, with minor model spread in local precipitation."
Delhi,2026-10-04 13:00:00,1,83.3,High,84.6,70.03,100.0,ECMWF,"ECMWF leads with strong short-range skill, with minor model spread in local precipitation."
Delhi,2026-10-04 14:00:00,1,84.0,High,84.6,72.17,100.0,ECMWF,"ECMWF leads with strong short-range skill, with minor model spread in local precipitation."
Delhi,2026-10-04 15:00:00,1,83.8,High,84.6,71.73,100.0,ECMWF,"ECMWF leads with strong short-range skill, with minor model spread in local precipitation."
Delhi,2026-10-04 16:00:00,1,83.1,High,84.6,69.23,100.0,ECMWF,"ECMWF leads with strong short-range skill, with minor model spread in local precipitation."
Delhi,2026-10-04 17:00:00,1,82.0,High,84.6,65.53,100.0,ECMWF,"ECMWF leads with strong short-range skill, with minor model spread in local precipitation."
Delhi,2026-10-04 18:00:00,1,81.6,High,84.6,64.21,100.0,ECMWF,"ECMWF leads with strong short-range skill, with minor model spread in local precipitation."
Delhi,2026-10-04 19:00:00,1,80.2,High,84.6,59.73,100.0,ECMWF,"ECMWF leads with strong short-range skill, with minor model spread in local precipitation."
Delhi,2026-10-04 20:00:00,1,80.4,High,84.6,60.29,100.0,ECMWF,"ECMWF leads with strong short-range skill, with minor model spread in local precipitation."
Delhi,2026-10-04 21:00:00,1,81.8,High,84.6,65.09,100.0,ECMWF,"ECMWF leads with strong short-range skill, with minor model spread in local precipitation."
Delhi,2026-10-04 22:00:00,1,82.0,High,84.6,65.58,100.0,ECMWF,"ECMWF leads with strong short-range skill, with minor model spread in local precipitation."
Delhi,2026-10-04 23:00:00,1,81.6,High,84.6,64.5,100.0,ECMWF,"ECMWF leads with strong short-range skill, with minor model spread in local precipitation."
Delhi,2026-10-05 00:00:00,2,76.2,High,81.89,64.23,80.0,ECMWF,"Low regional RMSE supports ECMWF dominance, while the 48-hour forecast horizon maintains stable predictability."
Delhi,2026-10-05 01:00:00,2,77.2,High,81.89,67.43,80.0,ECMWF,"Low regional RMSE supports ECMWF dominance, while the 48-hour forecast horizon maintains stable predictability."
Delhi,2026-10-05 02:00:00,2,78.5,High,81.89,71.77,80.0,ECMWF,"Low regional RMSE supports ECMWF dominance, while the 48-hour forecast horizon maintains stable predictability."
Delhi,2026-10-05 03:00:00,2,75.2,High,81.89,60.92,80.0,ECMWF,"Low regional RMSE supports ECMWF dominance, while the 48-hour forecast horizon maintains stable predictability."
Delhi,2026-10-05 04:00:00,2,74.4,Medium,81.89,58.26,80.0,ECMWF,Inter-model spread indicates divergence between NWP forecasts despite ECMWF weighting.
Delhi,2026-10-05 05:00:00,2,74.8,High,81.89,59.68,80.0,ECMWF,"Low regional RMSE supports ECMWF dominance, while the 48-hour forecast horizon maintains stable predictability."
Delhi,2026-10-05 06:00:00,2,75.2,High,81.89,60.75,80.0,ECMWF,"Low regional RMSE supports ECMWF dominance, while the 48-hour forecast horizon maintains stable predictability."
Delhi,2026-10-05 07:00:00,2,76.6,High,81.89,65.5,80.0,ECMWF,"Low regional RMSE supports ECMWF dominance, while the 48-hour forecast horizon maintains stable predictability."
Delhi,2026-10-05 08:00:00,2,76.1,High,81.89,63.94,80.0,ECMWF,"Low regional RMSE supports ECMWF dominance, while the 48-hour forecast horizon maintains stable predictability."
Delhi,2026-10-05 09:00:00,2,75.8,High,81.89,62.89,80.0,ECMWF,"Low regional RMSE supports ECMWF dominance, while the 48-hour forecast horizon maintains stable predictability."
Delhi,2026-10-05 10:00:00,2,76.0,High,81.89,63.56,80.0,ECMWF,"Low regional RMSE supports ECMWF dominance, while the 48-hour forecast horizon maintains stable predictability."
Delhi,2026-10-05 11:00:00,2,75.7,High,81.89,62.51,80.0,ECMWF,"Low regional RMSE supports ECMWF dominance, while the 48-hour forecast horizon maintains stable predictability."
Delhi,2026-10-05 12:00:00,2,76.2,High,81.89,64.13,80.0,ECMWF,"Low regional RMSE supports ECMWF dominance, while the 48-hour forecast horizon maintains stable predictability."
Delhi,2026-10-05 13:00:00,2,76.5,High,81.89,65.14,80.0,ECMWF,"Low regional RMSE supports ECMWF dominance, while the 48-hour forecast horizon maintains stable predictability."
Delhi,2026-10-05 14:00:00,2,76.8,High,81.89,66.21,80.0,ECMWF,"Low regional RMSE supports ECMWF dominance, while the 48-hour forecast horizon maintains stable predictability."
Delhi,2026-10-05 15:00:00,2,77.2,High,81.89,67.5,80.0,ECMWF,"Low regional RMSE supports ECMWF dominance, while the 48-hour forecast horizon maintains stable predictability."
Delhi,2026-10-05 16:00:00,2,77.9,High,81.89,69.74,80.0,ECMWF,"Low regional RMSE supports ECMWF dominance, while the 48-hour forecast horizon maintains stable predictability."
Delhi,2026-10-05 17:00:00,2,78.1,High,81.89,70.68,80.0,ECMWF,"Low regional RMSE supports ECMWF dominance, while the 48-hour forecast horizon maintains stable predictability."
Delhi,2026-10-05 18:00:00,2,76.7,High,81.89,65.87,80.0,ECMWF,"Low regional RMSE supports ECMWF dominance, while the 48-hour forecast horizon maintains stable predictability."
Delhi,2026-10-05 19:00:00,2,75.0,High,81.89,60.21,80.0,ECMWF,"Low regional RMSE supports ECMWF dominance, while the 48-hour forecast horizon maintains stable predictability."
Delhi,2026-10-05 20:00:00,2,75.2,High,81.89,61.0,80.0,ECMWF,"Low regional RMSE supports ECMWF dominance, while the 48-hour forecast horizon maintains stable predictability."
Delhi,2026-10-05 21:00:00,2,75.8,High,81.89,62.69,80.0,ECMWF,"Low regional RMSE supports ECMWF dominance, while the 48-hour forecast horizon maintains stable predictability."
Delhi,2026-10-05 22:00:00,2,76.5,High,81.89,65.3,80.0,ECMWF,"Low regional RMSE supports ECMWF dominance, while the 48-hour forecast horizon maintains stable predictability."
Delhi,2026-10-05 23:00:00,2,77.3,High,81.89,67.9,80.0,ECMWF,"Low regional RMSE supports ECMWF dominance, while the 48-hour forecast horizon maintains stable predictability."
Delhi,2026-10-06 00:00:00,3,73.5,Medium,81.7,68.72,60.0,ECMWF,Models show moderate disagreement and the forecast lead time reduces reliability.
Delhi,2026-10-06 01:00:00,3,73.8,Medium,81.7,69.84,60.0,ECMWF,Models show moderate disagreement and the forecast lead time reduces reliability.
Delhi,2026-10-06 02:00:00,3,74.3,Medium,81.7,71.47,60.0,ECMWF,Models show moderate disagreement and the forecast lead time reduces reliability.
Delhi,2026-10-06 03:00:00,3,76.4,High,81.7,78.58,60.0,ECMWF,"Low regional RMSE supports ECMWF dominance, while the extended Day 3 lead time maintains stable predictability."
Delhi,2026-10-06 04:00:00,3,74.2,Medium,81.7,71.0,60.0,ECMWF,Models show moderate disagreement and the forecast lead time reduces reliability.
Delhi,2026-10-06 05:00:00,3,73.7,Medium,81.7,69.61,60.0,ECMWF,Models show moderate disagreement and the forecast lead time reduces reliability.
Delhi,2026-10-06 06:00:00,3,73.6,Medium,81.7,69.24,60.0,ECMWF,Models show moderate disagreement and the forecast lead time reduces reliability.
Delhi,2026-10-06 07:00:00,3,72.6,Medium,81.7,65.88,60.0,ECMWF,Models show moderate disagreement and the forecast lead time reduces reliability.
Delhi,2026-10-06 08:00:00,3,70.9,Medium,81.7,60.03,60.0,ECMWF,Models show moderate disagreement and the forecast lead time reduces reliability.
Delhi,2026-10-06 09:00:00,3,70.8,Medium,81.7,60.0,60.0,ECMWF,Models show moderate disagreement and the forecast lead time reduces reliability.
Delhi,2026-10-06 10:00:00,3,70.7,Medium,81.7,59.57,60.0,ECMWF,Models show moderate disagreement and the forecast lead time reduces reliability.
Delhi,2026-10-06 11:00:00,3,70.7,Medium,81.7,59.6,60.0,ECMWF,Models show moderate disagreement and the forecast lead time reduces reliability.
Delhi,2026-10-06 12:00:00,3,70.9,Medium,81.7,60.18,60.0,ECMWF,Models show moderate disagreement and the forecast lead time reduces reliability.
Delhi,2026-10-06 13:00:00,3,71.3,Medium,81.7,61.51,60.0,ECMWF,Models show moderate disagreement and the forecast lead time reduces reliability.
Delhi,2026-10-06 14:00:00,3,71.6,Medium,81.7,62.65,60.0,ECMWF,Models show moderate disagreement and the forecast lead time reduces reliability.
Delhi,2026-10-06 15:00:00,3,71.1,Medium,81.7,60.68,60.0,ECMWF,Models show moderate disagreement and the forecast lead time reduces reliability.
Delhi,2026-10-06 16:00:00,3,70.3,Medium,81.7,58.03,60.0,ECMWF,Models show moderate disagreement and the forecast lead time reduces reliability.
Delhi,2026-10-06 17:00:00,3,69.0,Medium,81.7,53.7,60.0,ECMWF,Models show moderate disagreement and the forecast lead time reduces reliability.
Delhi,2026-10-06 18:00:00,3,67.8,Medium,81.7,49.92,60.0,ECMWF,Models show moderate disagreement and the forecast lead time reduces reliability.
Delhi,2026-10-06 19:00:00,3,68.1,Medium,81.7,50.72,60.0,ECMWF,Models show moderate disagreement and the forecast lead time reduces reliability.
Delhi,2026-10-06 20:00:00,3,68.5,Medium,81.7,52.14,60.0,ECMWF,Models show moderate disagreement and the forecast lead time reduces reliability.
Delhi,2026-10-06 21:00:00,3,68.9,Medium,81.7,53.57,60.0,ECMWF,Models show moderate disagreement and the forecast lead time reduces reliability.
Delhi,2026-10-06 22:00:00,3,70.2,Medium,81.7,57.71,60.0,ECMWF,Models show moderate disagreement and the forecast lead time reduces reliability.
Delhi,2026-10-06 23:00:00,3,70.9,Medium,81.7,60.04,60.0,ECMWF,Models show moderate disagreement and the forecast lead time reduces reliability.
Ghaziabad,2026-10-04 00:00:00,1,85.0,High,86.58,72.2,100.0,ECMWF,"ECMWF leads with strong short-range skill, with minor model spread in local precipitation."
Ghaziabad,2026-10-04 01:00:00,1,86.4,High,86.58,76.98,100.0,ECMWF,"ECMWF leads with strong short-range skill, with minor model spread in local precipitation."
Ghaziabad,2026-10-04 02:00:00,1,86.4,High,86.58,77.16,100.0,ECMWF,"ECMWF leads with strong short-range skill, with minor model spread in local precipitation."
Ghaziabad,2026-10-04 03:00:00,1,85.7,High,86.58,74.83,100.0,ECMWF,"ECMWF leads with strong short-range skill, with minor model spread in local precipitation."
Ghaziabad,2026-10-04 04:00:00,1,85.2,High,86.58,72.89,100.0,ECMWF,"ECMWF leads with strong short-range skill, with minor model spread in local precipitation."
Ghaziabad,2026-10-04 05:00:00,1,86.2,High,86.58,76.29,100.0,ECMWF,"ECMWF leads with strong short-range skill, with minor model spread in local precipitation."
Ghaziabad,2026-10-04 06:00:00,1,86.4,High,86.58,77.06,100.0,ECMWF,"ECMWF leads with strong short-range skill, with minor model spread in local precipitation."
Ghaziabad,2026-10-04 07:00:00,1,85.0,High,86.58,72.53,100.0,ECMWF,"ECMWF leads with strong short-range skill, with minor model spread in local precipitation."
Ghaziabad,2026-10-04 08:00:00,1,85.7,High,86.58,74.64,100.0,ECMWF,"ECMWF leads with strong short-range skill, with minor model spread in local precipitation."
Ghaziabad,2026-10-04 09:00:00,1,85.3,High,86.58,73.28,100.0,ECMWF,"ECMWF leads with strong short-range skill, with minor model spread in local precipitation."
Ghaziabad,2026-10-04 10:00:00,1,85.1,High,86.58,72.83,100.0,ECMWF,"ECMWF leads with strong short-range skill, with minor model spread in local precipitation."
Ghaziabad,2026-10-04 11:00:00,1,85.6,High,86.58,74.39,100.0,ECMWF,"ECMWF leads with strong short-range skill, with minor model spread in local precipitation."
Ghaziabad,2026-10-04 12:00:00,1,85.5,High,86.58,74.19,100.0,ECMWF,"ECMWF leads with strong short-range skill, with minor model spread in local precipitation."
Ghaziabad,2026-10-04 13:00:00,1,85.3,High,86.58,73.48,100.0,ECMWF,"ECMWF leads with strong short-range skill, with minor model spread in local precipitation."
Ghaziabad,2026-10-04 14:00:00,1,85.0,High,86.58,72.45,100.0,ECMWF,"ECMWF leads with strong short-range skill, with minor model spread in local precipitation."
Ghaziabad,2026-10-04 15:00:00,1,84.1,High,86.58,69.5,100.0,ECMWF,"ECMWF leads with strong short-range skill, with minor model spread in local precipitation."
Ghaziabad,2026-10-04 16:00:00,1,82.8,High,86.58,64.97,100.0,ECMWF,"ECMWF leads with strong short-range skill, with minor model spread in local precipitation."
Ghaziabad,2026-10-04 17:00:00,1,82.0,High,86.58,62.39,100.0,ECMWF,"ECMWF leads with strong short-range skill, with minor model spread in local precipitation."
Ghaziabad,2026-10-04 18:00:00,1,82.0,High,86.58,62.52,100.0,ECMWF,"ECMWF leads with strong short-range skill, with minor model spread in local precipitation."
Ghaziabad,2026-10-04 19:00:00,1,82.6,High,86.58,64.4,100.0,ECMWF,"ECMWF leads with strong short-range skill, with minor model spread in local precipitation."
Ghaziabad,2026-10-04 20:00:00,1,83.2,High,86.58,66.32,100.0,ECMWF,"ECMWF leads with strong short-range skill, with minor model spread in local precipitation."
Ghaziabad,2026-10-04 21:00:00,1,83.2,High,86.58,66.34,100.0,ECMWF,"ECMWF leads with strong short-range skill, with minor model spread in local precipitation."
Ghaziabad,2026-10-04 22:00:00,1,83.3,High,86.58,66.64,100.0,ECMWF,"ECMWF leads with strong short-range skill, with minor model spread in local precipitation."
Ghaziabad,2026-10-04 23:00:00,1,83.2,High,86.58,66.28,100.0,ECMWF,"ECMWF leads with strong short-range skill, with minor model spread in local precipitation."
Ghaziabad,2026-10-05 00:00:00,2,76.7,High,81.13,67.18,80.0,UKMO,"Low regional RMSE supports UKMO dominance, while the 48-hour forecast horizon maintains stable predictability."
Ghaziabad,2026-10-05 01:00:00,2,77.4,High,81.13,69.36,80.0,UKMO,"Low regional RMSE supports UKMO dominance, while the 48-hour forecast horizon maintains stable predictability."
Ghaziabad,2026-10-05 02:00:00,2,78.1,High,81.13,71.91,80.0,UKMO,"Low regional RMSE supports UKMO dominance, while the 48-hour forecast horizon maintains stable predictability."
Ghaziabad,2026-10-05 03:00:00,2,78.9,High,81.13,74.41,80.0,UKMO,"Low regional RMSE supports UKMO dominance, while the 48-hour forecast horizon maintains stable predictability."
Ghaziabad,2026-10-05 04:00:00,2,78.9,High,81.13,74.39,80.0,UKMO,"Low regional RMSE supports UKMO dominance, while the 48-hour forecast horizon maintains stable predictability."
Ghaziabad,2026-10-05 05:00:00,2,78.9,High,81.13,74.34,80.0,UKMO,"Low regional RMSE supports UKMO dominance, while the 48-hour forecast horizon maintains stable predictability."
Ghaziabad,2026-10-05 06:00:00,2,79.8,High,81.13,77.33,80.0,UKMO,"Low regional RMSE supports UKMO dominance, while the 48-hour forecast horizon maintains stable predictability."
Ghaziabad,2026-10-05 07:00:00,2,79.0,High,81.13,74.9,80.0,UKMO,"Low regional RMSE supports UKMO dominance, while the 48-hour forecast horizon maintains stable predictability."
Ghaziabad,2026-10-05 08:00:00,2,77.7,High,81.13,70.33,80.0,UKMO,"Low regional RMSE supports UKMO dominance, while the 48-hour forecast horizon maintains stable predictability."
Ghaziabad,2026-10-05 09:00:00,2,77.1,High,81.13,68.56,80.0,UKMO,"Low regional RMSE supports UKMO dominance, while the 48-hour forecast horizon maintains stable predictability."
Ghaziabad,2026-10-05 10:00:00,2,76.2,High,81.13,65.45,80.0,UKMO,"Low regional RMSE supports UKMO dominance, while the 48-hour forecast horizon maintains stable predictability."
Ghaziabad,2026-10-05 11:00:00,2,75.4,High,81.13,62.94,80.0,UKMO,"Low regional RMSE supports UKMO dominance, while the 48-hour forecast horizon maintains stable predictability."
Ghaziabad,2026-10-05 12:00:00,2,75.4,High,81.13,62.64,80.0,UKMO,"Low regional RMSE supports UKMO dominance, while the 48-hour forecast horizon maintains stable predictability."
Ghaziabad,2026-10-05 13:00:00,2,75.1,High,81.13,61.94,80.0,UKMO,"Low regional RMSE supports UKMO dominance, while the 48-hour forecast horizon maintains stable predictability."
Ghaziabad,2026-10-05 14:00:00,2,75.5,High,81.13,62.97,80.0,UKMO,"Low regional RMSE supports UKMO dominance, while the 48-hour forecast horizon maintains stable predictability."
Ghaziabad,2026-10-05 15:00:00,2,75.1,High,81.13,61.7,80.0,UKMO,"Low regional RMSE supports UKMO dominance, while the 48-hour forecast horizon maintains stable predictability."
Ghaziabad,2026-10-05 16:00:00,2,75.3,High,81.13,62.4,80.0,UKMO,"Low regional RMSE supports UKMO dominance, while the 48-hour forecast horizon maintains stable predictability."
Ghaziabad,2026-10-05 17:00:00,2,74.9,High,81.13,61.08,80.0,UKMO,"Low regional RMSE supports UKMO dominance, while the 48-hour forecast horizon maintains stable predictability."
Ghaziabad,2026-10-05 18:00:00,2,74.8,High,81.13,60.95,80.0,UKMO,"Low regional RMSE supports UKMO dominance, while the 48-hour forecast horizon maintains stable predictability."
Ghaziabad,2026-10-05 19:00:00,2,74.9,High,81.13,61.23,80.0,UKMO,"Low regional RMSE supports UKMO dominance, while the 48-hour forecast horizon maintains stable predictability."
Ghaziabad,2026-10-05 20:00:00,2,75.7,High,81.13,63.65,80.0,UKMO,"Low regional RMSE supports UKMO dominance, while the 48-hour forecast horizon maintains stable predictability."
Ghaziabad,2026-10-05 21:00:00,2,76.5,High,81.13,66.38,80.0,UKMO,"Low regional RMSE supports UKMO dominance, while the 48-hour forecast horizon maintains stable predictability."
Ghaziabad,2026-10-05 22:00:00,2,77.4,High,81.13,69.4,80.0,UKMO,"Low regional RMSE supports UKMO dominance, while the 48-hour forecast horizon maintains stable predictability."
Ghaziabad,2026-10-05 23:00:00,2,77.4,High,81.13,69.51,80.0,UKMO,"Low regional RMSE supports UKMO dominance, while the 48-hour forecast horizon maintains stable predictability."
Ghaziabad,2026-10-06 00:00:00,3,73.8,Medium,82.27,68.85,60.0,ECMWF,Models show moderate disagreement and the forecast lead time reduces reliability.
Ghaziabad,2026-10-06 01:00:00,3,74.2,Medium,82.27,70.17,60.0,ECMWF,Models show moderate disagreement and the forecast lead time reduces reliability.
Ghaziabad,2026-10-06 02:00:00,3,74.7,High,82.27,71.83,60.0,ECMWF,"Low regional RMSE supports ECMWF dominance, while the extended Day 3 lead time maintains stable predictability."
Ghaziabad,2026-10-06 03:00:00,3,75.5,High,82.27,74.45,60.0,ECMWF,"Low regional RMSE supports ECMWF dominance, while the extended Day 3 lead time maintains stable predictability."
Ghaziabad,2026-10-06 04:00:00,3,75.2,High,82.27,73.39,60.0,ECMWF,"Low regional RMSE supports ECMWF dominance, while the extended Day 3 lead time maintains stable predictability."
Ghaziabad,2026-10-06 05:00:00,3,74.9,High,82.27,72.55,60.0,ECMWF,"Low regional RMSE supports ECMWF dominance, while the extended Day 3 lead time maintains stable predictability."
Ghaziabad,2026-10-06 06:00:00,3,74.7,High,82.27,71.96,60.0,ECMWF,"Low regional RMSE supports ECMWF dominance, while the extended Day 3 lead time maintains stable predictability."
Ghaziabad,2026-10-06 07:00:00,3,74.3,Medium,82.27,70.46,60.0,ECMWF,Models show moderate disagreement and the forecast lead time reduces reliability.
Ghaziabad,2026-10-06 08:00:00,3,72.9,Medium,82.27,65.78,60.0,ECMWF,Models show moderate disagreement and the forecast lead time reduces reliability.
Ghaziabad,2026-10-06 09:00:00,3,71.7,Medium,82.27,61.73,60.0,ECMWF,Models show moderate disagreement and the forecast lead time reduces reliability.
Ghaziabad,2026-10-06 10:00:00,3,71.4,Medium,82.27,60.99,60.0,ECMWF,Models show moderate disagreement and the forecast lead time reduces reliability.
Ghaziabad,2026-10-06 11:00:00,3,71.7,Medium,82.27,61.87,60.0,ECMWF,Models show moderate disagreement and the forecast lead time reduces reliability.
Ghaziabad,2026-10-06 12:00:00,3,71.5,Medium,82.27,61.31,60.0,ECMWF,Models show moderate disagreement and the forecast lead time reduces reliability.
Ghaziabad,2026-10-06 13:00:00,3,71.3,Medium,82.27,60.6,60.0,ECMWF,Models show moderate disagreement and the forecast lead time reduces reliability.
Ghaziabad,2026-10-06 14:00:00,3,70.7,Medium,82.27,58.49,60.0,ECMWF,Models show moderate disagreement and the forecast lead time reduces reliability.
Ghaziabad,2026-10-06 15:00:00,3,69.2,Medium,82.27,53.49,60.0,ECMWF,Models show moderate disagreement and the forecast lead time reduces reliability.
Ghaziabad,2026-10-06 16:00:00,3,68.1,Medium,82.27,49.72,60.0,ECMWF,Models show moderate disagreement and the forecast lead time reduces reliability.
Ghaziabad,2026-10-06 17:00:00,3,67.3,Medium,82.27,47.38,60.0,ECMWF,Models show moderate disagreement and the forecast lead time reduces reliability.
Ghaziabad,2026-10-06 18:00:00,3,67.2,Medium,82.27,46.79,60.0,ECMWF,Models show moderate disagreement and the forecast lead time reduces reliability.
Ghaziabad,2026-10-06 19:00:00,3,68.0,Medium,82.27,49.5,60.0,ECMWF,Models show moderate disagreement and the forecast lead time reduces reliability.
Ghaziabad,2026-10-06 20:00:00,3,69.4,Medium,82.27,54.23,60.0,ECMWF,Models show moderate disagreement and the forecast lead time reduces reliability.
Ghaziabad,2026-10-06 21:00:00,3,70.2,Medium,82.27,56.72,60.0,ECMWF,Models show moderate disagreement and the forecast lead time reduces reliability.
Ghaziabad,2026-10-06 22:00:00,3,71.6,Medium,82.27,61.68,60.0,ECMWF,Models show moderate disagreement and the forecast lead time reduces reliability.
Ghaziabad,2026-10-06 23:00:00,3,73.1,Medium,82.27,66.51,60.0,ECMWF,Models show moderate disagreement and the forecast lead time reduces reliability.
Goa,2026-10-04 00:00:00,1,84.9,High,81.65,80.32,100.0,JMA,"JMA and ensemble members agree closely, while RMSE remains low for this region."
Goa,2026-10-04 01:00:00,1,85.0,High,81.65,80.73,100.0,JMA,"JMA and ensemble members agree closely, while RMSE remains low for this region."
Goa,2026-10-04 02:00:00,1,85.5,High,81.65,82.13,100.0,JMA,"JMA and ensemble members agree closely, while RMSE remains low for this region."
Goa,2026-10-04 03:00:00,1,86.0,High,81.65,83.92,100.0,JMA,"JMA and ensemble members agree closely, while RMSE remains low for this region."
Goa,2026-10-04 04:00:00,1,85.5,High,81.65,82.3,100.0,JMA,"JMA and ensemble members agree closely, while RMSE remains low for this region."
Goa,2026-10-04 05:00:00,1,85.2,High,81.65,81.14,100.0,JMA,"JMA and ensemble members agree closely, while RMSE remains low for this region."
Goa,2026-10-04 06:00:00,1,84.9,High,81.65,80.14,100.0,JMA,"JMA and ensemble members agree closely, while RMSE remains low for this region."
Goa,2026-10-04 07:00:00,1,85.8,High,81.65,83.12,100.0,JMA,"JMA and ensemble members agree closely, while RMSE remains low for this region."
Goa,2026-10-04 08:00:00,1,86.7,High,81.65,86.1,100.0,JMA,"JMA and ensemble members agree closely, while RMSE remains low for this region."
Goa,2026-10-04 09:00:00,1,86.6,High,81.65,85.91,100.0,JMA,"JMA and ensemble members agree closely, while RMSE remains low for this region."
Goa,2026-10-04 10:00:00,1,84.6,High,81.65,79.16,100.0,JMA,"JMA leads with strong short-range skill, with minor model spread in local precipitation."
Goa,2026-10-04 11:00:00,1,86.2,High,81.65,84.49,100.0,JMA,"JMA and ensemble members agree closely, while RMSE remains low for this region."
Goa,2026-10-04 12:00:00,1,83.4,High,81.65,75.22,100.0,JMA,"JMA leads with strong short-range skill, with minor model spread in local precipitation."
Goa,2026-10-04 13:00:00,1,81.0,High,81.65,67.12,100.0,JMA,"JMA leads with strong short-range skill, with minor model spread in local precipitation."
Goa,2026-10-04 14:00:00,1,80.2,High,81.65,64.53,100.0,JMA,"JMA leads with strong short-range skill, with minor model spread in local precipitation."
Goa,2026-10-04 15:00:00,1,77.9,High,81.65,57.02,100.0,JMA,"JMA leads with strong short-range skill, with minor model spread in local precipitation."
Goa,2026-10-04 16:00:00,1,81.2,High,81.65,67.96,100.0,JMA,"JMA leads with strong short-range skill, with minor model spread in local precipitation."
Goa,2026-10-04 17:00:00,1,82.9,High,81.65,73.49,100.0,JMA,"JMA leads with strong short-range skill, with minor model spread in local precipitation."
Goa,2026-10-04 18:00:00,1,85.7,High,81.65,83.06,100.0,JMA,"JMA and ensemble members agree closely, while RMSE remains low for this region."
Goa,2026-10-04 19:00:00,1,87.1,High,81.65,87.42,100.0,JMA,"JMA and ensemble members agree closely, while RMSE remains low for this region."
Goa,2026-10-04 20:00:00,1,88.1,High,81.65,90.78,100.0,JMA,"JMA and ensemble members agree closely, while RMSE remains low for this region."
Goa,2026-10-04 21:00:00,1,86.2,High,81.65,84.68,100.0,JMA,"JMA and ensemble members agree closely, while RMSE remains low for this region."
Goa,2026-10-04 22:00:00,1,85.5,High,81.65,82.19,100.0,JMA,"JMA and ensemble members agree closely, while RMSE remains low for this region."
Goa,2026-10-04 23:00:00,1,85.4,High,81.65,81.79,100.0,JMA,"JMA and ensemble members agree closely, while RMSE remains low for this region."
Goa,2026-10-05 00:00:00,2,80.6,High,81.26,79.91,80.0,JMA,"Low regional RMSE supports JMA dominance, while the 48-hour forecast horizon maintains stable predictability."
Goa,2026-10-05 01:00:00,2,79.7,High,81.26,76.93,80.0,JMA,"Low regional RMSE supports JMA dominance, while the 48-hour forecast horizon maintains stable predictability."
Goa,2026-10-05 02:00:00,2,79.3,High,81.26,75.41,80.0,JMA,"Low regional RMSE supports JMA dominance, while the 48-hour forecast horizon maintains stable predictability."
Goa,2026-10-05 03:00:00,2,79.0,High,81.26,74.53,80.0,JMA,"Low regional RMSE supports JMA dominance, while the 48-hour forecast horizon maintains stable predictability."
Goa,2026-10-05 04:00:00,2,79.4,High,81.26,75.98,80.0,JMA,"Low regional RMSE supports JMA dominance, while the 48-hour forecast horizon maintains stable predictability."
Goa,2026-10-05 05:00:00,2,80.0,High,81.26,77.95,80.0,JMA,"Low regional RMSE supports JMA dominance, while the 48-hour forecast horizon maintains stable predictability."
Goa,2026-10-05 06:00:00,2,80.7,High,81.26,80.37,80.0,JMA,"JMA and ensemble members agree closely, while RMSE remains low for this region."
Goa,2026-10-05 07:00:00,2,82.4,High,81.26,86.01,80.0,JMA,"JMA and ensemble members agree closely, while RMSE remains low for this region."
Goa,2026-10-05 08:00:00,2,83.6,High,81.26,89.8,80.0,JMA,"JMA and ensemble members agree closely, while RMSE remains low for this region."
Goa,2026-10-05 09:00:00,2,82.6,High,81.26,86.62,80.0,JMA,"JMA and ensemble members agree closely, while RMSE remains low for this region."
Goa,2026-10-05 10:00:00,2,81.7,High,81.26,83.72,80.0,JMA,"JMA and ensemble members agree closely, while RMSE remains low for this region."
Goa,2026-10-05 11:00:00,2,81.5,High,81.26,82.79,80.0,JMA,"JMA and ensemble members agree closely, while RMSE remains low for this region."
Goa,2026-10-05 12:00:00,2,78.2,High,81.26,71.86,80.0,JMA,"Low regional RMSE supports JMA dominance, while the 48-hour forecast horizon maintains stable predictability."
Goa,2026-10-05 13:00:00,2,77.1,High,81.26,68.28,80.0,JMA,"Low regional RMSE supports JMA dominance, while the 48-hour forecast horizon maintains stable predictability."
Goa,2026-10-05 14:00:00,2,78.2,High,81.26,71.94,80.0,JMA,"Low regional RMSE supports JMA dominance, while the 48-hour forecast horizon maintains stable predictability."
Goa,2026-10-05 15:00:00,2,78.6,High,81.26,73.4,80.0,JMA,"Low regional RMSE supports JMA dominance, while the 48-hour forecast horizon maintains stable predictability."
Goa,2026-10-05 16:00:00,2,79.0,High,81.26,74.57,80.0,JMA,"Low regional RMSE supports JMA dominance, while the 48-hour forecast horizon maintains stable predictability."
Goa,2026-10-05 17:00:00,2,80.6,High,81.26,79.76,80.0,JMA,"Low regional RMSE supports JMA dominance, while the 48-hour forecast horizon maintains stable predictability."
Goa,2026-10-05 18:00:00,2,80.1,High,81.26,78.15,80.0,JMA,"Low regional RMSE supports JMA dominance, while the 48-hour forecast horizon maintains stable predictability."
Goa,2026-10-05 19:00:00,2,82.4,High,81.26,85.74,80.0,JMA,"JMA and ensemble members agree closely, while RMSE remains low for this region."
Goa,2026-10-05 20:00:00,2,81.2,High,81.26,81.8,80.0,JMA,"JMA and ensemble members agree closely, while RMSE remains low for this region."
Goa,2026-10-05 21:00:00,2,81.6,High,81.26,83.16,80.0,JMA,"JMA and ensemble members agree closely, while RMSE remains low for this region."
Goa,2026-10-05 22:00:00,2,81.7,High,81.26,83.53,80.0,JMA,"JMA and ensemble members agree closely, while RMSE remains low for this region."
Goa,2026-10-05 23:00:00,2,82.7,High,81.26,86.99,80.0,JMA,"JMA and ensemble members agree closely, while RMSE remains low for this region."
Goa,2026-10-06 00:00:00,3,78.8,High,80.15,88.95,60.0,JMA,"JMA and ensemble members agree closely, while RMSE remains low for this region."
Goa,2026-10-06 01:00:00,3,78.5,High,80.15,88.19,60.0,JMA,"JMA and ensemble members agree closely, while RMSE remains low for this region."
Goa,2026-10-06 02:00:00,3,78.5,High,80.15,88.14,60.0,JMA,"JMA and ensemble members agree closely, while RMSE remains low for this region."
Goa,2026-10-06 03:00:00,3,78.8,High,80.15,89.01,60.0,JMA,"JMA and ensemble members agree closely, while RMSE remains low for this region."
Goa,2026-10-06 04:00:00,3,79.1,High,80.15,90.13,60.0,JMA,"JMA and ensemble members agree closely, while RMSE remains low for this region."
Goa,2026-10-06 05:00:00,3,78.7,High,80.15,88.83,60.0,JMA,"JMA and ensemble members agree closely, while RMSE remains low for this region."
Goa,2026-10-06 06:00:00,3,77.7,High,80.15,85.52,60.0,JMA,"JMA and ensemble members agree closely, while RMSE remains low for this region."
Goa,2026-10-06 07:00:00,3,78.4,High,80.15,87.82,60.0,JMA,"JMA and ensemble members agree closely, while RMSE remains low for this region."
Goa,2026-10-06 08:00:00,3,77.3,High,80.15,83.92,60.0,JMA,"JMA and ensemble members agree closely, while RMSE remains low for this region."
Goa,2026-10-06 09:00:00,3,78.3,High,80.15,87.33,60.0,JMA,"JMA and ensemble members agree closely, while RMSE remains low for this region."
Goa,2026-10-06 10:00:00,3,76.4,High,80.15,81.12,60.0,JMA,"JMA and ensemble members agree closely, while RMSE remains low for this region."
Goa,2026-10-06 11:00:00,3,76.7,High,80.15,81.95,60.0,JMA,"JMA and ensemble members agree closely, while RMSE remains low for this region."
Goa,2026-10-06 12:00:00,3,74.0,Medium,80.15,73.0,60.0,JMA,Models show moderate disagreement and the forecast lead time reduces reliability.
Goa,2026-10-06 13:00:00,3,72.7,Medium,80.15,68.81,60.0,JMA,Models show moderate disagreement and the forecast lead time reduces reliability.
Goa,2026-10-06 14:00:00,3,73.2,Medium,80.15,70.29,60.0,JMA,Models show moderate disagreement and the forecast lead time reduces reliability.
Goa,2026-10-06 15:00:00,3,74.2,Medium,80.15,73.59,60.0,JMA,Models show moderate disagreement and the forecast lead time reduces reliability.
Goa,2026-10-06 16:00:00,3,74.7,High,80.15,75.28,60.0,JMA,"Low regional RMSE supports JMA dominance, while the extended Day 3 lead time maintains stable predictability."
Goa,2026-10-06 17:00:00,3,74.8,High,80.15,75.61,60.0,JMA,"Low regional RMSE supports JMA dominance, while the extended Day 3 lead time maintains stable predictability."
Goa,2026-10-06 18:00:00,3,73.8,Medium,80.15,72.33,60.0,JMA,Models show moderate disagreement and the forecast lead time reduces reliability.
Goa,2026-10-06 19:00:00,3,75.6,High,80.15,78.25,60.0,JMA,"Low regional RMSE supports JMA dominance, while the extended Day 3 lead time maintains stable predictability."
Goa,2026-10-06 20:00:00,3,78.4,High,80.15,87.68,60.0,JMA,"JMA and ensemble members agree closely, while RMSE remains low for this region."
Goa,2026-10-06 21:00:00,3,76.6,High,80.15,81.65,60.0,JMA,"JMA and ensemble members agree closely, while RMSE remains low for this region."
Goa,2026-10-06 22:00:00,3,76.1,High,80.15,80.06,60.0,JMA,"JMA and ensemble members agree closely, while RMSE remains low for this region."
Goa,2026-10-06 23:00:00,3,74.5,High,80.15,74.75,60.0,JMA,"Low regional RMSE supports JMA dominance, while the extended Day 3 lead time maintains stable predictability."
Guwahati,2026-10-04 00:00:00,1,87.7,High,81.8,89.25,100.0,ECMWF,"ECMWF and ensemble members agree closely, while RMSE remains low for this region."
Guwahati,2026-10-04 01:00:00,1,85.3,High,81.8,81.29,100.0,ECMWF,"ECMWF and ensemble members agree closely, while RMSE remains low for this region."
Guwahati,2026-10-04 02:00:00,1,83.5,High,81.8,75.25,100.0,ECMWF,"ECMWF leads with strong short-range skill, with minor model spread in local precipitation."
Guwahati,2026-10-04 03:00:00,1,84.7,High,81.8,79.38,100.0,ECMWF,"ECMWF leads with strong short-range skill, with minor model spread in local precipitation."
Guwahati,2026-10-04 04:00:00,1,86.5,High,81.8,85.49,100.0,ECMWF,"ECMWF and ensemble members agree closely, while RMSE remains low for this region."
Guwahati,2026-10-04 05:00:00,1,87.4,High,81.8,88.47,100.0,ECMWF,"ECMWF and ensemble members agree closely, while RMSE remains low for this region."
Guwahati,2026-10-04 06:00:00,1,88.5,High,81.8,91.89,100.0,ECMWF,"ECMWF and ensemble members agree closely, while RMSE remains low for this region."
Guwahati,2026-10-04 07:00:00,1,85.0,High,81.8,80.3,100.0,ECMWF,"ECMWF and ensemble members agree closely, while RMSE remains low for this region."
Guwahati,2026-10-04 08:00:00,1,84.9,High,81.8,80.13,100.0,ECMWF,"ECMWF and ensemble members agree closely, while RMSE remains low for this region."
Guwahati,2026-10-04 09:00:00,1,84.9,High,81.8,79.84,100.0,ECMWF,"ECMWF leads with strong short-range skill, with minor model spread in local precipitation."
Guwahati,2026-10-04 10:00:00,1,83.0,High,81.8,73.54,100.0,ECMWF,"ECMWF leads with strong short-range skill, with minor model spread in local precipitation."
Guwahati,2026-10-04 11:00:00,1,82.9,High,81.8,73.18,100.0,ECMWF,"ECMWF leads with strong short-range skill, with minor model spread in local precipitation."
Guwahati,2026-10-04 12:00:00,1,81.0,High,81.8,67.06,100.0,ECMWF,"ECMWF leads with strong short-range skill, with minor model spread in local precipitation."
Guwahati,2026-10-04 13:00:00,1,82.2,High,81.8,71.09,100.0,ECMWF,"ECMWF leads with strong short-range skill, with minor model spread in local precipitation."
Guwahati,2026-10-04 14:00:00,1,83.4,High,81.8,75.1,100.0,ECMWF,"ECMWF leads with strong short-range skill, with minor model spread in local precipitation."
Guwahati,2026-10-04 15:00:00,1,83.1,High,81.8,73.92,100.0,ECMWF,"ECMWF leads with strong short-range skill, with minor model spread in local precipitation."
Guwahati,2026-10-04 16:00:00,1,82.6,High,81.8,72.4,100.0,ECMWF,"ECMWF leads with strong short-range skill, with minor model spread in local precipitation."
Guwahati,2026-10-04 17:00:00,1,82.4,High,81.8,71.66,100.0,ECMWF,"ECMWF leads with strong short-range skill, with minor model spread in local precipitation."
Guwahati,2026-10-04 18:00:00,1,84.0,High,81.8,76.94,100.0,ECMWF,"ECMWF leads with strong short-range skill, with minor model spread in local precipitation."
Guwahati,2026-10-04 19:00:00,1,84.5,High,81.8,78.71,100.0,ECMWF,"ECMWF leads with strong short-range skill, with minor model spread in local precipitation."
Guwahati,2026-10-04 20:00:00,1,84.5,High,81.8,78.79,100.0,ECMWF,"ECMWF leads with strong short-range skill, with minor model spread in local precipitation."
Guwahati,2026-10-04 21:00:00,1,85.8,High,81.8,83.07,100.0,ECMWF,"ECMWF and ensemble members agree closely, while RMSE remains low for this region."
Guwahati,2026-10-04 22:00:00,1,85.7,High,81.8,82.82,100.0,ECMWF,"ECMWF and ensemble members agree closely, while RMSE remains low for this region."
Guwahati,2026-10-04 23:00:00,1,83.8,High,81.8,76.36,100.0,ECMWF,"ECMWF leads with strong short-range skill, with minor model spread in local precipitation."
Guwahati,2026-10-05 00:00:00,2,78.6,High,78.91,77.18,80.0,ECMWF,"Low regional RMSE supports ECMWF dominance, while the 48-hour forecast horizon maintains stable predictability."
Guwahati,2026-10-05 01:00:00,2,79.0,High,78.91,78.33,80.0,ECMWF,"Low regional RMSE supports ECMWF dominance, while the 48-hour forecast horizon maintains stable predictability."
Guwahati,2026-10-05 02:00:00,2,79.0,High,78.91,78.32,80.0,ECMWF,"Low regional RMSE supports ECMWF dominance, while the 48-hour forecast horizon maintains stable predictability."
Guwahati,2026-10-05 03:00:00,2,79.0,High,78.91,78.42,80.0,ECMWF,"Low regional RMSE supports ECMWF dominance, while the 48-hour forecast horizon maintains stable predictability."
Guwahati,2026-10-05 04:00:00,2,79.6,High,78.91,80.33,80.0,ECMWF,"ECMWF and ensemble members agree closely, while RMSE remains low for this region."
Guwahati,2026-10-05 05:00:00,2,79.0,High,78.91,78.56,80.0,ECMWF,"Low regional RMSE supports ECMWF dominance, while the 48-hour forecast horizon maintains stable predictability."
Guwahati,2026-10-05 06:00:00,2,79.0,High,78.91,78.45,80.0,ECMWF,"Low regional RMSE supports ECMWF dominance, while the 48-hour forecast horizon maintains stable predictability."
Guwahati,2026-10-05 07:00:00,2,78.6,High,78.91,77.03,80.0,ECMWF,"Low regional RMSE supports ECMWF dominance, while the 48-hour forecast horizon maintains stable predictability."
Guwahati,2026-10-05 08:00:00,2,79.2,High,78.91,79.03,80.0,ECMWF,"Low regional RMSE supports ECMWF dominance, while the 48-hour forecast horizon maintains stable predictability."
Guwahati,2026-10-05 09:00:00,2,80.7,High,78.91,84.2,80.0,ECMWF,"ECMWF and ensemble members agree closely, while RMSE remains low for this region."
Guwahati,2026-10-05 10:00:00,2,82.7,High,78.91,90.67,80.0,ECMWF,"ECMWF and ensemble members agree closely, while RMSE remains low for this region."
Guwahati,2026-10-05 11:00:00,2,81.2,High,78.91,85.94,80.0,ECMWF,"ECMWF and ensemble members agree closely, while RMSE remains low for this region."
Guwahati,2026-10-05 12:00:00,2,79.1,High,78.91,78.82,80.0,ECMWF,"Low regional RMSE supports ECMWF dominance, while the 48-hour forecast horizon maintains stable predictability."
Guwahati,2026-10-05 13:00:00,2,78.0,High,78.91,75.07,80.0,ECMWF,"Low regional RMSE supports ECMWF dominance, while the 48-hour forecast horizon maintains stable predictability."
Guwahati,2026-10-05 14:00:00,2,77.9,High,78.91,74.93,80.0,ECMWF,"Low regional RMSE supports ECMWF dominance, while the 48-hour forecast horizon maintains stable predictability."
Guwahati,2026-10-05 15:00:00,2,78.8,High,78.91,77.79,80.0,ECMWF,"Low regional RMSE supports ECMWF dominance, while the 48-hour forecast horizon maintains stable predictability."
Guwahati,2026-10-05 16:00:00,2,79.2,High,78.91,79.25,80.0,ECMWF,"Low regional RMSE supports ECMWF dominance, while the 48-hour forecast horizon maintains stable predictability."
Guwahati,2026-10-05 17:00:00,2,79.3,High,78.91,79.43,80.0,ECMWF,"Low regional RMSE supports ECMWF dominance, while the 48-hour forecast horizon maintains stable predictability."
Guwahati,2026-10-05 18:00:00,2,76.5,High,78.91,70.24,80.0,ECMWF,"Low regional RMSE supports ECMWF dominance, while the 48-hour forecast horizon maintains stable predictability."
Guwahati,2026-10-05 19:00:00,2,78.1,High,78.91,75.32,80.0,ECMWF,"Low regional RMSE supports ECMWF dominance, while the 48-hour forecast horizon maintains stable predictability."
Guwahati,2026-10-05 20:00:00,2,77.6,High,78.91,73.74,80.0,ECMWF,"Low regional RMSE supports ECMWF dominance, while the 48-hour forecast horizon maintains stable predictability."
Guwahati,2026-10-05 21:00:00,2,77.0,High,78.91,71.88,80.0,ECMWF,"Low regional RMSE supports ECMWF dominance, while the 48-hour forecast horizon maintains stable predictability."
Guwahati,2026-10-05 22:00:00,2,77.2,High,78.91,72.47,80.0,ECMWF,"Low regional RMSE supports ECMWF dominance, while the 48-hour forecast horizon maintains stable predictability."
Guwahati,2026-10-05 23:00:00,2,77.7,High,78.91,74.01,80.0,ECMWF,"Low regional RMSE supports ECMWF dominance, while the 48-hour forecast horizon maintains stable predictability."
Guwahati,2026-10-06 00:00:00,3,74.2,Medium,79.3,75.18,60.0,JMA,Models show moderate disagreement and the forecast lead time reduces reliability.
Guwahati,2026-10-06 01:00:00,3,74.1,Medium,79.3,74.71,60.0,JMA,Models show moderate disagreement and the forecast lead time reduces reliability.
Guwahati,2026-10-06 02:00:00,3,74.9,High,79.3,77.64,60.0,JMA,"Low regional RMSE supports JMA dominance, while the extended Day 3 lead time maintains stable predictability."
Guwahati,2026-10-06 03:00:00,3,75.9,High,79.3,80.68,60.0,JMA,"JMA and ensemble members agree closely, while RMSE remains low for this region."
Guwahati,2026-10-06 04:00:00,3,76.0,High,79.3,81.26,60.0,JMA,"JMA and ensemble members agree closely, while RMSE remains low for this region."
Guwahati,2026-10-06 05:00:00,3,75.8,High,79.3,80.53,60.0,JMA,"JMA and ensemble members agree closely, while RMSE remains low for this region."
Guwahati,2026-10-06 06:00:00,3,76.1,High,79.3,81.41,60.0,JMA,"JMA and ensemble members agree closely, while RMSE remains low for this region."
Guwahati,2026-10-06 07:00:00,3,76.7,High,79.3,83.41,60.0,JMA,"JMA and ensemble members agree closely, while RMSE remains low for this region."
Guwahati,2026-10-06 08:00:00,3,76.8,High,79.3,83.88,60.0,JMA,"JMA and ensemble members agree closely, while RMSE remains low for this region."
Guwahati,2026-10-06 09:00:00,3,76.7,High,79.3,83.45,60.0,JMA,"JMA and ensemble members agree closely, while RMSE remains low for this region."
Guwahati,2026-10-06 10:00:00,3,76.1,High,79.3,81.53,60.0,JMA,"JMA and ensemble members agree closely, while RMSE remains low for this region."
Guwahati,2026-10-06 11:00:00,3,76.7,High,79.3,83.62,60.0,JMA,"JMA and ensemble members agree closely, while RMSE remains low for this region."
Guwahati,2026-10-06 12:00:00,3,76.1,High,79.3,81.42,60.0,JMA,"JMA and ensemble members agree closely, while RMSE remains low for this region."
Guwahati,2026-10-06 13:00:00,3,74.8,High,79.3,77.33,60.0,JMA,"Low regional RMSE supports JMA dominance, while the extended Day 3 lead time maintains stable predictability."
Guwahati,2026-10-06 14:00:00,3,74.2,Medium,79.3,75.28,60.0,JMA,Models show moderate disagreement and the forecast lead time reduces reliability.
Guwahati,2026-10-06 15:00:00,3,73.9,Medium,79.3,74.11,60.0,JMA,Models show moderate disagreement and the forecast lead time reduces reliability.
Guwahati,2026-10-06 16:00:00,3,74.5,High,79.3,76.26,60.0,JMA,"Low regional RMSE supports JMA dominance, while the extended Day 3 lead time maintains stable predictability."
Guwahati,2026-10-06 17:00:00,3,74.9,High,79.3,77.6,60.0,JMA,"Low regional RMSE supports JMA dominance, while the extended Day 3 lead time maintains stable predictability."
Guwahati,2026-10-06 18:00:00,3,75.5,High,79.3,79.52,60.0,JMA,"Low regional RMSE supports JMA dominance, while the extended Day 3 lead time maintains stable predictability."
Guwahati,2026-10-06 19:00:00,3,76.0,High,79.3,81.13,60.0,JMA,"JMA and ensemble members agree closely, while RMSE remains low for this region."
Guwahati,2026-10-06 20:00:00,3,76.1,High,79.3,81.53,60.0,JMA,"JMA and ensemble members agree closely, while RMSE remains low for this region."
Guwahati,2026-10-06 21:00:00,3,76.4,High,79.3,82.4,60.0,JMA,"JMA and ensemble members agree closely, while RMSE remains low for this region."
Guwahati,2026-10-06 22:00:00,3,76.7,High,79.3,83.48,60.0,JMA,"JMA and ensemble members agree closely, while RMSE remains low for this region."
Guwahati,2026-10-06 23:00:00,3,77.2,High,79.3,85.13,60.0,JMA,"JMA and ensemble members agree closely, while RMSE remains low for this region."
Hyderabad,2026-10-04 00:00:00,1,90.4,Very High,93.08,79.37,100.0,ICON,"ICON exhibits outstanding regional skill, maintaining very high blend reliability for this short-range forecast."
Hyderabad,2026-10-04 01:00:00,1,89.4,High,93.08,76.32,100.0,ICON,"ICON leads with strong short-range skill, with minor model spread in local precipitation."
Hyderabad,2026-10-04 02:00:00,1,89.6,Very High,93.08,76.79,100.0,ICON,"ICON exhibits outstanding regional skill, maintaining very high blend reliability for this short-range forecast."
Hyderabad,2026-10-04 03:00:00,1,91.0,Very High,93.08,81.47,100.0,ICON,"ICON has the highest historical skill, model agreement is strong, and this is a short-range forecast."
Hyderabad,2026-10-04 04:00:00,1,91.9,Very High,93.08,84.6,100.0,ICON,"ICON has the highest historical skill, model agreement is strong, and this is a short-range forecast."
Hyderabad,2026-10-04 05:00:00,1,91.3,Very High,93.08,82.6,100.0,ICON,"ICON has the highest historical skill, model agreement is strong, and this is a short-range forecast."
Hyderabad,2026-10-04 06:00:00,1,89.7,Very High,93.08,77.26,100.0,ICON,"ICON exhibits outstanding regional skill, maintaining very high blend reliability for this short-range forecast."
Hyderabad,2026-10-04 07:00:00,1,89.8,Very High,93.08,77.52,100.0,ICON,"ICON exhibits outstanding regional skill, maintaining very high blend reliability for this short-range forecast."
Hyderabad,2026-10-04 08:00:00,1,90.2,Very High,93.08,78.85,100.0,ICON,"ICON exhibits outstanding regional skill, maintaining very high blend reliability for this short-range forecast."
Hyderabad,2026-10-04 09:00:00,1,91.4,Very High,93.08,82.87,100.0,ICON,"ICON has the highest historical skill, model agreement is strong, and this is a short-range forecast."
Hyderabad,2026-10-04 10:00:00,1,91.2,Very High,93.08,82.04,100.0,ICON,"ICON has the highest historical skill, model agreement is strong, and this is a short-range forecast."
Hyderabad,2026-10-04 11:00:00,1,91.2,Very High,93.08,82.29,100.0,ICON,"ICON has the highest historical skill, model agreement is strong, and this is a short-range forecast."
Hyderabad,2026-10-04 12:00:00,1,91.6,Very High,93.08,83.37,100.0,ICON,"ICON has the highest historical skill, model agreement is strong, and this is a short-range forecast."
Hyderabad,2026-10-04 13:00:00,1,90.9,Very High,93.08,81.3,100.0,ICON,"ICON has the highest historical skill, model agreement is strong, and this is a short-range forecast."
Hyderabad,2026-10-04 14:00:00,1,89.3,High,93.08,75.91,100.0,ICON,"ICON leads with strong short-range skill, with minor model spread in local precipitation."
Hyderabad,2026-10-04 15:00:00,1,86.9,High,93.08,67.97,100.0,ICON,"ICON leads with strong short-range skill, with minor model spread in local precipitation."
Hyderabad,2026-10-04 16:00:00,1,85.0,High,93.08,61.49,100.0,ICON,"ICON leads with strong short-range skill, with minor model spread in local precipitation."
Hyderabad,2026-10-04 17:00:00,1,85.6,High,93.08,63.41,100.0,ICON,"ICON leads with strong short-range skill, with minor model spread in local precipitation."
Hyderabad,2026-10-04 18:00:00,1,86.8,High,93.08,67.41,100.0,ICON,"ICON leads with strong short-range skill, with minor model spread in local precipitation."
Hyderabad,2026-10-04 19:00:00,1,87.4,High,93.08,69.49,100.0,ICON,"ICON leads with strong short-range skill, with minor model spread in local precipitation."
Hyderabad,2026-10-04 20:00:00,1,87.5,High,93.08,70.0,100.0,ICON,"ICON leads with strong short-range skill, with minor model spread in local precipitation."
Hyderabad,2026-10-04 21:00:00,1,86.7,High,93.08,67.22,100.0,ICON,"ICON leads with strong short-range skill, with minor model spread in local precipitation."
Hyderabad,2026-10-04 22:00:00,1,86.8,High,93.08,67.45,100.0,ICON,"ICON leads with strong short-range skill, with minor model spread in local precipitation."
Hyderabad,2026-10-04 23:00:00,1,87.8,High,93.08,70.87,100.0,ICON,"ICON leads with strong short-range skill, with minor model spread in local precipitation."
Hyderabad,2026-10-05 00:00:00,2,84.2,High,91.49,74.75,80.0,ICON,"Low regional RMSE supports ICON dominance, while the 48-hour forecast horizon maintains stable predictability."
Hyderabad,2026-10-05 01:00:00,2,84.7,High,91.49,76.67,80.0,ICON,"Low regional RMSE supports ICON dominance, while the 48-hour forecast horizon maintains stable predictability."
Hyderabad,2026-10-05 02:00:00,2,84.7,High,91.49,76.68,80.0,ICON,"Low regional RMSE supports ICON dominance, while the 48-hour forecast horizon maintains stable predictability."
Hyderabad,2026-10-05 03:00:00,2,84.7,High,91.49,76.4,80.0,ICON,"Low regional RMSE supports ICON dominance, while the 48-hour forecast horizon maintains stable predictability."
Hyderabad,2026-10-05 04:00:00,2,85.2,High,91.49,78.24,80.0,ICON,"Low regional RMSE supports ICON dominance, while the 48-hour forecast horizon maintains stable predictability."
Hyderabad,2026-10-05 05:00:00,2,85.6,High,91.49,79.37,80.0,ICON,"Low regional RMSE supports ICON dominance, while the 48-hour forecast horizon maintains stable predictability."
Hyderabad,2026-10-05 06:00:00,2,85.8,High,91.49,80.07,80.0,ICON,"ICON and ensemble members agree closely, while RMSE remains low for this region."
Hyderabad,2026-10-05 07:00:00,2,85.5,High,91.49,79.13,80.0,ICON,"Low regional RMSE supports ICON dominance, while the 48-hour forecast horizon maintains stable predictability."
Hyderabad,2026-10-05 08:00:00,2,86.6,High,91.49,82.8,80.0,ICON,"ICON and ensemble members agree closely, while RMSE remains low for this region."
Hyderabad,2026-10-05 09:00:00,2,85.4,High,91.49,78.97,80.0,ICON,"Low regional RMSE supports ICON dominance, while the 48-hour forecast horizon maintains stable predictability."
Hyderabad,2026-10-05 10:00:00,2,87.0,High,91.49,84.04,80.0,ICON,"ICON and ensemble members agree closely, while RMSE remains low for this region."
Hyderabad,2026-10-05 11:00:00,2,86.3,High,91.49,81.85,80.0,ICON,"ICON and ensemble members agree closely, while RMSE remains low for this region."
Hyderabad,2026-10-05 12:00:00,2,83.7,High,91.49,73.31,80.0,ICON,"Low regional RMSE supports ICON dominance, while the 48-hour forecast horizon maintains stable predictability."
Hyderabad,2026-10-05 13:00:00,2,83.0,High,91.49,70.92,80.0,ICON,"Low regional RMSE supports ICON dominance, while the 48-hour forecast horizon maintains stable predictability."
Hyderabad,2026-10-05 14:00:00,2,83.2,High,91.49,71.5,80.0,ICON,"Low regional RMSE supports ICON dominance, while the 48-hour forecast horizon maintains stable predictability."
Hyderabad,2026-10-05 15:00:00,2,82.8,High,91.49,70.26,80.0,ICON,"Low regional RMSE supports ICON dominance, while the 48-hour forecast horizon maintains stable predictability."
Hyderabad,2026-10-05 16:00:00,2,82.5,High,91.49,69.19,80.0,ICON,"Low regional RMSE supports ICON dominance, while the 48-hour forecast horizon maintains stable predictability."
Hyderabad,2026-10-05 17:00:00,2,81.8,High,91.49,66.92,80.0,ICON,"Low regional RMSE supports ICON dominance, while the 48-hour forecast horizon maintains stable predictability."
Hyderabad,2026-10-05 18:00:00,2,81.4,High,91.49,65.47,80.0,ICON,"Low regional RMSE supports ICON dominance, while the 48-hour forecast horizon maintains stable predictability."
Hyderabad,2026-10-05 19:00:00,2,80.2,High,91.49,61.6,80.0,ICON,"Low regional RMSE supports ICON dominance, while the 48-hour forecast horizon maintains stable predictability."
Hyderabad,2026-10-05 20:00:00,2,80.3,High,91.49,61.73,80.0,ICON,"Low regional RMSE supports ICON dominance, while the 48-hour forecast horizon maintains stable predictability."
Hyderabad,2026-10-05 21:00:00,2,81.2,High,91.49,64.7,80.0,ICON,"Low regional RMSE supports ICON dominance, while the 48-hour forecast horizon maintains stable predictability."
Hyderabad,2026-10-05 22:00:00,2,82.5,High,91.49,69.12,80.0,ICON,"Low regional RMSE supports ICON dominance, while the 48-hour forecast horizon maintains stable predictability."
Hyderabad,2026-10-05 23:00:00,2,83.8,High,91.49,73.68,80.0,ICON,"Low regional RMSE supports ICON dominance, while the 48-hour forecast horizon maintains stable predictability."
Hyderabad,2026-10-06 00:00:00,3,80.1,High,90.03,76.94,60.0,ICON,"Low regional RMSE supports ICON dominance, while the extended Day 3 lead time maintains stable predictability."
Hyderabad,2026-10-06 01:00:00,3,80.9,High,90.03,79.52,60.0,ICON,"Low regional RMSE supports ICON dominance, while the extended Day 3 lead time maintains stable predictability."
Hyderabad,2026-10-06 02:00:00,3,81.2,High,90.03,80.59,60.0,ICON,"ICON and ensemble members agree closely, while RMSE remains low for this region."
Hyderabad,2026-10-06 03:00:00,3,80.2,High,90.03,77.27,60.0,ICON,"Low regional RMSE supports ICON dominance, while the extended Day 3 lead time maintains stable predictability."
Hyderabad,2026-10-06 04:00:00,3,81.9,High,90.03,82.97,60.0,ICON,"ICON and ensemble members agree closely, while RMSE remains low for this region."
Hyderabad,2026-10-06 05:00:00,3,81.3,High,90.03,81.02,60.0,ICON,"ICON and ensemble members agree closely, while RMSE remains low for this region."
Hyderabad,2026-10-06 06:00:00,3,80.3,High,90.03,77.5,60.0,ICON,"Low regional RMSE supports ICON dominance, while the extended Day 3 lead time maintains stable predictability."
Hyderabad,2026-10-06 07:00:00,3,79.7,High,90.03,75.48,60.0,ICON,"Low regional RMSE supports ICON dominance, while the extended Day 3 lead time maintains stable predictability."
Hyderabad,2026-10-06 08:00:00,3,79.3,High,90.03,74.29,60.0,ICON,"Low regional RMSE supports ICON dominance, while the extended Day 3 lead time maintains stable predictability."
Hyderabad,2026-10-06 09:00:00,3,77.9,High,90.03,69.47,60.0,ICON,"Low regional RMSE supports ICON dominance, while the extended Day 3 lead time maintains stable predictability."
Hyderabad,2026-10-06 10:00:00,3,77.6,High,90.03,68.57,60.0,ICON,"Low regional RMSE supports ICON dominance, while the extended Day 3 lead time maintains stable predictability."
Hyderabad,2026-10-06 11:00:00,3,78.1,High,90.03,70.38,60.0,ICON,"Low regional RMSE supports ICON dominance, while the extended Day 3 lead time maintains stable predictability."
Hyderabad,2026-10-06 12:00:00,3,79.2,High,90.03,73.87,60.0,ICON,"Low regional RMSE supports ICON dominance, while the extended Day 3 lead time maintains stable predictability."
Hyderabad,2026-10-06 13:00:00,3,80.3,High,90.03,77.75,60.0,ICON,"Low regional RMSE supports ICON dominance, while the extended Day 3 lead time maintains stable predictability."
Hyderabad,2026-10-06 14:00:00,3,80.1,High,90.03,76.9,60.0,ICON,"Low regional RMSE supports ICON dominance, while the extended Day 3 lead time maintains stable predictability."
Hyderabad,2026-10-06 15:00:00,3,79.3,High,90.03,74.15,60.0,ICON,"Low regional RMSE supports ICON dominance, while the extended Day 3 lead time maintains stable predictability."
Hyderabad,2026-10-06 16:00:00,3,78.2,High,90.03,70.45,60.0,ICON,"Low regional RMSE supports ICON dominance, while the extended Day 3 lead time maintains stable predictability."
Hyderabad,2026-10-06 17:00:00,3,77.8,High,90.03,69.44,60.0,ICON,"Low regional RMSE supports ICON dominance, while the extended Day 3 lead time maintains stable predictability."
Hyderabad,2026-10-06 18:00:00,3,77.4,High,90.03,67.93,60.0,ICON,"Low regional RMSE supports ICON dominance, while the extended Day 3 lead time maintains stable predictability."
Hyderabad,2026-10-06 19:00:00,3,78.1,High,90.03,70.17,60.0,ICON,"Low regional RMSE supports ICON dominance, while the extended Day 3 lead time maintains stable predictability."
Hyderabad,2026-10-06 20:00:00,3,78.1,High,90.03,70.24,60.0,ICON,"Low regional RMSE supports ICON dominance, while the extended Day 3 lead time maintains stable predictability."
Hyderabad,2026-10-06 21:00:00,3,79.1,High,90.03,73.65,60.0,ICON,"Low regional RMSE supports ICON dominance, while the extended Day 3 lead time maintains stable predictability."
Hyderabad,2026-10-06 22:00:00,3,79.7,High,90.03,75.6,60.0,ICON,"Low regional RMSE supports ICON dominance, while the extended Day 3 lead time maintains stable predictability."
Hyderabad,2026-10-06 23:00:00,3,79.9,High,90.03,76.29,60.0,ICON,"Low regional RMSE supports ICON dominance, while the extended Day 3 lead time maintains stable predictability."
Imphal,2026-10-04 00:00:00,1,91.9,Very High,94.27,82.45,100.0,ECMWF,"ECMWF has the highest historical skill, model agreement is strong, and this is a short-range forecast."
Imphal,2026-10-04 01:00:00,1,90.4,Very High,94.27,77.59,100.0,ECMWF,"ECMWF exhibits outstanding regional skill, maintaining very high blend reliability for this short-range forecast."
Imphal,2026-10-04 02:00:00,1,91.0,Very High,94.27,79.58,100.0,ECMWF,"ECMWF exhibits outstanding regional skill, maintaining very high blend reliability for this short-range forecast."
Imphal,2026-10-04 03:00:00,1,90.6,Very High,94.27,78.34,100.0,ECMWF,"ECMWF exhibits outstanding regional skill, maintaining very high blend reliability for this short-range forecast."
Imphal,2026-10-04 04:00:00,1,91.0,Very High,94.27,79.7,100.0,ECMWF,"ECMWF exhibits outstanding regional skill, maintaining very high blend reliability for this short-range forecast."
Imphal,2026-10-04 05:00:00,1,91.9,Very High,94.27,82.64,100.0,ECMWF,"ECMWF has the highest historical skill, model agreement is strong, and this is a short-range forecast."
Imphal,2026-10-04 06:00:00,1,93.0,Very High,94.27,86.22,100.0,ECMWF,"ECMWF has the highest historical skill, model agreement is strong, and this is a short-range forecast."
Imphal,2026-10-04 07:00:00,1,94.0,Very High,94.27,89.4,100.0,ECMWF,"ECMWF has the highest historical skill, model agreement is strong, and this is a short-range forecast."
Imphal,2026-10-04 08:00:00,1,94.3,Very High,94.27,90.61,100.0,ECMWF,"ECMWF has the highest historical skill, model agreement is strong, and this is a short-range forecast."
Imphal,2026-10-04 09:00:00,1,93.1,Very High,94.27,86.63,100.0,ECMWF,"ECMWF has the highest historical skill, model agreement is strong, and this is a short-range forecast."
Imphal,2026-10-04 10:00:00,1,92.2,Very High,94.27,83.63,100.0,ECMWF,"ECMWF has the highest historical skill, model agreement is strong, and this is a short-range forecast."
Imphal,2026-10-04 11:00:00,1,93.2,Very High,94.27,86.9,100.0,ECMWF,"ECMWF has the highest historical skill, model agreement is strong, and this is a short-range forecast."
Imphal,2026-10-04 12:00:00,1,92.1,Very High,94.27,83.21,100.0,ECMWF,"ECMWF has the highest historical skill, model agreement is strong, and this is a short-range forecast."
Imphal,2026-10-04 13:00:00,1,90.6,Very High,94.27,78.07,100.0,ECMWF,"ECMWF exhibits outstanding regional skill, maintaining very high blend reliability for this short-range forecast."
Imphal,2026-10-04 14:00:00,1,90.2,Very High,94.27,76.81,100.0,ECMWF,"ECMWF exhibits outstanding regional skill, maintaining very high blend reliability for this short-range forecast."
Imphal,2026-10-04 15:00:00,1,91.0,Very High,94.27,79.49,100.0,ECMWF,"ECMWF exhibits outstanding regional skill, maintaining very high blend reliability for this short-range forecast."
Imphal,2026-10-04 16:00:00,1,94.2,Very High,94.27,90.16,100.0,ECMWF,"ECMWF has the highest historical skill, model agreement is strong, and this is a short-range forecast."
Imphal,2026-10-04 17:00:00,1,92.7,Very High,94.27,85.37,100.0,ECMWF,"ECMWF has the highest historical skill, model agreement is strong, and this is a short-range forecast."
Imphal,2026-10-04 18:00:00,1,92.2,Very High,94.27,83.45,100.0,ECMWF,"ECMWF has the highest historical skill, model agreement is strong, and this is a short-range forecast."
Imphal,2026-10-04 19:00:00,1,92.3,Very High,94.27,83.75,100.0,ECMWF,"ECMWF has the highest historical skill, model agreement is strong, and this is a short-range forecast."
Imphal,2026-10-04 20:00:00,1,92.4,Very High,94.27,84.33,100.0,ECMWF,"ECMWF has the highest historical skill, model agreement is strong, and this is a short-range forecast."
Imphal,2026-10-04 21:00:00,1,90.2,Very High,94.27,76.93,100.0,ECMWF,"ECMWF exhibits outstanding regional skill, maintaining very high blend reliability for this short-range forecast."
Imphal,2026-10-04 22:00:00,1,89.9,Very High,94.27,75.74,100.0,ECMWF,"ECMWF exhibits outstanding regional skill, maintaining very high blend reliability for this short-range forecast."
Imphal,2026-10-04 23:00:00,1,91.1,Very High,94.27,79.75,100.0,ECMWF,"ECMWF exhibits outstanding regional skill, maintaining very high blend reliability for this short-range forecast."
Imphal,2026-10-05 00:00:00,2,86.1,High,91.34,81.43,80.0,JMA,"JMA and ensemble members agree closely, while RMSE remains low for this region."
Imphal,2026-10-05 01:00:00,2,86.0,High,91.34,81.03,80.0,JMA,"JMA and ensemble members agree closely, while RMSE remains low for this region."
Imphal,2026-10-05 02:00:00,2,86.1,High,91.34,81.33,80.0,JMA,"JMA and ensemble members agree closely, while RMSE remains low for this region."
Imphal,2026-10-05 03:00:00,2,86.6,High,91.34,83.08,80.0,JMA,"JMA and ensemble members agree closely, while RMSE remains low for this region."
Imphal,2026-10-05 04:00:00,2,86.8,High,91.34,83.89,80.0,JMA,"JMA and ensemble members agree closely, while RMSE remains low for this region."
Imphal,2026-10-05 05:00:00,2,86.6,High,91.34,83.22,80.0,JMA,"JMA and ensemble members agree closely, while RMSE remains low for this region."
Imphal,2026-10-05 06:00:00,2,87.8,High,91.34,87.19,80.0,JMA,"JMA and ensemble members agree closely, while RMSE remains low for this region."
Imphal,2026-10-05 07:00:00,2,87.4,High,91.34,85.75,80.0,JMA,"JMA and ensemble members agree closely, while RMSE remains low for this region."
Imphal,2026-10-05 08:00:00,2,88.4,High,91.34,89.08,80.0,JMA,"JMA and ensemble members agree closely, while RMSE remains low for this region."
Imphal,2026-10-05 09:00:00,2,87.9,High,91.34,87.57,80.0,JMA,"JMA and ensemble members agree closely, while RMSE remains low for this region."
Imphal,2026-10-05 10:00:00,2,86.8,High,91.34,83.64,80.0,JMA,"JMA and ensemble members agree closely, while RMSE remains low for this region."
Imphal,2026-10-05 11:00:00,2,84.6,High,91.34,76.52,80.0,JMA,"Low regional RMSE supports JMA dominance, while the 48-hour forecast horizon maintains stable predictability."
Imphal,2026-10-05 12:00:00,2,84.0,High,91.34,74.55,80.0,JMA,"Low regional RMSE supports JMA dominance, while the 48-hour forecast horizon maintains stable predictability."
Imphal,2026-10-05 13:00:00,2,83.6,High,91.34,73.2,80.0,JMA,"Low regional RMSE supports JMA dominance, while the 48-hour forecast horizon maintains stable predictability."
Imphal,2026-10-05 14:00:00,2,84.8,High,91.34,76.96,80.0,JMA,"Low regional RMSE supports JMA dominance, while the 48-hour forecast horizon maintains stable predictability."
Imphal,2026-10-05 15:00:00,2,84.9,High,91.34,77.27,80.0,JMA,"Low regional RMSE supports JMA dominance, while the 48-hour forecast horizon maintains stable predictability."
Imphal,2026-10-05 16:00:00,2,83.3,High,91.34,72.05,80.0,JMA,"Low regional RMSE supports JMA dominance, while the 48-hour forecast horizon maintains stable predictability."
Imphal,2026-10-05 17:00:00,2,83.5,High,91.34,72.77,80.0,JMA,"Low regional RMSE supports JMA dominance, while the 48-hour forecast horizon maintains stable predictability."
Imphal,2026-10-05 18:00:00,2,84.9,High,91.34,77.32,80.0,JMA,"Low regional RMSE supports JMA dominance, while the 48-hour forecast horizon maintains stable predictability."
Imphal,2026-10-05 19:00:00,2,86.0,High,91.34,81.21,80.0,JMA,"JMA and ensemble members agree closely, while RMSE remains low for this region."
Imphal,2026-10-05 20:00:00,2,85.4,High,91.34,79.18,80.0,JMA,"Low regional RMSE supports JMA dominance, while the 48-hour forecast horizon maintains stable predictability."
Imphal,2026-10-05 21:00:00,2,85.6,High,91.34,79.77,80.0,JMA,"Low regional RMSE supports JMA dominance, while the 48-hour forecast horizon maintains stable predictability."
Imphal,2026-10-05 22:00:00,2,86.0,High,91.34,81.13,80.0,JMA,"JMA and ensemble members agree closely, while RMSE remains low for this region."
Imphal,2026-10-05 23:00:00,2,86.7,High,91.34,83.28,80.0,JMA,"JMA and ensemble members agree closely, while RMSE remains low for this region."
Imphal,2026-10-06 00:00:00,3,82.5,High,89.88,85.08,60.0,JMA,"JMA and ensemble members agree closely, while RMSE remains low for this region."
Imphal,2026-10-06 01:00:00,3,82.6,High,89.88,85.41,60.0,JMA,"JMA and ensemble members agree closely, while RMSE remains low for this region."
Imphal,2026-10-06 02:00:00,3,82.5,High,89.88,85.13,60.0,JMA,"JMA and ensemble members agree closely, while RMSE remains low for this region."
Imphal,2026-10-06 03:00:00,3,82.6,High,89.88,85.38,60.0,JMA,"JMA and ensemble members agree closely, while RMSE remains low for this region."
Imphal,2026-10-06 04:00:00,3,82.6,High,89.88,85.66,60.0,JMA,"JMA and ensemble members agree closely, while RMSE remains low for this region."
Imphal,2026-10-06 05:00:00,3,83.1,High,89.88,87.15,60.0,JMA,"JMA and ensemble members agree closely, while RMSE remains low for this region."
Imphal,2026-10-06 06:00:00,3,83.4,High,89.88,88.24,60.0,JMA,"JMA and ensemble members agree closely, while RMSE remains low for this region."
Imphal,2026-10-06 07:00:00,3,82.0,High,89.88,83.56,60.0,JMA,"JMA and ensemble members agree closely, while RMSE remains low for this region."
Imphal,2026-10-06 08:00:00,3,81.8,High,89.88,82.94,60.0,JMA,"JMA and ensemble members agree closely, while RMSE remains low for this region."
Imphal,2026-10-06 09:00:00,3,81.2,High,89.88,81.02,60.0,JMA,"JMA and ensemble members agree closely, while RMSE remains low for this region."
Imphal,2026-10-06 10:00:00,3,79.8,High,89.88,76.09,60.0,JMA,"Low regional RMSE supports JMA dominance, while the extended Day 3 lead time maintains stable predictability."
Imphal,2026-10-06 11:00:00,3,81.2,High,89.88,80.93,60.0,JMA,"JMA and ensemble members agree closely, while RMSE remains low for this region."
Imphal,2026-10-06 12:00:00,3,79.6,High,89.88,75.68,60.0,JMA,"Low regional RMSE supports JMA dominance, while the extended Day 3 lead time maintains stable predictability."
Imphal,2026-10-06 13:00:00,3,77.2,High,89.88,67.64,60.0,JMA,"Low regional RMSE supports JMA dominance, while the extended Day 3 lead time maintains stable predictability."
Imphal,2026-10-06 14:00:00,3,77.1,High,89.88,67.26,60.0,JMA,"Low regional RMSE supports JMA dominance, while the extended Day 3 lead time maintains stable predictability."
Imphal,2026-10-06 15:00:00,3,78.3,High,89.88,71.16,60.0,JMA,"Low regional RMSE supports JMA dominance, while the extended Day 3 lead time maintains stable predictability."
Imphal,2026-10-06 16:00:00,3,79.8,High,89.88,76.06,60.0,JMA,"Low regional RMSE supports JMA dominance, while the extended Day 3 lead time maintains stable predictability."
Imphal,2026-10-06 17:00:00,3,81.3,High,89.88,81.28,60.0,JMA,"JMA and ensemble members agree closely, while RMSE remains low for this region."
Imphal,2026-10-06 18:00:00,3,80.7,High,89.88,79.34,60.0,JMA,"Low regional RMSE supports JMA dominance, while the extended Day 3 lead time maintains stable predictability."
Imphal,2026-10-06 19:00:00,3,80.2,High,89.88,77.55,60.0,JMA,"Low regional RMSE supports JMA dominance, while the extended Day 3 lead time maintains stable predictability."
Imphal,2026-10-06 20:00:00,3,78.9,High,89.88,73.31,60.0,JMA,"Low regional RMSE supports JMA dominance, while the extended Day 3 lead time maintains stable predictability."
Imphal,2026-10-06 21:00:00,3,78.8,High,89.88,72.75,60.0,JMA,"Low regional RMSE supports JMA dominance, while the extended Day 3 lead time maintains stable predictability."
Imphal,2026-10-06 22:00:00,3,79.8,High,89.88,76.29,60.0,JMA,"Low regional RMSE supports JMA dominance, while the extended Day 3 lead time maintains stable predictability."
Imphal,2026-10-06 23:00:00,3,80.6,High,89.88,78.76,60.0,JMA,"Low regional RMSE supports JMA dominance, while the extended Day 3 lead time maintains stable predictability."
Indore,2026-10-04 00:00:00,1,85.9,High,88.58,71.94,100.0,ECMWF,"ECMWF leads with strong short-range skill, with minor model spread in local precipitation."
Indore,2026-10-04 01:00:00,1,86.9,High,88.58,75.25,100.0,ECMWF,"ECMWF leads with strong short-range skill, with minor model spread in local precipitation."
Indore,2026-10-04 02:00:00,1,88.6,High,88.58,81.18,100.0,ECMWF,"ECMWF and ensemble members agree closely, while RMSE remains low for this region."
Indore,2026-10-04 03:00:00,1,88.2,High,88.58,79.57,100.0,ECMWF,"ECMWF leads with strong short-range skill, with minor model spread in local precipitation."
Indore,2026-10-04 04:00:00,1,88.1,High,88.58,79.43,100.0,ECMWF,"ECMWF leads with strong short-range skill, with minor model spread in local precipitation."
Indore,2026-10-04 05:00:00,1,89.3,High,88.58,83.28,100.0,ECMWF,"ECMWF and ensemble members agree closely, while RMSE remains low for this region."
Indore,2026-10-04 06:00:00,1,89.4,High,88.58,83.55,100.0,ECMWF,"ECMWF and ensemble members agree closely, while RMSE remains low for this region."
Indore,2026-10-04 07:00:00,1,88.1,High,88.58,79.35,100.0,ECMWF,"ECMWF leads with strong short-range skill, with minor model spread in local precipitation."
Indore,2026-10-04 08:00:00,1,89.2,High,88.58,83.17,100.0,ECMWF,"ECMWF and ensemble members agree closely, while RMSE remains low for this region."
Indore,2026-10-04 09:00:00,1,86.9,High,88.58,75.44,100.0,ECMWF,"ECMWF leads with strong short-range skill, with minor model spread in local precipitation."
Indore,2026-10-04 10:00:00,1,88.3,High,88.58,79.96,100.0,ECMWF,"ECMWF leads with strong short-range skill, with minor model spread in local precipitation."
Indore,2026-10-04 11:00:00,1,87.9,High,88.58,78.78,100.0,ECMWF,"ECMWF leads with strong short-range skill, with minor model spread in local precipitation."
Indore,2026-10-04 12:00:00,1,87.8,High,88.58,78.24,100.0,ECMWF,"ECMWF leads with strong short-range skill, with minor model spread in local precipitation."
Indore,2026-10-04 13:00:00,1,87.1,High,88.58,76.1,100.0,ECMWF,"ECMWF leads with strong short-range skill, with minor model spread in local precipitation."
Indore,2026-10-04 14:00:00,1,86.1,High,88.58,72.86,100.0,ECMWF,"ECMWF leads with strong short-range skill, with minor model spread in local precipitation."
Indore,2026-10-04 15:00:00,1,86.2,High,88.58,73.13,100.0,ECMWF,"ECMWF leads with strong short-range skill, with minor model spread in local precipitation."
Indore,2026-10-04 16:00:00,1,86.7,High,88.58,74.72,100.0,ECMWF,"ECMWF leads with strong short-range skill, with minor model spread in local precipitation."
Indore,2026-10-04 17:00:00,1,86.0,High,88.58,72.22,100.0,ECMWF,"ECMWF leads with strong short-range skill, with minor model spread in local precipitation."
Indore,2026-10-04 18:00:00,1,84.7,High,88.58,68.19,100.0,ECMWF,"ECMWF leads with strong short-range skill, with minor model spread in local precipitation."
Indore,2026-10-04 19:00:00,1,85.4,High,88.58,70.3,100.0,ECMWF,"ECMWF leads with strong short-range skill, with minor model spread in local precipitation."
Indore,2026-10-04 20:00:00,1,85.1,High,88.58,69.37,100.0,ECMWF,"ECMWF leads with strong short-range skill, with minor model spread in local precipitation."
Indore,2026-10-04 21:00:00,1,85.3,High,88.58,69.96,100.0,ECMWF,"ECMWF leads with strong short-range skill, with minor model spread in local precipitation."
Indore,2026-10-04 22:00:00,1,85.7,High,88.58,71.36,100.0,ECMWF,"ECMWF leads with strong short-range skill, with minor model spread in local precipitation."
Indore,2026-10-04 23:00:00,1,86.2,High,88.58,72.99,100.0,ECMWF,"ECMWF leads with strong short-range skill, with minor model spread in local precipitation."
Indore,2026-10-05 00:00:00,2,80.5,High,84.12,74.82,80.0,UKMO,"Low regional RMSE supports UKMO dominance, while the 48-hour forecast horizon maintains stable predictability."
Indore,2026-10-05 01:00:00,2,80.8,High,84.12,75.65,80.0,UKMO,"Low regional RMSE supports UKMO dominance, while the 48-hour forecast horizon maintains stable predictability."
Indore,2026-10-05 02:00:00,2,80.6,High,84.12,75.03,80.0,UKMO,"Low regional RMSE supports UKMO dominance, while the 48-hour forecast horizon maintains stable predictability."
Indore,2026-10-05 03:00:00,2,80.8,High,84.12,75.77,80.0,UKMO,"Low regional RMSE supports UKMO dominance, while the 48-hour forecast horizon maintains stable predictability."
Indore,2026-10-05 04:00:00,2,81.7,High,84.12,78.78,80.0,UKMO,"Low regional RMSE supports UKMO dominance, while the 48-hour forecast horizon maintains stable predictability."
Indore,2026-10-05 05:00:00,2,82.4,High,84.12,81.23,80.0,UKMO,"UKMO and ensemble members agree closely, while RMSE remains low for this region."
Indore,2026-10-05 06:00:00,2,82.5,High,84.12,81.32,80.0,UKMO,"UKMO and ensemble members agree closely, while RMSE remains low for this region."
Indore,2026-10-05 07:00:00,2,81.8,High,84.12,79.26,80.0,UKMO,"Low regional RMSE supports UKMO dominance, while the 48-hour forecast horizon maintains stable predictability."
Indore,2026-10-05 08:00:00,2,81.9,High,84.12,79.47,80.0,UKMO,"Low regional RMSE supports UKMO dominance, while the 48-hour forecast horizon maintains stable predictability."
Indore,2026-10-05 09:00:00,2,79.1,High,84.12,70.03,80.0,UKMO,"Low regional RMSE supports UKMO dominance, while the 48-hour forecast horizon maintains stable predictability."
Indore,2026-10-05 10:00:00,2,79.5,High,84.12,71.61,80.0,UKMO,"Low regional RMSE supports UKMO dominance, while the 48-hour forecast horizon maintains stable predictability."
Indore,2026-10-05 11:00:00,2,80.4,High,84.12,74.36,80.0,UKMO,"Low regional RMSE supports UKMO dominance, while the 48-hour forecast horizon maintains stable predictability."
Indore,2026-10-05 12:00:00,2,81.2,High,84.12,77.29,80.0,UKMO,"Low regional RMSE supports UKMO dominance, while the 48-hour forecast horizon maintains stable predictability."
Indore,2026-10-05 13:00:00,2,82.3,High,84.12,80.73,80.0,UKMO,"UKMO and ensemble members agree closely, while RMSE remains low for this region."
Indore,2026-10-05 14:00:00,2,82.2,High,84.12,80.52,80.0,UKMO,"UKMO and ensemble members agree closely, while RMSE remains low for this region."
Indore,2026-10-05 15:00:00,2,82.8,High,84.12,82.5,80.0,UKMO,"UKMO and ensemble members agree closely, while RMSE remains low for this region."
Indore,2026-10-05 16:00:00,2,83.1,High,84.12,83.37,80.0,UKMO,"UKMO and ensemble members agree closely, while RMSE remains low for this region."
Indore,2026-10-05 17:00:00,2,80.6,High,84.12,75.3,80.0,UKMO,"Low regional RMSE supports UKMO dominance, while the 48-hour forecast horizon maintains stable predictability."
Indore,2026-10-05 18:00:00,2,77.8,High,84.12,65.91,80.0,UKMO,"Low regional RMSE supports UKMO dominance, while the 48-hour forecast horizon maintains stable predictability."
Indore,2026-10-05 19:00:00,2,77.0,High,84.12,63.06,80.0,UKMO,"Low regional RMSE supports UKMO dominance, while the 48-hour forecast horizon maintains stable predictability."
Indore,2026-10-05 20:00:00,2,78.1,High,84.12,66.92,80.0,UKMO,"Low regional RMSE supports UKMO dominance, while the 48-hour forecast horizon maintains stable predictability."
Indore,2026-10-05 21:00:00,2,80.4,High,84.12,74.34,80.0,UKMO,"Low regional RMSE supports UKMO dominance, while the 48-hour forecast horizon maintains stable predictability."
Indore,2026-10-05 22:00:00,2,80.6,High,84.12,75.18,80.0,UKMO,"Low regional RMSE supports UKMO dominance, while the 48-hour forecast horizon maintains stable predictability."
Indore,2026-10-05 23:00:00,2,80.6,High,84.12,75.22,80.0,UKMO,"Low regional RMSE supports UKMO dominance, while the 48-hour forecast horizon maintains stable predictability."
Indore,2026-10-06 00:00:00,3,74.7,High,79.24,76.96,60.0,UKMO,"Low regional RMSE supports UKMO dominance, while the extended Day 3 lead time maintains stable predictability."
Indore,2026-10-06 01:00:00,3,74.2,Medium,79.24,75.18,60.0,UKMO,Models show moderate disagreement and the forecast lead time reduces reliability.
Indore,2026-10-06 02:00:00,3,73.9,Medium,79.24,74.22,60.0,UKMO,Models show moderate disagreement and the forecast lead time reduces reliability.
Indore,2026-10-06 03:00:00,3,74.2,Medium,79.24,75.4,60.0,UKMO,Models show moderate disagreement and the forecast lead time reduces reliability.
Indore,2026-10-06 04:00:00,3,74.1,Medium,79.24,75.1,60.0,UKMO,Models show moderate disagreement and the forecast lead time reduces reliability.
Indore,2026-10-06 05:00:00,3,74.4,Medium,79.24,76.06,60.0,UKMO,Models show moderate disagreement and the forecast lead time reduces reliability.
Indore,2026-10-06 06:00:00,3,73.9,Medium,79.24,74.29,60.0,UKMO,Models show moderate disagreement and the forecast lead time reduces reliability.
Indore,2026-10-06 07:00:00,3,73.1,Medium,79.24,71.54,60.0,UKMO,Models show moderate disagreement and the forecast lead time reduces reliability.
Indore,2026-10-06 08:00:00,3,75.1,High,79.24,78.16,60.0,UKMO,"Low regional RMSE supports UKMO dominance, while the extended Day 3 lead time maintains stable predictability."
Indore,2026-10-06 09:00:00,3,74.7,High,79.24,76.81,60.0,UKMO,"Low regional RMSE supports UKMO dominance, while the extended Day 3 lead time maintains stable predictability."
Indore,2026-10-06 10:00:00,3,73.7,Medium,79.24,73.49,60.0,UKMO,Models show moderate disagreement and the forecast lead time reduces reliability.
Indore,2026-10-06 11:00:00,3,72.7,Medium,79.24,70.35,60.0,UKMO,Models show moderate disagreement and the forecast lead time reduces reliability.
Indore,2026-10-06 12:00:00,3,71.9,Medium,79.24,67.54,60.0,UKMO,Models show moderate disagreement and the forecast lead time reduces reliability.
Indore,2026-10-06 13:00:00,3,71.7,Medium,79.24,66.79,60.0,UKMO,Models show moderate disagreement and the forecast lead time reduces reliability.
Indore,2026-10-06 14:00:00,3,72.7,Medium,79.24,70.3,60.0,UKMO,Models show moderate disagreement and the forecast lead time reduces reliability.
Indore,2026-10-06 15:00:00,3,73.7,Medium,79.24,73.52,60.0,UKMO,Models show moderate disagreement and the forecast lead time reduces reliability.
Indore,2026-10-06 16:00:00,3,73.6,Medium,79.24,73.14,60.0,UKMO,Models show moderate disagreement and the forecast lead time reduces reliability.
Indore,2026-10-06 17:00:00,3,72.2,Medium,79.24,68.69,60.0,UKMO,Models show moderate disagreement and the forecast lead time reduces reliability.
Indore,2026-10-06 18:00:00,3,70.9,Medium,79.24,64.19,60.0,UKMO,Models show moderate disagreement and the forecast lead time reduces reliability.
Indore,2026-10-06 19:00:00,3,69.7,Medium,79.24,60.3,60.0,UKMO,Models show moderate disagreement and the forecast lead time reduces reliability.
Indore,2026-10-06 20:00:00,3,69.5,Medium,79.24,59.75,60.0,UKMO,Models show moderate disagreement and the forecast lead time reduces reliability.
Indore,2026-10-06 21:00:00,3,69.9,Medium,79.24,61.07,60.0,UKMO,Models show moderate disagreement and the forecast lead time reduces reliability.
Indore,2026-10-06 22:00:00,3,71.5,Medium,79.24,66.19,60.0,UKMO,Models show moderate disagreement and the forecast lead time reduces reliability.
Indore,2026-10-06 23:00:00,3,71.7,Medium,79.24,67.09,60.0,UKMO,Models show moderate disagreement and the forecast lead time reduces reliability.
Jabalpur,2026-10-04 00:00:00,1,86.0,High,81.57,84.01,100.0,UKMO,"UKMO and ensemble members agree closely, while RMSE remains low for this region."
Jabalpur,2026-10-04 01:00:00,1,85.8,High,81.57,83.53,100.0,UKMO,"UKMO and ensemble members agree closely, while RMSE remains low for this region."
Jabalpur,2026-10-04 02:00:00,1,85.2,High,81.57,81.25,100.0,UKMO,"UKMO and ensemble members agree closely, while RMSE remains low for this region."
Jabalpur,2026-10-04 03:00:00,1,85.1,High,81.57,80.92,100.0,UKMO,"UKMO and ensemble members agree closely, while RMSE remains low for this region."
Jabalpur,2026-10-04 04:00:00,1,87.0,High,81.57,87.53,100.0,UKMO,"UKMO and ensemble members agree closely, while RMSE remains low for this region."
Jabalpur,2026-10-04 05:00:00,1,86.7,High,81.57,86.35,100.0,UKMO,"UKMO and ensemble members agree closely, while RMSE remains low for this region."
Jabalpur,2026-10-04 06:00:00,1,85.1,High,81.57,81.2,100.0,UKMO,"UKMO and ensemble members agree closely, while RMSE remains low for this region."
Jabalpur,2026-10-04 07:00:00,1,84.9,High,81.57,80.28,100.0,UKMO,"UKMO and ensemble members agree closely, while RMSE remains low for this region."
Jabalpur,2026-10-04 08:00:00,1,84.0,High,81.57,77.38,100.0,UKMO,"UKMO leads with strong short-range skill, with minor model spread in local precipitation."
Jabalpur,2026-10-04 09:00:00,1,83.3,High,81.57,74.91,100.0,UKMO,"UKMO leads with strong short-range skill, with minor model spread in local precipitation."
Jabalpur,2026-10-04 10:00:00,1,82.5,High,81.57,72.3,100.0,UKMO,"UKMO leads with strong short-range skill, with minor model spread in local precipitation."
Jabalpur,2026-10-04 11:00:00,1,81.9,High,81.57,70.48,100.0,UKMO,"UKMO leads with strong short-range skill, with minor model spread in local precipitation."
Jabalpur,2026-10-04 12:00:00,1,81.8,High,81.57,70.01,100.0,UKMO,"UKMO leads with strong short-range skill, with minor model spread in local precipitation."
Jabalpur,2026-10-04 13:00:00,1,82.3,High,81.57,71.63,100.0,UKMO,"UKMO leads with strong short-range skill, with minor model spread in local precipitation."
Jabalpur,2026-10-04 14:00:00,1,82.3,High,81.57,71.63,100.0,UKMO,"UKMO leads with strong short-range skill, with minor model spread in local precipitation."
Jabalpur,2026-10-04 15:00:00,1,82.1,High,81.57,70.91,100.0,UKMO,"UKMO leads with strong short-range skill, with minor model spread in local precipitation."
Jabalpur,2026-10-04 16:00:00,1,81.4,High,81.57,68.68,100.0,UKMO,"UKMO leads with strong short-range skill, with minor model spread in local precipitation."
Jabalpur,2026-10-04 17:00:00,1,81.6,High,81.57,69.52,100.0,UKMO,"UKMO leads with strong short-range skill, with minor model spread in local precipitation."
Jabalpur,2026-10-04 18:00:00,1,82.6,High,81.57,72.55,100.0,UKMO,"UKMO leads with strong short-range skill, with minor model spread in local precipitation."
Jabalpur,2026-10-04 19:00:00,1,83.4,High,81.57,75.3,100.0,UKMO,"UKMO leads with strong short-range skill, with minor model spread in local precipitation."
Jabalpur,2026-10-04 20:00:00,1,84.3,High,81.57,78.48,100.0,UKMO,"UKMO leads with strong short-range skill, with minor model spread in local precipitation."
Jabalpur,2026-10-04 21:00:00,1,85.7,High,81.57,82.99,100.0,UKMO,"UKMO and ensemble members agree closely, while RMSE remains low for this region."
Jabalpur,2026-10-04 22:00:00,1,85.8,High,81.57,83.47,100.0,UKMO,"UKMO and ensemble members agree closely, while RMSE remains low for this region."
Jabalpur,2026-10-04 23:00:00,1,86.1,High,81.57,84.42,100.0,UKMO,"UKMO and ensemble members agree closely, while RMSE remains low for this region."
Jabalpur,2026-10-05 00:00:00,2,81.7,High,82.0,82.39,80.0,UKMO,"UKMO and ensemble members agree closely, while RMSE remains low for this region."
Jabalpur,2026-10-05 01:00:00,2,80.9,High,82.0,79.56,80.0,UKMO,"Low regional RMSE supports UKMO dominance, while the 48-hour forecast horizon maintains stable predictability."
Jabalpur,2026-10-05 02:00:00,2,81.8,High,82.0,82.72,80.0,UKMO,"UKMO and ensemble members agree closely, while RMSE remains low for this region."
Jabalpur,2026-10-05 03:00:00,2,80.3,High,82.0,77.8,80.0,UKMO,"Low regional RMSE supports UKMO dominance, while the 48-hour forecast horizon maintains stable predictability."
Jabalpur,2026-10-05 04:00:00,2,81.0,High,82.0,80.08,80.0,UKMO,"UKMO and ensemble members agree closely, while RMSE remains low for this region."
Jabalpur,2026-10-05 05:00:00,2,80.3,High,82.0,77.59,80.0,UKMO,"Low regional RMSE supports UKMO dominance, while the 48-hour forecast horizon maintains stable predictability."
Jabalpur,2026-10-05 06:00:00,2,79.4,High,82.0,74.52,80.0,UKMO,"Low regional RMSE supports UKMO dominance, while the 48-hour forecast horizon maintains stable predictability."
Jabalpur,2026-10-05 07:00:00,2,79.1,High,82.0,73.64,80.0,UKMO,"Low regional RMSE supports UKMO dominance, while the 48-hour forecast horizon maintains stable predictability."
Jabalpur,2026-10-05 08:00:00,2,77.9,High,82.0,69.76,80.0,UKMO,"Low regional RMSE supports UKMO dominance, while the 48-hour forecast horizon maintains stable predictability."
Jabalpur,2026-10-05 09:00:00,2,78.5,High,82.0,71.61,80.0,UKMO,"Low regional RMSE supports UKMO dominance, while the 48-hour forecast horizon maintains stable predictability."
Jabalpur,2026-10-05 10:00:00,2,78.5,High,82.0,71.58,80.0,UKMO,"Low regional RMSE supports UKMO dominance, while the 48-hour forecast horizon maintains stable predictability."
Jabalpur,2026-10-05 11:00:00,2,78.5,High,82.0,71.52,80.0,UKMO,"Low regional RMSE supports UKMO dominance, while the 48-hour forecast horizon maintains stable predictability."
Jabalpur,2026-10-05 12:00:00,2,78.4,High,82.0,71.25,80.0,UKMO,"Low regional RMSE supports UKMO dominance, while the 48-hour forecast horizon maintains stable predictability."
Jabalpur,2026-10-05 13:00:00,2,78.1,High,82.0,70.35,80.0,UKMO,"Low regional RMSE supports UKMO dominance, while the 48-hour forecast horizon maintains stable predictability."
Jabalpur,2026-10-05 14:00:00,2,77.4,High,82.0,67.92,80.0,UKMO,"Low regional RMSE supports UKMO dominance, while the 48-hour forecast horizon maintains stable predictability."
Jabalpur,2026-10-05 15:00:00,2,77.3,High,82.0,67.7,80.0,UKMO,"Low regional RMSE supports UKMO dominance, while the 48-hour forecast horizon maintains stable predictability."
Jabalpur,2026-10-05 16:00:00,2,77.1,High,82.0,67.04,80.0,UKMO,"Low regional RMSE supports UKMO dominance, while the 48-hour forecast horizon maintains stable predictability."
Jabalpur,2026-10-05 17:00:00,2,77.5,High,82.0,68.29,80.0,UKMO,"Low regional RMSE supports UKMO dominance, while the 48-hour forecast horizon maintains stable predictability."
Jabalpur,2026-10-05 18:00:00,2,77.6,High,82.0,68.82,80.0,UKMO,"Low regional RMSE supports UKMO dominance, while the 48-hour forecast horizon maintains stable predictability."
Jabalpur,2026-10-05 19:00:00,2,78.5,High,82.0,71.76,80.0,UKMO,"Low regional RMSE supports UKMO dominance, while the 48-hour forecast horizon maintains stable predictability."
Jabalpur,2026-10-05 20:00:00,2,78.7,High,82.0,72.43,80.0,UKMO,"Low regional RMSE supports UKMO dominance, while the 48-hour forecast horizon maintains stable predictability."
Jabalpur,2026-10-05 21:00:00,2,79.1,High,82.0,73.7,80.0,UKMO,"Low regional RMSE supports UKMO dominance, while the 48-hour forecast horizon maintains stable predictability."
Jabalpur,2026-10-05 22:00:00,2,79.8,High,82.0,76.15,80.0,UKMO,"Low regional RMSE supports UKMO dominance, while the 48-hour forecast horizon maintains stable predictability."
Jabalpur,2026-10-05 23:00:00,2,80.3,High,82.0,77.71,80.0,UKMO,"Low regional RMSE supports UKMO dominance, while the 48-hour forecast horizon maintains stable predictability."
Jabalpur,2026-10-06 00:00:00,3,75.2,High,79.91,77.47,60.0,UKMO,"Low regional RMSE supports UKMO dominance, while the extended Day 3 lead time maintains stable predictability."
Jabalpur,2026-10-06 01:00:00,3,74.3,Medium,79.91,74.58,60.0,UKMO,Models show moderate disagreement and the forecast lead time reduces reliability.
Jabalpur,2026-10-06 02:00:00,3,74.7,High,79.91,75.72,60.0,UKMO,"Low regional RMSE supports UKMO dominance, while the extended Day 3 lead time maintains stable predictability."
Jabalpur,2026-10-06 03:00:00,3,74.6,High,79.91,75.57,60.0,UKMO,"Low regional RMSE supports UKMO dominance, while the extended Day 3 lead time maintains stable predictability."
Jabalpur,2026-10-06 04:00:00,3,74.2,Medium,79.91,74.13,60.0,UKMO,Models show moderate disagreement and the forecast lead time reduces reliability.
Jabalpur,2026-10-06 05:00:00,3,73.7,Medium,79.91,72.37,60.0,UKMO,Models show moderate disagreement and the forecast lead time reduces reliability.
Jabalpur,2026-10-06 06:00:00,3,73.8,Medium,79.91,72.72,60.0,UKMO,Models show moderate disagreement and the forecast lead time reduces reliability.
Jabalpur,2026-10-06 07:00:00,3,74.2,Medium,79.91,74.12,60.0,UKMO,Models show moderate disagreement and the forecast lead time reduces reliability.
Jabalpur,2026-10-06 08:00:00,3,74.3,Medium,79.91,74.52,60.0,UKMO,Models show moderate disagreement and the forecast lead time reduces reliability.
Jabalpur,2026-10-06 09:00:00,3,75.4,High,79.91,78.26,60.0,UKMO,"Low regional RMSE supports UKMO dominance, while the extended Day 3 lead time maintains stable predictability."
Jabalpur,2026-10-06 10:00:00,3,75.5,High,79.91,78.62,60.0,UKMO,"Low regional RMSE supports UKMO dominance, while the extended Day 3 lead time maintains stable predictability."
Jabalpur,2026-10-06 11:00:00,3,74.8,High,79.91,76.15,60.0,UKMO,"Low regional RMSE supports UKMO dominance, while the extended Day 3 lead time maintains stable predictability."
Jabalpur,2026-10-06 12:00:00,3,73.9,Medium,79.91,73.3,60.0,UKMO,Models show moderate disagreement and the forecast lead time reduces reliability.
Jabalpur,2026-10-06 13:00:00,3,72.4,Medium,79.91,68.28,60.0,UKMO,Models show moderate disagreement and the forecast lead time reduces reliability.
Jabalpur,2026-10-06 14:00:00,3,71.9,Medium,79.91,66.49,60.0,UKMO,Models show moderate disagreement and the forecast lead time reduces reliability.
Jabalpur,2026-10-06 15:00:00,3,72.7,Medium,79.91,69.11,60.0,UKMO,Models show moderate disagreement and the forecast lead time reduces reliability.
Jabalpur,2026-10-06 16:00:00,3,72.9,Medium,79.91,69.94,60.0,UKMO,Models show moderate disagreement and the forecast lead time reduces reliability.
Jabalpur,2026-10-06 17:00:00,3,73.4,Medium,79.91,71.33,60.0,UKMO,Models show moderate disagreement and the forecast lead time reduces reliability.
Jabalpur,2026-10-06 18:00:00,3,73.6,Medium,79.91,72.13,60.0,UKMO,Models show moderate disagreement and the forecast lead time reduces reliability.
Jabalpur,2026-10-06 19:00:00,3,74.2,Medium,79.91,74.23,60.0,UKMO,Models show moderate disagreement and the forecast lead time reduces reliability.
Jabalpur,2026-10-06 20:00:00,3,74.5,High,79.91,75.2,60.0,UKMO,"Low regional RMSE supports UKMO dominance, while the extended Day 3 lead time maintains stable predictability."
Jabalpur,2026-10-06 21:00:00,3,75.2,High,79.91,77.65,60.0,UKMO,"Low regional RMSE supports UKMO dominance, while the extended Day 3 lead time maintains stable predictability."
Jabalpur,2026-10-06 22:00:00,3,76.2,High,79.91,80.78,60.0,UKMO,"UKMO and ensemble members agree closely, while RMSE remains low for this region."
Jabalpur,2026-10-06 23:00:00,3,77.1,High,79.91,83.84,60.0,UKMO,"UKMO and ensemble members agree closely, while RMSE remains low for this region."
Jaipur,2026-10-04 00:00:00,1,85.1,High,85.92,73.76,100.0,ECMWF,"ECMWF leads with strong short-range skill, with minor model spread in local precipitation."
Jaipur,2026-10-04 01:00:00,1,85.8,High,85.92,76.07,100.0,ECMWF,"ECMWF leads with strong short-range skill, with minor model spread in local precipitation."
Jaipur,2026-10-04 02:00:00,1,85.1,High,85.92,73.86,100.0,ECMWF,"ECMWF leads with strong short-range skill, with minor model spread in local precipitation."
Jaipur,2026-10-04 03:00:00,1,84.4,High,85.92,71.32,100.0,ECMWF,"ECMWF leads with strong short-range skill, with minor model spread in local precipitation."
Jaipur,2026-10-04 04:00:00,1,83.2,High,85.92,67.38,100.0,ECMWF,"ECMWF leads with strong short-range skill, with minor model spread in local precipitation."
Jaipur,2026-10-04 05:00:00,1,83.6,High,85.92,68.71,100.0,ECMWF,"ECMWF leads with strong short-range skill, with minor model spread in local precipitation."
Jaipur,2026-10-04 06:00:00,1,82.2,High,85.92,64.01,100.0,ECMWF,"ECMWF leads with strong short-range skill, with minor model spread in local precipitation."
Jaipur,2026-10-04 07:00:00,1,81.5,High,85.92,61.91,100.0,ECMWF,"ECMWF leads with strong short-range skill, with minor model spread in local precipitation."
Jaipur,2026-10-04 08:00:00,1,81.3,High,85.92,61.06,100.0,ECMWF,"ECMWF leads with strong short-range skill, with minor model spread in local precipitation."
Jaipur,2026-10-04 09:00:00,1,81.4,High,85.92,61.55,100.0,ECMWF,"ECMWF leads with strong short-range skill, with minor model spread in local precipitation."
Jaipur,2026-10-04 10:00:00,1,82.2,High,85.92,64.22,100.0,ECMWF,"ECMWF leads with strong short-range skill, with minor model spread in local precipitation."
Jaipur,2026-10-04 11:00:00,1,83.9,High,85.92,69.75,100.0,ECMWF,"ECMWF leads with strong short-range skill, with minor model spread in local precipitation."
Jaipur,2026-10-04 12:00:00,1,85.5,High,85.92,75.13,100.0,ECMWF,"ECMWF leads with strong short-range skill, with minor model spread in local precipitation."
Jaipur,2026-10-04 13:00:00,1,85.9,High,85.92,76.42,100.0,ECMWF,"ECMWF leads with strong short-range skill, with minor model spread in local precipitation."
Jaipur,2026-10-04 14:00:00,1,85.8,High,85.92,76.09,100.0,ECMWF,"ECMWF leads with strong short-range skill, with minor model spread in local precipitation."
Jaipur,2026-10-04 15:00:00,1,85.2,High,85.92,74.02,100.0,ECMWF,"ECMWF leads with strong short-range skill, with minor model spread in local precipitation."
Jaipur,2026-10-04 16:00:00,1,84.3,High,85.92,71.04,100.0,ECMWF,"ECMWF leads with strong short-range skill, with minor model spread in local precipitation."
Jaipur,2026-10-04 17:00:00,1,85.1,High,85.92,73.87,100.0,ECMWF,"ECMWF leads with strong short-range skill, with minor model spread in local precipitation."
Jaipur,2026-10-04 18:00:00,1,83.7,High,85.92,69.11,100.0,ECMWF,"ECMWF leads with strong short-range skill, with minor model spread in local precipitation."
Jaipur,2026-10-04 19:00:00,1,82.9,High,85.92,66.4,100.0,ECMWF,"ECMWF leads with strong short-range skill, with minor model spread in local precipitation."
Jaipur,2026-10-04 20:00:00,1,82.6,High,85.92,65.46,100.0,ECMWF,"ECMWF leads with strong short-range skill, with minor model spread in local precipitation."
Jaipur,2026-10-04 21:00:00,1,82.9,High,85.92,66.34,100.0,ECMWF,"ECMWF leads with strong short-range skill, with minor model spread in local precipitation."
Jaipur,2026-10-04 22:00:00,1,83.2,High,85.92,67.59,100.0,ECMWF,"ECMWF leads with strong short-range skill, with minor model spread in local precipitation."
Jaipur,2026-10-04 23:00:00,1,82.8,High,85.92,66.2,100.0,ECMWF,"ECMWF leads with strong short-range skill, with minor model spread in local precipitation."
Jaipur,2026-10-05 00:00:00,2,77.1,High,82.27,66.63,80.0,ECMWF,"Low regional RMSE supports ECMWF dominance, while the 48-hour forecast horizon maintains stable predictability."
Jaipur,2026-10-05 01:00:00,2,76.1,High,82.27,63.13,80.0,ECMWF,"Low regional RMSE supports ECMWF dominance, while the 48-hour forecast horizon maintains stable predictability."
Jaipur,2026-10-05 02:00:00,2,75.9,High,82.27,62.61,80.0,ECMWF,"Low regional RMSE supports ECMWF dominance, while the 48-hour forecast horizon maintains stable predictability."
Jaipur,2026-10-05 03:00:00,2,75.9,High,82.27,62.56,80.0,ECMWF,"Low regional RMSE supports ECMWF dominance, while the 48-hour forecast horizon maintains stable predictability."
Jaipur,2026-10-05 04:00:00,2,75.9,High,82.27,62.53,80.0,ECMWF,"Low regional RMSE supports ECMWF dominance, while the 48-hour forecast horizon maintains stable predictability."
Jaipur,2026-10-05 05:00:00,2,75.5,High,82.27,61.27,80.0,ECMWF,"Low regional RMSE supports ECMWF dominance, while the 48-hour forecast horizon maintains stable predictability."
Jaipur,2026-10-05 06:00:00,2,75.1,High,82.27,59.73,80.0,ECMWF,"Low regional RMSE supports ECMWF dominance, while the 48-hour forecast horizon maintains stable predictability."
Jaipur,2026-10-05 07:00:00,2,74.6,High,82.27,58.15,80.0,ECMWF,"Low regional RMSE supports ECMWF dominance, while the 48-hour forecast horizon maintains stable predictability."
Jaipur,2026-10-05 08:00:00,2,74.8,High,82.27,59.02,80.0,ECMWF,"Low regional RMSE supports ECMWF dominance, while the 48-hour forecast horizon maintains stable predictability."
Jaipur,2026-10-05 09:00:00,2,75.4,High,82.27,60.96,80.0,ECMWF,"Low regional RMSE supports ECMWF dominance, while the 48-hour forecast horizon maintains stable predictability."
Jaipur,2026-10-05 10:00:00,2,76.2,High,82.27,63.63,80.0,ECMWF,"Low regional RMSE supports ECMWF dominance, while the 48-hour forecast horizon maintains stable predictability."
Jaipur,2026-10-05 11:00:00,2,77.3,High,82.27,67.22,80.0,ECMWF,"Low regional RMSE supports ECMWF dominance, while the 48-hour forecast horizon maintains stable predictability."
Jaipur,2026-10-05 12:00:00,2,77.6,High,82.27,68.33,80.0,ECMWF,"Low regional RMSE supports ECMWF dominance, while the 48-hour forecast horizon maintains stable predictability."
Jaipur,2026-10-05 13:00:00,2,77.4,High,82.27,67.55,80.0,ECMWF,"Low regional RMSE supports ECMWF dominance, while the 48-hour forecast horizon maintains stable predictability."
Jaipur,2026-10-05 14:00:00,2,77.4,High,82.27,67.61,80.0,ECMWF,"Low regional RMSE supports ECMWF dominance, while the 48-hour forecast horizon maintains stable predictability."
Jaipur,2026-10-05 15:00:00,2,77.4,High,82.27,67.41,80.0,ECMWF,"Low regional RMSE supports ECMWF dominance, while the 48-hour forecast horizon maintains stable predictability."
Jaipur,2026-10-05 16:00:00,2,76.9,High,82.27,65.93,80.0,ECMWF,"Low regional RMSE supports ECMWF dominance, while the 48-hour forecast horizon maintains stable predictability."
Jaipur,2026-10-05 17:00:00,2,77.5,High,82.27,67.82,80.0,ECMWF,"Low regional RMSE supports ECMWF dominance, while the 48-hour forecast horizon maintains stable predictability."
Jaipur,2026-10-05 18:00:00,2,76.2,High,82.27,63.54,80.0,ECMWF,"Low regional RMSE supports ECMWF dominance, while the 48-hour forecast horizon maintains stable predictability."
Jaipur,2026-10-05 19:00:00,2,76.1,High,82.27,63.3,80.0,ECMWF,"Low regional RMSE supports ECMWF dominance, while the 48-hour forecast horizon maintains stable predictability."
Jaipur,2026-10-05 20:00:00,2,76.3,High,82.27,63.97,80.0,ECMWF,"Low regional RMSE supports ECMWF dominance, while the 48-hour forecast horizon maintains stable predictability."
Jaipur,2026-10-05 21:00:00,2,75.6,High,82.27,61.51,80.0,ECMWF,"Low regional RMSE supports ECMWF dominance, while the 48-hour forecast horizon maintains stable predictability."
Jaipur,2026-10-05 22:00:00,2,77.0,High,82.27,66.31,80.0,ECMWF,"Low regional RMSE supports ECMWF dominance, while the 48-hour forecast horizon maintains stable predictability."
Jaipur,2026-10-05 23:00:00,2,77.6,High,82.27,68.32,80.0,ECMWF,"Low regional RMSE supports ECMWF dominance, while the 48-hour forecast horizon maintains stable predictability."
Jaipur,2026-10-06 00:00:00,3,73.6,Medium,81.52,69.63,60.0,ECMWF,Models show moderate disagreement and the forecast lead time reduces reliability.
Jaipur,2026-10-06 01:00:00,3,72.9,Medium,81.52,67.29,60.0,ECMWF,Models show moderate disagreement and the forecast lead time reduces reliability.
Jaipur,2026-10-06 02:00:00,3,72.1,Medium,81.52,64.48,60.0,ECMWF,Models show moderate disagreement and the forecast lead time reduces reliability.
Jaipur,2026-10-06 03:00:00,3,72.4,Medium,81.52,65.42,60.0,ECMWF,Models show moderate disagreement and the forecast lead time reduces reliability.
Jaipur,2026-10-06 04:00:00,3,71.7,Medium,81.52,63.28,60.0,ECMWF,Models show moderate disagreement and the forecast lead time reduces reliability.
Jaipur,2026-10-06 05:00:00,3,71.7,Medium,81.52,63.03,60.0,ECMWF,Models show moderate disagreement and the forecast lead time reduces reliability.
Jaipur,2026-10-06 06:00:00,3,71.3,Medium,81.52,61.7,60.0,ECMWF,Models show moderate disagreement and the forecast lead time reduces reliability.
Jaipur,2026-10-06 07:00:00,3,70.5,Medium,81.52,58.98,60.0,ECMWF,Models show moderate disagreement and the forecast lead time reduces reliability.
Jaipur,2026-10-06 08:00:00,3,70.7,Medium,81.52,59.67,60.0,ECMWF,Models show moderate disagreement and the forecast lead time reduces reliability.
Jaipur,2026-10-06 09:00:00,3,71.2,Medium,81.52,61.51,60.0,ECMWF,Models show moderate disagreement and the forecast lead time reduces reliability.
Jaipur,2026-10-06 10:00:00,3,72.2,Medium,81.52,64.65,60.0,ECMWF,Models show moderate disagreement and the forecast lead time reduces reliability.
Jaipur,2026-10-06 11:00:00,3,73.9,Medium,81.52,70.48,60.0,ECMWF,Models show moderate disagreement and the forecast lead time reduces reliability.
Jaipur,2026-10-06 12:00:00,3,75.0,High,81.52,74.25,60.0,ECMWF,"Low regional RMSE supports ECMWF dominance, while the extended Day 3 lead time maintains stable predictability."
Jaipur,2026-10-06 13:00:00,3,75.7,High,81.52,76.33,60.0,ECMWF,"Low regional RMSE supports ECMWF dominance, while the extended Day 3 lead time maintains stable predictability."
Jaipur,2026-10-06 14:00:00,3,75.6,High,81.52,76.02,60.0,ECMWF,"Low regional RMSE supports ECMWF dominance, while the extended Day 3 lead time maintains stable predictability."
Jaipur,2026-10-06 15:00:00,3,74.9,High,81.52,73.91,60.0,ECMWF,"Low regional RMSE supports ECMWF dominance, while the extended Day 3 lead time maintains stable predictability."
Jaipur,2026-10-06 16:00:00,3,74.0,Medium,81.52,70.7,60.0,ECMWF,Models show moderate disagreement and the forecast lead time reduces reliability.
Jaipur,2026-10-06 17:00:00,3,74.0,Medium,81.52,70.74,60.0,ECMWF,Models show moderate disagreement and the forecast lead time reduces reliability.
Jaipur,2026-10-06 18:00:00,3,73.0,Medium,81.52,67.45,60.0,ECMWF,Models show moderate disagreement and the forecast lead time reduces reliability.
Jaipur,2026-10-06 19:00:00,3,72.7,Medium,81.52,66.55,60.0,ECMWF,Models show moderate disagreement and the forecast lead time reduces reliability.
Jaipur,2026-10-06 20:00:00,3,72.9,Medium,81.52,66.99,60.0,ECMWF,Models show moderate disagreement and the forecast lead time reduces reliability.
Jaipur,2026-10-06 21:00:00,3,73.2,Medium,81.52,68.15,60.0,ECMWF,Models show moderate disagreement and the forecast lead time reduces reliability.
Jaipur,2026-10-06 22:00:00,3,74.3,Medium,81.52,71.81,60.0,ECMWF,Models show moderate disagreement and the forecast lead time reduces reliability.
Jaipur,2026-10-06 23:00:00,3,74.6,High,81.52,72.76,60.0,ECMWF,"Low regional RMSE supports ECMWF dominance, while the extended Day 3 lead time maintains stable predictability."
Jodhpur,2026-10-04 00:00:00,1,86.3,High,91.49,68.51,100.0,ECMWF,"ECMWF leads with strong short-range skill, with minor model spread in local precipitation."
Jodhpur,2026-10-04 01:00:00,1,86.5,High,91.49,69.08,100.0,ECMWF,"ECMWF leads with strong short-range skill, with minor model spread in local precipitation."
Jodhpur,2026-10-04 02:00:00,1,86.6,High,91.49,69.43,100.0,ECMWF,"ECMWF leads with strong short-range skill, with minor model spread in local precipitation."
Jodhpur,2026-10-04 03:00:00,1,86.7,High,91.49,69.82,100.0,ECMWF,"ECMWF leads with strong short-range skill, with minor model spread in local precipitation."
Jodhpur,2026-10-04 04:00:00,1,86.2,High,91.49,68.03,100.0,ECMWF,"ECMWF leads with strong short-range skill, with minor model spread in local precipitation."
Jodhpur,2026-10-04 05:00:00,1,86.9,High,91.49,70.39,100.0,ECMWF,"ECMWF leads with strong short-range skill, with minor model spread in local precipitation."
Jodhpur,2026-10-04 06:00:00,1,85.8,High,91.49,66.7,100.0,ECMWF,"ECMWF leads with strong short-range skill, with minor model spread in local precipitation."
Jodhpur,2026-10-04 07:00:00,1,85.9,High,91.49,67.31,100.0,ECMWF,"ECMWF leads with strong short-range skill, with minor model spread in local precipitation."
Jodhpur,2026-10-04 08:00:00,1,84.6,High,91.49,62.98,100.0,ECMWF,"ECMWF leads with strong short-range skill, with minor model spread in local precipitation."
Jodhpur,2026-10-04 09:00:00,1,85.7,High,91.49,66.57,100.0,ECMWF,"ECMWF leads with strong short-range skill, with minor model spread in local precipitation."
Jodhpur,2026-10-04 10:00:00,1,87.4,High,91.49,72.07,100.0,ECMWF,"ECMWF leads with strong short-range skill, with minor model spread in local precipitation."
Jodhpur,2026-10-04 11:00:00,1,89.0,High,91.49,77.44,100.0,ECMWF,"ECMWF leads with strong short-range skill, with minor model spread in local precipitation."
Jodhpur,2026-10-04 12:00:00,1,89.6,Very High,91.49,79.44,100.0,ECMWF,"ECMWF exhibits outstanding regional skill, maintaining very high blend reliability for this short-range forecast."
Jodhpur,2026-10-04 13:00:00,1,89.2,High,91.49,78.1,100.0,ECMWF,"ECMWF leads with strong short-range skill, with minor model spread in local precipitation."
Jodhpur,2026-10-04 14:00:00,1,88.5,High,91.49,75.76,100.0,ECMWF,"ECMWF leads with strong short-range skill, with minor model spread in local precipitation."
Jodhpur,2026-10-04 15:00:00,1,87.5,High,91.49,72.51,100.0,ECMWF,"ECMWF leads with strong short-range skill, with minor model spread in local precipitation."
Jodhpur,2026-10-04 16:00:00,1,86.9,High,91.49,70.53,100.0,ECMWF,"ECMWF leads with strong short-range skill, with minor model spread in local precipitation."
Jodhpur,2026-10-04 17:00:00,1,87.1,High,91.49,71.17,100.0,ECMWF,"ECMWF leads with strong short-range skill, with minor model spread in local precipitation."
Jodhpur,2026-10-04 18:00:00,1,86.7,High,91.49,69.93,100.0,ECMWF,"ECMWF leads with strong short-range skill, with minor model spread in local precipitation."
Jodhpur,2026-10-04 19:00:00,1,85.2,High,91.49,64.97,100.0,ECMWF,"ECMWF leads with strong short-range skill, with minor model spread in local precipitation."
Jodhpur,2026-10-04 20:00:00,1,84.2,High,91.49,61.52,100.0,ECMWF,"ECMWF leads with strong short-range skill, with minor model spread in local precipitation."
Jodhpur,2026-10-04 21:00:00,1,84.9,High,91.49,63.92,100.0,ECMWF,"ECMWF leads with strong short-range skill, with minor model spread in local precipitation."
Jodhpur,2026-10-04 22:00:00,1,86.6,High,91.49,69.54,100.0,ECMWF,"ECMWF leads with strong short-range skill, with minor model spread in local precipitation."
Jodhpur,2026-10-04 23:00:00,1,86.9,High,91.49,70.44,100.0,ECMWF,"ECMWF leads with strong short-range skill, with minor model spread in local precipitation."
Jodhpur,2026-10-05 00:00:00,2,79.8,High,86.02,69.42,80.0,ECMWF,"Low regional RMSE supports ECMWF dominance, while the 48-hour forecast horizon maintains stable predictability."
Jodhpur,2026-10-05 01:00:00,2,79.7,High,86.02,69.03,80.0,ECMWF,"Low regional RMSE supports ECMWF dominance, while the 48-hour forecast horizon maintains stable predictability."
Jodhpur,2026-10-05 02:00:00,2,79.8,High,86.02,69.21,80.0,ECMWF,"Low regional RMSE supports ECMWF dominance, while the 48-hour forecast horizon maintains stable predictability."
Jodhpur,2026-10-05 03:00:00,2,79.8,High,86.02,69.35,80.0,ECMWF,"Low regional RMSE supports ECMWF dominance, while the 48-hour forecast horizon maintains stable predictability."
Jodhpur,2026-10-05 04:00:00,2,80.0,High,86.02,69.96,80.0,ECMWF,"Low regional RMSE supports ECMWF dominance, while the 48-hour forecast horizon maintains stable predictability."
Jodhpur,2026-10-05 05:00:00,2,79.6,High,86.02,68.73,80.0,ECMWF,"Low regional RMSE supports ECMWF dominance, while the 48-hour forecast horizon maintains stable predictability."
Jodhpur,2026-10-05 06:00:00,2,79.1,High,86.02,67.05,80.0,ECMWF,"Low regional RMSE supports ECMWF dominance, while the 48-hour forecast horizon maintains stable predictability."
Jodhpur,2026-10-05 07:00:00,2,78.9,High,86.02,66.24,80.0,ECMWF,"Low regional RMSE supports ECMWF dominance, while the 48-hour forecast horizon maintains stable predictability."
Jodhpur,2026-10-05 08:00:00,2,77.7,High,86.02,62.18,80.0,ECMWF,"Low regional RMSE supports ECMWF dominance, while the 48-hour forecast horizon maintains stable predictability."
Jodhpur,2026-10-05 09:00:00,2,78.5,High,86.02,65.03,80.0,ECMWF,"Low regional RMSE supports ECMWF dominance, while the 48-hour forecast horizon maintains stable predictability."
Jodhpur,2026-10-05 10:00:00,2,79.0,High,86.02,66.67,80.0,ECMWF,"Low regional RMSE supports ECMWF dominance, while the 48-hour forecast horizon maintains stable predictability."
Jodhpur,2026-10-05 11:00:00,2,79.9,High,86.02,69.75,80.0,ECMWF,"Low regional RMSE supports ECMWF dominance, while the 48-hour forecast horizon maintains stable predictability."
Jodhpur,2026-10-05 12:00:00,2,81.1,High,86.02,73.61,80.0,ECMWF,"Low regional RMSE supports ECMWF dominance, while the 48-hour forecast horizon maintains stable predictability."
Jodhpur,2026-10-05 13:00:00,2,81.9,High,86.02,76.35,80.0,ECMWF,"Low regional RMSE supports ECMWF dominance, while the 48-hour forecast horizon maintains stable predictability."
Jodhpur,2026-10-05 14:00:00,2,81.6,High,86.02,75.23,80.0,ECMWF,"Low regional RMSE supports ECMWF dominance, while the 48-hour forecast horizon maintains stable predictability."
Jodhpur,2026-10-05 15:00:00,2,80.9,High,86.02,72.99,80.0,ECMWF,"Low regional RMSE supports ECMWF dominance, while the 48-hour forecast horizon maintains stable predictability."
Jodhpur,2026-10-05 16:00:00,2,79.9,High,86.02,69.71,80.0,ECMWF,"Low regional RMSE supports ECMWF dominance, while the 48-hour forecast horizon maintains stable predictability."
Jodhpur,2026-10-05 17:00:00,2,80.2,High,86.02,70.62,80.0,ECMWF,"Low regional RMSE supports ECMWF dominance, while the 48-hour forecast horizon maintains stable predictability."
Jodhpur,2026-10-05 18:00:00,2,79.5,High,86.02,68.31,80.0,ECMWF,"Low regional RMSE supports ECMWF dominance, while the 48-hour forecast horizon maintains stable predictability."
Jodhpur,2026-10-05 19:00:00,2,77.4,High,86.02,61.26,80.0,ECMWF,"Low regional RMSE supports ECMWF dominance, while the 48-hour forecast horizon maintains stable predictability."
Jodhpur,2026-10-05 20:00:00,2,76.8,High,86.02,59.16,80.0,ECMWF,"Low regional RMSE supports ECMWF dominance, while the 48-hour forecast horizon maintains stable predictability."
Jodhpur,2026-10-05 21:00:00,2,77.5,High,86.02,61.68,80.0,ECMWF,"Low regional RMSE supports ECMWF dominance, while the 48-hour forecast horizon maintains stable predictability."
Jodhpur,2026-10-05 22:00:00,2,78.8,High,86.02,65.94,80.0,ECMWF,"Low regional RMSE supports ECMWF dominance, while the 48-hour forecast horizon maintains stable predictability."
Jodhpur,2026-10-05 23:00:00,2,79.9,High,86.02,69.56,80.0,ECMWF,"Low regional RMSE supports ECMWF dominance, while the 48-hour forecast horizon maintains stable predictability."
Jodhpur,2026-10-06 00:00:00,3,74.4,Medium,82.94,69.83,60.0,JMA,Models show moderate disagreement and the forecast lead time reduces reliability.
Jodhpur,2026-10-06 01:00:00,3,74.4,Medium,82.94,69.6,60.0,JMA,Models show moderate disagreement and the forecast lead time reduces reliability.
Jodhpur,2026-10-06 02:00:00,3,74.5,High,82.94,70.08,60.0,JMA,"Low regional RMSE supports JMA dominance, while the extended Day 3 lead time maintains stable predictability."
Jodhpur,2026-10-06 03:00:00,3,74.2,Medium,82.94,69.21,60.0,JMA,Models show moderate disagreement and the forecast lead time reduces reliability.
Jodhpur,2026-10-06 04:00:00,3,73.8,Medium,82.94,67.76,60.0,JMA,Models show moderate disagreement and the forecast lead time reduces reliability.
Jodhpur,2026-10-06 05:00:00,3,73.0,Medium,82.94,65.1,60.0,JMA,Models show moderate disagreement and the forecast lead time reduces reliability.
Jodhpur,2026-10-06 06:00:00,3,72.4,Medium,82.94,63.08,60.0,JMA,Models show moderate disagreement and the forecast lead time reduces reliability.
Jodhpur,2026-10-06 07:00:00,3,72.7,Medium,82.94,63.96,60.0,JMA,Models show moderate disagreement and the forecast lead time reduces reliability.
Jodhpur,2026-10-06 08:00:00,3,71.5,Medium,82.94,60.21,60.0,JMA,Models show moderate disagreement and the forecast lead time reduces reliability.
Jodhpur,2026-10-06 09:00:00,3,73.1,Medium,82.94,65.38,60.0,JMA,Models show moderate disagreement and the forecast lead time reduces reliability.
Jodhpur,2026-10-06 10:00:00,3,73.7,Medium,82.94,67.3,60.0,JMA,Models show moderate disagreement and the forecast lead time reduces reliability.
Jodhpur,2026-10-06 11:00:00,3,74.8,High,82.94,71.16,60.0,JMA,"Low regional RMSE supports JMA dominance, while the extended Day 3 lead time maintains stable predictability."
Jodhpur,2026-10-06 12:00:00,3,74.8,High,82.94,71.22,60.0,JMA,"Low regional RMSE supports JMA dominance, while the extended Day 3 lead time maintains stable predictability."
Jodhpur,2026-10-06 13:00:00,3,75.1,High,82.94,72.22,60.0,JMA,"Low regional RMSE supports JMA dominance, while the extended Day 3 lead time maintains stable predictability."
Jodhpur,2026-10-06 14:00:00,3,75.0,High,82.94,71.85,60.0,JMA,"Low regional RMSE supports JMA dominance, while the extended Day 3 lead time maintains stable predictability."
Jodhpur,2026-10-06 15:00:00,3,75.4,High,82.94,73.02,60.0,JMA,"Low regional RMSE supports JMA dominance, while the extended Day 3 lead time maintains stable predictability."
Jodhpur,2026-10-06 16:00:00,3,75.3,High,82.94,72.64,60.0,JMA,"Low regional RMSE supports JMA dominance, while the extended Day 3 lead time maintains stable predictability."
Jodhpur,2026-10-06 17:00:00,3,75.2,High,82.94,72.57,60.0,JMA,"Low regional RMSE supports JMA dominance, while the extended Day 3 lead time maintains stable predictability."
Jodhpur,2026-10-06 18:00:00,3,74.1,Medium,82.94,68.78,60.0,JMA,Models show moderate disagreement and the forecast lead time reduces reliability.
Jodhpur,2026-10-06 19:00:00,3,73.5,Medium,82.94,66.89,60.0,JMA,Models show moderate disagreement and the forecast lead time reduces reliability.
Jodhpur,2026-10-06 20:00:00,3,72.6,Medium,82.94,63.79,60.0,JMA,Models show moderate disagreement and the forecast lead time reduces reliability.
Jodhpur,2026-10-06 21:00:00,3,72.3,Medium,82.94,62.75,60.0,JMA,Models show moderate disagreement and the forecast lead time reduces reliability.
Jodhpur,2026-10-06 22:00:00,3,72.6,Medium,82.94,63.64,60.0,JMA,Models show moderate disagreement and the forecast lead time reduces reliability.
Jodhpur,2026-10-06 23:00:00,3,72.8,Medium,82.94,64.56,60.0,JMA,Models show moderate disagreement and the forecast lead time reduces reliability.
Kanpur,2026-10-04 00:00:00,1,84.4,High,82.61,77.15,100.0,ECMWF,"ECMWF leads with strong short-range skill, with minor model spread in local precipitation."
Kanpur,2026-10-04 01:00:00,1,83.4,High,82.61,73.79,100.0,ECMWF,"ECMWF leads with strong short-range skill, with minor model spread in local precipitation."
Kanpur,2026-10-04 02:00:00,1,83.0,High,82.61,72.48,100.0,ECMWF,"ECMWF leads with strong short-range skill, with minor model spread in local precipitation."
Kanpur,2026-10-04 03:00:00,1,82.3,High,82.61,70.12,100.0,ECMWF,"ECMWF leads with strong short-range skill, with minor model spread in local precipitation."
Kanpur,2026-10-04 04:00:00,1,82.6,High,82.61,71.01,100.0,ECMWF,"ECMWF leads with strong short-range skill, with minor model spread in local precipitation."
Kanpur,2026-10-04 05:00:00,1,84.7,High,82.61,77.89,100.0,ECMWF,"ECMWF leads with strong short-range skill, with minor model spread in local precipitation."
Kanpur,2026-10-04 06:00:00,1,83.8,High,82.61,75.02,100.0,ECMWF,"ECMWF leads with strong short-range skill, with minor model spread in local precipitation."
Kanpur,2026-10-04 07:00:00,1,83.5,High,82.61,73.87,100.0,ECMWF,"ECMWF leads with strong short-range skill, with minor model spread in local precipitation."
Kanpur,2026-10-04 08:00:00,1,82.9,High,82.61,71.93,100.0,ECMWF,"ECMWF leads with strong short-range skill, with minor model spread in local precipitation."
Kanpur,2026-10-04 09:00:00,1,82.0,High,82.61,69.06,100.0,ECMWF,"ECMWF leads with strong short-range skill, with minor model spread in local precipitation."
Kanpur,2026-10-04 10:00:00,1,81.5,High,82.61,67.38,100.0,ECMWF,"ECMWF leads with strong short-range skill, with minor model spread in local precipitation."
Kanpur,2026-10-04 11:00:00,1,81.7,High,82.61,67.87,100.0,ECMWF,"ECMWF leads with strong short-range skill, with minor model spread in local precipitation."
Kanpur,2026-10-04 12:00:00,1,81.9,High,82.61,68.67,100.0,ECMWF,"ECMWF leads with strong short-range skill, with minor model spread in local precipitation."
Kanpur,2026-10-04 13:00:00,1,82.3,High,82.61,70.01,100.0,ECMWF,"ECMWF leads with strong short-range skill, with minor model spread in local precipitation."
Kanpur,2026-10-04 14:00:00,1,83.3,High,82.61,73.37,100.0,ECMWF,"ECMWF leads with strong short-range skill, with minor model spread in local precipitation."
Kanpur,2026-10-04 15:00:00,1,83.8,High,82.61,75.08,100.0,ECMWF,"ECMWF leads with strong short-range skill, with minor model spread in local precipitation."
Kanpur,2026-10-04 16:00:00,1,83.9,High,82.61,75.26,100.0,ECMWF,"ECMWF leads with strong short-range skill, with minor model spread in local precipitation."
Kanpur,2026-10-04 17:00:00,1,83.0,High,82.61,72.42,100.0,ECMWF,"ECMWF leads with strong short-range skill, with minor model spread in local precipitation."
Kanpur,2026-10-04 18:00:00,1,83.7,High,82.61,74.79,100.0,ECMWF,"ECMWF leads with strong short-range skill, with minor model spread in local precipitation."
Kanpur,2026-10-04 19:00:00,1,84.0,High,82.61,75.76,100.0,ECMWF,"ECMWF leads with strong short-range skill, with minor model spread in local precipitation."
Kanpur,2026-10-04 20:00:00,1,83.2,High,82.61,72.88,100.0,ECMWF,"ECMWF leads with strong short-range skill, with minor model spread in local precipitation."
Kanpur,2026-10-04 21:00:00,1,83.6,High,82.61,74.26,100.0,ECMWF,"ECMWF leads with strong short-range skill, with minor model spread in local precipitation."
Kanpur,2026-10-04 22:00:00,1,82.8,High,82.61,71.74,100.0,ECMWF,"ECMWF leads with strong short-range skill, with minor model spread in local precipitation."
Kanpur,2026-10-04 23:00:00,1,82.8,High,82.61,71.7,100.0,ECMWF,"ECMWF leads with strong short-range skill, with minor model spread in local precipitation."
Kanpur,2026-10-05 00:00:00,2,77.4,High,76.22,77.7,80.0,ECMWF,"Low regional RMSE supports ECMWF dominance, while the 48-hour forecast horizon maintains stable predictability."
Kanpur,2026-10-05 01:00:00,2,76.8,High,76.22,75.66,80.0,ECMWF,"Low regional RMSE supports ECMWF dominance, while the 48-hour forecast horizon maintains stable predictability."
Kanpur,2026-10-05 02:00:00,2,75.7,High,76.22,72.0,80.0,ECMWF,"Low regional RMSE supports ECMWF dominance, while the 48-hour forecast horizon maintains stable predictability."
Kanpur,2026-10-05 03:00:00,2,75.2,High,76.22,70.42,80.0,ECMWF,"Low regional RMSE supports ECMWF dominance, while the 48-hour forecast horizon maintains stable predictability."
Kanpur,2026-10-05 04:00:00,2,75.8,High,76.22,72.14,80.0,ECMWF,"Low regional RMSE supports ECMWF dominance, while the 48-hour forecast horizon maintains stable predictability."
Kanpur,2026-10-05 05:00:00,2,76.1,High,76.22,73.25,80.0,ECMWF,"Low regional RMSE supports ECMWF dominance, while the 48-hour forecast horizon maintains stable predictability."
Kanpur,2026-10-05 06:00:00,2,75.5,High,76.22,71.31,80.0,ECMWF,"Low regional RMSE supports ECMWF dominance, while the 48-hour forecast horizon maintains stable predictability."
Kanpur,2026-10-05 07:00:00,2,74.8,High,76.22,69.04,80.0,ECMWF,"Low regional RMSE supports ECMWF dominance, while the 48-hour forecast horizon maintains stable predictability."
Kanpur,2026-10-05 08:00:00,2,74.0,Medium,76.22,66.27,80.0,ECMWF,Inter-model spread indicates divergence between NWP forecasts despite ECMWF weighting.
Kanpur,2026-10-05 09:00:00,2,73.2,Medium,76.22,63.57,80.0,ECMWF,Inter-model spread indicates divergence between NWP forecasts despite ECMWF weighting.
Kanpur,2026-10-05 10:00:00,2,72.6,Medium,76.22,61.78,80.0,ECMWF,Inter-model spread indicates divergence between NWP forecasts despite ECMWF weighting.
Kanpur,2026-10-05 11:00:00,2,72.3,Medium,76.22,60.75,80.0,ECMWF,Inter-model spread indicates divergence between NWP forecasts despite ECMWF weighting.
Kanpur,2026-10-05 12:00:00,2,72.0,Medium,76.22,59.59,80.0,ECMWF,Inter-model spread indicates divergence between NWP forecasts despite ECMWF weighting.
Kanpur,2026-10-05 13:00:00,2,71.8,Medium,76.22,59.07,80.0,ECMWF,Inter-model spread indicates divergence between NWP forecasts despite ECMWF weighting.
Kanpur,2026-10-05 14:00:00,2,72.2,Medium,76.22,60.36,80.0,ECMWF,Inter-model spread indicates divergence between NWP forecasts despite ECMWF weighting.
Kanpur,2026-10-05 15:00:00,2,72.9,Medium,76.22,62.66,80.0,ECMWF,Inter-model spread indicates divergence between NWP forecasts despite ECMWF weighting.
Kanpur,2026-10-05 16:00:00,2,73.2,Medium,76.22,63.75,80.0,ECMWF,Inter-model spread indicates divergence between NWP forecasts despite ECMWF weighting.
Kanpur,2026-10-05 17:00:00,2,72.9,Medium,76.22,62.48,80.0,ECMWF,Inter-model spread indicates divergence between NWP forecasts despite ECMWF weighting.
Kanpur,2026-10-05 18:00:00,2,73.3,Medium,76.22,63.89,80.0,ECMWF,Inter-model spread indicates divergence between NWP forecasts despite ECMWF weighting.
Kanpur,2026-10-05 19:00:00,2,74.4,Medium,76.22,67.65,80.0,ECMWF,Inter-model spread indicates divergence between NWP forecasts despite ECMWF weighting.
Kanpur,2026-10-05 20:00:00,2,74.9,High,76.22,69.22,80.0,ECMWF,"Low regional RMSE supports ECMWF dominance, while the 48-hour forecast horizon maintains stable predictability."
Kanpur,2026-10-05 21:00:00,2,75.0,High,76.22,69.62,80.0,ECMWF,"Low regional RMSE supports ECMWF dominance, while the 48-hour forecast horizon maintains stable predictability."
Kanpur,2026-10-05 22:00:00,2,74.5,High,76.22,68.08,80.0,ECMWF,"Low regional RMSE supports ECMWF dominance, while the 48-hour forecast horizon maintains stable predictability."
Kanpur,2026-10-05 23:00:00,2,74.9,High,76.22,69.3,80.0,ECMWF,"Low regional RMSE supports ECMWF dominance, while the 48-hour forecast horizon maintains stable predictability."
Kanpur,2026-10-06 00:00:00,3,71.3,Medium,78.01,67.79,60.0,JMA,Models show moderate disagreement and the forecast lead time reduces reliability.
Kanpur,2026-10-06 01:00:00,3,71.2,Medium,78.01,67.43,60.0,JMA,Models show moderate disagreement and the forecast lead time reduces reliability.
Kanpur,2026-10-06 02:00:00,3,73.0,Medium,78.01,73.26,60.0,JMA,Models show moderate disagreement and the forecast lead time reduces reliability.
Kanpur,2026-10-06 03:00:00,3,74.4,Medium,78.01,78.14,60.0,JMA,Models show moderate disagreement and the forecast lead time reduces reliability.
Kanpur,2026-10-06 04:00:00,3,74.7,High,78.01,78.99,60.0,JMA,"Low regional RMSE supports JMA dominance, while the extended Day 3 lead time maintains stable predictability."
Kanpur,2026-10-06 05:00:00,3,75.2,High,78.01,80.74,60.0,JMA,"JMA and ensemble members agree closely, while RMSE remains low for this region."
Kanpur,2026-10-06 06:00:00,3,75.1,High,78.01,80.28,60.0,JMA,"JMA and ensemble members agree closely, while RMSE remains low for this region."
Kanpur,2026-10-06 07:00:00,3,73.8,Medium,78.01,75.87,60.0,JMA,Models show moderate disagreement and the forecast lead time reduces reliability.
Kanpur,2026-10-06 08:00:00,3,71.9,Medium,78.01,69.78,60.0,JMA,Models show moderate disagreement and the forecast lead time reduces reliability.
Kanpur,2026-10-06 09:00:00,3,71.1,Medium,78.01,67.12,60.0,JMA,Models show moderate disagreement and the forecast lead time reduces reliability.
Kanpur,2026-10-06 10:00:00,3,69.7,Medium,78.01,62.17,60.0,JMA,Models show moderate disagreement and the forecast lead time reduces reliability.
Kanpur,2026-10-06 11:00:00,3,68.4,Medium,78.01,57.87,60.0,JMA,Models show moderate disagreement and the forecast lead time reduces reliability.
Kanpur,2026-10-06 12:00:00,3,69.9,Medium,78.01,63.03,60.0,JMA,Models show moderate disagreement and the forecast lead time reduces reliability.
Kanpur,2026-10-06 13:00:00,3,70.5,Medium,78.01,64.83,60.0,JMA,Models show moderate disagreement and the forecast lead time reduces reliability.
Kanpur,2026-10-06 14:00:00,3,71.2,Medium,78.01,67.3,60.0,JMA,Models show moderate disagreement and the forecast lead time reduces reliability.
Kanpur,2026-10-06 15:00:00,3,71.1,Medium,78.01,66.85,60.0,JMA,Models show moderate disagreement and the forecast lead time reduces reliability.
Kanpur,2026-10-06 16:00:00,3,72.9,Medium,78.01,72.95,60.0,JMA,Models show moderate disagreement and the forecast lead time reduces reliability.
Kanpur,2026-10-06 17:00:00,3,71.4,Medium,78.01,68.02,60.0,JMA,Models show moderate disagreement and the forecast lead time reduces reliability.
Kanpur,2026-10-06 18:00:00,3,70.6,Medium,78.01,65.48,60.0,JMA,Models show moderate disagreement and the forecast lead time reduces reliability.
Kanpur,2026-10-06 19:00:00,3,70.4,Medium,78.01,64.65,60.0,JMA,Models show moderate disagreement and the forecast lead time reduces reliability.
Kanpur,2026-10-06 20:00:00,3,70.6,Medium,78.01,65.2,60.0,JMA,Models show moderate disagreement and the forecast lead time reduces reliability.
Kanpur,2026-10-06 21:00:00,3,70.6,Medium,78.01,65.39,60.0,JMA,Models show moderate disagreement and the forecast lead time reduces reliability.
Kanpur,2026-10-06 22:00:00,3,70.8,Medium,78.01,65.98,60.0,JMA,Models show moderate disagreement and the forecast lead time reduces reliability.
Kanpur,2026-10-06 23:00:00,3,71.4,Medium,78.01,68.1,60.0,JMA,Models show moderate disagreement and the forecast lead time reduces reliability.
Kochi,2026-10-04 00:00:00,1,83.4,High,84.4,70.65,100.0,ICON,"ICON leads with strong short-range skill, with minor model spread in local precipitation."
Kochi,2026-10-04 01:00:00,1,84.1,High,84.4,73.02,100.0,ICON,"ICON leads with strong short-range skill, with minor model spread in local precipitation."
Kochi,2026-10-04 02:00:00,1,83.5,High,84.4,71.16,100.0,ICON,"ICON leads with strong short-range skill, with minor model spread in local precipitation."
Kochi,2026-10-04 03:00:00,1,84.1,High,84.4,72.86,100.0,ICON,"ICON leads with strong short-range skill, with minor model spread in local precipitation."
Kochi,2026-10-04 04:00:00,1,84.8,High,84.4,75.47,100.0,ICON,"ICON leads with strong short-range skill, with minor model spread in local precipitation."
Kochi,2026-10-04 05:00:00,1,84.9,High,84.4,75.67,100.0,ICON,"ICON leads with strong short-range skill, with minor model spread in local precipitation."
Kochi,2026-10-04 06:00:00,1,84.6,High,84.4,74.77,100.0,ICON,"ICON leads with strong short-range skill, with minor model spread in local precipitation."
Kochi,2026-10-04 07:00:00,1,85.8,High,84.4,78.75,100.0,ICON,"ICON leads with strong short-range skill, with minor model spread in local precipitation."
Kochi,2026-10-04 08:00:00,1,86.3,High,84.4,80.49,100.0,ICON,"ICON and ensemble members agree closely, while RMSE remains low for this region."
Kochi,2026-10-04 09:00:00,1,88.5,High,84.4,87.67,100.0,ICON,"ICON and ensemble members agree closely, while RMSE remains low for this region."
Kochi,2026-10-04 10:00:00,1,87.3,High,84.4,83.76,100.0,ICON,"ICON and ensemble members agree closely, while RMSE remains low for this region."
Kochi,2026-10-04 11:00:00,1,86.2,High,84.4,79.88,100.0,ICON,"ICON leads with strong short-range skill, with minor model spread in local precipitation."
Kochi,2026-10-04 12:00:00,1,84.3,High,84.4,73.72,100.0,ICON,"ICON leads with strong short-range skill, with minor model spread in local precipitation."
Kochi,2026-10-04 13:00:00,1,82.8,High,84.4,68.59,100.0,ICON,"ICON leads with strong short-range skill, with minor model spread in local precipitation."
Kochi,2026-10-04 14:00:00,1,82.8,High,84.4,68.58,100.0,ICON,"ICON leads with strong short-range skill, with minor model spread in local precipitation."
Kochi,2026-10-04 15:00:00,1,82.1,High,84.4,66.26,100.0,ICON,"ICON leads with strong short-range skill, with minor model spread in local precipitation."
Kochi,2026-10-04 16:00:00,1,81.4,High,84.4,64.01,100.0,ICON,"ICON leads with strong short-range skill, with minor model spread in local precipitation."
Kochi,2026-10-04 17:00:00,1,82.9,High,84.4,69.1,100.0,ICON,"ICON leads with strong short-range skill, with minor model spread in local precipitation."
Kochi,2026-10-04 18:00:00,1,81.7,High,84.4,65.12,100.0,ICON,"ICON leads with strong short-range skill, with minor model spread in local precipitation."
Kochi,2026-10-04 19:00:00,1,80.7,High,84.4,61.51,100.0,ICON,"ICON leads with strong short-range skill, with minor model spread in local precipitation."
Kochi,2026-10-04 20:00:00,1,80.9,High,84.4,62.27,100.0,ICON,"ICON leads with strong short-range skill, with minor model spread in local precipitation."
Kochi,2026-10-04 21:00:00,1,77.3,High,84.4,50.23,100.0,ICON,"ICON leads with strong short-range skill, with minor model spread in local precipitation."
Kochi,2026-10-04 22:00:00,1,77.8,High,84.4,52.14,100.0,ICON,"ICON leads with strong short-range skill, with minor model spread in local precipitation."
Kochi,2026-10-04 23:00:00,1,80.8,High,84.4,61.99,100.0,ICON,"ICON leads with strong short-range skill, with minor model spread in local precipitation."
Kochi,2026-10-05 00:00:00,2,76.8,High,83.94,62.63,80.0,ICON,"Low regional RMSE supports ICON dominance, while the 48-hour forecast horizon maintains stable predictability."
Kochi,2026-10-05 01:00:00,2,81.4,High,83.94,78.05,80.0,ICON,"Low regional RMSE supports ICON dominance, while the 48-hour forecast horizon maintains stable predictability."
Kochi,2026-10-05 02:00:00,2,80.5,High,83.94,75.15,80.0,ICON,"Low regional RMSE supports ICON dominance, while the 48-hour forecast horizon maintains stable predictability."
Kochi,2026-10-05 03:00:00,2,80.6,High,83.94,75.41,80.0,ICON,"Low regional RMSE supports ICON dominance, while the 48-hour forecast horizon maintains stable predictability."
Kochi,2026-10-05 04:00:00,2,81.5,High,83.94,78.54,80.0,ICON,"Low regional RMSE supports ICON dominance, while the 48-hour forecast horizon maintains stable predictability."
Kochi,2026-10-05 05:00:00,2,81.9,High,83.94,79.86,80.0,ICON,"Low regional RMSE supports ICON dominance, while the 48-hour forecast horizon maintains stable predictability."
Kochi,2026-10-05 06:00:00,2,82.0,High,83.94,80.13,80.0,ICON,"ICON and ensemble members agree closely, while RMSE remains low for this region."
Kochi,2026-10-05 07:00:00,2,83.5,High,83.94,85.18,80.0,ICON,"ICON and ensemble members agree closely, while RMSE remains low for this region."
Kochi,2026-10-05 08:00:00,2,84.7,High,83.94,89.04,80.0,ICON,"ICON and ensemble members agree closely, while RMSE remains low for this region."
Kochi,2026-10-05 09:00:00,2,83.6,High,83.94,85.47,80.0,ICON,"ICON and ensemble members agree closely, while RMSE remains low for this region."
Kochi,2026-10-05 10:00:00,2,82.6,High,83.94,82.19,80.0,ICON,"ICON and ensemble members agree closely, while RMSE remains low for this region."
Kochi,2026-10-05 11:00:00,2,80.4,High,83.94,74.65,80.0,ICON,"Low regional RMSE supports ICON dominance, while the 48-hour forecast horizon maintains stable predictability."
Kochi,2026-10-05 12:00:00,2,78.1,High,83.94,67.19,80.0,ICON,"Low regional RMSE supports ICON dominance, while the 48-hour forecast horizon maintains stable predictability."
Kochi,2026-10-05 13:00:00,2,77.0,High,83.94,63.52,80.0,ICON,"Low regional RMSE supports ICON dominance, while the 48-hour forecast horizon maintains stable predictability."
Kochi,2026-10-05 14:00:00,2,77.2,High,83.94,63.98,80.0,ICON,"Low regional RMSE supports ICON dominance, while the 48-hour forecast horizon maintains stable predictability."
Kochi,2026-10-05 15:00:00,2,77.0,High,83.94,63.39,80.0,ICON,"Low regional RMSE supports ICON dominance, while the 48-hour forecast horizon maintains stable predictability."
Kochi,2026-10-05 16:00:00,2,77.7,High,83.94,65.88,80.0,ICON,"Low regional RMSE supports ICON dominance, while the 48-hour forecast horizon maintains stable predictability."
Kochi,2026-10-05 17:00:00,2,78.0,High,83.94,66.88,80.0,ICON,"Low regional RMSE supports ICON dominance, while the 48-hour forecast horizon maintains stable predictability."
Kochi,2026-10-05 18:00:00,2,79.5,High,83.94,71.8,80.0,ICON,"Low regional RMSE supports ICON dominance, while the 48-hour forecast horizon maintains stable predictability."
Kochi,2026-10-05 19:00:00,2,80.7,High,83.94,75.86,80.0,ICON,"Low regional RMSE supports ICON dominance, while the 48-hour forecast horizon maintains stable predictability."
Kochi,2026-10-05 20:00:00,2,81.0,High,83.94,76.84,80.0,ICON,"Low regional RMSE supports ICON dominance, while the 48-hour forecast horizon maintains stable predictability."
Kochi,2026-10-05 21:00:00,2,81.6,High,83.94,78.6,80.0,ICON,"Low regional RMSE supports ICON dominance, while the 48-hour forecast horizon maintains stable predictability."
Kochi,2026-10-05 22:00:00,2,80.9,High,83.94,76.42,80.0,ICON,"Low regional RMSE supports ICON dominance, while the 48-hour forecast horizon maintains stable predictability."
Kochi,2026-10-05 23:00:00,2,81.3,High,83.94,77.76,80.0,ICON,"Low regional RMSE supports ICON dominance, while the 48-hour forecast horizon maintains stable predictability."
Kochi,2026-10-06 00:00:00,3,77.3,High,83.07,79.21,60.0,ICON,"Low regional RMSE supports ICON dominance, while the extended Day 3 lead time maintains stable predictability."
Kochi,2026-10-06 01:00:00,3,73.3,Medium,83.07,65.81,60.0,ICON,Models show moderate disagreement and the forecast lead time reduces reliability.
Kochi,2026-10-06 02:00:00,3,75.2,High,83.07,72.07,60.0,ICON,"Low regional RMSE supports ICON dominance, while the extended Day 3 lead time maintains stable predictability."
Kochi,2026-10-06 03:00:00,3,75.6,High,83.07,73.55,60.0,ICON,"Low regional RMSE supports ICON dominance, while the extended Day 3 lead time maintains stable predictability."
Kochi,2026-10-06 04:00:00,3,76.1,High,83.07,75.35,60.0,ICON,"Low regional RMSE supports ICON dominance, while the extended Day 3 lead time maintains stable predictability."
Kochi,2026-10-06 05:00:00,3,76.4,High,83.07,76.07,60.0,ICON,"Low regional RMSE supports ICON dominance, while the extended Day 3 lead time maintains stable predictability."
Kochi,2026-10-06 06:00:00,3,76.5,High,83.07,76.53,60.0,ICON,"Low regional RMSE supports ICON dominance, while the extended Day 3 lead time maintains stable predictability."
Kochi,2026-10-06 07:00:00,3,78.1,High,83.07,81.77,60.0,ICON,"ICON and ensemble members agree closely, while RMSE remains low for this region."
Kochi,2026-10-06 08:00:00,3,79.2,High,83.07,85.67,60.0,ICON,"ICON and ensemble members agree closely, while RMSE remains low for this region."
Kochi,2026-10-06 09:00:00,3,80.1,High,83.07,88.71,60.0,ICON,"ICON and ensemble members agree closely, while RMSE remains low for this region."
Kochi,2026-10-06 10:00:00,3,77.1,High,83.07,78.62,60.0,ICON,"Low regional RMSE supports ICON dominance, while the extended Day 3 lead time maintains stable predictability."
Kochi,2026-10-06 11:00:00,3,76.2,High,83.07,75.46,60.0,ICON,"Low regional RMSE supports ICON dominance, while the extended Day 3 lead time maintains stable predictability."
Kochi,2026-10-06 12:00:00,3,74.3,Medium,83.07,69.33,60.0,ICON,Models show moderate disagreement and the forecast lead time reduces reliability.
Kochi,2026-10-06 13:00:00,3,72.7,Medium,83.07,63.76,60.0,ICON,Models show moderate disagreement and the forecast lead time reduces reliability.
Kochi,2026-10-06 14:00:00,3,71.8,Medium,83.07,60.9,60.0,ICON,Models show moderate disagreement and the forecast lead time reduces reliability.
Kochi,2026-10-06 15:00:00,3,72.3,Medium,83.07,62.47,60.0,ICON,Models show moderate disagreement and the forecast lead time reduces reliability.
Kochi,2026-10-06 16:00:00,3,72.9,Medium,83.07,64.58,60.0,ICON,Models show moderate disagreement and the forecast lead time reduces reliability.
Kochi,2026-10-06 17:00:00,3,75.5,High,83.07,73.07,60.0,ICON,"Low regional RMSE supports ICON dominance, while the extended Day 3 lead time maintains stable predictability."
Kochi,2026-10-06 18:00:00,3,71.0,Medium,83.07,58.12,60.0,ICON,Models show moderate disagreement and the forecast lead time reduces reliability.
Kochi,2026-10-06 19:00:00,3,68.8,Medium,83.07,50.87,60.0,ICON,Models show moderate disagreement and the forecast lead time reduces reliability.
Kochi,2026-10-06 20:00:00,3,68.1,Medium,83.07,48.58,60.0,ICON,Models show moderate disagreement and the forecast lead time reduces reliability.
Kochi,2026-10-06 21:00:00,3,72.2,Medium,83.07,62.13,60.0,ICON,Models show moderate disagreement and the forecast lead time reduces reliability.
Kochi,2026-10-06 22:00:00,3,73.9,Medium,83.07,68.03,60.0,ICON,Models show moderate disagreement and the forecast lead time reduces reliability.
Kochi,2026-10-06 23:00:00,3,74.9,High,83.07,71.14,60.0,ICON,"Low regional RMSE supports ICON dominance, while the extended Day 3 lead time maintains stable predictability."
Kolkata,2026-10-04 00:00:00,1,87.5,High,83.67,85.71,100.0,JMA,"JMA and ensemble members agree closely, while RMSE remains low for this region."
Kolkata,2026-10-04 01:00:00,1,88.2,High,83.67,87.99,100.0,JMA,"JMA and ensemble members agree closely, while RMSE remains low for this region."
Kolkata,2026-10-04 02:00:00,1,88.2,High,83.67,87.76,100.0,JMA,"JMA and ensemble members agree closely, while RMSE remains low for this region."
Kolkata,2026-10-04 03:00:00,1,88.0,High,83.67,87.12,100.0,JMA,"JMA and ensemble members agree closely, while RMSE remains low for this region."
Kolkata,2026-10-04 04:00:00,1,87.8,High,83.67,86.64,100.0,JMA,"JMA and ensemble members agree closely, while RMSE remains low for this region."
Kolkata,2026-10-04 05:00:00,1,88.0,High,83.67,87.25,100.0,JMA,"JMA and ensemble members agree closely, while RMSE remains low for this region."
Kolkata,2026-10-04 06:00:00,1,88.7,High,83.67,89.56,100.0,JMA,"JMA and ensemble members agree closely, while RMSE remains low for this region."
Kolkata,2026-10-04 07:00:00,1,88.8,High,83.67,90.0,100.0,JMA,"JMA and ensemble members agree closely, while RMSE remains low for this region."
Kolkata,2026-10-04 08:00:00,1,88.4,High,83.67,88.53,100.0,JMA,"JMA and ensemble members agree closely, while RMSE remains low for this region."
Kolkata,2026-10-04 09:00:00,1,88.3,High,83.67,88.11,100.0,JMA,"JMA and ensemble members agree closely, while RMSE remains low for this region."
Kolkata,2026-10-04 10:00:00,1,87.8,High,83.67,86.64,100.0,JMA,"JMA and ensemble members agree closely, while RMSE remains low for this region."
Kolkata,2026-10-04 11:00:00,1,87.7,High,83.67,86.36,100.0,JMA,"JMA and ensemble members agree closely, while RMSE remains low for this region."
Kolkata,2026-10-04 12:00:00,1,88.0,High,83.67,87.15,100.0,JMA,"JMA and ensemble members agree closely, while RMSE remains low for this region."
Kolkata,2026-10-04 13:00:00,1,86.9,High,83.67,83.57,100.0,JMA,"JMA and ensemble members agree closely, while RMSE remains low for this region."
Kolkata,2026-10-04 14:00:00,1,85.1,High,83.67,77.58,100.0,JMA,"JMA leads with strong short-range skill, with minor model spread in local precipitation."
Kolkata,2026-10-04 15:00:00,1,83.9,High,83.67,73.42,100.0,JMA,"JMA leads with strong short-range skill, with minor model spread in local precipitation."
Kolkata,2026-10-04 16:00:00,1,83.8,High,83.67,73.15,100.0,JMA,"JMA leads with strong short-range skill, with minor model spread in local precipitation."
Kolkata,2026-10-04 17:00:00,1,83.8,High,83.67,73.12,100.0,JMA,"JMA leads with strong short-range skill, with minor model spread in local precipitation."
Kolkata,2026-10-04 18:00:00,1,83.7,High,83.67,72.88,100.0,JMA,"JMA leads with strong short-range skill, with minor model spread in local precipitation."
Kolkata,2026-10-04 19:00:00,1,83.2,High,83.67,71.24,100.0,JMA,"JMA leads with strong short-range skill, with minor model spread in local precipitation."
Kolkata,2026-10-04 20:00:00,1,82.0,High,83.67,67.07,100.0,JMA,"JMA leads with strong short-range skill, with minor model spread in local precipitation."
Kolkata,2026-10-04 21:00:00,1,81.8,High,83.67,66.53,100.0,JMA,"JMA leads with strong short-range skill, with minor model spread in local precipitation."
Kolkata,2026-10-04 22:00:00,1,82.2,High,83.67,67.99,100.0,JMA,"JMA leads with strong short-range skill, with minor model spread in local precipitation."
Kolkata,2026-10-04 23:00:00,1,84.1,High,83.67,74.11,100.0,JMA,"JMA leads with strong short-range skill, with minor model spread in local precipitation."
Kolkata,2026-10-05 00:00:00,2,79.9,High,80.86,78.35,80.0,JMA,"Low regional RMSE supports JMA dominance, while the 48-hour forecast horizon maintains stable predictability."
Kolkata,2026-10-05 01:00:00,2,81.1,High,80.86,82.31,80.0,JMA,"JMA and ensemble members agree closely, while RMSE remains low for this region."
Kolkata,2026-10-05 02:00:00,2,80.5,High,80.86,80.18,80.0,JMA,"JMA and ensemble members agree closely, while RMSE remains low for this region."
Kolkata,2026-10-05 03:00:00,2,80.3,High,80.86,79.62,80.0,JMA,"Low regional RMSE supports JMA dominance, while the 48-hour forecast horizon maintains stable predictability."
Kolkata,2026-10-05 04:00:00,2,80.3,High,80.86,79.59,80.0,JMA,"Low regional RMSE supports JMA dominance, while the 48-hour forecast horizon maintains stable predictability."
Kolkata,2026-10-05 05:00:00,2,80.5,High,80.86,80.35,80.0,JMA,"JMA and ensemble members agree closely, while RMSE remains low for this region."
Kolkata,2026-10-05 06:00:00,2,80.8,High,80.86,81.07,80.0,JMA,"JMA and ensemble members agree closely, while RMSE remains low for this region."
Kolkata,2026-10-05 07:00:00,2,81.9,High,80.86,84.75,80.0,JMA,"JMA and ensemble members agree closely, while RMSE remains low for this region."
Kolkata,2026-10-05 08:00:00,2,81.9,High,80.86,84.88,80.0,JMA,"JMA and ensemble members agree closely, while RMSE remains low for this region."
Kolkata,2026-10-05 09:00:00,2,81.6,High,80.86,83.96,80.0,JMA,"JMA and ensemble members agree closely, while RMSE remains low for this region."
Kolkata,2026-10-05 10:00:00,2,80.6,High,80.86,80.61,80.0,JMA,"JMA and ensemble members agree closely, while RMSE remains low for this region."
Kolkata,2026-10-05 11:00:00,2,79.8,High,80.86,77.9,80.0,JMA,"Low regional RMSE supports JMA dominance, while the 48-hour forecast horizon maintains stable predictability."
Kolkata,2026-10-05 12:00:00,2,78.2,High,80.86,72.53,80.0,JMA,"Low regional RMSE supports JMA dominance, while the 48-hour forecast horizon maintains stable predictability."
Kolkata,2026-10-05 13:00:00,2,78.9,High,80.86,74.78,80.0,JMA,"Low regional RMSE supports JMA dominance, while the 48-hour forecast horizon maintains stable predictability."
Kolkata,2026-10-05 14:00:00,2,80.0,High,80.86,78.46,80.0,JMA,"Low regional RMSE supports JMA dominance, while the 48-hour forecast horizon maintains stable predictability."
Kolkata,2026-10-05 15:00:00,2,80.1,High,80.86,78.81,80.0,JMA,"Low regional RMSE supports JMA dominance, while the 48-hour forecast horizon maintains stable predictability."
Kolkata,2026-10-05 16:00:00,2,78.3,High,80.86,72.99,80.0,JMA,"Low regional RMSE supports JMA dominance, while the 48-hour forecast horizon maintains stable predictability."
Kolkata,2026-10-05 17:00:00,2,76.6,High,80.86,67.09,80.0,JMA,"Low regional RMSE supports JMA dominance, while the 48-hour forecast horizon maintains stable predictability."
Kolkata,2026-10-05 18:00:00,2,77.5,High,80.86,70.11,80.0,JMA,"Low regional RMSE supports JMA dominance, while the 48-hour forecast horizon maintains stable predictability."
Kolkata,2026-10-05 19:00:00,2,77.9,High,80.86,71.44,80.0,JMA,"Low regional RMSE supports JMA dominance, while the 48-hour forecast horizon maintains stable predictability."
Kolkata,2026-10-05 20:00:00,2,78.4,High,80.86,73.32,80.0,JMA,"Low regional RMSE supports JMA dominance, while the 48-hour forecast horizon maintains stable predictability."
Kolkata,2026-10-05 21:00:00,2,78.6,High,80.86,73.93,80.0,JMA,"Low regional RMSE supports JMA dominance, while the 48-hour forecast horizon maintains stable predictability."
Kolkata,2026-10-05 22:00:00,2,77.3,High,80.86,69.53,80.0,JMA,"Low regional RMSE supports JMA dominance, while the 48-hour forecast horizon maintains stable predictability."
Kolkata,2026-10-05 23:00:00,2,77.7,High,80.86,70.94,80.0,JMA,"Low regional RMSE supports JMA dominance, while the 48-hour forecast horizon maintains stable predictability."
Kolkata,2026-10-06 00:00:00,3,72.7,Medium,78.49,71.62,60.0,JMA,Models show moderate disagreement and the forecast lead time reduces reliability.
Kolkata,2026-10-06 01:00:00,3,74.0,Medium,78.49,76.0,60.0,JMA,Models show moderate disagreement and the forecast lead time reduces reliability.
Kolkata,2026-10-06 02:00:00,3,73.7,Medium,78.49,74.76,60.0,JMA,Models show moderate disagreement and the forecast lead time reduces reliability.
Kolkata,2026-10-06 03:00:00,3,74.2,Medium,78.49,76.39,60.0,JMA,Models show moderate disagreement and the forecast lead time reduces reliability.
Kolkata,2026-10-06 04:00:00,3,74.5,High,78.49,77.66,60.0,JMA,"Low regional RMSE supports JMA dominance, while the extended Day 3 lead time maintains stable predictability."
Kolkata,2026-10-06 05:00:00,3,74.3,Medium,78.49,76.98,60.0,JMA,Models show moderate disagreement and the forecast lead time reduces reliability.
Kolkata,2026-10-06 06:00:00,3,75.1,High,78.49,79.36,60.0,JMA,"Low regional RMSE supports JMA dominance, while the extended Day 3 lead time maintains stable predictability."
Kolkata,2026-10-06 07:00:00,3,75.7,High,78.49,81.53,60.0,JMA,"JMA and ensemble members agree closely, while RMSE remains low for this region."
Kolkata,2026-10-06 08:00:00,3,76.9,High,78.49,85.43,60.0,JMA,"JMA and ensemble members agree closely, while RMSE remains low for this region."
Kolkata,2026-10-06 09:00:00,3,77.3,High,78.49,86.9,60.0,JMA,"JMA and ensemble members agree closely, while RMSE remains low for this region."
Kolkata,2026-10-06 10:00:00,3,77.9,High,78.49,88.81,60.0,JMA,"JMA and ensemble members agree closely, while RMSE remains low for this region."
Kolkata,2026-10-06 11:00:00,3,77.4,High,78.49,87.29,60.0,JMA,"JMA and ensemble members agree closely, while RMSE remains low for this region."
Kolkata,2026-10-06 12:00:00,3,76.4,High,78.49,83.79,60.0,JMA,"JMA and ensemble members agree closely, while RMSE remains low for this region."
Kolkata,2026-10-06 13:00:00,3,74.6,High,78.49,77.87,60.0,JMA,"Low regional RMSE supports JMA dominance, while the extended Day 3 lead time maintains stable predictability."
Kolkata,2026-10-06 14:00:00,3,72.4,Medium,78.49,70.38,60.0,JMA,Models show moderate disagreement and the forecast lead time reduces reliability.
Kolkata,2026-10-06 15:00:00,3,71.8,Medium,78.49,68.47,60.0,JMA,Models show moderate disagreement and the forecast lead time reduces reliability.
Kolkata,2026-10-06 16:00:00,3,72.2,Medium,78.49,69.74,60.0,JMA,Models show moderate disagreement and the forecast lead time reduces reliability.
Kolkata,2026-10-06 17:00:00,3,72.5,Medium,78.49,70.76,60.0,JMA,Models show moderate disagreement and the forecast lead time reduces reliability.
Kolkata,2026-10-06 18:00:00,3,73.5,Medium,78.49,74.2,60.0,JMA,Models show moderate disagreement and the forecast lead time reduces reliability.
Kolkata,2026-10-06 19:00:00,3,71.4,Medium,78.49,67.27,60.0,JMA,Models show moderate disagreement and the forecast lead time reduces reliability.
Kolkata,2026-10-06 20:00:00,3,70.4,Medium,78.49,63.8,60.0,JMA,Models show moderate disagreement and the forecast lead time reduces reliability.
Kolkata,2026-10-06 21:00:00,3,71.3,Medium,78.49,66.94,60.0,JMA,Models show moderate disagreement and the forecast lead time reduces reliability.
Kolkata,2026-10-06 22:00:00,3,73.0,Medium,78.49,72.44,60.0,JMA,Models show moderate disagreement and the forecast lead time reduces reliability.
Kolkata,2026-10-06 23:00:00,3,72.8,Medium,78.49,71.84,60.0,JMA,Models show moderate disagreement and the forecast lead time reduces reliability.
Kota,2026-10-04 00:00:00,1,85.1,High,86.11,73.48,100.0,ECMWF,"ECMWF leads with strong short-range skill, with minor model spread in local precipitation."
Kota,2026-10-04 01:00:00,1,85.2,High,86.11,73.73,100.0,ECMWF,"ECMWF leads with strong short-range skill, with minor model spread in local precipitation."
Kota,2026-10-04 02:00:00,1,85.4,High,86.11,74.63,100.0,ECMWF,"ECMWF leads with strong short-range skill, with minor model spread in local precipitation."
Kota,2026-10-04 03:00:00,1,85.8,High,86.11,75.75,100.0,ECMWF,"ECMWF leads with strong short-range skill, with minor model spread in local precipitation."
Kota,2026-10-04 04:00:00,1,85.7,High,86.11,75.39,100.0,ECMWF,"ECMWF leads with strong short-range skill, with minor model spread in local precipitation."
Kota,2026-10-04 05:00:00,1,86.3,High,86.11,77.54,100.0,ECMWF,"ECMWF leads with strong short-range skill, with minor model spread in local precipitation."
Kota,2026-10-04 06:00:00,1,85.5,High,86.11,74.92,100.0,ECMWF,"ECMWF leads with strong short-range skill, with minor model spread in local precipitation."
Kota,2026-10-04 07:00:00,1,84.9,High,86.11,72.98,100.0,ECMWF,"ECMWF leads with strong short-range skill, with minor model spread in local precipitation."
Kota,2026-10-04 08:00:00,1,85.8,High,86.11,75.87,100.0,ECMWF,"ECMWF leads with strong short-range skill, with minor model spread in local precipitation."
Kota,2026-10-04 09:00:00,1,85.9,High,86.11,76.17,100.0,ECMWF,"ECMWF leads with strong short-range skill, with minor model spread in local precipitation."
Kota,2026-10-04 10:00:00,1,86.7,High,86.11,78.7,100.0,ECMWF,"ECMWF leads with strong short-range skill, with minor model spread in local precipitation."
Kota,2026-10-04 11:00:00,1,87.2,High,86.11,80.39,100.0,ECMWF,"ECMWF and ensemble members agree closely, while RMSE remains low for this region."
Kota,2026-10-04 12:00:00,1,88.4,High,86.11,84.62,100.0,ECMWF,"ECMWF and ensemble members agree closely, while RMSE remains low for this region."
Kota,2026-10-04 13:00:00,1,88.5,High,86.11,84.94,100.0,ECMWF,"ECMWF and ensemble members agree closely, while RMSE remains low for this region."
Kota,2026-10-04 14:00:00,1,87.8,High,86.11,82.45,100.0,ECMWF,"ECMWF and ensemble members agree closely, while RMSE remains low for this region."
Kota,2026-10-04 15:00:00,1,85.8,High,86.11,75.66,100.0,ECMWF,"ECMWF leads with strong short-range skill, with minor model spread in local precipitation."
Kota,2026-10-04 16:00:00,1,83.2,High,86.11,67.18,100.0,ECMWF,"ECMWF leads with strong short-range skill, with minor model spread in local precipitation."
Kota,2026-10-04 17:00:00,1,82.2,High,86.11,63.91,100.0,ECMWF,"ECMWF leads with strong short-range skill, with minor model spread in local precipitation."
Kota,2026-10-04 18:00:00,1,81.7,High,86.11,62.09,100.0,ECMWF,"ECMWF leads with strong short-range skill, with minor model spread in local precipitation."
Kota,2026-10-04 19:00:00,1,81.7,High,86.11,62.14,100.0,ECMWF,"ECMWF leads with strong short-range skill, with minor model spread in local precipitation."
Kota,2026-10-04 20:00:00,1,81.3,High,86.11,60.82,100.0,ECMWF,"ECMWF leads with strong short-range skill, with minor model spread in local precipitation."
Kota,2026-10-04 21:00:00,1,82.1,High,86.11,63.42,100.0,ECMWF,"ECMWF leads with strong short-range skill, with minor model spread in local precipitation."
Kota,2026-10-04 22:00:00,1,82.8,High,86.11,65.92,100.0,ECMWF,"ECMWF leads with strong short-range skill, with minor model spread in local precipitation."
Kota,2026-10-04 23:00:00,1,83.0,High,86.11,66.55,100.0,ECMWF,"ECMWF leads with strong short-range skill, with minor model spread in local precipitation."
Kota,2026-10-05 00:00:00,2,77.2,High,81.71,67.76,80.0,ECMWF,"Low regional RMSE supports ECMWF dominance, while the 48-hour forecast horizon maintains stable predictability."
Kota,2026-10-05 01:00:00,2,77.4,High,81.71,68.65,80.0,ECMWF,"Low regional RMSE supports ECMWF dominance, while the 48-hour forecast horizon maintains stable predictability."
Kota,2026-10-05 02:00:00,2,78.2,High,81.71,71.23,80.0,ECMWF,"Low regional RMSE supports ECMWF dominance, while the 48-hour forecast horizon maintains stable predictability."
Kota,2026-10-05 03:00:00,2,79.0,High,81.71,73.94,80.0,ECMWF,"Low regional RMSE supports ECMWF dominance, while the 48-hour forecast horizon maintains stable predictability."
Kota,2026-10-05 04:00:00,2,79.0,High,81.71,73.66,80.0,ECMWF,"Low regional RMSE supports ECMWF dominance, while the 48-hour forecast horizon maintains stable predictability."
Kota,2026-10-05 05:00:00,2,78.6,High,81.71,72.41,80.0,ECMWF,"Low regional RMSE supports ECMWF dominance, while the 48-hour forecast horizon maintains stable predictability."
Kota,2026-10-05 06:00:00,2,77.7,High,81.71,69.63,80.0,ECMWF,"Low regional RMSE supports ECMWF dominance, while the 48-hour forecast horizon maintains stable predictability."
Kota,2026-10-05 07:00:00,2,77.3,High,81.71,68.02,80.0,ECMWF,"Low regional RMSE supports ECMWF dominance, while the 48-hour forecast horizon maintains stable predictability."
Kota,2026-10-05 08:00:00,2,75.7,High,81.71,62.74,80.0,ECMWF,"Low regional RMSE supports ECMWF dominance, while the 48-hour forecast horizon maintains stable predictability."
Kota,2026-10-05 09:00:00,2,75.4,High,81.71,61.72,80.0,ECMWF,"Low regional RMSE supports ECMWF dominance, while the 48-hour forecast horizon maintains stable predictability."
Kota,2026-10-05 10:00:00,2,75.7,High,81.71,62.9,80.0,ECMWF,"Low regional RMSE supports ECMWF dominance, while the 48-hour forecast horizon maintains stable predictability."
Kota,2026-10-05 11:00:00,2,76.3,High,81.71,64.72,80.0,ECMWF,"Low regional RMSE supports ECMWF dominance, while the 48-hour forecast horizon maintains stable predictability."
Kota,2026-10-05 12:00:00,2,76.6,High,81.71,65.9,80.0,ECMWF,"Low regional RMSE supports ECMWF dominance, while the 48-hour forecast horizon maintains stable predictability."
Kota,2026-10-05 13:00:00,2,76.9,High,81.71,66.96,80.0,ECMWF,"Low regional RMSE supports ECMWF dominance, while the 48-hour forecast horizon maintains stable predictability."
Kota,2026-10-05 14:00:00,2,77.1,High,81.71,67.33,80.0,ECMWF,"Low regional RMSE supports ECMWF dominance, while the 48-hour forecast horizon maintains stable predictability."
Kota,2026-10-05 15:00:00,2,76.7,High,81.71,66.27,80.0,ECMWF,"Low regional RMSE supports ECMWF dominance, while the 48-hour forecast horizon maintains stable predictability."
Kota,2026-10-05 16:00:00,2,76.1,High,81.71,64.24,80.0,ECMWF,"Low regional RMSE supports ECMWF dominance, while the 48-hour forecast horizon maintains stable predictability."
Kota,2026-10-05 17:00:00,2,75.2,High,81.71,61.12,80.0,ECMWF,"Low regional RMSE supports ECMWF dominance, while the 48-hour forecast horizon maintains stable predictability."
Kota,2026-10-05 18:00:00,2,74.4,Medium,81.71,58.55,80.0,ECMWF,Inter-model spread indicates divergence between NWP forecasts despite ECMWF weighting.
Kota,2026-10-05 19:00:00,2,74.4,Medium,81.71,58.52,80.0,ECMWF,Inter-model spread indicates divergence between NWP forecasts despite ECMWF weighting.
Kota,2026-10-05 20:00:00,2,74.2,Medium,81.71,57.92,80.0,ECMWF,Inter-model spread indicates divergence between NWP forecasts despite ECMWF weighting.
Kota,2026-10-05 21:00:00,2,74.7,High,81.71,59.41,80.0,ECMWF,"Low regional RMSE supports ECMWF dominance, while the 48-hour forecast horizon maintains stable predictability."
Kota,2026-10-05 22:00:00,2,75.4,High,81.71,61.94,80.0,ECMWF,"Low regional RMSE supports ECMWF dominance, while the 48-hour forecast horizon maintains stable predictability."
Kota,2026-10-05 23:00:00,2,76.2,High,81.71,64.55,80.0,ECMWF,"Low regional RMSE supports ECMWF dominance, while the 48-hour forecast horizon maintains stable predictability."
Kota,2026-10-06 00:00:00,3,70.5,Medium,79.0,63.35,60.0,JMA,Models show moderate disagreement and the forecast lead time reduces reliability.
Kota,2026-10-06 01:00:00,3,71.4,Medium,79.0,66.35,60.0,JMA,Models show moderate disagreement and the forecast lead time reduces reliability.
Kota,2026-10-06 02:00:00,3,72.1,Medium,79.0,68.78,60.0,JMA,Models show moderate disagreement and the forecast lead time reduces reliability.
Kota,2026-10-06 03:00:00,3,72.7,Medium,79.0,70.63,60.0,JMA,Models show moderate disagreement and the forecast lead time reduces reliability.
Kota,2026-10-06 04:00:00,3,71.6,Medium,79.0,67.14,60.0,JMA,Models show moderate disagreement and the forecast lead time reduces reliability.
Kota,2026-10-06 05:00:00,3,71.2,Medium,79.0,65.73,60.0,JMA,Models show moderate disagreement and the forecast lead time reduces reliability.
Kota,2026-10-06 06:00:00,3,70.9,Medium,79.0,64.52,60.0,JMA,Models show moderate disagreement and the forecast lead time reduces reliability.
Kota,2026-10-06 07:00:00,3,71.4,Medium,79.0,66.41,60.0,JMA,Models show moderate disagreement and the forecast lead time reduces reliability.
Kota,2026-10-06 08:00:00,3,71.3,Medium,79.0,65.95,60.0,JMA,Models show moderate disagreement and the forecast lead time reduces reliability.
Kota,2026-10-06 09:00:00,3,71.3,Medium,79.0,65.89,60.0,JMA,Models show moderate disagreement and the forecast lead time reduces reliability.
Kota,2026-10-06 10:00:00,3,71.6,Medium,79.0,66.92,60.0,JMA,Models show moderate disagreement and the forecast lead time reduces reliability.
Kota,2026-10-06 11:00:00,3,71.4,Medium,79.0,66.25,60.0,JMA,Models show moderate disagreement and the forecast lead time reduces reliability.
Kota,2026-10-06 12:00:00,3,71.4,Medium,79.0,66.23,60.0,JMA,Models show moderate disagreement and the forecast lead time reduces reliability.
Kota,2026-10-06 13:00:00,3,71.1,Medium,79.0,65.49,60.0,JMA,Models show moderate disagreement and the forecast lead time reduces reliability.
Kota,2026-10-06 14:00:00,3,71.4,Medium,79.0,66.22,60.0,JMA,Models show moderate disagreement and the forecast lead time reduces reliability.
Kota,2026-10-06 15:00:00,3,71.1,Medium,79.0,65.43,60.0,JMA,Models show moderate disagreement and the forecast lead time reduces reliability.
Kota,2026-10-06 16:00:00,3,71.2,Medium,79.0,65.75,60.0,JMA,Models show moderate disagreement and the forecast lead time reduces reliability.
Kota,2026-10-06 17:00:00,3,70.9,Medium,79.0,64.52,60.0,JMA,Models show moderate disagreement and the forecast lead time reduces reliability.
Kota,2026-10-06 18:00:00,3,69.7,Medium,79.0,60.67,60.0,JMA,Models show moderate disagreement and the forecast lead time reduces reliability.
Kota,2026-10-06 19:00:00,3,69.5,Medium,79.0,60.06,60.0,JMA,Models show moderate disagreement and the forecast lead time reduces reliability.
Kota,2026-10-06 20:00:00,3,69.9,Medium,79.0,61.43,60.0,JMA,Models show moderate disagreement and the forecast lead time reduces reliability.
Kota,2026-10-06 21:00:00,3,70.3,Medium,79.0,62.7,60.0,JMA,Models show moderate disagreement and the forecast lead time reduces reliability.
Kota,2026-10-06 22:00:00,3,70.5,Medium,79.0,63.4,60.0,JMA,Models show moderate disagreement and the forecast lead time reduces reliability.
Kota,2026-10-06 23:00:00,3,70.4,Medium,79.0,63.03,60.0,JMA,Models show moderate disagreement and the forecast lead time reduces reliability.
Lucknow,2026-10-04 00:00:00,1,87.1,High,84.51,82.98,100.0,ECMWF,"ECMWF and ensemble members agree closely, while RMSE remains low for this region."
Lucknow,2026-10-04 01:00:00,1,87.1,High,84.51,82.7,100.0,ECMWF,"ECMWF and ensemble members agree closely, while RMSE remains low for this region."
Lucknow,2026-10-04 02:00:00,1,86.5,High,84.51,80.79,100.0,ECMWF,"ECMWF and ensemble members agree closely, while RMSE remains low for this region."
Lucknow,2026-10-04 03:00:00,1,86.4,High,84.51,80.49,100.0,ECMWF,"ECMWF and ensemble members agree closely, while RMSE remains low for this region."
Lucknow,2026-10-04 04:00:00,1,87.6,High,84.51,84.35,100.0,ECMWF,"ECMWF and ensemble members agree closely, while RMSE remains low for this region."
Lucknow,2026-10-04 05:00:00,1,88.1,High,84.51,86.18,100.0,ECMWF,"ECMWF and ensemble members agree closely, while RMSE remains low for this region."
Lucknow,2026-10-04 06:00:00,1,86.2,High,84.51,79.81,100.0,ECMWF,"ECMWF leads with strong short-range skill, with minor model spread in local precipitation."
Lucknow,2026-10-04 07:00:00,1,86.2,High,84.51,79.86,100.0,ECMWF,"ECMWF leads with strong short-range skill, with minor model spread in local precipitation."
Lucknow,2026-10-04 08:00:00,1,87.0,High,84.51,82.63,100.0,ECMWF,"ECMWF and ensemble members agree closely, while RMSE remains low for this region."
Lucknow,2026-10-04 09:00:00,1,86.9,High,84.51,82.19,100.0,ECMWF,"ECMWF and ensemble members agree closely, while RMSE remains low for this region."
Lucknow,2026-10-04 10:00:00,1,86.4,High,84.51,80.55,100.0,ECMWF,"ECMWF and ensemble members agree closely, while RMSE remains low for this region."
Lucknow,2026-10-04 11:00:00,1,85.9,High,84.51,78.88,100.0,ECMWF,"ECMWF leads with strong short-range skill, with minor model spread in local precipitation."
Lucknow,2026-10-04 12:00:00,1,86.0,High,84.51,79.13,100.0,ECMWF,"ECMWF leads with strong short-range skill, with minor model spread in local precipitation."
Lucknow,2026-10-04 13:00:00,1,84.3,High,84.51,73.49,100.0,ECMWF,"ECMWF leads with strong short-range skill, with minor model spread in local precipitation."
Lucknow,2026-10-04 14:00:00,1,83.2,High,84.51,69.79,100.0,ECMWF,"ECMWF leads with strong short-range skill, with minor model spread in local precipitation."
Lucknow,2026-10-04 15:00:00,1,83.7,High,84.51,71.32,100.0,ECMWF,"ECMWF leads with strong short-range skill, with minor model spread in local precipitation."
Lucknow,2026-10-04 16:00:00,1,84.2,High,84.51,73.01,100.0,ECMWF,"ECMWF leads with strong short-range skill, with minor model spread in local precipitation."
Lucknow,2026-10-04 17:00:00,1,84.6,High,84.51,74.38,100.0,ECMWF,"ECMWF leads with strong short-range skill, with minor model spread in local precipitation."
Lucknow,2026-10-04 18:00:00,1,84.2,High,84.51,73.25,100.0,ECMWF,"ECMWF leads with strong short-range skill, with minor model spread in local precipitation."
Lucknow,2026-10-04 19:00:00,1,84.3,High,84.51,73.51,100.0,ECMWF,"ECMWF leads with strong short-range skill, with minor model spread in local precipitation."
Lucknow,2026-10-04 20:00:00,1,84.8,High,84.51,75.18,100.0,ECMWF,"ECMWF leads with strong short-range skill, with minor model spread in local precipitation."
Lucknow,2026-10-04 21:00:00,1,84.7,High,84.51,74.94,100.0,ECMWF,"ECMWF leads with strong short-range skill, with minor model spread in local precipitation."
Lucknow,2026-10-04 22:00:00,1,84.5,High,84.51,74.25,100.0,ECMWF,"ECMWF leads with strong short-range skill, with minor model spread in local precipitation."
Lucknow,2026-10-04 23:00:00,1,85.8,High,84.51,78.48,100.0,ECMWF,"ECMWF leads with strong short-range skill, with minor model spread in local precipitation."
Lucknow,2026-10-05 00:00:00,2,80.9,High,82.67,78.47,80.0,JMA,"Low regional RMSE supports JMA dominance, while the 48-hour forecast horizon maintains stable predictability."
Lucknow,2026-10-05 01:00:00,2,81.9,High,82.67,81.77,80.0,JMA,"JMA and ensemble members agree closely, while RMSE remains low for this region."
Lucknow,2026-10-05 02:00:00,2,82.8,High,82.67,84.83,80.0,JMA,"JMA and ensemble members agree closely, while RMSE remains low for this region."
Lucknow,2026-10-05 03:00:00,2,82.5,High,82.67,83.86,80.0,JMA,"JMA and ensemble members agree closely, while RMSE remains low for this region."
Lucknow,2026-10-05 04:00:00,2,82.5,High,82.67,83.88,80.0,JMA,"JMA and ensemble members agree closely, while RMSE remains low for this region."
Lucknow,2026-10-05 05:00:00,2,82.2,High,82.67,82.83,80.0,JMA,"JMA and ensemble members agree closely, while RMSE remains low for this region."
Lucknow,2026-10-05 06:00:00,2,81.6,High,82.67,80.95,80.0,JMA,"JMA and ensemble members agree closely, while RMSE remains low for this region."
Lucknow,2026-10-05 07:00:00,2,80.6,High,82.67,77.56,80.0,JMA,"Low regional RMSE supports JMA dominance, while the 48-hour forecast horizon maintains stable predictability."
Lucknow,2026-10-05 08:00:00,2,79.1,High,82.67,72.68,80.0,JMA,"Low regional RMSE supports JMA dominance, while the 48-hour forecast horizon maintains stable predictability."
Lucknow,2026-10-05 09:00:00,2,79.1,High,82.67,72.43,80.0,JMA,"Low regional RMSE supports JMA dominance, while the 48-hour forecast horizon maintains stable predictability."
Lucknow,2026-10-05 10:00:00,2,79.1,High,82.67,72.67,80.0,JMA,"Low regional RMSE supports JMA dominance, while the 48-hour forecast horizon maintains stable predictability."
Lucknow,2026-10-05 11:00:00,2,79.7,High,82.67,74.43,80.0,JMA,"Low regional RMSE supports JMA dominance, while the 48-hour forecast horizon maintains stable predictability."
Lucknow,2026-10-05 12:00:00,2,78.9,High,82.67,72.02,80.0,JMA,"Low regional RMSE supports JMA dominance, while the 48-hour forecast horizon maintains stable predictability."
Lucknow,2026-10-05 13:00:00,2,77.6,High,82.67,67.54,80.0,JMA,"Low regional RMSE supports JMA dominance, while the 48-hour forecast horizon maintains stable predictability."
Lucknow,2026-10-05 14:00:00,2,74.9,High,82.67,58.53,80.0,JMA,"Low regional RMSE supports JMA dominance, while the 48-hour forecast horizon maintains stable predictability."
Lucknow,2026-10-05 15:00:00,2,75.4,High,82.67,60.34,80.0,JMA,"Low regional RMSE supports JMA dominance, while the 48-hour forecast horizon maintains stable predictability."
Lucknow,2026-10-05 16:00:00,2,76.6,High,82.67,64.18,80.0,JMA,"Low regional RMSE supports JMA dominance, while the 48-hour forecast horizon maintains stable predictability."
Lucknow,2026-10-05 17:00:00,2,78.9,High,82.67,71.85,80.0,JMA,"Low regional RMSE supports JMA dominance, while the 48-hour forecast horizon maintains stable predictability."
Lucknow,2026-10-05 18:00:00,2,78.8,High,82.67,71.62,80.0,JMA,"Low regional RMSE supports JMA dominance, while the 48-hour forecast horizon maintains stable predictability."
Lucknow,2026-10-05 19:00:00,2,77.8,High,82.67,68.05,80.0,JMA,"Low regional RMSE supports JMA dominance, while the 48-hour forecast horizon maintains stable predictability."
Lucknow,2026-10-05 20:00:00,2,78.8,High,82.67,71.6,80.0,JMA,"Low regional RMSE supports JMA dominance, while the 48-hour forecast horizon maintains stable predictability."
Lucknow,2026-10-05 21:00:00,2,79.1,High,82.67,72.49,80.0,JMA,"Low regional RMSE supports JMA dominance, while the 48-hour forecast horizon maintains stable predictability."
Lucknow,2026-10-05 22:00:00,2,78.7,High,82.67,71.1,80.0,JMA,"Low regional RMSE supports JMA dominance, while the 48-hour forecast horizon maintains stable predictability."
Lucknow,2026-10-05 23:00:00,2,79.9,High,82.67,75.37,80.0,JMA,"Low regional RMSE supports JMA dominance, while the 48-hour forecast horizon maintains stable predictability."
Lucknow,2026-10-06 00:00:00,3,76.0,High,79.98,80.06,60.0,JMA,"JMA and ensemble members agree closely, while RMSE remains low for this region."
Lucknow,2026-10-06 01:00:00,3,74.8,High,79.98,76.1,60.0,JMA,"Low regional RMSE supports JMA dominance, while the extended Day 3 lead time maintains stable predictability."
Lucknow,2026-10-06 02:00:00,3,76.7,High,79.98,82.24,60.0,JMA,"JMA and ensemble members agree closely, while RMSE remains low for this region."
Lucknow,2026-10-06 03:00:00,3,76.2,High,79.98,80.83,60.0,JMA,"JMA and ensemble members agree closely, while RMSE remains low for this region."
Lucknow,2026-10-06 04:00:00,3,75.9,High,79.98,79.68,60.0,JMA,"Low regional RMSE supports JMA dominance, while the extended Day 3 lead time maintains stable predictability."
Lucknow,2026-10-06 05:00:00,3,75.4,High,79.98,77.99,60.0,JMA,"Low regional RMSE supports JMA dominance, while the extended Day 3 lead time maintains stable predictability."
Lucknow,2026-10-06 06:00:00,3,77.6,High,79.98,85.27,60.0,JMA,"JMA and ensemble members agree closely, while RMSE remains low for this region."
Lucknow,2026-10-06 07:00:00,3,75.0,High,79.98,76.74,60.0,JMA,"Low regional RMSE supports JMA dominance, while the extended Day 3 lead time maintains stable predictability."
Lucknow,2026-10-06 08:00:00,3,73.2,Medium,79.98,70.61,60.0,JMA,Models show moderate disagreement and the forecast lead time reduces reliability.
Lucknow,2026-10-06 09:00:00,3,70.3,Medium,79.98,60.98,60.0,JMA,Models show moderate disagreement and the forecast lead time reduces reliability.
Lucknow,2026-10-06 10:00:00,3,68.8,Medium,79.98,56.08,60.0,JMA,Models show moderate disagreement and the forecast lead time reduces reliability.
Lucknow,2026-10-06 11:00:00,3,66.4,Medium,79.98,48.09,60.0,JMA,Models show moderate disagreement and the forecast lead time reduces reliability.
Lucknow,2026-10-06 12:00:00,3,69.5,Medium,79.98,58.42,60.0,JMA,Models show moderate disagreement and the forecast lead time reduces reliability.
Lucknow,2026-10-06 13:00:00,3,70.8,Medium,79.98,62.66,60.0,JMA,Models show moderate disagreement and the forecast lead time reduces reliability.
Lucknow,2026-10-06 14:00:00,3,71.6,Medium,79.98,65.33,60.0,JMA,Models show moderate disagreement and the forecast lead time reduces reliability.
Lucknow,2026-10-06 15:00:00,3,72.5,Medium,79.98,68.48,60.0,JMA,Models show moderate disagreement and the forecast lead time reduces reliability.
Lucknow,2026-10-06 16:00:00,3,71.9,Medium,79.98,66.46,60.0,JMA,Models show moderate disagreement and the forecast lead time reduces reliability.
Lucknow,2026-10-06 17:00:00,3,70.1,Medium,79.98,60.38,60.0,JMA,Models show moderate disagreement and the forecast lead time reduces reliability.
Lucknow,2026-10-06 18:00:00,3,69.8,Medium,79.98,59.45,60.0,JMA,Models show moderate disagreement and the forecast lead time reduces reliability.
Lucknow,2026-10-06 19:00:00,3,71.0,Medium,79.98,63.42,60.0,JMA,Models show moderate disagreement and the forecast lead time reduces reliability.
Lucknow,2026-10-06 20:00:00,3,72.2,Medium,79.98,67.43,60.0,JMA,Models show moderate disagreement and the forecast lead time reduces reliability.
Lucknow,2026-10-06 21:00:00,3,72.6,Medium,79.98,68.74,60.0,JMA,Models show moderate disagreement and the forecast lead time reduces reliability.
Lucknow,2026-10-06 22:00:00,3,71.5,Medium,79.98,64.99,60.0,JMA,Models show moderate disagreement and the forecast lead time reduces reliability.
Lucknow,2026-10-06 23:00:00,3,71.1,Medium,79.98,63.81,60.0,JMA,Models show moderate disagreement and the forecast lead time reduces reliability.
Ludhiana,2026-10-04 00:00:00,1,84.8,High,84.62,74.95,100.0,ECMWF,"ECMWF leads with strong short-range skill, with minor model spread in local precipitation."
Ludhiana,2026-10-04 01:00:00,1,86.0,High,84.62,79.02,100.0,ECMWF,"ECMWF leads with strong short-range skill, with minor model spread in local precipitation."
Ludhiana,2026-10-04 02:00:00,1,86.5,High,84.62,80.63,100.0,ECMWF,"ECMWF and ensemble members agree closely, while RMSE remains low for this region."
Ludhiana,2026-10-04 03:00:00,1,85.4,High,84.62,76.84,100.0,ECMWF,"ECMWF leads with strong short-range skill, with minor model spread in local precipitation."
Ludhiana,2026-10-04 04:00:00,1,85.1,High,84.62,76.04,100.0,ECMWF,"ECMWF leads with strong short-range skill, with minor model spread in local precipitation."
Ludhiana,2026-10-04 05:00:00,1,85.6,High,84.62,77.55,100.0,ECMWF,"ECMWF leads with strong short-range skill, with minor model spread in local precipitation."
Ludhiana,2026-10-04 06:00:00,1,84.5,High,84.62,74.05,100.0,ECMWF,"ECMWF leads with strong short-range skill, with minor model spread in local precipitation."
Ludhiana,2026-10-04 07:00:00,1,85.9,High,84.62,78.67,100.0,ECMWF,"ECMWF leads with strong short-range skill, with minor model spread in local precipitation."
Ludhiana,2026-10-04 08:00:00,1,86.0,High,84.62,78.84,100.0,ECMWF,"ECMWF leads with strong short-range skill, with minor model spread in local precipitation."
Ludhiana,2026-10-04 09:00:00,1,84.7,High,84.62,74.62,100.0,ECMWF,"ECMWF leads with strong short-range skill, with minor model spread in local precipitation."
Ludhiana,2026-10-04 10:00:00,1,84.4,High,84.62,73.67,100.0,ECMWF,"ECMWF leads with strong short-range skill, with minor model spread in local precipitation."
Ludhiana,2026-10-04 11:00:00,1,85.3,High,84.62,76.78,100.0,ECMWF,"ECMWF leads with strong short-range skill, with minor model spread in local precipitation."
Ludhiana,2026-10-04 12:00:00,1,83.1,High,84.62,69.34,100.0,ECMWF,"ECMWF leads with strong short-range skill, with minor model spread in local precipitation."
Ludhiana,2026-10-04 13:00:00,1,82.1,High,84.62,66.09,100.0,ECMWF,"ECMWF leads with strong short-range skill, with minor model spread in local precipitation."
Ludhiana,2026-10-04 14:00:00,1,82.2,High,84.62,66.29,100.0,ECMWF,"ECMWF leads with strong short-range skill, with minor model spread in local precipitation."
Ludhiana,2026-10-04 15:00:00,1,81.8,High,84.62,64.95,100.0,ECMWF,"ECMWF leads with strong short-range skill, with minor model spread in local precipitation."
Ludhiana,2026-10-04 16:00:00,1,81.0,High,84.62,62.37,100.0,ECMWF,"ECMWF leads with strong short-range skill, with minor model spread in local precipitation."
Ludhiana,2026-10-04 17:00:00,1,81.8,High,84.62,64.84,100.0,ECMWF,"ECMWF leads with strong short-range skill, with minor model spread in local precipitation."
Ludhiana,2026-10-04 18:00:00,1,81.1,High,84.62,62.58,100.0,ECMWF,"ECMWF leads with strong short-range skill, with minor model spread in local precipitation."
Ludhiana,2026-10-04 19:00:00,1,81.1,High,84.62,62.54,100.0,ECMWF,"ECMWF leads with strong short-range skill, with minor model spread in local precipitation."
Ludhiana,2026-10-04 20:00:00,1,81.3,High,84.62,63.41,100.0,ECMWF,"ECMWF leads with strong short-range skill, with minor model spread in local precipitation."
Ludhiana,2026-10-04 21:00:00,1,83.6,High,84.62,70.83,100.0,ECMWF,"ECMWF leads with strong short-range skill, with minor model spread in local precipitation."
Ludhiana,2026-10-04 22:00:00,1,83.8,High,84.62,71.56,100.0,ECMWF,"ECMWF leads with strong short-range skill, with minor model spread in local precipitation."
Ludhiana,2026-10-04 23:00:00,1,85.1,High,84.62,76.08,100.0,ECMWF,"ECMWF leads with strong short-range skill, with minor model spread in local precipitation."
Ludhiana,2026-10-05 00:00:00,2,81.2,High,81.61,81.16,80.0,ECMWF,"ECMWF and ensemble members agree closely, while RMSE remains low for this region."
Ludhiana,2026-10-05 01:00:00,2,79.8,High,81.61,76.69,80.0,ECMWF,"Low regional RMSE supports ECMWF dominance, while the 48-hour forecast horizon maintains stable predictability."
Ludhiana,2026-10-05 02:00:00,2,79.2,High,81.61,74.79,80.0,ECMWF,"Low regional RMSE supports ECMWF dominance, while the 48-hour forecast horizon maintains stable predictability."
Ludhiana,2026-10-05 03:00:00,2,79.0,High,81.61,74.04,80.0,ECMWF,"Low regional RMSE supports ECMWF dominance, while the 48-hour forecast horizon maintains stable predictability."
Ludhiana,2026-10-05 04:00:00,2,78.6,High,81.61,72.72,80.0,ECMWF,"Low regional RMSE supports ECMWF dominance, while the 48-hour forecast horizon maintains stable predictability."
Ludhiana,2026-10-05 05:00:00,2,78.6,High,81.61,72.65,80.0,ECMWF,"Low regional RMSE supports ECMWF dominance, while the 48-hour forecast horizon maintains stable predictability."
Ludhiana,2026-10-05 06:00:00,2,77.9,High,81.61,70.48,80.0,ECMWF,"Low regional RMSE supports ECMWF dominance, while the 48-hour forecast horizon maintains stable predictability."
Ludhiana,2026-10-05 07:00:00,2,78.8,High,81.61,73.3,80.0,ECMWF,"Low regional RMSE supports ECMWF dominance, while the 48-hour forecast horizon maintains stable predictability."
Ludhiana,2026-10-05 08:00:00,2,78.1,High,81.61,70.87,80.0,ECMWF,"Low regional RMSE supports ECMWF dominance, while the 48-hour forecast horizon maintains stable predictability."
Ludhiana,2026-10-05 09:00:00,2,78.2,High,81.61,71.23,80.0,ECMWF,"Low regional RMSE supports ECMWF dominance, while the 48-hour forecast horizon maintains stable predictability."
Ludhiana,2026-10-05 10:00:00,2,79.5,High,81.61,75.71,80.0,ECMWF,"Low regional RMSE supports ECMWF dominance, while the 48-hour forecast horizon maintains stable predictability."
Ludhiana,2026-10-05 11:00:00,2,79.6,High,81.61,76.15,80.0,ECMWF,"Low regional RMSE supports ECMWF dominance, while the 48-hour forecast horizon maintains stable predictability."
Ludhiana,2026-10-05 12:00:00,2,77.5,High,81.61,69.02,80.0,ECMWF,"Low regional RMSE supports ECMWF dominance, while the 48-hour forecast horizon maintains stable predictability."
Ludhiana,2026-10-05 13:00:00,2,75.9,High,81.61,63.8,80.0,ECMWF,"Low regional RMSE supports ECMWF dominance, while the 48-hour forecast horizon maintains stable predictability."
Ludhiana,2026-10-05 14:00:00,2,74.6,High,81.61,59.46,80.0,ECMWF,"Low regional RMSE supports ECMWF dominance, while the 48-hour forecast horizon maintains stable predictability."
Ludhiana,2026-10-05 15:00:00,2,74.5,High,81.61,59.05,80.0,ECMWF,"Low regional RMSE supports ECMWF dominance, while the 48-hour forecast horizon maintains stable predictability."
Ludhiana,2026-10-05 16:00:00,2,74.9,High,81.61,60.28,80.0,ECMWF,"Low regional RMSE supports ECMWF dominance, while the 48-hour forecast horizon maintains stable predictability."
Ludhiana,2026-10-05 17:00:00,2,75.7,High,81.61,62.82,80.0,ECMWF,"Low regional RMSE supports ECMWF dominance, while the 48-hour forecast horizon maintains stable predictability."
Ludhiana,2026-10-05 18:00:00,2,75.2,High,81.61,61.22,80.0,ECMWF,"Low regional RMSE supports ECMWF dominance, while the 48-hour forecast horizon maintains stable predictability."
Ludhiana,2026-10-05 19:00:00,2,74.8,High,81.61,60.14,80.0,ECMWF,"Low regional RMSE supports ECMWF dominance, while the 48-hour forecast horizon maintains stable predictability."
Ludhiana,2026-10-05 20:00:00,2,75.5,High,81.61,62.46,80.0,ECMWF,"Low regional RMSE supports ECMWF dominance, while the 48-hour forecast horizon maintains stable predictability."
Ludhiana,2026-10-05 21:00:00,2,75.9,High,81.61,63.6,80.0,ECMWF,"Low regional RMSE supports ECMWF dominance, while the 48-hour forecast horizon maintains stable predictability."
Ludhiana,2026-10-05 22:00:00,2,76.8,High,81.61,66.78,80.0,ECMWF,"Low regional RMSE supports ECMWF dominance, while the 48-hour forecast horizon maintains stable predictability."
Ludhiana,2026-10-05 23:00:00,2,77.1,High,81.61,67.64,80.0,ECMWF,"Low regional RMSE supports ECMWF dominance, while the 48-hour forecast horizon maintains stable predictability."
Ludhiana,2026-10-06 00:00:00,3,73.2,Medium,81.22,68.72,60.0,ECMWF,Models show moderate disagreement and the forecast lead time reduces reliability.
Ludhiana,2026-10-06 01:00:00,3,73.6,Medium,81.22,70.0,60.0,ECMWF,Models show moderate disagreement and the forecast lead time reduces reliability.
Ludhiana,2026-10-06 02:00:00,3,74.1,Medium,81.22,71.63,60.0,ECMWF,Models show moderate disagreement and the forecast lead time reduces reliability.
Ludhiana,2026-10-06 03:00:00,3,74.1,Medium,81.22,71.71,60.0,ECMWF,Models show moderate disagreement and the forecast lead time reduces reliability.
Ludhiana,2026-10-06 04:00:00,3,74.8,High,81.22,74.07,60.0,ECMWF,"Low regional RMSE supports ECMWF dominance, while the extended Day 3 lead time maintains stable predictability."
Ludhiana,2026-10-06 05:00:00,3,75.0,High,81.22,74.65,60.0,ECMWF,"Low regional RMSE supports ECMWF dominance, while the extended Day 3 lead time maintains stable predictability."
Ludhiana,2026-10-06 06:00:00,3,74.3,Medium,81.22,72.35,60.0,ECMWF,Models show moderate disagreement and the forecast lead time reduces reliability.
Ludhiana,2026-10-06 07:00:00,3,73.8,Medium,81.22,70.61,60.0,ECMWF,Models show moderate disagreement and the forecast lead time reduces reliability.
Ludhiana,2026-10-06 08:00:00,3,72.7,Medium,81.22,66.91,60.0,ECMWF,Models show moderate disagreement and the forecast lead time reduces reliability.
Ludhiana,2026-10-06 09:00:00,3,71.7,Medium,81.22,63.76,60.0,ECMWF,Models show moderate disagreement and the forecast lead time reduces reliability.
Ludhiana,2026-10-06 10:00:00,3,71.5,Medium,81.22,62.87,60.0,ECMWF,Models show moderate disagreement and the forecast lead time reduces reliability.
Ludhiana,2026-10-06 11:00:00,3,70.5,Medium,81.22,59.66,60.0,ECMWF,Models show moderate disagreement and the forecast lead time reduces reliability.
Ludhiana,2026-10-06 12:00:00,3,70.1,Medium,81.22,58.37,60.0,ECMWF,Models show moderate disagreement and the forecast lead time reduces reliability.
Ludhiana,2026-10-06 13:00:00,3,70.4,Medium,81.22,59.21,60.0,ECMWF,Models show moderate disagreement and the forecast lead time reduces reliability.
Ludhiana,2026-10-06 14:00:00,3,72.0,Medium,81.22,64.54,60.0,ECMWF,Models show moderate disagreement and the forecast lead time reduces reliability.
Ludhiana,2026-10-06 15:00:00,3,71.4,Medium,81.22,62.49,60.0,ECMWF,Models show moderate disagreement and the forecast lead time reduces reliability.
Ludhiana,2026-10-06 16:00:00,3,70.0,Medium,81.22,57.81,60.0,ECMWF,Models show moderate disagreement and the forecast lead time reduces reliability.
Ludhiana,2026-10-06 17:00:00,3,69.4,Medium,81.22,56.02,60.0,ECMWF,Models show moderate disagreement and the forecast lead time reduces reliability.
Ludhiana,2026-10-06 18:00:00,3,70.4,Medium,81.22,59.4,60.0,ECMWF,Models show moderate disagreement and the forecast lead time reduces reliability.
Ludhiana,2026-10-06 19:00:00,3,69.7,Medium,81.22,56.91,60.0,ECMWF,Models show moderate disagreement and the forecast lead time reduces reliability.
Ludhiana,2026-10-06 20:00:00,3,69.6,Medium,81.22,56.59,60.0,ECMWF,Models show moderate disagreement and the forecast lead time reduces reliability.
Ludhiana,2026-10-06 21:00:00,3,70.9,Medium,81.22,60.95,60.0,ECMWF,Models show moderate disagreement and the forecast lead time reduces reliability.
Ludhiana,2026-10-06 22:00:00,3,71.4,Medium,81.22,62.64,60.0,ECMWF,Models show moderate disagreement and the forecast lead time reduces reliability.
Ludhiana,2026-10-06 23:00:00,3,71.7,Medium,81.22,63.54,60.0,ECMWF,Models show moderate disagreement and the forecast lead time reduces reliability.
Madurai,2026-10-04 00:00:00,1,85.2,High,82.48,79.7,100.0,JMA,"JMA leads with strong short-range skill, with minor model spread in local precipitation."
Madurai,2026-10-04 01:00:00,1,86.7,High,82.48,84.83,100.0,JMA,"JMA and ensemble members agree closely, while RMSE remains low for this region."
Madurai,2026-10-04 02:00:00,1,85.6,High,82.48,81.04,100.0,JMA,"JMA and ensemble members agree closely, while RMSE remains low for this region."
Madurai,2026-10-04 03:00:00,1,85.0,High,82.48,79.17,100.0,JMA,"JMA leads with strong short-range skill, with minor model spread in local precipitation."
Madurai,2026-10-04 04:00:00,1,85.1,High,82.48,79.58,100.0,JMA,"JMA leads with strong short-range skill, with minor model spread in local precipitation."
Madurai,2026-10-04 05:00:00,1,86.9,High,82.48,85.6,100.0,JMA,"JMA and ensemble members agree closely, while RMSE remains low for this region."
Madurai,2026-10-04 06:00:00,1,86.6,High,82.48,84.68,100.0,JMA,"JMA and ensemble members agree closely, while RMSE remains low for this region."
Madurai,2026-10-04 07:00:00,1,86.8,High,82.48,85.24,100.0,JMA,"JMA and ensemble members agree closely, while RMSE remains low for this region."
Madurai,2026-10-04 08:00:00,1,87.1,High,82.48,86.17,100.0,JMA,"JMA and ensemble members agree closely, while RMSE remains low for this region."
Madurai,2026-10-04 09:00:00,1,88.4,High,82.48,90.5,100.0,JMA,"JMA and ensemble members agree closely, while RMSE remains low for this region."
Madurai,2026-10-04 10:00:00,1,88.3,High,82.48,90.11,100.0,JMA,"JMA and ensemble members agree closely, while RMSE remains low for this region."
Madurai,2026-10-04 11:00:00,1,86.0,High,82.48,82.65,100.0,JMA,"JMA and ensemble members agree closely, while RMSE remains low for this region."
Madurai,2026-10-04 12:00:00,1,84.4,High,82.48,77.27,100.0,JMA,"JMA leads with strong short-range skill, with minor model spread in local precipitation."
Madurai,2026-10-04 13:00:00,1,83.5,High,82.48,74.31,100.0,JMA,"JMA leads with strong short-range skill, with minor model spread in local precipitation."
Madurai,2026-10-04 14:00:00,1,75.8,High,82.48,48.37,100.0,JMA,"JMA leads with strong short-range skill, with minor model spread in local precipitation."
Madurai,2026-10-04 15:00:00,1,78.7,High,82.48,58.31,100.0,JMA,"JMA leads with strong short-range skill, with minor model spread in local precipitation."
Madurai,2026-10-04 16:00:00,1,79.1,High,82.48,59.6,100.0,JMA,"JMA leads with strong short-range skill, with minor model spread in local precipitation."
Madurai,2026-10-04 17:00:00,1,80.6,High,82.48,64.64,100.0,JMA,"JMA leads with strong short-range skill, with minor model spread in local precipitation."
Madurai,2026-10-04 18:00:00,1,80.5,High,82.48,64.21,100.0,JMA,"JMA leads with strong short-range skill, with minor model spread in local precipitation."
Madurai,2026-10-04 19:00:00,1,79.6,High,82.48,61.05,100.0,JMA,"JMA leads with strong short-range skill, with minor model spread in local precipitation."
Madurai,2026-10-04 20:00:00,1,79.8,High,82.48,61.84,100.0,JMA,"JMA leads with strong short-range skill, with minor model spread in local precipitation."
Madurai,2026-10-04 21:00:00,1,82.0,High,82.48,69.34,100.0,JMA,"JMA leads with strong short-range skill, with minor model spread in local precipitation."
Madurai,2026-10-04 22:00:00,1,84.5,High,82.48,77.66,100.0,JMA,"JMA leads with strong short-range skill, with minor model spread in local precipitation."
Madurai,2026-10-04 23:00:00,1,81.5,High,82.48,67.52,100.0,JMA,"JMA leads with strong short-range skill, with minor model spread in local precipitation."
Madurai,2026-10-05 00:00:00,2,78.3,High,81.05,72.61,80.0,JMA,"Low regional RMSE supports JMA dominance, while the 48-hour forecast horizon maintains stable predictability."
Madurai,2026-10-05 01:00:00,2,79.6,High,81.05,77.05,80.0,JMA,"Low regional RMSE supports JMA dominance, while the 48-hour forecast horizon maintains stable predictability."
Madurai,2026-10-05 02:00:00,2,81.0,High,81.05,81.56,80.0,JMA,"JMA and ensemble members agree closely, while RMSE remains low for this region."
Madurai,2026-10-05 03:00:00,2,81.8,High,81.05,84.12,80.0,JMA,"JMA and ensemble members agree closely, while RMSE remains low for this region."
Madurai,2026-10-05 04:00:00,2,82.3,High,81.05,85.9,80.0,JMA,"JMA and ensemble members agree closely, while RMSE remains low for this region."
Madurai,2026-10-05 05:00:00,2,81.7,High,81.05,84.07,80.0,JMA,"JMA and ensemble members agree closely, while RMSE remains low for this region."
Madurai,2026-10-05 06:00:00,2,81.5,High,81.05,83.3,80.0,JMA,"JMA and ensemble members agree closely, while RMSE remains low for this region."
Madurai,2026-10-05 07:00:00,2,81.7,High,81.05,84.08,80.0,JMA,"JMA and ensemble members agree closely, while RMSE remains low for this region."
Madurai,2026-10-05 08:00:00,2,83.2,High,81.05,88.78,80.0,JMA,"JMA and ensemble members agree closely, while RMSE remains low for this region."
Madurai,2026-10-05 09:00:00,2,85.5,High,81.05,96.53,80.0,JMA,"JMA and ensemble members agree closely, while RMSE remains low for this region."
Madurai,2026-10-05 10:00:00,2,85.2,High,81.05,95.54,80.0,JMA,"JMA and ensemble members agree closely, while RMSE remains low for this region."
Madurai,2026-10-05 11:00:00,2,83.3,High,81.05,89.27,80.0,JMA,"JMA and ensemble members agree closely, while RMSE remains low for this region."
Madurai,2026-10-05 12:00:00,2,80.2,High,81.05,79.0,80.0,JMA,"Low regional RMSE supports JMA dominance, while the 48-hour forecast horizon maintains stable predictability."
Madurai,2026-10-05 13:00:00,2,77.3,High,81.05,69.25,80.0,JMA,"Low regional RMSE supports JMA dominance, while the 48-hour forecast horizon maintains stable predictability."
Madurai,2026-10-05 14:00:00,2,76.0,High,81.05,64.91,80.0,JMA,"Low regional RMSE supports JMA dominance, while the 48-hour forecast horizon maintains stable predictability."
Madurai,2026-10-05 15:00:00,2,75.5,High,81.05,63.26,80.0,JMA,"Low regional RMSE supports JMA dominance, while the 48-hour forecast horizon maintains stable predictability."
Madurai,2026-10-05 16:00:00,2,76.8,High,81.05,67.48,80.0,JMA,"Low regional RMSE supports JMA dominance, while the 48-hour forecast horizon maintains stable predictability."
Madurai,2026-10-05 17:00:00,2,74.2,Medium,81.05,58.77,80.0,JMA,Inter-model spread indicates divergence between NWP forecasts despite JMA weighting.
Madurai,2026-10-05 18:00:00,2,73.4,Medium,81.05,56.2,80.0,JMA,Inter-model spread indicates divergence between NWP forecasts despite JMA weighting.
Madurai,2026-10-05 19:00:00,2,75.2,High,81.05,62.4,80.0,JMA,"Low regional RMSE supports JMA dominance, while the 48-hour forecast horizon maintains stable predictability."
Madurai,2026-10-05 20:00:00,2,75.7,High,81.05,64.05,80.0,JMA,"Low regional RMSE supports JMA dominance, while the 48-hour forecast horizon maintains stable predictability."
Madurai,2026-10-05 21:00:00,2,75.4,High,81.05,63.01,80.0,JMA,"Low regional RMSE supports JMA dominance, while the 48-hour forecast horizon maintains stable predictability."
Madurai,2026-10-05 22:00:00,2,76.6,High,81.05,66.95,80.0,JMA,"Low regional RMSE supports JMA dominance, while the 48-hour forecast horizon maintains stable predictability."
Madurai,2026-10-05 23:00:00,2,77.5,High,81.05,69.83,80.0,JMA,"Low regional RMSE supports JMA dominance, while the 48-hour forecast horizon maintains stable predictability."
Madurai,2026-10-06 00:00:00,3,73.4,Medium,80.5,70.34,60.0,JMA,Models show moderate disagreement and the forecast lead time reduces reliability.
Madurai,2026-10-06 01:00:00,3,75.0,High,80.5,75.68,60.0,JMA,"Low regional RMSE supports JMA dominance, while the extended Day 3 lead time maintains stable predictability."
Madurai,2026-10-06 02:00:00,3,77.7,High,80.5,84.7,60.0,JMA,"JMA and ensemble members agree closely, while RMSE remains low for this region."
Madurai,2026-10-06 03:00:00,3,77.2,High,80.5,83.29,60.0,JMA,"JMA and ensemble members agree closely, while RMSE remains low for this region."
Madurai,2026-10-06 04:00:00,3,77.2,High,80.5,83.28,60.0,JMA,"JMA and ensemble members agree closely, while RMSE remains low for this region."
Madurai,2026-10-06 05:00:00,3,77.2,High,80.5,83.27,60.0,JMA,"JMA and ensemble members agree closely, while RMSE remains low for this region."
Madurai,2026-10-06 06:00:00,3,76.9,High,80.5,82.24,60.0,JMA,"JMA and ensemble members agree closely, while RMSE remains low for this region."
Madurai,2026-10-06 07:00:00,3,76.6,High,80.5,81.18,60.0,JMA,"JMA and ensemble members agree closely, while RMSE remains low for this region."
Madurai,2026-10-06 08:00:00,3,76.1,High,80.5,79.52,60.0,JMA,"Low regional RMSE supports JMA dominance, while the extended Day 3 lead time maintains stable predictability."
Madurai,2026-10-06 09:00:00,3,74.8,High,80.5,75.24,60.0,JMA,"Low regional RMSE supports JMA dominance, while the extended Day 3 lead time maintains stable predictability."
Madurai,2026-10-06 10:00:00,3,74.8,High,80.5,75.01,60.0,JMA,"Low regional RMSE supports JMA dominance, while the extended Day 3 lead time maintains stable predictability."
Madurai,2026-10-06 11:00:00,3,74.9,High,80.5,75.49,60.0,JMA,"Low regional RMSE supports JMA dominance, while the extended Day 3 lead time maintains stable predictability."
Madurai,2026-10-06 12:00:00,3,74.0,Medium,80.5,72.64,60.0,JMA,Models show moderate disagreement and the forecast lead time reduces reliability.
Madurai,2026-10-06 13:00:00,3,72.3,Medium,80.5,66.8,60.0,JMA,Models show moderate disagreement and the forecast lead time reduces reliability.
Madurai,2026-10-06 14:00:00,3,70.9,Medium,80.5,62.27,60.0,JMA,Models show moderate disagreement and the forecast lead time reduces reliability.
Madurai,2026-10-06 15:00:00,3,69.8,Medium,80.5,58.34,60.0,JMA,Models show moderate disagreement and the forecast lead time reduces reliability.
Madurai,2026-10-06 16:00:00,3,69.3,Medium,80.5,56.89,60.0,JMA,Models show moderate disagreement and the forecast lead time reduces reliability.
Madurai,2026-10-06 17:00:00,3,67.9,Medium,80.5,52.31,60.0,JMA,Models show moderate disagreement and the forecast lead time reduces reliability.
Madurai,2026-10-06 18:00:00,3,69.2,Medium,80.5,56.39,60.0,JMA,Models show moderate disagreement and the forecast lead time reduces reliability.
Madurai,2026-10-06 19:00:00,3,69.1,Medium,80.5,56.05,60.0,JMA,Models show moderate disagreement and the forecast lead time reduces reliability.
Madurai,2026-10-06 20:00:00,3,70.6,Medium,80.5,61.25,60.0,JMA,Models show moderate disagreement and the forecast lead time reduces reliability.
Madurai,2026-10-06 21:00:00,3,71.6,Medium,80.5,64.53,60.0,JMA,Models show moderate disagreement and the forecast lead time reduces reliability.
Madurai,2026-10-06 22:00:00,3,72.7,Medium,80.5,68.03,60.0,JMA,Models show moderate disagreement and the forecast lead time reduces reliability.
Madurai,2026-10-06 23:00:00,3,74.7,High,80.5,74.92,60.0,JMA,"Low regional RMSE supports JMA dominance, while the extended Day 3 lead time maintains stable predictability."
Mumbai,2026-10-04 00:00:00,1,85.7,High,84.26,78.58,100.0,ECMWF,"ECMWF leads with strong short-range skill, with minor model spread in local precipitation."
Mumbai,2026-10-04 01:00:00,1,84.5,High,84.26,74.42,100.0,ECMWF,"ECMWF leads with strong short-range skill, with minor model spread in local precipitation."
Mumbai,2026-10-04 02:00:00,1,84.6,High,84.26,74.82,100.0,ECMWF,"ECMWF leads with strong short-range skill, with minor model spread in local precipitation."
Mumbai,2026-10-04 03:00:00,1,84.2,High,84.26,73.5,100.0,ECMWF,"ECMWF leads with strong short-range skill, with minor model spread in local precipitation."
Mumbai,2026-10-04 04:00:00,1,83.7,High,84.26,71.86,100.0,ECMWF,"ECMWF leads with strong short-range skill, with minor model spread in local precipitation."
Mumbai,2026-10-04 05:00:00,1,84.2,High,84.26,73.48,100.0,ECMWF,"ECMWF leads with strong short-range skill, with minor model spread in local precipitation."
Mumbai,2026-10-04 06:00:00,1,84.4,High,84.26,74.28,100.0,ECMWF,"ECMWF leads with strong short-range skill, with minor model spread in local precipitation."
Mumbai,2026-10-04 07:00:00,1,84.7,High,84.26,75.14,100.0,ECMWF,"ECMWF leads with strong short-range skill, with minor model spread in local precipitation."
Mumbai,2026-10-04 08:00:00,1,86.5,High,84.26,81.1,100.0,ECMWF,"ECMWF and ensemble members agree closely, while RMSE remains low for this region."
Mumbai,2026-10-04 09:00:00,1,87.1,High,84.26,83.27,100.0,ECMWF,"ECMWF and ensemble members agree closely, while RMSE remains low for this region."
Mumbai,2026-10-04 10:00:00,1,86.3,High,84.26,80.52,100.0,ECMWF,"ECMWF and ensemble members agree closely, while RMSE remains low for this region."
Mumbai,2026-10-04 11:00:00,1,87.0,High,84.26,83.05,100.0,ECMWF,"ECMWF and ensemble members agree closely, while RMSE remains low for this region."
Mumbai,2026-10-04 12:00:00,1,85.3,High,84.26,77.16,100.0,ECMWF,"ECMWF leads with strong short-range skill, with minor model spread in local precipitation."
Mumbai,2026-10-04 13:00:00,1,83.9,High,84.26,72.61,100.0,ECMWF,"ECMWF leads with strong short-range skill, with minor model spread in local precipitation."
Mumbai,2026-10-04 14:00:00,1,82.9,High,84.26,69.31,100.0,ECMWF,"ECMWF leads with strong short-range skill, with minor model spread in local precipitation."
Mumbai,2026-10-04 15:00:00,1,82.0,High,84.26,66.12,100.0,ECMWF,"ECMWF leads with strong short-range skill, with minor model spread in local precipitation."
Mumbai,2026-10-04 16:00:00,1,81.4,High,84.26,64.08,100.0,ECMWF,"ECMWF leads with strong short-range skill, with minor model spread in local precipitation."
Mumbai,2026-10-04 17:00:00,1,81.6,High,84.26,64.85,100.0,ECMWF,"ECMWF leads with strong short-range skill, with minor model spread in local precipitation."
Mumbai,2026-10-04 18:00:00,1,82.1,High,84.26,66.46,100.0,ECMWF,"ECMWF leads with strong short-range skill, with minor model spread in local precipitation."
Mumbai,2026-10-04 19:00:00,1,83.1,High,84.26,69.79,100.0,ECMWF,"ECMWF leads with strong short-range skill, with minor model spread in local precipitation."
Mumbai,2026-10-04 20:00:00,1,84.0,High,84.26,73.03,100.0,ECMWF,"ECMWF leads with strong short-range skill, with minor model spread in local precipitation."
Mumbai,2026-10-04 21:00:00,1,84.7,High,84.26,75.28,100.0,ECMWF,"ECMWF leads with strong short-range skill, with minor model spread in local precipitation."
Mumbai,2026-10-04 22:00:00,1,85.0,High,84.26,76.31,100.0,ECMWF,"ECMWF leads with strong short-range skill, with minor model spread in local precipitation."
Mumbai,2026-10-04 23:00:00,1,85.7,High,84.26,78.43,100.0,ECMWF,"ECMWF leads with strong short-range skill, with minor model spread in local precipitation."
Mumbai,2026-10-05 00:00:00,2,81.1,High,83.33,78.2,80.0,ECMWF,"Low regional RMSE supports ECMWF dominance, while the 48-hour forecast horizon maintains stable predictability."
Mumbai,2026-10-05 01:00:00,2,81.2,High,83.33,78.37,80.0,ECMWF,"Low regional RMSE supports ECMWF dominance, while the 48-hour forecast horizon maintains stable predictability."
Mumbai,2026-10-05 02:00:00,2,80.8,High,83.33,77.1,80.0,ECMWF,"Low regional RMSE supports ECMWF dominance, while the 48-hour forecast horizon maintains stable predictability."
Mumbai,2026-10-05 03:00:00,2,80.4,High,83.33,75.71,80.0,ECMWF,"Low regional RMSE supports ECMWF dominance, while the 48-hour forecast horizon maintains stable predictability."
Mumbai,2026-10-05 04:00:00,2,80.8,High,83.33,76.99,80.0,ECMWF,"Low regional RMSE supports ECMWF dominance, while the 48-hour forecast horizon maintains stable predictability."
Mumbai,2026-10-05 05:00:00,2,80.8,High,83.33,76.95,80.0,ECMWF,"Low regional RMSE supports ECMWF dominance, while the 48-hour forecast horizon maintains stable predictability."
Mumbai,2026-10-05 06:00:00,2,81.1,High,83.33,78.22,80.0,ECMWF,"Low regional RMSE supports ECMWF dominance, while the 48-hour forecast horizon maintains stable predictability."
Mumbai,2026-10-05 07:00:00,2,80.9,High,83.33,77.61,80.0,ECMWF,"Low regional RMSE supports ECMWF dominance, while the 48-hour forecast horizon maintains stable predictability."
Mumbai,2026-10-05 08:00:00,2,82.9,High,83.33,84.25,80.0,ECMWF,"ECMWF and ensemble members agree closely, while RMSE remains low for this region."
Mumbai,2026-10-05 09:00:00,2,84.6,High,83.33,89.88,80.0,ECMWF,"ECMWF and ensemble members agree closely, while RMSE remains low for this region."
Mumbai,2026-10-05 10:00:00,2,82.3,High,83.33,82.1,80.0,ECMWF,"ECMWF and ensemble members agree closely, while RMSE remains low for this region."
Mumbai,2026-10-05 11:00:00,2,80.3,High,83.33,75.49,80.0,ECMWF,"Low regional RMSE supports ECMWF dominance, while the 48-hour forecast horizon maintains stable predictability."
Mumbai,2026-10-05 12:00:00,2,79.7,High,83.33,73.39,80.0,ECMWF,"Low regional RMSE supports ECMWF dominance, while the 48-hour forecast horizon maintains stable predictability."
Mumbai,2026-10-05 13:00:00,2,80.0,High,83.33,74.51,80.0,ECMWF,"Low regional RMSE supports ECMWF dominance, while the 48-hour forecast horizon maintains stable predictability."
Mumbai,2026-10-05 14:00:00,2,79.2,High,83.33,71.85,80.0,ECMWF,"Low regional RMSE supports ECMWF dominance, while the 48-hour forecast horizon maintains stable predictability."
Mumbai,2026-10-05 15:00:00,2,77.7,High,83.33,66.79,80.0,ECMWF,"Low regional RMSE supports ECMWF dominance, while the 48-hour forecast horizon maintains stable predictability."
Mumbai,2026-10-05 16:00:00,2,77.5,High,83.33,66.24,80.0,ECMWF,"Low regional RMSE supports ECMWF dominance, while the 48-hour forecast horizon maintains stable predictability."
Mumbai,2026-10-05 17:00:00,2,77.9,High,83.33,67.58,80.0,ECMWF,"Low regional RMSE supports ECMWF dominance, while the 48-hour forecast horizon maintains stable predictability."
Mumbai,2026-10-05 18:00:00,2,78.2,High,83.33,68.57,80.0,ECMWF,"Low regional RMSE supports ECMWF dominance, while the 48-hour forecast horizon maintains stable predictability."
Mumbai,2026-10-05 19:00:00,2,78.1,High,83.33,68.08,80.0,ECMWF,"Low regional RMSE supports ECMWF dominance, while the 48-hour forecast horizon maintains stable predictability."
Mumbai,2026-10-05 20:00:00,2,78.1,High,83.33,68.05,80.0,ECMWF,"Low regional RMSE supports ECMWF dominance, while the 48-hour forecast horizon maintains stable predictability."
Mumbai,2026-10-05 21:00:00,2,78.1,High,83.33,68.13,80.0,ECMWF,"Low regional RMSE supports ECMWF dominance, while the 48-hour forecast horizon maintains stable predictability."
Mumbai,2026-10-05 22:00:00,2,78.5,High,83.33,69.53,80.0,ECMWF,"Low regional RMSE supports ECMWF dominance, while the 48-hour forecast horizon maintains stable predictability."
Mumbai,2026-10-05 23:00:00,2,78.9,High,83.33,70.84,80.0,ECMWF,"Low regional RMSE supports ECMWF dominance, while the 48-hour forecast horizon maintains stable predictability."
Mumbai,2026-10-06 00:00:00,3,74.9,High,82.07,72.85,60.0,ICON,"Low regional RMSE supports ICON dominance, while the extended Day 3 lead time maintains stable predictability."
Mumbai,2026-10-06 01:00:00,3,75.0,High,82.07,73.28,60.0,ICON,"Low regional RMSE supports ICON dominance, while the extended Day 3 lead time maintains stable predictability."
Mumbai,2026-10-06 02:00:00,3,75.2,High,82.07,73.95,60.0,ICON,"Low regional RMSE supports ICON dominance, while the extended Day 3 lead time maintains stable predictability."
Mumbai,2026-10-06 03:00:00,3,75.7,High,82.07,75.56,60.0,ICON,"Low regional RMSE supports ICON dominance, while the extended Day 3 lead time maintains stable predictability."
Mumbai,2026-10-06 04:00:00,3,76.3,High,82.07,77.53,60.0,ICON,"Low regional RMSE supports ICON dominance, while the extended Day 3 lead time maintains stable predictability."
Mumbai,2026-10-06 05:00:00,3,77.1,High,82.07,80.33,60.0,ICON,"ICON and ensemble members agree closely, while RMSE remains low for this region."
Mumbai,2026-10-06 06:00:00,3,77.5,High,82.07,81.55,60.0,ICON,"ICON and ensemble members agree closely, while RMSE remains low for this region."
Mumbai,2026-10-06 07:00:00,3,77.1,High,82.07,80.24,60.0,ICON,"ICON and ensemble members agree closely, while RMSE remains low for this region."
Mumbai,2026-10-06 08:00:00,3,77.8,High,82.07,82.46,60.0,ICON,"ICON and ensemble members agree closely, while RMSE remains low for this region."
Mumbai,2026-10-06 09:00:00,3,77.5,High,82.07,81.4,60.0,ICON,"ICON and ensemble members agree closely, while RMSE remains low for this region."
Mumbai,2026-10-06 10:00:00,3,76.0,High,82.07,76.41,60.0,ICON,"Low regional RMSE supports ICON dominance, while the extended Day 3 lead time maintains stable predictability."
Mumbai,2026-10-06 11:00:00,3,75.6,High,82.07,75.12,60.0,ICON,"Low regional RMSE supports ICON dominance, while the extended Day 3 lead time maintains stable predictability."
Mumbai,2026-10-06 12:00:00,3,74.1,Medium,82.07,70.17,60.0,ICON,Models show moderate disagreement and the forecast lead time reduces reliability.
Mumbai,2026-10-06 13:00:00,3,72.8,Medium,82.07,65.93,60.0,ICON,Models show moderate disagreement and the forecast lead time reduces reliability.
Mumbai,2026-10-06 14:00:00,3,71.9,Medium,82.07,62.74,60.0,ICON,Models show moderate disagreement and the forecast lead time reduces reliability.
Mumbai,2026-10-06 15:00:00,3,71.9,Medium,82.07,63.01,60.0,ICON,Models show moderate disagreement and the forecast lead time reduces reliability.
Mumbai,2026-10-06 16:00:00,3,72.7,Medium,82.07,65.42,60.0,ICON,Models show moderate disagreement and the forecast lead time reduces reliability.
Mumbai,2026-10-06 17:00:00,3,73.3,Medium,82.07,67.6,60.0,ICON,Models show moderate disagreement and the forecast lead time reduces reliability.
Mumbai,2026-10-06 18:00:00,3,73.6,Medium,82.07,68.68,60.0,ICON,Models show moderate disagreement and the forecast lead time reduces reliability.
Mumbai,2026-10-06 19:00:00,3,74.0,Medium,82.07,69.89,60.0,ICON,Models show moderate disagreement and the forecast lead time reduces reliability.
Mumbai,2026-10-06 20:00:00,3,74.4,Medium,82.07,71.35,60.0,ICON,Models show moderate disagreement and the forecast lead time reduces reliability.
Mumbai,2026-10-06 21:00:00,3,74.2,Medium,82.07,70.67,60.0,ICON,Models show moderate disagreement and the forecast lead time reduces reliability.
Mumbai,2026-10-06 22:00:00,3,74.1,Medium,82.07,70.15,60.0,ICON,Models show moderate disagreement and the forecast lead time reduces reliability.
Mumbai,2026-10-06 23:00:00,3,74.5,High,82.07,71.51,60.0,ICON,"Low regional RMSE supports ICON dominance, while the extended Day 3 lead time maintains stable predictability."
Nagpur,2026-10-04 00:00:00,1,86.3,High,88.05,74.13,100.0,UKMO,"UKMO leads with strong short-range skill, with minor model spread in local precipitation."
Nagpur,2026-10-04 01:00:00,1,87.4,High,88.05,77.76,100.0,UKMO,"UKMO leads with strong short-range skill, with minor model spread in local precipitation."
Nagpur,2026-10-04 02:00:00,1,87.5,High,88.05,78.15,100.0,UKMO,"UKMO leads with strong short-range skill, with minor model spread in local precipitation."
Nagpur,2026-10-04 03:00:00,1,88.0,High,88.05,80.01,100.0,UKMO,"UKMO and ensemble members agree closely, while RMSE remains low for this region."
Nagpur,2026-10-04 04:00:00,1,87.9,High,88.05,79.61,100.0,UKMO,"UKMO leads with strong short-range skill, with minor model spread in local precipitation."
Nagpur,2026-10-04 05:00:00,1,88.6,High,88.05,81.92,100.0,UKMO,"UKMO and ensemble members agree closely, while RMSE remains low for this region."
Nagpur,2026-10-04 06:00:00,1,88.1,High,88.05,80.32,100.0,UKMO,"UKMO and ensemble members agree closely, while RMSE remains low for this region."
Nagpur,2026-10-04 07:00:00,1,87.2,High,88.05,77.2,100.0,UKMO,"UKMO leads with strong short-range skill, with minor model spread in local precipitation."
Nagpur,2026-10-04 08:00:00,1,87.1,High,88.05,77.03,100.0,UKMO,"UKMO leads with strong short-range skill, with minor model spread in local precipitation."
Nagpur,2026-10-04 09:00:00,1,88.0,High,88.05,80.03,100.0,UKMO,"UKMO and ensemble members agree closely, while RMSE remains low for this region."
Nagpur,2026-10-04 10:00:00,1,87.9,High,88.05,79.65,100.0,UKMO,"UKMO leads with strong short-range skill, with minor model spread in local precipitation."
Nagpur,2026-10-04 11:00:00,1,89.3,High,88.05,84.39,100.0,UKMO,"UKMO and ensemble members agree closely, while RMSE remains low for this region."
Nagpur,2026-10-04 12:00:00,1,89.6,Very High,88.05,85.41,100.0,UKMO,"UKMO has the highest historical skill, model agreement is strong, and this is a short-range forecast."
Nagpur,2026-10-04 13:00:00,1,88.2,High,88.05,80.48,100.0,UKMO,"UKMO and ensemble members agree closely, while RMSE remains low for this region."
Nagpur,2026-10-04 14:00:00,1,87.7,High,88.05,78.98,100.0,UKMO,"UKMO leads with strong short-range skill, with minor model spread in local precipitation."
Nagpur,2026-10-04 15:00:00,1,87.1,High,88.05,76.97,100.0,UKMO,"UKMO leads with strong short-range skill, with minor model spread in local precipitation."
Nagpur,2026-10-04 16:00:00,1,87.0,High,88.05,76.46,100.0,UKMO,"UKMO leads with strong short-range skill, with minor model spread in local precipitation."
Nagpur,2026-10-04 17:00:00,1,88.3,High,88.05,81.08,100.0,UKMO,"UKMO and ensemble members agree closely, while RMSE remains low for this region."
Nagpur,2026-10-04 18:00:00,1,89.9,Very High,88.05,86.12,100.0,UKMO,"UKMO has the highest historical skill, model agreement is strong, and this is a short-range forecast."
Nagpur,2026-10-04 19:00:00,1,88.5,High,88.05,81.55,100.0,UKMO,"UKMO and ensemble members agree closely, while RMSE remains low for this region."
Nagpur,2026-10-04 20:00:00,1,88.6,High,88.05,82.04,100.0,UKMO,"UKMO and ensemble members agree closely, while RMSE remains low for this region."
Nagpur,2026-10-04 21:00:00,1,87.8,High,88.05,79.11,100.0,UKMO,"UKMO leads with strong short-range skill, with minor model spread in local precipitation."
Nagpur,2026-10-04 22:00:00,1,87.2,High,88.05,77.32,100.0,UKMO,"UKMO leads with strong short-range skill, with minor model spread in local precipitation."
Nagpur,2026-10-04 23:00:00,1,87.1,High,88.05,76.85,100.0,UKMO,"UKMO leads with strong short-range skill, with minor model spread in local precipitation."
Nagpur,2026-10-05 00:00:00,2,81.0,High,82.78,78.66,80.0,UKMO,"Low regional RMSE supports UKMO dominance, while the 48-hour forecast horizon maintains stable predictability."
Nagpur,2026-10-05 01:00:00,2,81.0,High,82.78,78.8,80.0,UKMO,"Low regional RMSE supports UKMO dominance, while the 48-hour forecast horizon maintains stable predictability."
Nagpur,2026-10-05 02:00:00,2,81.4,High,82.78,80.03,80.0,UKMO,"UKMO and ensemble members agree closely, while RMSE remains low for this region."
Nagpur,2026-10-05 03:00:00,2,81.5,High,82.78,80.3,80.0,UKMO,"UKMO and ensemble members agree closely, while RMSE remains low for this region."
Nagpur,2026-10-05 04:00:00,2,81.0,High,82.78,78.67,80.0,UKMO,"Low regional RMSE supports UKMO dominance, while the 48-hour forecast horizon maintains stable predictability."
Nagpur,2026-10-05 05:00:00,2,81.4,High,82.78,79.95,80.0,UKMO,"Low regional RMSE supports UKMO dominance, while the 48-hour forecast horizon maintains stable predictability."
Nagpur,2026-10-05 06:00:00,2,80.7,High,82.78,77.83,80.0,UKMO,"Low regional RMSE supports UKMO dominance, while the 48-hour forecast horizon maintains stable predictability."
Nagpur,2026-10-05 07:00:00,2,80.3,High,82.78,76.53,80.0,UKMO,"Low regional RMSE supports UKMO dominance, while the 48-hour forecast horizon maintains stable predictability."
Nagpur,2026-10-05 08:00:00,2,81.7,High,82.78,81.13,80.0,UKMO,"UKMO and ensemble members agree closely, while RMSE remains low for this region."
Nagpur,2026-10-05 09:00:00,2,82.8,High,82.78,84.81,80.0,UKMO,"UKMO and ensemble members agree closely, while RMSE remains low for this region."
Nagpur,2026-10-05 10:00:00,2,82.0,High,82.78,81.93,80.0,UKMO,"UKMO and ensemble members agree closely, while RMSE remains low for this region."
Nagpur,2026-10-05 11:00:00,2,83.6,High,82.78,87.47,80.0,UKMO,"UKMO and ensemble members agree closely, while RMSE remains low for this region."
Nagpur,2026-10-05 12:00:00,2,83.0,High,82.78,85.2,80.0,UKMO,"UKMO and ensemble members agree closely, while RMSE remains low for this region."
Nagpur,2026-10-05 13:00:00,2,81.7,High,82.78,81.1,80.0,UKMO,"UKMO and ensemble members agree closely, while RMSE remains low for this region."
Nagpur,2026-10-05 14:00:00,2,81.2,High,82.78,79.2,80.0,UKMO,"Low regional RMSE supports UKMO dominance, while the 48-hour forecast horizon maintains stable predictability."
Nagpur,2026-10-05 15:00:00,2,81.1,High,82.78,79.06,80.0,UKMO,"Low regional RMSE supports UKMO dominance, while the 48-hour forecast horizon maintains stable predictability."
Nagpur,2026-10-05 16:00:00,2,79.6,High,82.78,73.87,80.0,UKMO,"Low regional RMSE supports UKMO dominance, while the 48-hour forecast horizon maintains stable predictability."
Nagpur,2026-10-05 17:00:00,2,78.3,High,82.78,69.68,80.0,UKMO,"Low regional RMSE supports UKMO dominance, while the 48-hour forecast horizon maintains stable predictability."
Nagpur,2026-10-05 18:00:00,2,78.2,High,82.78,69.33,80.0,UKMO,"Low regional RMSE supports UKMO dominance, while the 48-hour forecast horizon maintains stable predictability."
Nagpur,2026-10-05 19:00:00,2,79.5,High,82.78,73.75,80.0,UKMO,"Low regional RMSE supports UKMO dominance, while the 48-hour forecast horizon maintains stable predictability."
Nagpur,2026-10-05 20:00:00,2,76.4,High,82.78,63.21,80.0,UKMO,"Low regional RMSE supports UKMO dominance, while the 48-hour forecast horizon maintains stable predictability."
Nagpur,2026-10-05 21:00:00,2,78.3,High,82.78,69.71,80.0,UKMO,"Low regional RMSE supports UKMO dominance, while the 48-hour forecast horizon maintains stable predictability."
Nagpur,2026-10-05 22:00:00,2,77.2,High,82.78,65.97,80.0,UKMO,"Low regional RMSE supports UKMO dominance, while the 48-hour forecast horizon maintains stable predictability."
Nagpur,2026-10-05 23:00:00,2,76.1,High,82.78,62.34,80.0,UKMO,"Low regional RMSE supports UKMO dominance, while the 48-hour forecast horizon maintains stable predictability."
Nagpur,2026-10-06 00:00:00,3,72.9,Medium,81.48,67.36,60.0,UKMO,Models show moderate disagreement and the forecast lead time reduces reliability.
Nagpur,2026-10-06 01:00:00,3,76.4,High,81.48,78.72,60.0,UKMO,"Low regional RMSE supports UKMO dominance, while the extended Day 3 lead time maintains stable predictability."
Nagpur,2026-10-06 02:00:00,3,75.3,High,81.48,75.19,60.0,UKMO,"Low regional RMSE supports UKMO dominance, while the extended Day 3 lead time maintains stable predictability."
Nagpur,2026-10-06 03:00:00,3,75.3,High,81.48,75.16,60.0,UKMO,"Low regional RMSE supports UKMO dominance, while the extended Day 3 lead time maintains stable predictability."
Nagpur,2026-10-06 04:00:00,3,75.5,High,81.48,75.76,60.0,UKMO,"Low regional RMSE supports UKMO dominance, while the extended Day 3 lead time maintains stable predictability."
Nagpur,2026-10-06 05:00:00,3,76.1,High,81.48,77.85,60.0,UKMO,"Low regional RMSE supports UKMO dominance, while the extended Day 3 lead time maintains stable predictability."
Nagpur,2026-10-06 06:00:00,3,75.8,High,81.48,76.7,60.0,UKMO,"Low regional RMSE supports UKMO dominance, while the extended Day 3 lead time maintains stable predictability."
Nagpur,2026-10-06 07:00:00,3,75.8,High,81.48,76.83,60.0,UKMO,"Low regional RMSE supports UKMO dominance, while the extended Day 3 lead time maintains stable predictability."
Nagpur,2026-10-06 08:00:00,3,76.9,High,81.48,80.44,60.0,UKMO,"UKMO and ensemble members agree closely, while RMSE remains low for this region."
Nagpur,2026-10-06 09:00:00,3,76.7,High,81.48,79.77,60.0,UKMO,"Low regional RMSE supports UKMO dominance, while the extended Day 3 lead time maintains stable predictability."
Nagpur,2026-10-06 10:00:00,3,79.2,High,81.48,88.28,60.0,UKMO,"UKMO and ensemble members agree closely, while RMSE remains low for this region."
Nagpur,2026-10-06 11:00:00,3,78.6,High,81.48,86.34,60.0,UKMO,"UKMO and ensemble members agree closely, while RMSE remains low for this region."
Nagpur,2026-10-06 12:00:00,3,77.8,High,81.48,83.63,60.0,UKMO,"UKMO and ensemble members agree closely, while RMSE remains low for this region."
Nagpur,2026-10-06 13:00:00,3,76.4,High,81.48,79.02,60.0,UKMO,"Low regional RMSE supports UKMO dominance, while the extended Day 3 lead time maintains stable predictability."
Nagpur,2026-10-06 14:00:00,3,75.5,High,81.48,75.82,60.0,UKMO,"Low regional RMSE supports UKMO dominance, while the extended Day 3 lead time maintains stable predictability."
Nagpur,2026-10-06 15:00:00,3,75.0,High,81.48,74.17,60.0,UKMO,"Low regional RMSE supports UKMO dominance, while the extended Day 3 lead time maintains stable predictability."
Nagpur,2026-10-06 16:00:00,3,73.7,Medium,81.48,69.92,60.0,UKMO,Models show moderate disagreement and the forecast lead time reduces reliability.
Nagpur,2026-10-06 17:00:00,3,73.2,Medium,81.48,68.21,60.0,UKMO,Models show moderate disagreement and the forecast lead time reduces reliability.
Nagpur,2026-10-06 18:00:00,3,73.9,Medium,81.48,70.45,60.0,UKMO,Models show moderate disagreement and the forecast lead time reduces reliability.
Nagpur,2026-10-06 19:00:00,3,73.2,Medium,81.48,68.17,60.0,UKMO,Models show moderate disagreement and the forecast lead time reduces reliability.
Nagpur,2026-10-06 20:00:00,3,71.7,Medium,81.48,63.35,60.0,UKMO,Models show moderate disagreement and the forecast lead time reduces reliability.
Nagpur,2026-10-06 21:00:00,3,72.0,Medium,81.48,64.16,60.0,UKMO,Models show moderate disagreement and the forecast lead time reduces reliability.
Nagpur,2026-10-06 22:00:00,3,74.8,High,81.48,73.37,60.0,UKMO,"Low regional RMSE supports UKMO dominance, while the extended Day 3 lead time maintains stable predictability."
Nagpur,2026-10-06 23:00:00,3,74.9,High,81.48,73.71,60.0,UKMO,"Low regional RMSE supports UKMO dominance, while the extended Day 3 lead time maintains stable predictability."
Nashik,2026-10-04 00:00:00,1,89.9,Very High,91.04,81.25,100.0,ECMWF,"ECMWF has the highest historical skill, model agreement is strong, and this is a short-range forecast."
Nashik,2026-10-04 01:00:00,1,90.0,Very High,91.04,81.76,100.0,ECMWF,"ECMWF has the highest historical skill, model agreement is strong, and this is a short-range forecast."
Nashik,2026-10-04 02:00:00,1,90.3,Very High,91.04,82.6,100.0,ECMWF,"ECMWF has the highest historical skill, model agreement is strong, and this is a short-range forecast."
Nashik,2026-10-04 03:00:00,1,90.0,Very High,91.04,81.53,100.0,ECMWF,"ECMWF has the highest historical skill, model agreement is strong, and this is a short-range forecast."
Nashik,2026-10-04 04:00:00,1,89.4,High,91.04,79.76,100.0,ECMWF,"ECMWF leads with strong short-range skill, with minor model spread in local precipitation."
Nashik,2026-10-04 05:00:00,1,89.9,Very High,91.04,81.23,100.0,ECMWF,"ECMWF has the highest historical skill, model agreement is strong, and this is a short-range forecast."
Nashik,2026-10-04 06:00:00,1,88.7,High,91.04,77.23,100.0,ECMWF,"ECMWF leads with strong short-range skill, with minor model spread in local precipitation."
Nashik,2026-10-04 07:00:00,1,88.8,High,91.04,77.46,100.0,ECMWF,"ECMWF leads with strong short-range skill, with minor model spread in local precipitation."
Nashik,2026-10-04 08:00:00,1,87.8,High,91.04,74.3,100.0,ECMWF,"ECMWF leads with strong short-range skill, with minor model spread in local precipitation."
Nashik,2026-10-04 09:00:00,1,86.5,High,91.04,70.0,100.0,ECMWF,"ECMWF leads with strong short-range skill, with minor model spread in local precipitation."
Nashik,2026-10-04 10:00:00,1,86.0,High,91.04,68.19,100.0,ECMWF,"ECMWF leads with strong short-range skill, with minor model spread in local precipitation."
Nashik,2026-10-04 11:00:00,1,86.1,High,91.04,68.71,100.0,ECMWF,"ECMWF leads with strong short-range skill, with minor model spread in local precipitation."
Nashik,2026-10-04 12:00:00,1,87.5,High,91.04,73.4,100.0,ECMWF,"ECMWF leads with strong short-range skill, with minor model spread in local precipitation."
Nashik,2026-10-04 13:00:00,1,88.8,High,91.04,77.53,100.0,ECMWF,"ECMWF leads with strong short-range skill, with minor model spread in local precipitation."
Nashik,2026-10-04 14:00:00,1,88.6,High,91.04,77.05,100.0,ECMWF,"ECMWF leads with strong short-range skill, with minor model spread in local precipitation."
Nashik,2026-10-04 15:00:00,1,89.9,Very High,91.04,81.25,100.0,ECMWF,"ECMWF has the highest historical skill, model agreement is strong, and this is a short-range forecast."
Nashik,2026-10-04 16:00:00,1,88.8,High,91.04,77.65,100.0,ECMWF,"ECMWF leads with strong short-range skill, with minor model spread in local precipitation."
Nashik,2026-10-04 17:00:00,1,85.2,High,91.04,65.59,100.0,ECMWF,"ECMWF leads with strong short-range skill, with minor model spread in local precipitation."
Nashik,2026-10-04 18:00:00,1,84.6,High,91.04,63.55,100.0,ECMWF,"ECMWF leads with strong short-range skill, with minor model spread in local precipitation."
Nashik,2026-10-04 19:00:00,1,86.0,High,91.04,68.35,100.0,ECMWF,"ECMWF leads with strong short-range skill, with minor model spread in local precipitation."
Nashik,2026-10-04 20:00:00,1,86.3,High,91.04,69.16,100.0,ECMWF,"ECMWF leads with strong short-range skill, with minor model spread in local precipitation."
Nashik,2026-10-04 21:00:00,1,86.6,High,91.04,70.33,100.0,ECMWF,"ECMWF leads with strong short-range skill, with minor model spread in local precipitation."
Nashik,2026-10-04 22:00:00,1,87.9,High,91.04,74.57,100.0,ECMWF,"ECMWF leads with strong short-range skill, with minor model spread in local precipitation."
Nashik,2026-10-04 23:00:00,1,90.2,Very High,91.04,82.11,100.0,ECMWF,"ECMWF has the highest historical skill, model agreement is strong, and this is a short-range forecast."
Nashik,2026-10-05 00:00:00,2,86.5,High,89.8,85.19,80.0,ECMWF,"ECMWF and ensemble members agree closely, while RMSE remains low for this region."
Nashik,2026-10-05 01:00:00,2,87.2,High,89.8,87.67,80.0,ECMWF,"ECMWF and ensemble members agree closely, while RMSE remains low for this region."
Nashik,2026-10-05 02:00:00,2,87.7,High,89.8,89.38,80.0,ECMWF,"ECMWF and ensemble members agree closely, while RMSE remains low for this region."
Nashik,2026-10-05 03:00:00,2,86.8,High,89.8,86.48,80.0,ECMWF,"ECMWF and ensemble members agree closely, while RMSE remains low for this region."
Nashik,2026-10-05 04:00:00,2,87.8,High,89.8,89.66,80.0,ECMWF,"ECMWF and ensemble members agree closely, while RMSE remains low for this region."
Nashik,2026-10-05 05:00:00,2,87.6,High,89.8,88.84,80.0,ECMWF,"ECMWF and ensemble members agree closely, while RMSE remains low for this region."
Nashik,2026-10-05 06:00:00,2,85.4,High,89.8,81.54,80.0,ECMWF,"ECMWF and ensemble members agree closely, while RMSE remains low for this region."
Nashik,2026-10-05 07:00:00,2,85.3,High,89.8,81.36,80.0,ECMWF,"ECMWF and ensemble members agree closely, while RMSE remains low for this region."
Nashik,2026-10-05 08:00:00,2,84.1,High,89.8,77.34,80.0,ECMWF,"Low regional RMSE supports ECMWF dominance, while the 48-hour forecast horizon maintains stable predictability."
Nashik,2026-10-05 09:00:00,2,82.4,High,89.8,71.7,80.0,ECMWF,"Low regional RMSE supports ECMWF dominance, while the 48-hour forecast horizon maintains stable predictability."
Nashik,2026-10-05 10:00:00,2,82.4,High,89.8,71.74,80.0,ECMWF,"Low regional RMSE supports ECMWF dominance, while the 48-hour forecast horizon maintains stable predictability."
Nashik,2026-10-05 11:00:00,2,82.6,High,89.8,72.17,80.0,ECMWF,"Low regional RMSE supports ECMWF dominance, while the 48-hour forecast horizon maintains stable predictability."
Nashik,2026-10-05 12:00:00,2,83.1,High,89.8,74.09,80.0,ECMWF,"Low regional RMSE supports ECMWF dominance, while the 48-hour forecast horizon maintains stable predictability."
Nashik,2026-10-05 13:00:00,2,84.2,High,89.8,77.5,80.0,ECMWF,"Low regional RMSE supports ECMWF dominance, while the 48-hour forecast horizon maintains stable predictability."
Nashik,2026-10-05 14:00:00,2,83.5,High,89.8,75.19,80.0,ECMWF,"Low regional RMSE supports ECMWF dominance, while the 48-hour forecast horizon maintains stable predictability."
Nashik,2026-10-05 15:00:00,2,83.6,High,89.8,75.62,80.0,ECMWF,"Low regional RMSE supports ECMWF dominance, while the 48-hour forecast horizon maintains stable predictability."
Nashik,2026-10-05 16:00:00,2,83.0,High,89.8,73.7,80.0,ECMWF,"Low regional RMSE supports ECMWF dominance, while the 48-hour forecast horizon maintains stable predictability."
Nashik,2026-10-05 17:00:00,2,79.5,High,89.8,62.14,80.0,ECMWF,"Low regional RMSE supports ECMWF dominance, while the 48-hour forecast horizon maintains stable predictability."
Nashik,2026-10-05 18:00:00,2,80.4,High,89.8,65.06,80.0,ECMWF,"Low regional RMSE supports ECMWF dominance, while the 48-hour forecast horizon maintains stable predictability."
Nashik,2026-10-05 19:00:00,2,82.2,High,89.8,70.95,80.0,ECMWF,"Low regional RMSE supports ECMWF dominance, while the 48-hour forecast horizon maintains stable predictability."
Nashik,2026-10-05 20:00:00,2,82.2,High,89.8,70.96,80.0,ECMWF,"Low regional RMSE supports ECMWF dominance, while the 48-hour forecast horizon maintains stable predictability."
Nashik,2026-10-05 21:00:00,2,83.0,High,89.8,73.78,80.0,ECMWF,"Low regional RMSE supports ECMWF dominance, while the 48-hour forecast horizon maintains stable predictability."
Nashik,2026-10-05 22:00:00,2,83.8,High,89.8,76.2,80.0,ECMWF,"Low regional RMSE supports ECMWF dominance, while the 48-hour forecast horizon maintains stable predictability."
Nashik,2026-10-05 23:00:00,2,84.5,High,89.8,78.8,80.0,ECMWF,"Low regional RMSE supports ECMWF dominance, while the 48-hour forecast horizon maintains stable predictability."
Nashik,2026-10-06 00:00:00,3,79.0,High,85.05,81.42,60.0,ECMWF,"ECMWF and ensemble members agree closely, while RMSE remains low for this region."
Nashik,2026-10-06 01:00:00,3,78.8,High,85.05,80.99,60.0,ECMWF,"ECMWF and ensemble members agree closely, while RMSE remains low for this region."
Nashik,2026-10-06 02:00:00,3,80.4,High,85.05,86.35,60.0,ECMWF,"ECMWF and ensemble members agree closely, while RMSE remains low for this region."
Nashik,2026-10-06 03:00:00,3,81.9,High,85.05,91.21,60.0,ECMWF,"ECMWF and ensemble members agree closely, while RMSE remains low for this region."
Nashik,2026-10-06 04:00:00,3,80.9,High,85.05,87.77,60.0,ECMWF,"ECMWF and ensemble members agree closely, while RMSE remains low for this region."
Nashik,2026-10-06 05:00:00,3,80.3,High,85.05,86.08,60.0,ECMWF,"ECMWF and ensemble members agree closely, while RMSE remains low for this region."
Nashik,2026-10-06 06:00:00,3,80.0,High,85.05,84.98,60.0,ECMWF,"ECMWF and ensemble members agree closely, while RMSE remains low for this region."
Nashik,2026-10-06 07:00:00,3,78.7,High,85.05,80.67,60.0,ECMWF,"ECMWF and ensemble members agree closely, while RMSE remains low for this region."
Nashik,2026-10-06 08:00:00,3,75.6,High,85.05,70.41,60.0,ECMWF,"Low regional RMSE supports ECMWF dominance, while the extended Day 3 lead time maintains stable predictability."
Nashik,2026-10-06 09:00:00,3,74.4,Medium,85.05,66.29,60.0,ECMWF,Models show moderate disagreement and the forecast lead time reduces reliability.
Nashik,2026-10-06 10:00:00,3,74.6,High,85.05,67.04,60.0,ECMWF,"Low regional RMSE supports ECMWF dominance, while the extended Day 3 lead time maintains stable predictability."
Nashik,2026-10-06 11:00:00,3,74.5,High,85.05,66.62,60.0,ECMWF,"Low regional RMSE supports ECMWF dominance, while the extended Day 3 lead time maintains stable predictability."
Nashik,2026-10-06 12:00:00,3,75.4,High,85.05,69.48,60.0,ECMWF,"Low regional RMSE supports ECMWF dominance, while the extended Day 3 lead time maintains stable predictability."
Nashik,2026-10-06 13:00:00,3,77.3,High,85.05,76.0,60.0,ECMWF,"Low regional RMSE supports ECMWF dominance, while the extended Day 3 lead time maintains stable predictability."
Nashik,2026-10-06 14:00:00,3,77.9,High,85.05,77.89,60.0,ECMWF,"Low regional RMSE supports ECMWF dominance, while the extended Day 3 lead time maintains stable predictability."
Nashik,2026-10-06 15:00:00,3,79.0,High,85.05,81.63,60.0,ECMWF,"ECMWF and ensemble members agree closely, while RMSE remains low for this region."
Nashik,2026-10-06 16:00:00,3,77.5,High,85.05,76.63,60.0,ECMWF,"Low regional RMSE supports ECMWF dominance, while the extended Day 3 lead time maintains stable predictability."
Nashik,2026-10-06 17:00:00,3,73.0,Medium,85.05,61.68,60.0,ECMWF,Models show moderate disagreement and the forecast lead time reduces reliability.
Nashik,2026-10-06 18:00:00,3,72.4,Medium,85.05,59.62,60.0,ECMWF,Models show moderate disagreement and the forecast lead time reduces reliability.
Nashik,2026-10-06 19:00:00,3,75.2,High,85.05,68.81,60.0,ECMWF,"Low regional RMSE supports ECMWF dominance, while the extended Day 3 lead time maintains stable predictability."
Nashik,2026-10-06 20:00:00,3,73.6,Medium,85.05,63.68,60.0,ECMWF,Models show moderate disagreement and the forecast lead time reduces reliability.
Nashik,2026-10-06 21:00:00,3,75.2,High,85.05,68.97,60.0,ECMWF,"Low regional RMSE supports ECMWF dominance, while the extended Day 3 lead time maintains stable predictability."
Nashik,2026-10-06 22:00:00,3,76.4,High,85.05,73.04,60.0,ECMWF,"Low regional RMSE supports ECMWF dominance, while the extended Day 3 lead time maintains stable predictability."
Nashik,2026-10-06 23:00:00,3,77.9,High,85.05,77.85,60.0,ECMWF,"Low regional RMSE supports ECMWF dominance, while the extended Day 3 lead time maintains stable predictability."
Patna,2026-10-04 00:00:00,1,85.5,High,84.58,77.5,100.0,ECMWF,"ECMWF leads with strong short-range skill, with minor model spread in local precipitation."
Patna,2026-10-04 01:00:00,1,86.0,High,84.58,79.12,100.0,ECMWF,"ECMWF leads with strong short-range skill, with minor model spread in local precipitation."
Patna,2026-10-04 02:00:00,1,86.5,High,84.58,80.61,100.0,ECMWF,"ECMWF and ensemble members agree closely, while RMSE remains low for this region."
Patna,2026-10-04 03:00:00,1,86.5,High,84.58,80.81,100.0,ECMWF,"ECMWF and ensemble members agree closely, while RMSE remains low for this region."
Patna,2026-10-04 04:00:00,1,87.1,High,84.58,82.65,100.0,ECMWF,"ECMWF and ensemble members agree closely, while RMSE remains low for this region."
Patna,2026-10-04 05:00:00,1,87.2,High,84.58,83.12,100.0,ECMWF,"ECMWF and ensemble members agree closely, while RMSE remains low for this region."
Patna,2026-10-04 06:00:00,1,86.4,High,84.58,80.23,100.0,ECMWF,"ECMWF and ensemble members agree closely, while RMSE remains low for this region."
Patna,2026-10-04 07:00:00,1,87.5,High,84.58,84.15,100.0,ECMWF,"ECMWF and ensemble members agree closely, while RMSE remains low for this region."
Patna,2026-10-04 08:00:00,1,86.1,High,84.58,79.22,100.0,ECMWF,"ECMWF leads with strong short-range skill, with minor model spread in local precipitation."
Patna,2026-10-04 09:00:00,1,86.3,High,84.58,80.15,100.0,ECMWF,"ECMWF and ensemble members agree closely, while RMSE remains low for this region."
Patna,2026-10-04 10:00:00,1,87.0,High,84.58,82.46,100.0,ECMWF,"ECMWF and ensemble members agree closely, while RMSE remains low for this region."
Patna,2026-10-04 11:00:00,1,87.4,High,84.58,83.83,100.0,ECMWF,"ECMWF and ensemble members agree closely, while RMSE remains low for this region."
Patna,2026-10-04 12:00:00,1,87.1,High,84.58,82.68,100.0,ECMWF,"ECMWF and ensemble members agree closely, while RMSE remains low for this region."
Patna,2026-10-04 13:00:00,1,87.6,High,84.58,84.33,100.0,ECMWF,"ECMWF and ensemble members agree closely, while RMSE remains low for this region."
Patna,2026-10-04 14:00:00,1,87.4,High,84.58,83.58,100.0,ECMWF,"ECMWF and ensemble members agree closely, while RMSE remains low for this region."
Patna,2026-10-04 15:00:00,1,86.0,High,84.58,79.0,100.0,ECMWF,"ECMWF leads with strong short-range skill, with minor model spread in local precipitation."
Patna,2026-10-04 16:00:00,1,84.7,High,84.58,74.72,100.0,ECMWF,"ECMWF leads with strong short-range skill, with minor model spread in local precipitation."
Patna,2026-10-04 17:00:00,1,84.3,High,84.58,73.31,100.0,ECMWF,"ECMWF leads with strong short-range skill, with minor model spread in local precipitation."
Patna,2026-10-04 18:00:00,1,84.8,High,84.58,75.1,100.0,ECMWF,"ECMWF leads with strong short-range skill, with minor model spread in local precipitation."
Patna,2026-10-04 19:00:00,1,85.2,High,84.58,76.3,100.0,ECMWF,"ECMWF leads with strong short-range skill, with minor model spread in local precipitation."
Patna,2026-10-04 20:00:00,1,85.0,High,84.58,75.68,100.0,ECMWF,"ECMWF leads with strong short-range skill, with minor model spread in local precipitation."
Patna,2026-10-04 21:00:00,1,85.4,High,84.58,77.2,100.0,ECMWF,"ECMWF leads with strong short-range skill, with minor model spread in local precipitation."
Patna,2026-10-04 22:00:00,1,86.1,High,84.58,79.35,100.0,ECMWF,"ECMWF leads with strong short-range skill, with minor model spread in local precipitation."
Patna,2026-10-04 23:00:00,1,86.3,High,84.58,80.17,100.0,ECMWF,"ECMWF and ensemble members agree closely, while RMSE remains low for this region."
Patna,2026-10-05 00:00:00,2,81.7,High,82.93,80.85,80.0,JMA,"JMA and ensemble members agree closely, while RMSE remains low for this region."
Patna,2026-10-05 01:00:00,2,81.4,High,82.93,79.86,80.0,JMA,"Low regional RMSE supports JMA dominance, while the 48-hour forecast horizon maintains stable predictability."
Patna,2026-10-05 02:00:00,2,81.4,High,82.93,79.9,80.0,JMA,"Low regional RMSE supports JMA dominance, while the 48-hour forecast horizon maintains stable predictability."
Patna,2026-10-05 03:00:00,2,80.6,High,82.93,77.11,80.0,JMA,"Low regional RMSE supports JMA dominance, while the 48-hour forecast horizon maintains stable predictability."
Patna,2026-10-05 04:00:00,2,79.8,High,82.93,74.47,80.0,JMA,"Low regional RMSE supports JMA dominance, while the 48-hour forecast horizon maintains stable predictability."
Patna,2026-10-05 05:00:00,2,81.4,High,82.93,79.77,80.0,JMA,"Low regional RMSE supports JMA dominance, while the 48-hour forecast horizon maintains stable predictability."
Patna,2026-10-05 06:00:00,2,78.8,High,82.93,70.99,80.0,JMA,"Low regional RMSE supports JMA dominance, while the 48-hour forecast horizon maintains stable predictability."
Patna,2026-10-05 07:00:00,2,81.0,High,82.93,78.48,80.0,JMA,"Low regional RMSE supports JMA dominance, while the 48-hour forecast horizon maintains stable predictability."
Patna,2026-10-05 08:00:00,2,79.1,High,82.93,72.08,80.0,JMA,"Low regional RMSE supports JMA dominance, while the 48-hour forecast horizon maintains stable predictability."
Patna,2026-10-05 09:00:00,2,77.8,High,82.93,67.89,80.0,JMA,"Low regional RMSE supports JMA dominance, while the 48-hour forecast horizon maintains stable predictability."
Patna,2026-10-05 10:00:00,2,76.9,High,82.93,64.85,80.0,JMA,"Low regional RMSE supports JMA dominance, while the 48-hour forecast horizon maintains stable predictability."
Patna,2026-10-05 11:00:00,2,77.7,High,82.93,67.55,80.0,JMA,"Low regional RMSE supports JMA dominance, while the 48-hour forecast horizon maintains stable predictability."
Patna,2026-10-05 12:00:00,2,77.5,High,82.93,66.84,80.0,JMA,"Low regional RMSE supports JMA dominance, while the 48-hour forecast horizon maintains stable predictability."
Patna,2026-10-05 13:00:00,2,76.2,High,82.93,62.46,80.0,JMA,"Low regional RMSE supports JMA dominance, while the 48-hour forecast horizon maintains stable predictability."
Patna,2026-10-05 14:00:00,2,75.6,High,82.93,60.37,80.0,JMA,"Low regional RMSE supports JMA dominance, while the 48-hour forecast horizon maintains stable predictability."
Patna,2026-10-05 15:00:00,2,75.1,High,82.93,58.92,80.0,JMA,"Low regional RMSE supports JMA dominance, while the 48-hour forecast horizon maintains stable predictability."
Patna,2026-10-05 16:00:00,2,71.1,Medium,82.93,45.4,80.0,JMA,Inter-model spread indicates divergence between NWP forecasts despite JMA weighting.
Patna,2026-10-05 17:00:00,2,70.5,Medium,82.93,43.29,80.0,JMA,Inter-model spread indicates divergence between NWP forecasts despite JMA weighting.
Patna,2026-10-05 18:00:00,2,73.1,Medium,82.93,52.0,80.0,JMA,Inter-model spread indicates divergence between NWP forecasts despite JMA weighting.
Patna,2026-10-05 19:00:00,2,76.0,High,82.93,61.81,80.0,JMA,"Low regional RMSE supports JMA dominance, while the 48-hour forecast horizon maintains stable predictability."
Patna,2026-10-05 20:00:00,2,79.7,High,82.93,74.05,80.0,JMA,"Low regional RMSE supports JMA dominance, while the 48-hour forecast horizon maintains stable predictability."
Patna,2026-10-05 21:00:00,2,76.9,High,82.93,64.7,80.0,JMA,"Low regional RMSE supports JMA dominance, while the 48-hour forecast horizon maintains stable predictability."
Patna,2026-10-05 22:00:00,2,75.6,High,82.93,60.53,80.0,JMA,"Low regional RMSE supports JMA dominance, while the 48-hour forecast horizon maintains stable predictability."
Patna,2026-10-05 23:00:00,2,75.9,High,82.93,61.38,80.0,JMA,"Low regional RMSE supports JMA dominance, while the 48-hour forecast horizon maintains stable predictability."
Patna,2026-10-06 00:00:00,3,70.7,Medium,80.42,61.53,60.0,ICON,Models show moderate disagreement and the forecast lead time reduces reliability.
Patna,2026-10-06 01:00:00,3,70.4,Medium,80.42,60.76,60.0,ICON,Models show moderate disagreement and the forecast lead time reduces reliability.
Patna,2026-10-06 02:00:00,3,70.5,Medium,80.42,60.84,60.0,ICON,Models show moderate disagreement and the forecast lead time reduces reliability.
Patna,2026-10-06 03:00:00,3,70.9,Medium,80.42,62.26,60.0,ICON,Models show moderate disagreement and the forecast lead time reduces reliability.
Patna,2026-10-06 04:00:00,3,71.5,Medium,80.42,64.36,60.0,ICON,Models show moderate disagreement and the forecast lead time reduces reliability.
Patna,2026-10-06 05:00:00,3,71.6,Medium,80.42,64.6,60.0,ICON,Models show moderate disagreement and the forecast lead time reduces reliability.
Patna,2026-10-06 06:00:00,3,71.8,Medium,80.42,65.44,60.0,ICON,Models show moderate disagreement and the forecast lead time reduces reliability.
Patna,2026-10-06 07:00:00,3,72.1,Medium,80.42,66.27,60.0,ICON,Models show moderate disagreement and the forecast lead time reduces reliability.
Patna,2026-10-06 08:00:00,3,72.3,Medium,80.42,67.1,60.0,ICON,Models show moderate disagreement and the forecast lead time reduces reliability.
Patna,2026-10-06 09:00:00,3,73.0,Medium,80.42,69.18,60.0,ICON,Models show moderate disagreement and the forecast lead time reduces reliability.
Patna,2026-10-06 10:00:00,3,74.5,High,80.42,74.24,60.0,ICON,"Low regional RMSE supports ICON dominance, while the extended Day 3 lead time maintains stable predictability."
Patna,2026-10-06 11:00:00,3,74.5,High,80.42,74.34,60.0,ICON,"Low regional RMSE supports ICON dominance, while the extended Day 3 lead time maintains stable predictability."
Patna,2026-10-06 12:00:00,3,74.0,Medium,80.42,72.76,60.0,ICON,Models show moderate disagreement and the forecast lead time reduces reliability.
Patna,2026-10-06 13:00:00,3,74.0,Medium,80.42,72.51,60.0,ICON,Models show moderate disagreement and the forecast lead time reduces reliability.
Patna,2026-10-06 14:00:00,3,74.7,High,80.42,75.07,60.0,ICON,"Low regional RMSE supports ICON dominance, while the extended Day 3 lead time maintains stable predictability."
Patna,2026-10-06 15:00:00,3,74.7,High,80.42,75.1,60.0,ICON,"Low regional RMSE supports ICON dominance, while the extended Day 3 lead time maintains stable predictability."
Patna,2026-10-06 16:00:00,3,73.6,Medium,80.42,71.18,60.0,ICON,Models show moderate disagreement and the forecast lead time reduces reliability.
Patna,2026-10-06 17:00:00,3,73.5,Medium,80.42,70.86,60.0,ICON,Models show moderate disagreement and the forecast lead time reduces reliability.
Patna,2026-10-06 18:00:00,3,72.5,Medium,80.42,67.58,60.0,ICON,Models show moderate disagreement and the forecast lead time reduces reliability.
Patna,2026-10-06 19:00:00,3,71.6,Medium,80.42,64.7,60.0,ICON,Models show moderate disagreement and the forecast lead time reduces reliability.
Patna,2026-10-06 20:00:00,3,70.9,Medium,80.42,62.23,60.0,ICON,Models show moderate disagreement and the forecast lead time reduces reliability.
Patna,2026-10-06 21:00:00,3,71.4,Medium,80.42,64.07,60.0,ICON,Models show moderate disagreement and the forecast lead time reduces reliability.
Patna,2026-10-06 22:00:00,3,71.5,Medium,80.42,64.17,60.0,ICON,Models show moderate disagreement and the forecast lead time reduces reliability.
Patna,2026-10-06 23:00:00,3,71.0,Medium,80.42,62.55,60.0,ICON,Models show moderate disagreement and the forecast lead time reduces reliability.
Pune,2026-10-04 00:00:00,1,93.3,Very High,99.53,78.57,100.0,ECMWF,"ECMWF exhibits outstanding regional skill, maintaining very high blend reliability for this short-range forecast."
Pune,2026-10-04 01:00:00,1,92.6,Very High,99.53,76.22,100.0,ECMWF,"ECMWF exhibits outstanding regional skill, maintaining very high blend reliability for this short-range forecast."
Pune,2026-10-04 02:00:00,1,95.0,Very High,99.53,84.18,100.0,ECMWF,"ECMWF has the highest historical skill, model agreement is strong, and this is a short-range forecast."
Pune,2026-10-04 03:00:00,1,93.4,Very High,99.53,78.81,100.0,ECMWF,"ECMWF exhibits outstanding regional skill, maintaining very high blend reliability for this short-range forecast."
Pune,2026-10-04 04:00:00,1,94.2,Very High,99.53,81.34,100.0,ECMWF,"ECMWF has the highest historical skill, model agreement is strong, and this is a short-range forecast."
Pune,2026-10-04 05:00:00,1,94.6,Very High,99.53,82.65,100.0,ECMWF,"ECMWF has the highest historical skill, model agreement is strong, and this is a short-range forecast."
Pune,2026-10-04 06:00:00,1,93.8,Very High,99.53,80.21,100.0,ECMWF,"ECMWF has the highest historical skill, model agreement is strong, and this is a short-range forecast."
Pune,2026-10-04 07:00:00,1,94.0,Very High,99.53,80.75,100.0,ECMWF,"ECMWF has the highest historical skill, model agreement is strong, and this is a short-range forecast."
Pune,2026-10-04 08:00:00,1,92.7,Very High,99.53,76.6,100.0,ECMWF,"ECMWF exhibits outstanding regional skill, maintaining very high blend reliability for this short-range forecast."
Pune,2026-10-04 09:00:00,1,92.3,Very High,99.53,75.18,100.0,ECMWF,"ECMWF exhibits outstanding regional skill, maintaining very high blend reliability for this short-range forecast."
Pune,2026-10-04 10:00:00,1,92.9,Very High,99.53,76.99,100.0,ECMWF,"ECMWF exhibits outstanding regional skill, maintaining very high blend reliability for this short-range forecast."
Pune,2026-10-04 11:00:00,1,94.2,Very High,99.53,81.41,100.0,ECMWF,"ECMWF has the highest historical skill, model agreement is strong, and this is a short-range forecast."
Pune,2026-10-04 12:00:00,1,94.8,Very High,99.53,83.45,100.0,ECMWF,"ECMWF has the highest historical skill, model agreement is strong, and this is a short-range forecast."
Pune,2026-10-04 13:00:00,1,95.3,Very High,99.53,85.09,100.0,ECMWF,"ECMWF has the highest historical skill, model agreement is strong, and this is a short-range forecast."
Pune,2026-10-04 14:00:00,1,93.7,Very High,99.53,79.8,100.0,ECMWF,"ECMWF exhibits outstanding regional skill, maintaining very high blend reliability for this short-range forecast."
Pune,2026-10-04 15:00:00,1,92.8,Very High,99.53,76.8,100.0,ECMWF,"ECMWF exhibits outstanding regional skill, maintaining very high blend reliability for this short-range forecast."
Pune,2026-10-04 16:00:00,1,91.6,Very High,99.53,72.79,100.0,ECMWF,"ECMWF exhibits outstanding regional skill, maintaining very high blend reliability for this short-range forecast."
Pune,2026-10-04 17:00:00,1,91.9,Very High,99.53,73.84,100.0,ECMWF,"ECMWF exhibits outstanding regional skill, maintaining very high blend reliability for this short-range forecast."
Pune,2026-10-04 18:00:00,1,91.5,Very High,99.53,72.57,100.0,ECMWF,"ECMWF exhibits outstanding regional skill, maintaining very high blend reliability for this short-range forecast."
Pune,2026-10-04 19:00:00,1,90.0,Very High,99.53,67.35,100.0,ECMWF,"ECMWF exhibits outstanding regional skill, maintaining very high blend reliability for this short-range forecast."
Pune,2026-10-04 20:00:00,1,89.9,Very High,99.53,67.02,100.0,ECMWF,"ECMWF exhibits outstanding regional skill, maintaining very high blend reliability for this short-range forecast."
Pune,2026-10-04 21:00:00,1,90.5,Very High,99.53,69.21,100.0,ECMWF,"ECMWF exhibits outstanding regional skill, maintaining very high blend reliability for this short-range forecast."
Pune,2026-10-04 22:00:00,1,91.2,Very High,99.53,71.34,100.0,ECMWF,"ECMWF exhibits outstanding regional skill, maintaining very high blend reliability for this short-range forecast."
Pune,2026-10-04 23:00:00,1,91.8,Very High,99.53,73.43,100.0,ECMWF,"ECMWF exhibits outstanding regional skill, maintaining very high blend reliability for this short-range forecast."
Pune,2026-10-05 00:00:00,2,88.0,High,98.07,76.54,80.0,ECMWF,"Low regional RMSE supports ECMWF dominance, while the 48-hour forecast horizon maintains stable predictability."
Pune,2026-10-05 01:00:00,2,88.4,High,98.07,77.94,80.0,ECMWF,"Low regional RMSE supports ECMWF dominance, while the 48-hour forecast horizon maintains stable predictability."
Pune,2026-10-05 02:00:00,2,89.0,High,98.07,79.73,80.0,ECMWF,"Low regional RMSE supports ECMWF dominance, while the 48-hour forecast horizon maintains stable predictability."
Pune,2026-10-05 03:00:00,2,89.7,Very High,98.07,82.13,80.0,ECMWF,"ECMWF has the highest historical skill, model agreement is strong, and this is a 48-hour forecast horizon."
Pune,2026-10-05 04:00:00,2,90.3,Very High,98.07,84.26,80.0,ECMWF,"ECMWF has the highest historical skill, model agreement is strong, and this is a 48-hour forecast horizon."
Pune,2026-10-05 05:00:00,2,89.6,Very High,98.07,81.95,80.0,ECMWF,"ECMWF has the highest historical skill, model agreement is strong, and this is a 48-hour forecast horizon."
Pune,2026-10-05 06:00:00,2,90.0,Very High,98.07,83.14,80.0,ECMWF,"ECMWF has the highest historical skill, model agreement is strong, and this is a 48-hour forecast horizon."
Pune,2026-10-05 07:00:00,2,91.5,Very High,98.07,88.25,80.0,ECMWF,"ECMWF has the highest historical skill, model agreement is strong, and this is a 48-hour forecast horizon."
Pune,2026-10-05 08:00:00,2,90.6,Very High,98.07,85.27,80.0,ECMWF,"ECMWF has the highest historical skill, model agreement is strong, and this is a 48-hour forecast horizon."
Pune,2026-10-05 09:00:00,2,88.0,High,98.07,76.46,80.0,ECMWF,"Low regional RMSE supports ECMWF dominance, while the 48-hour forecast horizon maintains stable predictability."
Pune,2026-10-05 10:00:00,2,87.1,High,98.07,73.44,80.0,ECMWF,"Low regional RMSE supports ECMWF dominance, while the 48-hour forecast horizon maintains stable predictability."
Pune,2026-10-05 11:00:00,2,87.7,High,98.07,75.68,80.0,ECMWF,"Low regional RMSE supports ECMWF dominance, while the 48-hour forecast horizon maintains stable predictability."
Pune,2026-10-05 12:00:00,2,89.3,High,98.07,80.72,80.0,ECMWF,"ECMWF and ensemble members agree closely, while RMSE remains low for this region."
Pune,2026-10-05 13:00:00,2,86.7,High,98.07,72.15,80.0,ECMWF,"Low regional RMSE supports ECMWF dominance, while the 48-hour forecast horizon maintains stable predictability."
Pune,2026-10-05 14:00:00,2,85.9,High,98.07,69.44,80.0,ECMWF,"Low regional RMSE supports ECMWF dominance, while the 48-hour forecast horizon maintains stable predictability."
Pune,2026-10-05 15:00:00,2,85.7,High,98.07,68.8,80.0,ECMWF,"Low regional RMSE supports ECMWF dominance, while the 48-hour forecast horizon maintains stable predictability."
Pune,2026-10-05 16:00:00,2,84.9,High,98.07,66.34,80.0,ECMWF,"Low regional RMSE supports ECMWF dominance, while the 48-hour forecast horizon maintains stable predictability."
Pune,2026-10-05 17:00:00,2,83.9,High,98.07,63.03,80.0,ECMWF,"Low regional RMSE supports ECMWF dominance, while the 48-hour forecast horizon maintains stable predictability."
Pune,2026-10-05 18:00:00,2,85.4,High,98.07,67.96,80.0,ECMWF,"Low regional RMSE supports ECMWF dominance, while the 48-hour forecast horizon maintains stable predictability."
Pune,2026-10-05 19:00:00,2,84.6,High,98.07,65.09,80.0,ECMWF,"Low regional RMSE supports ECMWF dominance, while the 48-hour forecast horizon maintains stable predictability."
Pune,2026-10-05 20:00:00,2,84.5,High,98.07,64.83,80.0,ECMWF,"Low regional RMSE supports ECMWF dominance, while the 48-hour forecast horizon maintains stable predictability."
Pune,2026-10-05 21:00:00,2,86.6,High,98.07,71.75,80.0,ECMWF,"Low regional RMSE supports ECMWF dominance, while the 48-hour forecast horizon maintains stable predictability."
Pune,2026-10-05 22:00:00,2,87.6,High,98.07,75.25,80.0,ECMWF,"Low regional RMSE supports ECMWF dominance, while the 48-hour forecast horizon maintains stable predictability."
Pune,2026-10-05 23:00:00,2,87.0,High,98.07,73.21,80.0,ECMWF,"Low regional RMSE supports ECMWF dominance, while the 48-hour forecast horizon maintains stable predictability."
Pune,2026-10-06 00:00:00,3,82.6,High,95.74,75.67,60.0,ECMWF,"Low regional RMSE supports ECMWF dominance, while the extended Day 3 lead time maintains stable predictability."
Pune,2026-10-06 01:00:00,3,83.5,High,95.74,78.8,60.0,ECMWF,"Low regional RMSE supports ECMWF dominance, while the extended Day 3 lead time maintains stable predictability."
Pune,2026-10-06 02:00:00,3,82.8,High,95.74,76.4,60.0,ECMWF,"Low regional RMSE supports ECMWF dominance, while the extended Day 3 lead time maintains stable predictability."
Pune,2026-10-06 03:00:00,3,82.4,High,95.74,75.07,60.0,ECMWF,"Low regional RMSE supports ECMWF dominance, while the extended Day 3 lead time maintains stable predictability."
Pune,2026-10-06 04:00:00,3,83.0,High,95.74,77.11,60.0,ECMWF,"Low regional RMSE supports ECMWF dominance, while the extended Day 3 lead time maintains stable predictability."
Pune,2026-10-06 05:00:00,3,84.7,High,95.74,82.72,60.0,ECMWF,"ECMWF and ensemble members agree closely, while RMSE remains low for this region."
Pune,2026-10-06 06:00:00,3,84.4,High,95.74,81.92,60.0,ECMWF,"ECMWF and ensemble members agree closely, while RMSE remains low for this region."
Pune,2026-10-06 07:00:00,3,84.1,High,95.74,80.62,60.0,ECMWF,"ECMWF and ensemble members agree closely, while RMSE remains low for this region."
Pune,2026-10-06 08:00:00,3,82.8,High,95.74,76.4,60.0,ECMWF,"Low regional RMSE supports ECMWF dominance, while the extended Day 3 lead time maintains stable predictability."
Pune,2026-10-06 09:00:00,3,81.3,High,95.74,71.38,60.0,ECMWF,"Low regional RMSE supports ECMWF dominance, while the extended Day 3 lead time maintains stable predictability."
Pune,2026-10-06 10:00:00,3,81.5,High,95.74,71.96,60.0,ECMWF,"Low regional RMSE supports ECMWF dominance, while the extended Day 3 lead time maintains stable predictability."
Pune,2026-10-06 11:00:00,3,81.5,High,95.74,72.1,60.0,ECMWF,"Low regional RMSE supports ECMWF dominance, while the extended Day 3 lead time maintains stable predictability."
Pune,2026-10-06 12:00:00,3,81.2,High,95.74,70.97,60.0,ECMWF,"Low regional RMSE supports ECMWF dominance, while the extended Day 3 lead time maintains stable predictability."
Pune,2026-10-06 13:00:00,3,80.4,High,95.74,68.27,60.0,ECMWF,"Low regional RMSE supports ECMWF dominance, while the extended Day 3 lead time maintains stable predictability."
Pune,2026-10-06 14:00:00,3,81.3,High,95.74,71.34,60.0,ECMWF,"Low regional RMSE supports ECMWF dominance, while the extended Day 3 lead time maintains stable predictability."
Pune,2026-10-06 15:00:00,3,82.8,High,95.74,76.57,60.0,ECMWF,"Low regional RMSE supports ECMWF dominance, while the extended Day 3 lead time maintains stable predictability."
Pune,2026-10-06 16:00:00,3,81.7,High,95.74,72.65,60.0,ECMWF,"Low regional RMSE supports ECMWF dominance, while the extended Day 3 lead time maintains stable predictability."
Pune,2026-10-06 17:00:00,3,77.9,High,95.74,60.1,60.0,ECMWF,"Low regional RMSE supports ECMWF dominance, while the extended Day 3 lead time maintains stable predictability."
Pune,2026-10-06 18:00:00,3,78.4,High,95.74,61.72,60.0,ECMWF,"Low regional RMSE supports ECMWF dominance, while the extended Day 3 lead time maintains stable predictability."
Pune,2026-10-06 19:00:00,3,78.4,High,95.74,61.61,60.0,ECMWF,"Low regional RMSE supports ECMWF dominance, while the extended Day 3 lead time maintains stable predictability."
Pune,2026-10-06 20:00:00,3,78.9,High,95.74,63.34,60.0,ECMWF,"Low regional RMSE supports ECMWF dominance, while the extended Day 3 lead time maintains stable predictability."
Pune,2026-10-06 21:00:00,3,79.1,High,95.74,63.94,60.0,ECMWF,"Low regional RMSE supports ECMWF dominance, while the extended Day 3 lead time maintains stable predictability."
Pune,2026-10-06 22:00:00,3,80.9,High,95.74,70.16,60.0,ECMWF,"Low regional RMSE supports ECMWF dominance, while the extended Day 3 lead time maintains stable predictability."
Pune,2026-10-06 23:00:00,3,82.4,High,95.74,74.95,60.0,ECMWF,"Low regional RMSE supports ECMWF dominance, while the extended Day 3 lead time maintains stable predictability."
Raipur,2026-10-04 00:00:00,1,85.5,High,84.16,78.09,100.0,ECMWF,"ECMWF leads with strong short-range skill, with minor model spread in local precipitation."
Raipur,2026-10-04 01:00:00,1,85.6,High,84.16,78.42,100.0,ECMWF,"ECMWF leads with strong short-range skill, with minor model spread in local precipitation."
Raipur,2026-10-04 02:00:00,1,85.5,High,84.16,78.22,100.0,ECMWF,"ECMWF leads with strong short-range skill, with minor model spread in local precipitation."
Raipur,2026-10-04 03:00:00,1,85.4,High,84.16,77.83,100.0,ECMWF,"ECMWF leads with strong short-range skill, with minor model spread in local precipitation."
Raipur,2026-10-04 04:00:00,1,85.4,High,84.16,77.6,100.0,ECMWF,"ECMWF leads with strong short-range skill, with minor model spread in local precipitation."
Raipur,2026-10-04 05:00:00,1,86.7,High,84.16,82.05,100.0,ECMWF,"ECMWF and ensemble members agree closely, while RMSE remains low for this region."
Raipur,2026-10-04 06:00:00,1,85.2,High,84.16,77.18,100.0,ECMWF,"ECMWF leads with strong short-range skill, with minor model spread in local precipitation."
Raipur,2026-10-04 07:00:00,1,86.2,High,84.16,80.44,100.0,ECMWF,"ECMWF and ensemble members agree closely, while RMSE remains low for this region."
Raipur,2026-10-04 08:00:00,1,86.0,High,84.16,79.74,100.0,ECMWF,"ECMWF leads with strong short-range skill, with minor model spread in local precipitation."
Raipur,2026-10-04 09:00:00,1,86.7,High,84.16,82.14,100.0,ECMWF,"ECMWF and ensemble members agree closely, while RMSE remains low for this region."
Raipur,2026-10-04 10:00:00,1,86.1,High,84.16,80.12,100.0,ECMWF,"ECMWF and ensemble members agree closely, while RMSE remains low for this region."
Raipur,2026-10-04 11:00:00,1,86.4,High,84.16,80.9,100.0,ECMWF,"ECMWF and ensemble members agree closely, while RMSE remains low for this region."
Raipur,2026-10-04 12:00:00,1,86.4,High,84.16,81.09,100.0,ECMWF,"ECMWF and ensemble members agree closely, while RMSE remains low for this region."
Raipur,2026-10-04 13:00:00,1,86.7,High,84.16,81.93,100.0,ECMWF,"ECMWF and ensemble members agree closely, while RMSE remains low for this region."
Raipur,2026-10-04 14:00:00,1,87.8,High,84.16,85.78,100.0,ECMWF,"ECMWF and ensemble members agree closely, while RMSE remains low for this region."
Raipur,2026-10-04 15:00:00,1,88.1,High,84.16,86.77,100.0,ECMWF,"ECMWF and ensemble members agree closely, while RMSE remains low for this region."
Raipur,2026-10-04 16:00:00,1,86.8,High,84.16,82.36,100.0,ECMWF,"ECMWF and ensemble members agree closely, while RMSE remains low for this region."
Raipur,2026-10-04 17:00:00,1,84.7,High,84.16,75.32,100.0,ECMWF,"ECMWF leads with strong short-range skill, with minor model spread in local precipitation."
Raipur,2026-10-04 18:00:00,1,84.4,High,84.16,74.35,100.0,ECMWF,"ECMWF leads with strong short-range skill, with minor model spread in local precipitation."
Raipur,2026-10-04 19:00:00,1,83.1,High,84.16,69.93,100.0,ECMWF,"ECMWF leads with strong short-range skill, with minor model spread in local precipitation."
Raipur,2026-10-04 20:00:00,1,83.4,High,84.16,71.04,100.0,ECMWF,"ECMWF leads with strong short-range skill, with minor model spread in local precipitation."
Raipur,2026-10-04 21:00:00,1,83.4,High,84.16,71.08,100.0,ECMWF,"ECMWF leads with strong short-range skill, with minor model spread in local precipitation."
Raipur,2026-10-04 22:00:00,1,84.0,High,84.16,73.06,100.0,ECMWF,"ECMWF leads with strong short-range skill, with minor model spread in local precipitation."
Raipur,2026-10-04 23:00:00,1,84.6,High,84.16,75.06,100.0,ECMWF,"ECMWF leads with strong short-range skill, with minor model spread in local precipitation."
Raipur,2026-10-05 00:00:00,2,79.5,High,79.41,79.27,80.0,UKMO,"Low regional RMSE supports UKMO dominance, while the 48-hour forecast horizon maintains stable predictability."
Raipur,2026-10-05 01:00:00,2,79.6,High,79.41,79.81,80.0,UKMO,"Low regional RMSE supports UKMO dominance, while the 48-hour forecast horizon maintains stable predictability."
Raipur,2026-10-05 02:00:00,2,80.7,High,79.41,83.26,80.0,UKMO,"UKMO and ensemble members agree closely, while RMSE remains low for this region."
Raipur,2026-10-05 03:00:00,2,82.6,High,79.41,89.51,80.0,UKMO,"UKMO and ensemble members agree closely, while RMSE remains low for this region."
Raipur,2026-10-05 04:00:00,2,81.4,High,79.41,85.57,80.0,UKMO,"UKMO and ensemble members agree closely, while RMSE remains low for this region."
Raipur,2026-10-05 05:00:00,2,80.5,High,79.41,82.59,80.0,UKMO,"UKMO and ensemble members agree closely, while RMSE remains low for this region."
Raipur,2026-10-05 06:00:00,2,79.1,High,79.41,77.84,80.0,UKMO,"Low regional RMSE supports UKMO dominance, while the 48-hour forecast horizon maintains stable predictability."
Raipur,2026-10-05 07:00:00,2,78.9,High,79.41,77.41,80.0,UKMO,"Low regional RMSE supports UKMO dominance, while the 48-hour forecast horizon maintains stable predictability."
Raipur,2026-10-05 08:00:00,2,79.0,High,79.41,77.8,80.0,UKMO,"Low regional RMSE supports UKMO dominance, while the 48-hour forecast horizon maintains stable predictability."
Raipur,2026-10-05 09:00:00,2,79.0,High,79.41,77.7,80.0,UKMO,"Low regional RMSE supports UKMO dominance, while the 48-hour forecast horizon maintains stable predictability."
Raipur,2026-10-05 10:00:00,2,78.7,High,79.41,76.75,80.0,UKMO,"Low regional RMSE supports UKMO dominance, while the 48-hour forecast horizon maintains stable predictability."
Raipur,2026-10-05 11:00:00,2,78.6,High,79.41,76.46,80.0,UKMO,"Low regional RMSE supports UKMO dominance, while the 48-hour forecast horizon maintains stable predictability."
Raipur,2026-10-05 12:00:00,2,78.9,High,79.41,77.41,80.0,UKMO,"Low regional RMSE supports UKMO dominance, while the 48-hour forecast horizon maintains stable predictability."
Raipur,2026-10-05 13:00:00,2,79.2,High,79.41,78.26,80.0,UKMO,"Low regional RMSE supports UKMO dominance, while the 48-hour forecast horizon maintains stable predictability."
Raipur,2026-10-05 14:00:00,2,79.9,High,79.41,80.56,80.0,UKMO,"UKMO and ensemble members agree closely, while RMSE remains low for this region."
Raipur,2026-10-05 15:00:00,2,80.7,High,79.41,83.48,80.0,UKMO,"UKMO and ensemble members agree closely, while RMSE remains low for this region."
Raipur,2026-10-05 16:00:00,2,79.3,High,79.41,78.79,80.0,UKMO,"Low regional RMSE supports UKMO dominance, while the 48-hour forecast horizon maintains stable predictability."
Raipur,2026-10-05 17:00:00,2,76.9,High,79.41,70.65,80.0,UKMO,"Low regional RMSE supports UKMO dominance, while the 48-hour forecast horizon maintains stable predictability."
Raipur,2026-10-05 18:00:00,2,79.1,High,79.41,78.04,80.0,UKMO,"Low regional RMSE supports UKMO dominance, while the 48-hour forecast horizon maintains stable predictability."
Raipur,2026-10-05 19:00:00,2,74.1,Medium,79.41,61.25,80.0,UKMO,Inter-model spread indicates divergence between NWP forecasts despite UKMO weighting.
Raipur,2026-10-05 20:00:00,2,76.7,High,79.41,70.1,80.0,UKMO,"Low regional RMSE supports UKMO dominance, while the 48-hour forecast horizon maintains stable predictability."
Raipur,2026-10-05 21:00:00,2,75.1,High,79.41,64.56,80.0,UKMO,"Low regional RMSE supports UKMO dominance, while the 48-hour forecast horizon maintains stable predictability."
Raipur,2026-10-05 22:00:00,2,76.3,High,79.41,68.6,80.0,UKMO,"Low regional RMSE supports UKMO dominance, while the 48-hour forecast horizon maintains stable predictability."
Raipur,2026-10-05 23:00:00,2,76.9,High,79.41,70.59,80.0,UKMO,"Low regional RMSE supports UKMO dominance, while the 48-hour forecast horizon maintains stable predictability."
Raipur,2026-10-06 00:00:00,3,73.2,Medium,78.67,72.83,60.0,UKMO,Models show moderate disagreement and the forecast lead time reduces reliability.
Raipur,2026-10-06 01:00:00,3,74.4,Medium,78.67,76.87,60.0,UKMO,Models show moderate disagreement and the forecast lead time reduces reliability.
Raipur,2026-10-06 02:00:00,3,73.4,Medium,78.67,73.62,60.0,UKMO,Models show moderate disagreement and the forecast lead time reduces reliability.
Raipur,2026-10-06 03:00:00,3,73.0,Medium,78.67,72.31,60.0,UKMO,Models show moderate disagreement and the forecast lead time reduces reliability.
Raipur,2026-10-06 04:00:00,3,74.7,High,78.67,77.8,60.0,UKMO,"Low regional RMSE supports UKMO dominance, while the extended Day 3 lead time maintains stable predictability."
Raipur,2026-10-06 05:00:00,3,73.4,Medium,78.67,73.67,60.0,UKMO,Models show moderate disagreement and the forecast lead time reduces reliability.
Raipur,2026-10-06 06:00:00,3,74.1,Medium,78.67,75.98,60.0,UKMO,Models show moderate disagreement and the forecast lead time reduces reliability.
Raipur,2026-10-06 07:00:00,3,74.6,High,78.67,77.51,60.0,UKMO,"Low regional RMSE supports UKMO dominance, while the extended Day 3 lead time maintains stable predictability."
Raipur,2026-10-06 08:00:00,3,75.1,High,78.67,79.33,60.0,UKMO,"Low regional RMSE supports UKMO dominance, while the extended Day 3 lead time maintains stable predictability."
Raipur,2026-10-06 09:00:00,3,75.6,High,78.67,80.96,60.0,UKMO,"UKMO and ensemble members agree closely, while RMSE remains low for this region."
Raipur,2026-10-06 10:00:00,3,76.6,High,78.67,84.09,60.0,UKMO,"UKMO and ensemble members agree closely, while RMSE remains low for this region."
Raipur,2026-10-06 11:00:00,3,76.8,High,78.67,84.78,60.0,UKMO,"UKMO and ensemble members agree closely, while RMSE remains low for this region."
Raipur,2026-10-06 12:00:00,3,76.8,High,78.67,84.94,60.0,UKMO,"UKMO and ensemble members agree closely, while RMSE remains low for this region."
Raipur,2026-10-06 13:00:00,3,77.1,High,78.67,85.73,60.0,UKMO,"UKMO and ensemble members agree closely, while RMSE remains low for this region."
Raipur,2026-10-06 14:00:00,3,77.1,High,78.67,85.82,60.0,UKMO,"UKMO and ensemble members agree closely, while RMSE remains low for this region."
Raipur,2026-10-06 15:00:00,3,76.9,High,78.67,85.32,60.0,UKMO,"UKMO and ensemble members agree closely, while RMSE remains low for this region."
Raipur,2026-10-06 16:00:00,3,77.2,High,78.67,86.06,60.0,UKMO,"UKMO and ensemble members agree closely, while RMSE remains low for this region."
Raipur,2026-10-06 17:00:00,3,75.4,High,78.67,80.27,60.0,UKMO,"UKMO and ensemble members agree closely, while RMSE remains low for this region."
Raipur,2026-10-06 18:00:00,3,75.8,High,78.67,81.63,60.0,UKMO,"UKMO and ensemble members agree closely, while RMSE remains low for this region."
Raipur,2026-10-06 19:00:00,3,74.2,Medium,78.67,76.34,60.0,UKMO,Models show moderate disagreement and the forecast lead time reduces reliability.
Raipur,2026-10-06 20:00:00,3,72.3,Medium,78.67,69.85,60.0,UKMO,Models show moderate disagreement and the forecast lead time reduces reliability.
Raipur,2026-10-06 21:00:00,3,72.6,Medium,78.67,70.94,60.0,UKMO,Models show moderate disagreement and the forecast lead time reduces reliability.
Raipur,2026-10-06 22:00:00,3,73.5,Medium,78.67,73.85,60.0,UKMO,Models show moderate disagreement and the forecast lead time reduces reliability.
Raipur,2026-10-06 23:00:00,3,73.5,Medium,78.67,74.02,60.0,UKMO,Models show moderate disagreement and the forecast lead time reduces reliability.
Ranchi,2026-10-04 00:00:00,1,85.9,High,84.81,78.24,100.0,ECMWF,"ECMWF leads with strong short-range skill, with minor model spread in local precipitation."
Ranchi,2026-10-04 01:00:00,1,86.0,High,84.81,78.69,100.0,ECMWF,"ECMWF leads with strong short-range skill, with minor model spread in local precipitation."
Ranchi,2026-10-04 02:00:00,1,86.2,High,84.81,79.22,100.0,ECMWF,"ECMWF leads with strong short-range skill, with minor model spread in local precipitation."
Ranchi,2026-10-04 03:00:00,1,86.8,High,84.81,81.18,100.0,ECMWF,"ECMWF and ensemble members agree closely, while RMSE remains low for this region."
Ranchi,2026-10-04 04:00:00,1,86.9,High,84.81,81.78,100.0,ECMWF,"ECMWF and ensemble members agree closely, while RMSE remains low for this region."
Ranchi,2026-10-04 05:00:00,1,88.3,High,84.81,86.36,100.0,ECMWF,"ECMWF and ensemble members agree closely, while RMSE remains low for this region."
Ranchi,2026-10-04 06:00:00,1,86.6,High,84.81,80.73,100.0,ECMWF,"ECMWF and ensemble members agree closely, while RMSE remains low for this region."
Ranchi,2026-10-04 07:00:00,1,86.8,High,84.81,81.31,100.0,ECMWF,"ECMWF and ensemble members agree closely, while RMSE remains low for this region."
Ranchi,2026-10-04 08:00:00,1,87.1,High,84.81,82.2,100.0,ECMWF,"ECMWF and ensemble members agree closely, while RMSE remains low for this region."
Ranchi,2026-10-04 09:00:00,1,87.8,High,84.81,84.5,100.0,ECMWF,"ECMWF and ensemble members agree closely, while RMSE remains low for this region."
Ranchi,2026-10-04 10:00:00,1,87.3,High,84.81,83.03,100.0,ECMWF,"ECMWF and ensemble members agree closely, while RMSE remains low for this region."
Ranchi,2026-10-04 11:00:00,1,87.8,High,84.81,84.55,100.0,ECMWF,"ECMWF and ensemble members agree closely, while RMSE remains low for this region."
Ranchi,2026-10-04 12:00:00,1,88.1,High,84.81,85.78,100.0,ECMWF,"ECMWF and ensemble members agree closely, while RMSE remains low for this region."
Ranchi,2026-10-04 13:00:00,1,87.5,High,84.81,83.64,100.0,ECMWF,"ECMWF and ensemble members agree closely, while RMSE remains low for this region."
Ranchi,2026-10-04 14:00:00,1,86.2,High,84.81,79.39,100.0,ECMWF,"ECMWF leads with strong short-range skill, with minor model spread in local precipitation."
Ranchi,2026-10-04 15:00:00,1,85.8,High,84.81,78.11,100.0,ECMWF,"ECMWF leads with strong short-range skill, with minor model spread in local precipitation."
Ranchi,2026-10-04 16:00:00,1,84.2,High,84.81,72.66,100.0,ECMWF,"ECMWF leads with strong short-range skill, with minor model spread in local precipitation."
Ranchi,2026-10-04 17:00:00,1,83.6,High,84.81,70.58,100.0,ECMWF,"ECMWF leads with strong short-range skill, with minor model spread in local precipitation."
Ranchi,2026-10-04 18:00:00,1,83.5,High,84.81,70.24,100.0,ECMWF,"ECMWF leads with strong short-range skill, with minor model spread in local precipitation."
Ranchi,2026-10-04 19:00:00,1,83.7,High,84.81,70.97,100.0,ECMWF,"ECMWF leads with strong short-range skill, with minor model spread in local precipitation."
Ranchi,2026-10-04 20:00:00,1,84.7,High,84.81,74.44,100.0,ECMWF,"ECMWF leads with strong short-range skill, with minor model spread in local precipitation."
Ranchi,2026-10-04 21:00:00,1,86.2,High,84.81,79.19,100.0,ECMWF,"ECMWF leads with strong short-range skill, with minor model spread in local precipitation."
Ranchi,2026-10-04 22:00:00,1,87.5,High,84.81,83.67,100.0,ECMWF,"ECMWF and ensemble members agree closely, while RMSE remains low for this region."
Ranchi,2026-10-04 23:00:00,1,88.4,High,84.81,86.61,100.0,ECMWF,"ECMWF and ensemble members agree closely, while RMSE remains low for this region."
Ranchi,2026-10-05 00:00:00,2,83.2,High,81.68,88.03,80.0,ECMWF,"ECMWF and ensemble members agree closely, while RMSE remains low for this region."
Ranchi,2026-10-05 01:00:00,2,83.4,High,81.68,88.67,80.0,ECMWF,"ECMWF and ensemble members agree closely, while RMSE remains low for this region."
Ranchi,2026-10-05 02:00:00,2,82.8,High,81.68,86.55,80.0,ECMWF,"ECMWF and ensemble members agree closely, while RMSE remains low for this region."
Ranchi,2026-10-05 03:00:00,2,81.4,High,81.68,81.79,80.0,ECMWF,"ECMWF and ensemble members agree closely, while RMSE remains low for this region."
Ranchi,2026-10-05 04:00:00,2,81.5,High,81.68,82.21,80.0,ECMWF,"ECMWF and ensemble members agree closely, while RMSE remains low for this region."
Ranchi,2026-10-05 05:00:00,2,81.7,High,81.68,82.74,80.0,ECMWF,"ECMWF and ensemble members agree closely, while RMSE remains low for this region."
Ranchi,2026-10-05 06:00:00,2,81.2,High,81.68,81.33,80.0,ECMWF,"ECMWF and ensemble members agree closely, while RMSE remains low for this region."
Ranchi,2026-10-05 07:00:00,2,80.1,High,81.68,77.6,80.0,ECMWF,"Low regional RMSE supports ECMWF dominance, while the 48-hour forecast horizon maintains stable predictability."
Ranchi,2026-10-05 08:00:00,2,79.6,High,81.68,75.91,80.0,ECMWF,"Low regional RMSE supports ECMWF dominance, while the 48-hour forecast horizon maintains stable predictability."
Ranchi,2026-10-05 09:00:00,2,79.2,High,81.68,74.58,80.0,ECMWF,"Low regional RMSE supports ECMWF dominance, while the 48-hour forecast horizon maintains stable predictability."
Ranchi,2026-10-05 10:00:00,2,78.8,High,81.68,73.11,80.0,ECMWF,"Low regional RMSE supports ECMWF dominance, while the 48-hour forecast horizon maintains stable predictability."
Ranchi,2026-10-05 11:00:00,2,78.6,High,81.68,72.38,80.0,ECMWF,"Low regional RMSE supports ECMWF dominance, while the 48-hour forecast horizon maintains stable predictability."
Ranchi,2026-10-05 12:00:00,2,77.9,High,81.68,70.35,80.0,ECMWF,"Low regional RMSE supports ECMWF dominance, while the 48-hour forecast horizon maintains stable predictability."
Ranchi,2026-10-05 13:00:00,2,76.8,High,81.68,66.54,80.0,ECMWF,"Low regional RMSE supports ECMWF dominance, while the 48-hour forecast horizon maintains stable predictability."
Ranchi,2026-10-05 14:00:00,2,76.1,High,81.68,64.25,80.0,ECMWF,"Low regional RMSE supports ECMWF dominance, while the 48-hour forecast horizon maintains stable predictability."
Ranchi,2026-10-05 15:00:00,2,76.1,High,81.68,64.05,80.0,ECMWF,"Low regional RMSE supports ECMWF dominance, while the 48-hour forecast horizon maintains stable predictability."
Ranchi,2026-10-05 16:00:00,2,77.0,High,81.68,67.04,80.0,ECMWF,"Low regional RMSE supports ECMWF dominance, while the 48-hour forecast horizon maintains stable predictability."
Ranchi,2026-10-05 17:00:00,2,77.6,High,81.68,69.12,80.0,ECMWF,"Low regional RMSE supports ECMWF dominance, while the 48-hour forecast horizon maintains stable predictability."
Ranchi,2026-10-05 18:00:00,2,78.3,High,81.68,71.58,80.0,ECMWF,"Low regional RMSE supports ECMWF dominance, while the 48-hour forecast horizon maintains stable predictability."
Ranchi,2026-10-05 19:00:00,2,79.7,High,81.68,76.36,80.0,ECMWF,"Low regional RMSE supports ECMWF dominance, while the 48-hour forecast horizon maintains stable predictability."
Ranchi,2026-10-05 20:00:00,2,80.9,High,81.68,80.04,80.0,ECMWF,"ECMWF and ensemble members agree closely, while RMSE remains low for this region."
Ranchi,2026-10-05 21:00:00,2,79.5,High,81.68,75.41,80.0,ECMWF,"Low regional RMSE supports ECMWF dominance, while the 48-hour forecast horizon maintains stable predictability."
Ranchi,2026-10-05 22:00:00,2,80.6,High,81.68,79.19,80.0,ECMWF,"Low regional RMSE supports ECMWF dominance, while the 48-hour forecast horizon maintains stable predictability."
Ranchi,2026-10-05 23:00:00,2,80.9,High,81.68,80.33,80.0,ECMWF,"ECMWF and ensemble members agree closely, while RMSE remains low for this region."
Ranchi,2026-10-06 00:00:00,3,75.5,High,78.79,80.22,60.0,ECMWF,"ECMWF and ensemble members agree closely, while RMSE remains low for this region."
Ranchi,2026-10-06 01:00:00,3,76.7,High,78.79,84.44,60.0,ECMWF,"ECMWF and ensemble members agree closely, while RMSE remains low for this region."
Ranchi,2026-10-06 02:00:00,3,76.5,High,78.79,83.6,60.0,ECMWF,"ECMWF and ensemble members agree closely, while RMSE remains low for this region."
Ranchi,2026-10-06 03:00:00,3,75.7,High,78.79,81.04,60.0,ECMWF,"ECMWF and ensemble members agree closely, while RMSE remains low for this region."
Ranchi,2026-10-06 04:00:00,3,74.5,High,78.79,77.12,60.0,ECMWF,"Low regional RMSE supports ECMWF dominance, while the extended Day 3 lead time maintains stable predictability."
Ranchi,2026-10-06 05:00:00,3,75.3,High,78.79,79.68,60.0,ECMWF,"Low regional RMSE supports ECMWF dominance, while the extended Day 3 lead time maintains stable predictability."
Ranchi,2026-10-06 06:00:00,3,75.9,High,78.79,81.52,60.0,ECMWF,"ECMWF and ensemble members agree closely, while RMSE remains low for this region."
Ranchi,2026-10-06 07:00:00,3,76.3,High,78.79,83.18,60.0,ECMWF,"ECMWF and ensemble members agree closely, while RMSE remains low for this region."
Ranchi,2026-10-06 08:00:00,3,76.8,High,78.79,84.72,60.0,ECMWF,"ECMWF and ensemble members agree closely, while RMSE remains low for this region."
Ranchi,2026-10-06 09:00:00,3,73.4,Medium,78.79,73.35,60.0,ECMWF,Models show moderate disagreement and the forecast lead time reduces reliability.
Ranchi,2026-10-06 10:00:00,3,72.6,Medium,78.79,70.53,60.0,ECMWF,Models show moderate disagreement and the forecast lead time reduces reliability.
Ranchi,2026-10-06 11:00:00,3,73.3,Medium,78.79,72.86,60.0,ECMWF,Models show moderate disagreement and the forecast lead time reduces reliability.
Ranchi,2026-10-06 12:00:00,3,73.0,Medium,78.79,72.02,60.0,ECMWF,Models show moderate disagreement and the forecast lead time reduces reliability.
Ranchi,2026-10-06 13:00:00,3,73.1,Medium,78.79,72.36,60.0,ECMWF,Models show moderate disagreement and the forecast lead time reduces reliability.
Ranchi,2026-10-06 14:00:00,3,73.7,Medium,78.79,74.42,60.0,ECMWF,Models show moderate disagreement and the forecast lead time reduces reliability.
Ranchi,2026-10-06 15:00:00,3,72.3,Medium,78.79,69.78,60.0,ECMWF,Models show moderate disagreement and the forecast lead time reduces reliability.
Ranchi,2026-10-06 16:00:00,3,73.2,Medium,78.79,72.77,60.0,ECMWF,Models show moderate disagreement and the forecast lead time reduces reliability.
Ranchi,2026-10-06 17:00:00,3,72.2,Medium,78.79,69.4,60.0,ECMWF,Models show moderate disagreement and the forecast lead time reduces reliability.
Ranchi,2026-10-06 18:00:00,3,72.8,Medium,78.79,71.36,60.0,ECMWF,Models show moderate disagreement and the forecast lead time reduces reliability.
Ranchi,2026-10-06 19:00:00,3,72.9,Medium,78.79,71.77,60.0,ECMWF,Models show moderate disagreement and the forecast lead time reduces reliability.
Ranchi,2026-10-06 20:00:00,3,73.3,Medium,78.79,73.09,60.0,ECMWF,Models show moderate disagreement and the forecast lead time reduces reliability.
Ranchi,2026-10-06 21:00:00,3,74.3,Medium,78.79,76.47,60.0,ECMWF,Models show moderate disagreement and the forecast lead time reduces reliability.
Ranchi,2026-10-06 22:00:00,3,76.0,High,78.79,82.15,60.0,ECMWF,"ECMWF and ensemble members agree closely, while RMSE remains low for this region."
Ranchi,2026-10-06 23:00:00,3,74.8,High,78.79,78.17,60.0,ECMWF,"Low regional RMSE supports ECMWF dominance, while the extended Day 3 lead time maintains stable predictability."
Shillong,2026-10-04 00:00:00,1,87.7,High,88.75,77.64,100.0,JMA,"JMA leads with strong short-range skill, with minor model spread in local precipitation."
Shillong,2026-10-04 01:00:00,1,87.7,High,88.75,77.81,100.0,JMA,"JMA leads with strong short-range skill, with minor model spread in local precipitation."
Shillong,2026-10-04 02:00:00,1,88.0,High,88.75,78.66,100.0,JMA,"JMA leads with strong short-range skill, with minor model spread in local precipitation."
Shillong,2026-10-04 03:00:00,1,88.2,High,88.75,79.51,100.0,JMA,"JMA leads with strong short-range skill, with minor model spread in local precipitation."
Shillong,2026-10-04 04:00:00,1,88.4,High,88.75,80.21,100.0,JMA,"JMA and ensemble members agree closely, while RMSE remains low for this region."
Shillong,2026-10-04 05:00:00,1,87.8,High,88.75,78.04,100.0,JMA,"JMA leads with strong short-range skill, with minor model spread in local precipitation."
Shillong,2026-10-04 06:00:00,1,89.6,Very High,88.75,84.11,100.0,JMA,"JMA has the highest historical skill, model agreement is strong, and this is a short-range forecast."
Shillong,2026-10-04 07:00:00,1,88.2,High,88.75,79.28,100.0,JMA,"JMA leads with strong short-range skill, with minor model spread in local precipitation."
Shillong,2026-10-04 08:00:00,1,86.9,High,88.75,74.95,100.0,JMA,"JMA leads with strong short-range skill, with minor model spread in local precipitation."
Shillong,2026-10-04 09:00:00,1,86.0,High,88.75,72.2,100.0,JMA,"JMA leads with strong short-range skill, with minor model spread in local precipitation."
Shillong,2026-10-04 10:00:00,1,86.6,High,88.75,73.96,100.0,JMA,"JMA leads with strong short-range skill, with minor model spread in local precipitation."
Shillong,2026-10-04 11:00:00,1,87.2,High,88.75,76.17,100.0,JMA,"JMA leads with strong short-range skill, with minor model spread in local precipitation."
Shillong,2026-10-04 12:00:00,1,86.2,High,88.75,72.71,100.0,JMA,"JMA leads with strong short-range skill, with minor model spread in local precipitation."
Shillong,2026-10-04 13:00:00,1,85.6,High,88.75,70.82,100.0,JMA,"JMA leads with strong short-range skill, with minor model spread in local precipitation."
Shillong,2026-10-04 14:00:00,1,85.8,High,88.75,71.4,100.0,JMA,"JMA leads with strong short-range skill, with minor model spread in local precipitation."
Shillong,2026-10-04 15:00:00,1,87.3,High,88.75,76.49,100.0,JMA,"JMA leads with strong short-range skill, with minor model spread in local precipitation."
Shillong,2026-10-04 16:00:00,1,88.1,High,88.75,79.04,100.0,JMA,"JMA leads with strong short-range skill, with minor model spread in local precipitation."
Shillong,2026-10-04 17:00:00,1,86.3,High,88.75,73.09,100.0,JMA,"JMA leads with strong short-range skill, with minor model spread in local precipitation."
Shillong,2026-10-04 18:00:00,1,90.0,Very High,88.75,85.42,100.0,JMA,"JMA has the highest historical skill, model agreement is strong, and this is a short-range forecast."
Shillong,2026-10-04 19:00:00,1,91.1,Very High,88.75,88.99,100.0,JMA,"JMA has the highest historical skill, model agreement is strong, and this is a short-range forecast."
Shillong,2026-10-04 20:00:00,1,89.5,Very High,88.75,83.75,100.0,JMA,"JMA has the highest historical skill, model agreement is strong, and this is a short-range forecast."
Shillong,2026-10-04 21:00:00,1,88.3,High,88.75,79.79,100.0,JMA,"JMA leads with strong short-range skill, with minor model spread in local precipitation."
Shillong,2026-10-04 22:00:00,1,87.9,High,88.75,78.46,100.0,JMA,"JMA leads with strong short-range skill, with minor model spread in local precipitation."
Shillong,2026-10-04 23:00:00,1,87.3,High,88.75,76.38,100.0,JMA,"JMA leads with strong short-range skill, with minor model spread in local precipitation."
Shillong,2026-10-05 00:00:00,2,82.4,High,87.12,76.2,80.0,JMA,"Low regional RMSE supports JMA dominance, while the 48-hour forecast horizon maintains stable predictability."
Shillong,2026-10-05 01:00:00,2,82.7,High,87.12,77.04,80.0,JMA,"Low regional RMSE supports JMA dominance, while the 48-hour forecast horizon maintains stable predictability."
Shillong,2026-10-05 02:00:00,2,83.1,High,87.12,78.36,80.0,JMA,"Low regional RMSE supports JMA dominance, while the 48-hour forecast horizon maintains stable predictability."
Shillong,2026-10-05 03:00:00,2,82.7,High,87.12,77.13,80.0,JMA,"Low regional RMSE supports JMA dominance, while the 48-hour forecast horizon maintains stable predictability."
Shillong,2026-10-05 04:00:00,2,82.7,High,87.12,77.09,80.0,JMA,"Low regional RMSE supports JMA dominance, while the 48-hour forecast horizon maintains stable predictability."
Shillong,2026-10-05 05:00:00,2,82.4,High,87.12,76.05,80.0,JMA,"Low regional RMSE supports JMA dominance, while the 48-hour forecast horizon maintains stable predictability."
Shillong,2026-10-05 06:00:00,2,84.4,High,87.12,82.78,80.0,JMA,"JMA and ensemble members agree closely, while RMSE remains low for this region."
Shillong,2026-10-05 07:00:00,2,86.1,High,87.12,88.53,80.0,JMA,"JMA and ensemble members agree closely, while RMSE remains low for this region."
Shillong,2026-10-05 08:00:00,2,85.1,High,87.12,85.0,80.0,JMA,"JMA and ensemble members agree closely, while RMSE remains low for this region."
Shillong,2026-10-05 09:00:00,2,83.5,High,87.12,79.67,80.0,JMA,"Low regional RMSE supports JMA dominance, while the 48-hour forecast horizon maintains stable predictability."
Shillong,2026-10-05 10:00:00,2,82.7,High,87.12,77.05,80.0,JMA,"Low regional RMSE supports JMA dominance, while the 48-hour forecast horizon maintains stable predictability."
Shillong,2026-10-05 11:00:00,2,82.4,High,87.12,76.0,80.0,JMA,"Low regional RMSE supports JMA dominance, while the 48-hour forecast horizon maintains stable predictability."
Shillong,2026-10-05 12:00:00,2,82.3,High,87.12,75.82,80.0,JMA,"Low regional RMSE supports JMA dominance, while the 48-hour forecast horizon maintains stable predictability."
Shillong,2026-10-05 13:00:00,2,75.8,High,87.12,54.22,80.0,JMA,"Low regional RMSE supports JMA dominance, while the 48-hour forecast horizon maintains stable predictability."
Shillong,2026-10-05 14:00:00,2,80.3,High,87.12,69.08,80.0,JMA,"Low regional RMSE supports JMA dominance, while the 48-hour forecast horizon maintains stable predictability."
Shillong,2026-10-05 15:00:00,2,82.0,High,87.12,74.93,80.0,JMA,"Low regional RMSE supports JMA dominance, while the 48-hour forecast horizon maintains stable predictability."
Shillong,2026-10-05 16:00:00,2,84.8,High,87.12,84.29,80.0,JMA,"JMA and ensemble members agree closely, while RMSE remains low for this region."
Shillong,2026-10-05 17:00:00,2,85.4,High,87.12,86.29,80.0,JMA,"JMA and ensemble members agree closely, while RMSE remains low for this region."
Shillong,2026-10-05 18:00:00,2,85.3,High,87.12,85.75,80.0,JMA,"JMA and ensemble members agree closely, while RMSE remains low for this region."
Shillong,2026-10-05 19:00:00,2,83.6,High,87.12,80.12,80.0,JMA,"JMA and ensemble members agree closely, while RMSE remains low for this region."
Shillong,2026-10-05 20:00:00,2,83.0,High,87.12,78.28,80.0,JMA,"Low regional RMSE supports JMA dominance, while the 48-hour forecast horizon maintains stable predictability."
Shillong,2026-10-05 21:00:00,2,83.4,High,87.12,79.45,80.0,JMA,"Low regional RMSE supports JMA dominance, while the 48-hour forecast horizon maintains stable predictability."
Shillong,2026-10-05 22:00:00,2,83.7,High,87.12,80.42,80.0,JMA,"JMA and ensemble members agree closely, while RMSE remains low for this region."
Shillong,2026-10-05 23:00:00,2,83.6,High,87.12,79.99,80.0,JMA,"Low regional RMSE supports JMA dominance, while the 48-hour forecast horizon maintains stable predictability."
Shillong,2026-10-06 00:00:00,3,79.4,High,86.11,81.18,60.0,JMA,"JMA and ensemble members agree closely, while RMSE remains low for this region."
Shillong,2026-10-06 01:00:00,3,79.0,High,86.11,79.98,60.0,JMA,"Low regional RMSE supports JMA dominance, while the extended Day 3 lead time maintains stable predictability."
Shillong,2026-10-06 02:00:00,3,79.1,High,86.11,80.1,60.0,JMA,"JMA and ensemble members agree closely, while RMSE remains low for this region."
Shillong,2026-10-06 03:00:00,3,78.6,High,86.11,78.63,60.0,JMA,"Low regional RMSE supports JMA dominance, while the extended Day 3 lead time maintains stable predictability."
Shillong,2026-10-06 04:00:00,3,78.2,High,86.11,77.1,60.0,JMA,"Low regional RMSE supports JMA dominance, while the extended Day 3 lead time maintains stable predictability."
Shillong,2026-10-06 05:00:00,3,77.5,High,86.11,74.72,60.0,JMA,"Low regional RMSE supports JMA dominance, while the extended Day 3 lead time maintains stable predictability."
Shillong,2026-10-06 06:00:00,3,79.0,High,86.11,79.93,60.0,JMA,"Low regional RMSE supports JMA dominance, while the extended Day 3 lead time maintains stable predictability."
Shillong,2026-10-06 07:00:00,3,81.0,High,86.11,86.61,60.0,JMA,"JMA and ensemble members agree closely, while RMSE remains low for this region."
Shillong,2026-10-06 08:00:00,3,81.7,High,86.11,88.87,60.0,JMA,"JMA and ensemble members agree closely, while RMSE remains low for this region."
Shillong,2026-10-06 09:00:00,3,81.5,High,86.11,88.24,60.0,JMA,"JMA and ensemble members agree closely, while RMSE remains low for this region."
Shillong,2026-10-06 10:00:00,3,81.4,High,86.11,87.95,60.0,JMA,"JMA and ensemble members agree closely, while RMSE remains low for this region."
Shillong,2026-10-06 11:00:00,3,81.3,High,86.11,87.51,60.0,JMA,"JMA and ensemble members agree closely, while RMSE remains low for this region."
Shillong,2026-10-06 12:00:00,3,80.1,High,86.11,83.4,60.0,JMA,"JMA and ensemble members agree closely, while RMSE remains low for this region."
Shillong,2026-10-06 13:00:00,3,77.9,High,86.11,76.1,60.0,JMA,"Low regional RMSE supports JMA dominance, while the extended Day 3 lead time maintains stable predictability."
Shillong,2026-10-06 14:00:00,3,79.6,High,86.11,81.85,60.0,JMA,"JMA and ensemble members agree closely, while RMSE remains low for this region."
Shillong,2026-10-06 15:00:00,3,80.7,High,86.11,85.39,60.0,JMA,"JMA and ensemble members agree closely, while RMSE remains low for this region."
Shillong,2026-10-06 16:00:00,3,79.5,High,86.11,81.6,60.0,JMA,"JMA and ensemble members agree closely, while RMSE remains low for this region."
Shillong,2026-10-06 17:00:00,3,77.9,High,86.11,76.3,60.0,JMA,"Low regional RMSE supports JMA dominance, while the extended Day 3 lead time maintains stable predictability."
Shillong,2026-10-06 18:00:00,3,77.8,High,86.11,75.96,60.0,JMA,"Low regional RMSE supports JMA dominance, while the extended Day 3 lead time maintains stable predictability."
Shillong,2026-10-06 19:00:00,3,77.7,High,86.11,75.59,60.0,JMA,"Low regional RMSE supports JMA dominance, while the extended Day 3 lead time maintains stable predictability."
Shillong,2026-10-06 20:00:00,3,78.6,High,86.11,78.47,60.0,JMA,"Low regional RMSE supports JMA dominance, while the extended Day 3 lead time maintains stable predictability."
Shillong,2026-10-06 21:00:00,3,79.0,High,86.11,79.94,60.0,JMA,"Low regional RMSE supports JMA dominance, while the extended Day 3 lead time maintains stable predictability."
Shillong,2026-10-06 22:00:00,3,79.1,High,86.11,80.24,60.0,JMA,"JMA and ensemble members agree closely, while RMSE remains low for this region."
Shillong,2026-10-06 23:00:00,3,78.5,High,86.11,78.2,60.0,JMA,"Low regional RMSE supports JMA dominance, while the extended Day 3 lead time maintains stable predictability."
Shimla,2026-10-04 00:00:00,1,84.5,High,89.21,66.22,100.0,ECMWF,"ECMWF leads with strong short-range skill, with minor model spread in local precipitation."
Shimla,2026-10-04 01:00:00,1,83.6,High,89.21,63.35,100.0,ECMWF,"ECMWF leads with strong short-range skill, with minor model spread in local precipitation."
Shimla,2026-10-04 02:00:00,1,83.0,High,89.21,61.36,100.0,ECMWF,"ECMWF leads with strong short-range skill, with minor model spread in local precipitation."
Shimla,2026-10-04 03:00:00,1,83.1,High,89.21,61.51,100.0,ECMWF,"ECMWF leads with strong short-range skill, with minor model spread in local precipitation."
Shimla,2026-10-04 04:00:00,1,83.5,High,89.21,63.13,100.0,ECMWF,"ECMWF leads with strong short-range skill, with minor model spread in local precipitation."
Shimla,2026-10-04 05:00:00,1,84.8,High,89.21,67.23,100.0,ECMWF,"ECMWF leads with strong short-range skill, with minor model spread in local precipitation."
Shimla,2026-10-04 06:00:00,1,88.3,High,89.21,78.86,100.0,ECMWF,"ECMWF leads with strong short-range skill, with minor model spread in local precipitation."
Shimla,2026-10-04 07:00:00,1,91.5,Very High,89.21,89.65,100.0,ECMWF,"ECMWF has the highest historical skill, model agreement is strong, and this is a short-range forecast."
Shimla,2026-10-04 08:00:00,1,91.2,Very High,89.21,88.64,100.0,ECMWF,"ECMWF has the highest historical skill, model agreement is strong, and this is a short-range forecast."
Shimla,2026-10-04 09:00:00,1,90.0,Very High,89.21,84.6,100.0,ECMWF,"ECMWF has the highest historical skill, model agreement is strong, and this is a short-range forecast."
Shimla,2026-10-04 10:00:00,1,90.7,Very High,89.21,87.03,100.0,ECMWF,"ECMWF has the highest historical skill, model agreement is strong, and this is a short-range forecast."
Shimla,2026-10-04 11:00:00,1,90.3,Very High,89.21,85.69,100.0,ECMWF,"ECMWF has the highest historical skill, model agreement is strong, and this is a short-range forecast."
Shimla,2026-10-04 12:00:00,1,89.9,Very High,89.21,84.3,100.0,ECMWF,"ECMWF has the highest historical skill, model agreement is strong, and this is a short-range forecast."
Shimla,2026-10-04 13:00:00,1,89.3,High,89.21,82.46,100.0,ECMWF,"ECMWF and ensemble members agree closely, while RMSE remains low for this region."
Shimla,2026-10-04 14:00:00,1,88.9,High,89.21,81.03,100.0,ECMWF,"ECMWF and ensemble members agree closely, while RMSE remains low for this region."
Shimla,2026-10-04 15:00:00,1,88.1,High,89.21,78.31,100.0,ECMWF,"ECMWF leads with strong short-range skill, with minor model spread in local precipitation."
Shimla,2026-10-04 16:00:00,1,88.5,High,89.21,79.75,100.0,ECMWF,"ECMWF leads with strong short-range skill, with minor model spread in local precipitation."
Shimla,2026-10-04 17:00:00,1,90.6,Very High,89.21,86.58,100.0,ECMWF,"ECMWF has the highest historical skill, model agreement is strong, and this is a short-range forecast."
Shimla,2026-10-04 18:00:00,1,89.3,High,89.21,82.38,100.0,ECMWF,"ECMWF and ensemble members agree closely, while RMSE remains low for this region."
Shimla,2026-10-04 19:00:00,1,88.4,High,89.21,79.2,100.0,ECMWF,"ECMWF leads with strong short-range skill, with minor model spread in local precipitation."
Shimla,2026-10-04 20:00:00,1,88.4,High,89.21,79.16,100.0,ECMWF,"ECMWF leads with strong short-range skill, with minor model spread in local precipitation."
Shimla,2026-10-04 21:00:00,1,87.2,High,89.21,75.21,100.0,ECMWF,"ECMWF leads with strong short-range skill, with minor model spread in local precipitation."
Shimla,2026-10-04 22:00:00,1,85.7,High,89.21,70.36,100.0,ECMWF,"ECMWF leads with strong short-range skill, with minor model spread in local precipitation."
Shimla,2026-10-04 23:00:00,1,84.2,High,89.21,65.43,100.0,ECMWF,"ECMWF leads with strong short-range skill, with minor model spread in local precipitation."
Shimla,2026-10-05 00:00:00,2,79.2,High,88.85,62.48,80.0,ICON,"Low regional RMSE supports ICON dominance, while the 48-hour forecast horizon maintains stable predictability."
Shimla,2026-10-05 01:00:00,2,78.6,High,88.85,60.49,80.0,ICON,"Low regional RMSE supports ICON dominance, while the 48-hour forecast horizon maintains stable predictability."
Shimla,2026-10-05 02:00:00,2,78.1,High,88.85,58.85,80.0,ICON,"Low regional RMSE supports ICON dominance, while the 48-hour forecast horizon maintains stable predictability."
Shimla,2026-10-05 03:00:00,2,78.0,High,88.85,58.43,80.0,ICON,"Low regional RMSE supports ICON dominance, while the 48-hour forecast horizon maintains stable predictability."
Shimla,2026-10-05 04:00:00,2,78.3,High,88.85,59.54,80.0,ICON,"Low regional RMSE supports ICON dominance, while the 48-hour forecast horizon maintains stable predictability."
Shimla,2026-10-05 05:00:00,2,79.1,High,88.85,62.22,80.0,ICON,"Low regional RMSE supports ICON dominance, while the 48-hour forecast horizon maintains stable predictability."
Shimla,2026-10-05 06:00:00,2,82.2,High,88.85,72.5,80.0,ICON,"Low regional RMSE supports ICON dominance, while the 48-hour forecast horizon maintains stable predictability."
Shimla,2026-10-05 07:00:00,2,84.7,High,88.85,81.06,80.0,ICON,"ICON and ensemble members agree closely, while RMSE remains low for this region."
Shimla,2026-10-05 08:00:00,2,85.1,High,88.85,82.35,80.0,ICON,"ICON and ensemble members agree closely, while RMSE remains low for this region."
Shimla,2026-10-05 09:00:00,2,84.7,High,88.85,81.0,80.0,ICON,"ICON and ensemble members agree closely, while RMSE remains low for this region."
Shimla,2026-10-05 10:00:00,2,85.4,High,88.85,83.22,80.0,ICON,"ICON and ensemble members agree closely, while RMSE remains low for this region."
Shimla,2026-10-05 11:00:00,2,86.1,High,88.85,85.42,80.0,ICON,"ICON and ensemble members agree closely, while RMSE remains low for this region."
Shimla,2026-10-05 12:00:00,2,85.8,High,88.85,84.64,80.0,ICON,"ICON and ensemble members agree closely, while RMSE remains low for this region."
Shimla,2026-10-05 13:00:00,2,85.3,High,88.85,83.08,80.0,ICON,"ICON and ensemble members agree closely, while RMSE remains low for this region."
Shimla,2026-10-05 14:00:00,2,84.4,High,88.85,80.05,80.0,ICON,"ICON and ensemble members agree closely, while RMSE remains low for this region."
Shimla,2026-10-05 15:00:00,2,83.8,High,88.85,77.94,80.0,ICON,"Low regional RMSE supports ICON dominance, while the 48-hour forecast horizon maintains stable predictability."
Shimla,2026-10-05 16:00:00,2,84.6,High,88.85,80.55,80.0,ICON,"ICON and ensemble members agree closely, while RMSE remains low for this region."
Shimla,2026-10-05 17:00:00,2,86.5,High,88.85,86.87,80.0,ICON,"ICON and ensemble members agree closely, while RMSE remains low for this region."
Shimla,2026-10-05 18:00:00,2,84.7,High,88.85,80.81,80.0,ICON,"ICON and ensemble members agree closely, while RMSE remains low for this region."
Shimla,2026-10-05 19:00:00,2,83.7,High,88.85,77.51,80.0,ICON,"Low regional RMSE supports ICON dominance, while the 48-hour forecast horizon maintains stable predictability."
Shimla,2026-10-05 20:00:00,2,82.7,High,88.85,74.41,80.0,ICON,"Low regional RMSE supports ICON dominance, while the 48-hour forecast horizon maintains stable predictability."
Shimla,2026-10-05 21:00:00,2,81.8,High,88.85,71.32,80.0,ICON,"Low regional RMSE supports ICON dominance, while the 48-hour forecast horizon maintains stable predictability."
Shimla,2026-10-05 22:00:00,2,80.7,High,88.85,67.55,80.0,ICON,"Low regional RMSE supports ICON dominance, while the 48-hour forecast horizon maintains stable predictability."
Shimla,2026-10-05 23:00:00,2,80.0,High,88.85,65.31,80.0,ICON,"Low regional RMSE supports ICON dominance, while the 48-hour forecast horizon maintains stable predictability."
Shimla,2026-10-06 00:00:00,3,75.0,High,87.5,64.3,60.0,ICON,"Low regional RMSE supports ICON dominance, while the extended Day 3 lead time maintains stable predictability."
Shimla,2026-10-06 01:00:00,3,74.4,Medium,87.5,62.3,60.0,ICON,Models show moderate disagreement and the forecast lead time reduces reliability.
Shimla,2026-10-06 02:00:00,3,74.1,Medium,87.5,61.1,60.0,ICON,Models show moderate disagreement and the forecast lead time reduces reliability.
Shimla,2026-10-06 03:00:00,3,73.6,Medium,87.5,59.38,60.0,ICON,Models show moderate disagreement and the forecast lead time reduces reliability.
Shimla,2026-10-06 04:00:00,3,74.1,Medium,87.5,61.01,60.0,ICON,Models show moderate disagreement and the forecast lead time reduces reliability.
Shimla,2026-10-06 05:00:00,3,74.9,High,87.5,63.98,60.0,ICON,"Low regional RMSE supports ICON dominance, while the extended Day 3 lead time maintains stable predictability."
Shimla,2026-10-06 06:00:00,3,77.7,High,87.5,73.15,60.0,ICON,"Low regional RMSE supports ICON dominance, while the extended Day 3 lead time maintains stable predictability."
Shimla,2026-10-06 07:00:00,3,79.5,High,87.5,79.2,60.0,ICON,"Low regional RMSE supports ICON dominance, while the extended Day 3 lead time maintains stable predictability."
Shimla,2026-10-06 08:00:00,3,81.2,High,87.5,84.68,60.0,ICON,"ICON and ensemble members agree closely, while RMSE remains low for this region."
Shimla,2026-10-06 09:00:00,3,80.4,High,87.5,82.18,60.0,ICON,"ICON and ensemble members agree closely, while RMSE remains low for this region."
Shimla,2026-10-06 10:00:00,3,81.0,High,87.5,84.31,60.0,ICON,"ICON and ensemble members agree closely, while RMSE remains low for this region."
Shimla,2026-10-06 11:00:00,3,81.3,High,87.5,85.02,60.0,ICON,"ICON and ensemble members agree closely, while RMSE remains low for this region."
Shimla,2026-10-06 12:00:00,3,80.5,High,87.5,82.35,60.0,ICON,"ICON and ensemble members agree closely, while RMSE remains low for this region."
Shimla,2026-10-06 13:00:00,3,80.3,High,87.5,81.67,60.0,ICON,"ICON and ensemble members agree closely, while RMSE remains low for this region."
Shimla,2026-10-06 14:00:00,3,78.7,High,87.5,76.51,60.0,ICON,"Low regional RMSE supports ICON dominance, while the extended Day 3 lead time maintains stable predictability."
Shimla,2026-10-06 15:00:00,3,76.9,High,87.5,70.6,60.0,ICON,"Low regional RMSE supports ICON dominance, while the extended Day 3 lead time maintains stable predictability."
Shimla,2026-10-06 16:00:00,3,78.2,High,87.5,74.9,60.0,ICON,"Low regional RMSE supports ICON dominance, while the extended Day 3 lead time maintains stable predictability."
Shimla,2026-10-06 17:00:00,3,77.9,High,87.5,73.85,60.0,ICON,"Low regional RMSE supports ICON dominance, while the extended Day 3 lead time maintains stable predictability."
Shimla,2026-10-06 18:00:00,3,79.5,High,87.5,79.17,60.0,ICON,"Low regional RMSE supports ICON dominance, while the extended Day 3 lead time maintains stable predictability."
Shimla,2026-10-06 19:00:00,3,77.9,High,87.5,73.69,60.0,ICON,"Low regional RMSE supports ICON dominance, while the extended Day 3 lead time maintains stable predictability."
Shimla,2026-10-06 20:00:00,3,77.3,High,87.5,71.71,60.0,ICON,"Low regional RMSE supports ICON dominance, while the extended Day 3 lead time maintains stable predictability."
Shimla,2026-10-06 21:00:00,3,77.5,High,87.5,72.39,60.0,ICON,"Low regional RMSE supports ICON dominance, while the extended Day 3 lead time maintains stable predictability."
Shimla,2026-10-06 22:00:00,3,77.2,High,87.5,71.58,60.0,ICON,"Low regional RMSE supports ICON dominance, while the extended Day 3 lead time maintains stable predictability."
Shimla,2026-10-06 23:00:00,3,77.8,High,87.5,73.49,60.0,ICON,"Low regional RMSE supports ICON dominance, while the extended Day 3 lead time maintains stable predictability."
Srinagar,2026-10-04 00:00:00,1,83.2,High,90.43,59.96,100.0,ECMWF,"ECMWF leads with strong short-range skill, with minor model spread in local precipitation."
Srinagar,2026-10-04 01:00:00,1,83.0,High,90.43,59.35,100.0,ECMWF,"ECMWF leads with strong short-range skill, with minor model spread in local precipitation."
Srinagar,2026-10-04 02:00:00,1,82.7,High,90.43,58.42,100.0,ECMWF,"ECMWF leads with strong short-range skill, with minor model spread in local precipitation."
Srinagar,2026-10-04 03:00:00,1,82.4,High,90.43,57.34,100.0,ECMWF,"ECMWF leads with strong short-range skill, with minor model spread in local precipitation."
Srinagar,2026-10-04 04:00:00,1,82.4,High,90.43,57.13,100.0,ECMWF,"ECMWF leads with strong short-range skill, with minor model spread in local precipitation."
Srinagar,2026-10-04 05:00:00,1,81.4,High,90.43,53.86,100.0,ECMWF,"ECMWF leads with strong short-range skill, with minor model spread in local precipitation."
Srinagar,2026-10-04 06:00:00,1,81.7,High,90.43,54.8,100.0,ECMWF,"ECMWF leads with strong short-range skill, with minor model spread in local precipitation."
Srinagar,2026-10-04 07:00:00,1,83.0,High,90.43,59.32,100.0,ECMWF,"ECMWF leads with strong short-range skill, with minor model spread in local precipitation."
Srinagar,2026-10-04 08:00:00,1,90.8,Very High,90.43,85.12,100.0,ECMWF,"ECMWF has the highest historical skill, model agreement is strong, and this is a short-range forecast."
Srinagar,2026-10-04 09:00:00,1,89.5,Very High,90.43,80.89,100.0,ECMWF,"ECMWF has the highest historical skill, model agreement is strong, and this is a short-range forecast."
Srinagar,2026-10-04 10:00:00,1,86.0,High,90.43,69.25,100.0,ECMWF,"ECMWF leads with strong short-range skill, with minor model spread in local precipitation."
Srinagar,2026-10-04 11:00:00,1,84.3,High,90.43,63.68,100.0,ECMWF,"ECMWF leads with strong short-range skill, with minor model spread in local precipitation."
Srinagar,2026-10-04 12:00:00,1,84.1,High,90.43,62.8,100.0,ECMWF,"ECMWF leads with strong short-range skill, with minor model spread in local precipitation."
Srinagar,2026-10-04 13:00:00,1,83.9,High,90.43,62.29,100.0,ECMWF,"ECMWF leads with strong short-range skill, with minor model spread in local precipitation."
Srinagar,2026-10-04 14:00:00,1,84.5,High,90.43,64.16,100.0,ECMWF,"ECMWF leads with strong short-range skill, with minor model spread in local precipitation."
Srinagar,2026-10-04 15:00:00,1,85.7,High,90.43,68.19,100.0,ECMWF,"ECMWF leads with strong short-range skill, with minor model spread in local precipitation."
Srinagar,2026-10-04 16:00:00,1,86.3,High,90.43,70.19,100.0,ECMWF,"ECMWF leads with strong short-range skill, with minor model spread in local precipitation."
Srinagar,2026-10-04 17:00:00,1,85.4,High,90.43,67.19,100.0,ECMWF,"ECMWF leads with strong short-range skill, with minor model spread in local precipitation."
Srinagar,2026-10-04 18:00:00,1,87.9,High,90.43,75.64,100.0,ECMWF,"ECMWF leads with strong short-range skill, with minor model spread in local precipitation."
Srinagar,2026-10-04 19:00:00,1,87.4,High,90.43,73.87,100.0,ECMWF,"ECMWF leads with strong short-range skill, with minor model spread in local precipitation."
Srinagar,2026-10-04 20:00:00,1,85.8,High,90.43,68.54,100.0,ECMWF,"ECMWF leads with strong short-range skill, with minor model spread in local precipitation."
Srinagar,2026-10-04 21:00:00,1,86.4,High,90.43,70.59,100.0,ECMWF,"ECMWF leads with strong short-range skill, with minor model spread in local precipitation."
Srinagar,2026-10-04 22:00:00,1,85.1,High,90.43,66.37,100.0,ECMWF,"ECMWF leads with strong short-range skill, with minor model spread in local precipitation."
Srinagar,2026-10-04 23:00:00,1,83.9,High,90.43,62.44,100.0,ECMWF,"ECMWF leads with strong short-range skill, with minor model spread in local precipitation."
Srinagar,2026-10-05 00:00:00,2,78.8,High,89.37,60.46,80.0,ECMWF,"Low regional RMSE supports ECMWF dominance, while the 48-hour forecast horizon maintains stable predictability."
Srinagar,2026-10-05 01:00:00,2,78.6,High,89.37,59.73,80.0,ECMWF,"Low regional RMSE supports ECMWF dominance, while the 48-hour forecast horizon maintains stable predictability."
Srinagar,2026-10-05 02:00:00,2,78.3,High,89.37,58.84,80.0,ECMWF,"Low regional RMSE supports ECMWF dominance, while the 48-hour forecast horizon maintains stable predictability."
Srinagar,2026-10-05 03:00:00,2,77.8,High,89.37,57.03,80.0,ECMWF,"Low regional RMSE supports ECMWF dominance, while the 48-hour forecast horizon maintains stable predictability."
Srinagar,2026-10-05 04:00:00,2,78.3,High,89.37,58.79,80.0,ECMWF,"Low regional RMSE supports ECMWF dominance, while the 48-hour forecast horizon maintains stable predictability."
Srinagar,2026-10-05 05:00:00,2,79.1,High,89.37,61.49,80.0,ECMWF,"Low regional RMSE supports ECMWF dominance, while the 48-hour forecast horizon maintains stable predictability."
Srinagar,2026-10-05 06:00:00,2,79.3,High,89.37,62.08,80.0,ECMWF,"Low regional RMSE supports ECMWF dominance, while the 48-hour forecast horizon maintains stable predictability."
Srinagar,2026-10-05 07:00:00,2,79.2,High,89.37,61.81,80.0,ECMWF,"Low regional RMSE supports ECMWF dominance, while the 48-hour forecast horizon maintains stable predictability."
Srinagar,2026-10-05 08:00:00,2,86.0,High,89.37,84.45,80.0,ECMWF,"ECMWF and ensemble members agree closely, while RMSE remains low for this region."
Srinagar,2026-10-05 09:00:00,2,83.8,High,89.37,77.21,80.0,ECMWF,"Low regional RMSE supports ECMWF dominance, while the 48-hour forecast horizon maintains stable predictability."
Srinagar,2026-10-05 10:00:00,2,81.1,High,89.37,68.17,80.0,ECMWF,"Low regional RMSE supports ECMWF dominance, while the 48-hour forecast horizon maintains stable predictability."
Srinagar,2026-10-05 11:00:00,2,80.0,High,89.37,64.38,80.0,ECMWF,"Low regional RMSE supports ECMWF dominance, while the 48-hour forecast horizon maintains stable predictability."
Srinagar,2026-10-05 12:00:00,2,79.8,High,89.37,63.79,80.0,ECMWF,"Low regional RMSE supports ECMWF dominance, while the 48-hour forecast horizon maintains stable predictability."
Srinagar,2026-10-05 13:00:00,2,80.0,High,89.37,64.45,80.0,ECMWF,"Low regional RMSE supports ECMWF dominance, while the 48-hour forecast horizon maintains stable predictability."
Srinagar,2026-10-05 14:00:00,2,80.8,High,89.37,66.92,80.0,ECMWF,"Low regional RMSE supports ECMWF dominance, while the 48-hour forecast horizon maintains stable predictability."
Srinagar,2026-10-05 15:00:00,2,81.7,High,89.37,69.99,80.0,ECMWF,"Low regional RMSE supports ECMWF dominance, while the 48-hour forecast horizon maintains stable predictability."
Srinagar,2026-10-05 16:00:00,2,83.2,High,89.37,75.01,80.0,ECMWF,"Low regional RMSE supports ECMWF dominance, while the 48-hour forecast horizon maintains stable predictability."
Srinagar,2026-10-05 17:00:00,2,85.1,High,89.37,81.43,80.0,ECMWF,"ECMWF and ensemble members agree closely, while RMSE remains low for this region."
Srinagar,2026-10-05 18:00:00,2,82.3,High,89.37,72.19,80.0,ECMWF,"Low regional RMSE supports ECMWF dominance, while the 48-hour forecast horizon maintains stable predictability."
Srinagar,2026-10-05 19:00:00,2,84.2,High,89.37,78.24,80.0,ECMWF,"Low regional RMSE supports ECMWF dominance, while the 48-hour forecast horizon maintains stable predictability."
Srinagar,2026-10-05 20:00:00,2,82.2,High,89.37,71.88,80.0,ECMWF,"Low regional RMSE supports ECMWF dominance, while the 48-hour forecast horizon maintains stable predictability."
Srinagar,2026-10-05 21:00:00,2,82.3,High,89.37,72.16,80.0,ECMWF,"Low regional RMSE supports ECMWF dominance, while the 48-hour forecast horizon maintains stable predictability."
Srinagar,2026-10-05 22:00:00,2,81.2,High,89.37,68.36,80.0,ECMWF,"Low regional RMSE supports ECMWF dominance, while the 48-hour forecast horizon maintains stable predictability."
Srinagar,2026-10-05 23:00:00,2,80.1,High,89.37,64.79,80.0,ECMWF,"Low regional RMSE supports ECMWF dominance, while the 48-hour forecast horizon maintains stable predictability."
Srinagar,2026-10-06 00:00:00,3,74.3,Medium,86.6,63.34,60.0,ECMWF,Models show moderate disagreement and the forecast lead time reduces reliability.
Srinagar,2026-10-06 01:00:00,3,73.5,Medium,86.6,60.77,60.0,ECMWF,Models show moderate disagreement and the forecast lead time reduces reliability.
Srinagar,2026-10-06 02:00:00,3,73.1,Medium,86.6,59.42,60.0,ECMWF,Models show moderate disagreement and the forecast lead time reduces reliability.
Srinagar,2026-10-06 03:00:00,3,73.1,Medium,86.6,59.42,60.0,ECMWF,Models show moderate disagreement and the forecast lead time reduces reliability.
Srinagar,2026-10-06 04:00:00,3,72.8,Medium,86.6,58.34,60.0,ECMWF,Models show moderate disagreement and the forecast lead time reduces reliability.
Srinagar,2026-10-06 05:00:00,3,73.4,Medium,86.6,60.39,60.0,ECMWF,Models show moderate disagreement and the forecast lead time reduces reliability.
Srinagar,2026-10-06 06:00:00,3,75.0,High,86.6,65.79,60.0,ECMWF,"Low regional RMSE supports ECMWF dominance, while the extended Day 3 lead time maintains stable predictability."
Srinagar,2026-10-06 07:00:00,3,77.9,High,86.6,75.27,60.0,ECMWF,"Low regional RMSE supports ECMWF dominance, while the extended Day 3 lead time maintains stable predictability."
Srinagar,2026-10-06 08:00:00,3,79.8,High,86.6,81.58,60.0,ECMWF,"ECMWF and ensemble members agree closely, while RMSE remains low for this region."
Srinagar,2026-10-06 09:00:00,3,79.9,High,86.6,81.91,60.0,ECMWF,"ECMWF and ensemble members agree closely, while RMSE remains low for this region."
Srinagar,2026-10-06 10:00:00,3,76.8,High,86.6,71.68,60.0,ECMWF,"Low regional RMSE supports ECMWF dominance, while the extended Day 3 lead time maintains stable predictability."
Srinagar,2026-10-06 11:00:00,3,75.9,High,86.6,68.76,60.0,ECMWF,"Low regional RMSE supports ECMWF dominance, while the extended Day 3 lead time maintains stable predictability."
Srinagar,2026-10-06 12:00:00,3,74.8,High,86.6,64.91,60.0,ECMWF,"Low regional RMSE supports ECMWF dominance, while the extended Day 3 lead time maintains stable predictability."
Srinagar,2026-10-06 13:00:00,3,74.3,Medium,86.6,63.34,60.0,ECMWF,Models show moderate disagreement and the forecast lead time reduces reliability.
Srinagar,2026-10-06 14:00:00,3,74.8,High,86.6,64.85,60.0,ECMWF,"Low regional RMSE supports ECMWF dominance, while the extended Day 3 lead time maintains stable predictability."
Srinagar,2026-10-06 15:00:00,3,74.7,High,86.6,64.68,60.0,ECMWF,"Low regional RMSE supports ECMWF dominance, while the extended Day 3 lead time maintains stable predictability."
Srinagar,2026-10-06 16:00:00,3,74.9,High,86.6,65.49,60.0,ECMWF,"Low regional RMSE supports ECMWF dominance, while the extended Day 3 lead time maintains stable predictability."
Srinagar,2026-10-06 17:00:00,3,76.1,High,86.6,69.25,60.0,ECMWF,"Low regional RMSE supports ECMWF dominance, while the extended Day 3 lead time maintains stable predictability."
Srinagar,2026-10-06 18:00:00,3,74.1,Medium,86.6,62.75,60.0,ECMWF,Models show moderate disagreement and the forecast lead time reduces reliability.
Srinagar,2026-10-06 19:00:00,3,74.8,High,86.6,65.13,60.0,ECMWF,"Low regional RMSE supports ECMWF dominance, while the extended Day 3 lead time maintains stable predictability."
Srinagar,2026-10-06 20:00:00,3,75.3,High,86.6,66.51,60.0,ECMWF,"Low regional RMSE supports ECMWF dominance, while the extended Day 3 lead time maintains stable predictability."
Srinagar,2026-10-06 21:00:00,3,75.2,High,86.6,66.4,60.0,ECMWF,"Low regional RMSE supports ECMWF dominance, while the extended Day 3 lead time maintains stable predictability."
Srinagar,2026-10-06 22:00:00,3,75.1,High,86.6,65.89,60.0,ECMWF,"Low regional RMSE supports ECMWF dominance, while the extended Day 3 lead time maintains stable predictability."
Srinagar,2026-10-06 23:00:00,3,75.1,High,86.6,65.99,60.0,ECMWF,"Low regional RMSE supports ECMWF dominance, while the extended Day 3 lead time maintains stable predictability."
Surat,2026-10-04 00:00:00,1,82.6,High,77.7,79.02,100.0,ICON,"ICON leads with strong short-range skill, with minor model spread in local precipitation."
Surat,2026-10-04 01:00:00,1,83.5,High,77.7,82.24,100.0,ICON,"ICON and ensemble members agree closely, while RMSE remains low for this region."
Surat,2026-10-04 02:00:00,1,83.6,High,77.7,82.61,100.0,ICON,"ICON and ensemble members agree closely, while RMSE remains low for this region."
Surat,2026-10-04 03:00:00,1,83.1,High,77.7,80.68,100.0,ICON,"ICON and ensemble members agree closely, while RMSE remains low for this region."
Surat,2026-10-04 04:00:00,1,81.0,High,77.7,73.67,100.0,ICON,"ICON leads with strong short-range skill, with minor model spread in local precipitation."
Surat,2026-10-04 05:00:00,1,81.3,High,77.7,74.82,100.0,ICON,"ICON leads with strong short-range skill, with minor model spread in local precipitation."
Surat,2026-10-04 06:00:00,1,79.8,High,77.7,69.84,100.0,ICON,"ICON leads with strong short-range skill, with minor model spread in local precipitation."
Surat,2026-10-04 07:00:00,1,78.3,High,77.7,64.75,100.0,ICON,"ICON leads with strong short-range skill, with minor model spread in local precipitation."
Surat,2026-10-04 08:00:00,1,80.6,High,77.7,72.59,100.0,ICON,"ICON leads with strong short-range skill, with minor model spread in local precipitation."
Surat,2026-10-04 09:00:00,1,81.3,High,77.7,74.78,100.0,ICON,"ICON leads with strong short-range skill, with minor model spread in local precipitation."
Surat,2026-10-04 10:00:00,1,82.4,High,77.7,78.37,100.0,ICON,"ICON leads with strong short-range skill, with minor model spread in local precipitation."
Surat,2026-10-04 11:00:00,1,82.2,High,77.7,77.97,100.0,ICON,"ICON leads with strong short-range skill, with minor model spread in local precipitation."
Surat,2026-10-04 12:00:00,1,83.2,High,77.7,81.17,100.0,ICON,"ICON and ensemble members agree closely, while RMSE remains low for this region."
Surat,2026-10-04 13:00:00,1,81.7,High,77.7,76.06,100.0,ICON,"ICON leads with strong short-range skill, with minor model spread in local precipitation."
Surat,2026-10-04 14:00:00,1,80.6,High,77.7,72.58,100.0,ICON,"ICON leads with strong short-range skill, with minor model spread in local precipitation."
Surat,2026-10-04 15:00:00,1,79.6,High,77.7,69.12,100.0,ICON,"ICON leads with strong short-range skill, with minor model spread in local precipitation."
Surat,2026-10-04 16:00:00,1,79.2,High,77.7,68.0,100.0,ICON,"ICON leads with strong short-range skill, with minor model spread in local precipitation."
Surat,2026-10-04 17:00:00,1,80.0,High,77.7,70.36,100.0,ICON,"ICON leads with strong short-range skill, with minor model spread in local precipitation."
Surat,2026-10-04 18:00:00,1,80.7,High,77.7,72.87,100.0,ICON,"ICON leads with strong short-range skill, with minor model spread in local precipitation."
Surat,2026-10-04 19:00:00,1,81.4,High,77.7,75.33,100.0,ICON,"ICON leads with strong short-range skill, with minor model spread in local precipitation."
Surat,2026-10-04 20:00:00,1,82.6,High,77.7,79.09,100.0,ICON,"ICON leads with strong short-range skill, with minor model spread in local precipitation."
Surat,2026-10-04 21:00:00,1,83.1,High,77.7,80.84,100.0,ICON,"ICON and ensemble members agree closely, while RMSE remains low for this region."
Surat,2026-10-04 22:00:00,1,79.5,High,77.7,68.67,100.0,ICON,"ICON leads with strong short-range skill, with minor model spread in local precipitation."
Surat,2026-10-04 23:00:00,1,79.9,High,77.7,70.1,100.0,ICON,"ICON leads with strong short-range skill, with minor model spread in local precipitation."
Surat,2026-10-05 00:00:00,2,75.5,High,76.53,70.68,80.0,UKMO,"Low regional RMSE supports UKMO dominance, while the 48-hour forecast horizon maintains stable predictability."
Surat,2026-10-05 01:00:00,2,77.7,High,76.53,78.09,80.0,UKMO,"Low regional RMSE supports UKMO dominance, while the 48-hour forecast horizon maintains stable predictability."
Surat,2026-10-05 02:00:00,2,81.0,High,76.53,89.25,80.0,UKMO,"UKMO and ensemble members agree closely, while RMSE remains low for this region."
Surat,2026-10-05 03:00:00,2,77.0,High,76.53,75.92,80.0,UKMO,"Low regional RMSE supports UKMO dominance, while the 48-hour forecast horizon maintains stable predictability."
Surat,2026-10-05 04:00:00,2,76.4,High,76.53,73.82,80.0,UKMO,"Low regional RMSE supports UKMO dominance, while the 48-hour forecast horizon maintains stable predictability."
Surat,2026-10-05 05:00:00,2,76.2,High,76.53,73.27,80.0,UKMO,"Low regional RMSE supports UKMO dominance, while the 48-hour forecast horizon maintains stable predictability."
Surat,2026-10-05 06:00:00,2,75.8,High,76.53,71.73,80.0,UKMO,"Low regional RMSE supports UKMO dominance, while the 48-hour forecast horizon maintains stable predictability."
Surat,2026-10-05 07:00:00,2,75.6,High,76.53,71.27,80.0,UKMO,"Low regional RMSE supports UKMO dominance, while the 48-hour forecast horizon maintains stable predictability."
Surat,2026-10-05 08:00:00,2,78.8,High,76.53,81.74,80.0,UKMO,"UKMO and ensemble members agree closely, while RMSE remains low for this region."
Surat,2026-10-05 09:00:00,2,78.4,High,76.53,80.29,80.0,UKMO,"UKMO and ensemble members agree closely, while RMSE remains low for this region."
Surat,2026-10-05 10:00:00,2,76.4,High,76.53,73.62,80.0,UKMO,"Low regional RMSE supports UKMO dominance, while the 48-hour forecast horizon maintains stable predictability."
Surat,2026-10-05 11:00:00,2,76.3,High,76.53,73.47,80.0,UKMO,"Low regional RMSE supports UKMO dominance, while the 48-hour forecast horizon maintains stable predictability."
Surat,2026-10-05 12:00:00,2,76.0,High,76.53,72.33,80.0,UKMO,"Low regional RMSE supports UKMO dominance, while the 48-hour forecast horizon maintains stable predictability."
Surat,2026-10-05 13:00:00,2,75.0,High,76.53,69.18,80.0,UKMO,"Low regional RMSE supports UKMO dominance, while the 48-hour forecast horizon maintains stable predictability."
Surat,2026-10-05 14:00:00,2,74.6,High,76.53,67.94,80.0,UKMO,"Low regional RMSE supports UKMO dominance, while the 48-hour forecast horizon maintains stable predictability."
Surat,2026-10-05 15:00:00,2,75.9,High,76.53,72.16,80.0,UKMO,"Low regional RMSE supports UKMO dominance, while the 48-hour forecast horizon maintains stable predictability."
Surat,2026-10-05 16:00:00,2,75.5,High,76.53,70.66,80.0,UKMO,"Low regional RMSE supports UKMO dominance, while the 48-hour forecast horizon maintains stable predictability."
Surat,2026-10-05 17:00:00,2,75.3,High,76.53,70.23,80.0,UKMO,"Low regional RMSE supports UKMO dominance, while the 48-hour forecast horizon maintains stable predictability."
Surat,2026-10-05 18:00:00,2,75.7,High,76.53,71.33,80.0,UKMO,"Low regional RMSE supports UKMO dominance, while the 48-hour forecast horizon maintains stable predictability."
Surat,2026-10-05 19:00:00,2,75.5,High,76.53,70.89,80.0,UKMO,"Low regional RMSE supports UKMO dominance, while the 48-hour forecast horizon maintains stable predictability."
Surat,2026-10-05 20:00:00,2,75.0,High,76.53,68.99,80.0,UKMO,"Low regional RMSE supports UKMO dominance, while the 48-hour forecast horizon maintains stable predictability."
Surat,2026-10-05 21:00:00,2,73.4,Medium,76.53,63.88,80.0,UKMO,Inter-model spread indicates divergence between NWP forecasts despite UKMO weighting.
Surat,2026-10-05 22:00:00,2,73.9,Medium,76.53,65.37,80.0,UKMO,Inter-model spread indicates divergence between NWP forecasts despite UKMO weighting.
Surat,2026-10-05 23:00:00,2,74.6,High,76.53,67.88,80.0,UKMO,"Low regional RMSE supports UKMO dominance, while the 48-hour forecast horizon maintains stable predictability."
Surat,2026-10-06 00:00:00,3,71.4,Medium,75.64,71.98,60.0,JMA,Models show moderate disagreement and the forecast lead time reduces reliability.
Surat,2026-10-06 01:00:00,3,72.8,Medium,75.64,76.55,60.0,JMA,Models show moderate disagreement and the forecast lead time reduces reliability.
Surat,2026-10-06 02:00:00,3,73.1,Medium,75.64,77.69,60.0,JMA,Models show moderate disagreement and the forecast lead time reduces reliability.
Surat,2026-10-06 03:00:00,3,74.6,High,75.64,82.48,60.0,JMA,"JMA and ensemble members agree closely, while RMSE remains low for this region."
Surat,2026-10-06 04:00:00,3,73.1,Medium,75.64,77.53,60.0,JMA,Models show moderate disagreement and the forecast lead time reduces reliability.
Surat,2026-10-06 05:00:00,3,72.7,Medium,75.64,76.22,60.0,JMA,Models show moderate disagreement and the forecast lead time reduces reliability.
Surat,2026-10-06 06:00:00,3,73.6,Medium,75.64,79.31,60.0,JMA,Models show moderate disagreement and the forecast lead time reduces reliability.
Surat,2026-10-06 07:00:00,3,73.0,Medium,75.64,77.41,60.0,JMA,Models show moderate disagreement and the forecast lead time reduces reliability.
Surat,2026-10-06 08:00:00,3,72.7,Medium,75.64,76.12,60.0,JMA,Models show moderate disagreement and the forecast lead time reduces reliability.
Surat,2026-10-06 09:00:00,3,71.3,Medium,75.64,71.5,60.0,JMA,Models show moderate disagreement and the forecast lead time reduces reliability.
Surat,2026-10-06 10:00:00,3,70.6,Medium,75.64,69.14,60.0,JMA,Models show moderate disagreement and the forecast lead time reduces reliability.
Surat,2026-10-06 11:00:00,3,71.3,Medium,75.64,71.47,60.0,JMA,Models show moderate disagreement and the forecast lead time reduces reliability.
Surat,2026-10-06 12:00:00,3,71.1,Medium,75.64,70.83,60.0,JMA,Models show moderate disagreement and the forecast lead time reduces reliability.
Surat,2026-10-06 13:00:00,3,70.1,Medium,75.64,67.44,60.0,JMA,Models show moderate disagreement and the forecast lead time reduces reliability.
Surat,2026-10-06 14:00:00,3,68.6,Medium,75.64,62.67,60.0,JMA,Models show moderate disagreement and the forecast lead time reduces reliability.
Surat,2026-10-06 15:00:00,3,68.2,Medium,75.64,61.1,60.0,JMA,Models show moderate disagreement and the forecast lead time reduces reliability.
Surat,2026-10-06 16:00:00,3,68.2,Medium,75.64,61.34,60.0,JMA,Models show moderate disagreement and the forecast lead time reduces reliability.
Surat,2026-10-06 17:00:00,3,68.2,Medium,75.64,61.33,60.0,JMA,Models show moderate disagreement and the forecast lead time reduces reliability.
Surat,2026-10-06 18:00:00,3,70.6,Medium,75.64,69.11,60.0,JMA,Models show moderate disagreement and the forecast lead time reduces reliability.
Surat,2026-10-06 19:00:00,3,71.8,Medium,75.64,73.2,60.0,JMA,Models show moderate disagreement and the forecast lead time reduces reliability.
Surat,2026-10-06 20:00:00,3,71.5,Medium,75.64,72.33,60.0,JMA,Models show moderate disagreement and the forecast lead time reduces reliability.
Surat,2026-10-06 21:00:00,3,70.3,Medium,75.64,68.41,60.0,JMA,Models show moderate disagreement and the forecast lead time reduces reliability.
Surat,2026-10-06 22:00:00,3,70.7,Medium,75.64,69.48,60.0,JMA,Models show moderate disagreement and the forecast lead time reduces reliability.
Surat,2026-10-06 23:00:00,3,70.9,Medium,75.64,70.34,60.0,JMA,Models show moderate disagreement and the forecast lead time reduces reliability.
Thane,2026-10-04 00:00:00,1,89.4,High,89.91,81.44,100.0,ECMWF,"ECMWF and ensemble members agree closely, while RMSE remains low for this region."
Thane,2026-10-04 01:00:00,1,89.1,High,89.91,80.58,100.0,ECMWF,"ECMWF and ensemble members agree closely, while RMSE remains low for this region."
Thane,2026-10-04 02:00:00,1,89.3,High,89.91,81.22,100.0,ECMWF,"ECMWF and ensemble members agree closely, while RMSE remains low for this region."
Thane,2026-10-04 03:00:00,1,89.2,High,89.91,80.88,100.0,ECMWF,"ECMWF and ensemble members agree closely, while RMSE remains low for this region."
Thane,2026-10-04 04:00:00,1,88.4,High,89.91,78.02,100.0,ECMWF,"ECMWF leads with strong short-range skill, with minor model spread in local precipitation."
Thane,2026-10-04 05:00:00,1,88.6,High,89.91,78.96,100.0,ECMWF,"ECMWF leads with strong short-range skill, with minor model spread in local precipitation."
Thane,2026-10-04 06:00:00,1,87.9,High,89.91,76.6,100.0,ECMWF,"ECMWF leads with strong short-range skill, with minor model spread in local precipitation."
Thane,2026-10-04 07:00:00,1,88.4,High,89.91,78.04,100.0,ECMWF,"ECMWF leads with strong short-range skill, with minor model spread in local precipitation."
Thane,2026-10-04 08:00:00,1,89.7,Very High,89.91,82.63,100.0,ECMWF,"ECMWF has the highest historical skill, model agreement is strong, and this is a short-range forecast."
Thane,2026-10-04 09:00:00,1,89.5,Very High,89.91,81.76,100.0,ECMWF,"ECMWF has the highest historical skill, model agreement is strong, and this is a short-range forecast."
Thane,2026-10-04 10:00:00,1,88.4,High,89.91,78.28,100.0,ECMWF,"ECMWF leads with strong short-range skill, with minor model spread in local precipitation."
Thane,2026-10-04 11:00:00,1,89.8,Very High,89.91,82.78,100.0,ECMWF,"ECMWF has the highest historical skill, model agreement is strong, and this is a short-range forecast."
Thane,2026-10-04 12:00:00,1,89.2,High,89.91,80.94,100.0,ECMWF,"ECMWF and ensemble members agree closely, while RMSE remains low for this region."
Thane,2026-10-04 13:00:00,1,87.7,High,89.91,75.86,100.0,ECMWF,"ECMWF leads with strong short-range skill, with minor model spread in local precipitation."
Thane,2026-10-04 14:00:00,1,86.3,High,89.91,71.07,100.0,ECMWF,"ECMWF leads with strong short-range skill, with minor model spread in local precipitation."
Thane,2026-10-04 15:00:00,1,84.6,High,89.91,65.61,100.0,ECMWF,"ECMWF leads with strong short-range skill, with minor model spread in local precipitation."
Thane,2026-10-04 16:00:00,1,84.1,High,89.91,63.68,100.0,ECMWF,"ECMWF leads with strong short-range skill, with minor model spread in local precipitation."
Thane,2026-10-04 17:00:00,1,84.4,High,89.91,64.78,100.0,ECMWF,"ECMWF leads with strong short-range skill, with minor model spread in local precipitation."
Thane,2026-10-04 18:00:00,1,85.4,High,89.91,68.17,100.0,ECMWF,"ECMWF leads with strong short-range skill, with minor model spread in local precipitation."
Thane,2026-10-04 19:00:00,1,85.8,High,89.91,69.5,100.0,ECMWF,"ECMWF leads with strong short-range skill, with minor model spread in local precipitation."
Thane,2026-10-04 20:00:00,1,86.8,High,89.91,72.73,100.0,ECMWF,"ECMWF leads with strong short-range skill, with minor model spread in local precipitation."
Thane,2026-10-04 21:00:00,1,88.9,High,89.91,79.66,100.0,ECMWF,"ECMWF leads with strong short-range skill, with minor model spread in local precipitation."
Thane,2026-10-04 22:00:00,1,90.7,Very High,89.91,85.92,100.0,ECMWF,"ECMWF has the highest historical skill, model agreement is strong, and this is a short-range forecast."
Thane,2026-10-04 23:00:00,1,90.7,Very High,89.91,85.95,100.0,ECMWF,"ECMWF has the highest historical skill, model agreement is strong, and this is a short-range forecast."
Thane,2026-10-05 00:00:00,2,84.3,High,86.15,83.93,80.0,ECMWF,"ECMWF and ensemble members agree closely, while RMSE remains low for this region."
Thane,2026-10-05 01:00:00,2,85.2,High,86.15,87.03,80.0,ECMWF,"ECMWF and ensemble members agree closely, while RMSE remains low for this region."
Thane,2026-10-05 02:00:00,2,84.5,High,86.15,84.79,80.0,ECMWF,"ECMWF and ensemble members agree closely, while RMSE remains low for this region."
Thane,2026-10-05 03:00:00,2,84.8,High,86.15,85.61,80.0,ECMWF,"ECMWF and ensemble members agree closely, while RMSE remains low for this region."
Thane,2026-10-05 04:00:00,2,84.3,High,86.15,83.99,80.0,ECMWF,"ECMWF and ensemble members agree closely, while RMSE remains low for this region."
Thane,2026-10-05 05:00:00,2,84.2,High,86.15,83.7,80.0,ECMWF,"ECMWF and ensemble members agree closely, while RMSE remains low for this region."
Thane,2026-10-05 06:00:00,2,84.0,High,86.15,83.17,80.0,ECMWF,"ECMWF and ensemble members agree closely, while RMSE remains low for this region."
Thane,2026-10-05 07:00:00,2,83.2,High,86.15,80.32,80.0,ECMWF,"ECMWF and ensemble members agree closely, while RMSE remains low for this region."
Thane,2026-10-05 08:00:00,2,84.4,High,86.15,84.39,80.0,ECMWF,"ECMWF and ensemble members agree closely, while RMSE remains low for this region."
Thane,2026-10-05 09:00:00,2,85.0,High,86.15,86.58,80.0,ECMWF,"ECMWF and ensemble members agree closely, while RMSE remains low for this region."
Thane,2026-10-05 10:00:00,2,83.8,High,86.15,82.36,80.0,ECMWF,"ECMWF and ensemble members agree closely, while RMSE remains low for this region."
Thane,2026-10-05 11:00:00,2,84.3,High,86.15,83.94,80.0,ECMWF,"ECMWF and ensemble members agree closely, while RMSE remains low for this region."
Thane,2026-10-05 12:00:00,2,83.7,High,86.15,82.07,80.0,ECMWF,"ECMWF and ensemble members agree closely, while RMSE remains low for this region."
Thane,2026-10-05 13:00:00,2,81.3,High,86.15,74.11,80.0,ECMWF,"Low regional RMSE supports ECMWF dominance, while the 48-hour forecast horizon maintains stable predictability."
Thane,2026-10-05 14:00:00,2,79.6,High,86.15,68.52,80.0,ECMWF,"Low regional RMSE supports ECMWF dominance, while the 48-hour forecast horizon maintains stable predictability."
Thane,2026-10-05 15:00:00,2,78.9,High,86.15,66.02,80.0,ECMWF,"Low regional RMSE supports ECMWF dominance, while the 48-hour forecast horizon maintains stable predictability."
Thane,2026-10-05 16:00:00,2,77.6,High,86.15,61.82,80.0,ECMWF,"Low regional RMSE supports ECMWF dominance, while the 48-hour forecast horizon maintains stable predictability."
Thane,2026-10-05 17:00:00,2,77.8,High,86.15,62.31,80.0,ECMWF,"Low regional RMSE supports ECMWF dominance, while the 48-hour forecast horizon maintains stable predictability."
Thane,2026-10-05 18:00:00,2,78.8,High,86.15,65.84,80.0,ECMWF,"Low regional RMSE supports ECMWF dominance, while the 48-hour forecast horizon maintains stable predictability."
Thane,2026-10-05 19:00:00,2,79.8,High,86.15,69.0,80.0,ECMWF,"Low regional RMSE supports ECMWF dominance, while the 48-hour forecast horizon maintains stable predictability."
Thane,2026-10-05 20:00:00,2,80.5,High,86.15,71.31,80.0,ECMWF,"Low regional RMSE supports ECMWF dominance, while the 48-hour forecast horizon maintains stable predictability."
Thane,2026-10-05 21:00:00,2,81.8,High,86.15,75.8,80.0,ECMWF,"Low regional RMSE supports ECMWF dominance, while the 48-hour forecast horizon maintains stable predictability."
Thane,2026-10-05 22:00:00,2,82.5,High,86.15,78.24,80.0,ECMWF,"Low regional RMSE supports ECMWF dominance, while the 48-hour forecast horizon maintains stable predictability."
Thane,2026-10-05 23:00:00,2,83.0,High,86.15,79.72,80.0,ECMWF,"Low regional RMSE supports ECMWF dominance, while the 48-hour forecast horizon maintains stable predictability."
Thane,2026-10-06 00:00:00,3,77.9,High,82.56,82.06,60.0,ECMWF,"ECMWF and ensemble members agree closely, while RMSE remains low for this region."
Thane,2026-10-06 01:00:00,3,78.2,High,82.56,82.93,60.0,ECMWF,"ECMWF and ensemble members agree closely, while RMSE remains low for this region."
Thane,2026-10-06 02:00:00,3,79.2,High,82.56,86.26,60.0,ECMWF,"ECMWF and ensemble members agree closely, while RMSE remains low for this region."
Thane,2026-10-06 03:00:00,3,78.6,High,82.56,84.52,60.0,ECMWF,"ECMWF and ensemble members agree closely, while RMSE remains low for this region."
Thane,2026-10-06 04:00:00,3,79.2,High,82.56,86.27,60.0,ECMWF,"ECMWF and ensemble members agree closely, while RMSE remains low for this region."
Thane,2026-10-06 05:00:00,3,79.0,High,82.56,85.67,60.0,ECMWF,"ECMWF and ensemble members agree closely, while RMSE remains low for this region."
Thane,2026-10-06 06:00:00,3,78.7,High,82.56,84.82,60.0,ECMWF,"ECMWF and ensemble members agree closely, while RMSE remains low for this region."
Thane,2026-10-06 07:00:00,3,77.7,High,82.56,81.53,60.0,ECMWF,"ECMWF and ensemble members agree closely, while RMSE remains low for this region."
Thane,2026-10-06 08:00:00,3,77.7,High,82.56,81.38,60.0,ECMWF,"ECMWF and ensemble members agree closely, while RMSE remains low for this region."
Thane,2026-10-06 09:00:00,3,77.7,High,82.56,81.41,60.0,ECMWF,"ECMWF and ensemble members agree closely, while RMSE remains low for this region."
Thane,2026-10-06 10:00:00,3,78.0,High,82.56,82.4,60.0,ECMWF,"ECMWF and ensemble members agree closely, while RMSE remains low for this region."
Thane,2026-10-06 11:00:00,3,78.1,High,82.56,82.72,60.0,ECMWF,"ECMWF and ensemble members agree closely, while RMSE remains low for this region."
Thane,2026-10-06 12:00:00,3,76.4,High,82.56,77.23,60.0,ECMWF,"Low regional RMSE supports ECMWF dominance, while the extended Day 3 lead time maintains stable predictability."
Thane,2026-10-06 13:00:00,3,74.8,High,82.56,71.58,60.0,ECMWF,"Low regional RMSE supports ECMWF dominance, while the extended Day 3 lead time maintains stable predictability."
Thane,2026-10-06 14:00:00,3,73.7,Medium,82.56,67.98,60.0,ECMWF,Models show moderate disagreement and the forecast lead time reduces reliability.
Thane,2026-10-06 15:00:00,3,72.3,Medium,82.56,63.4,60.0,ECMWF,Models show moderate disagreement and the forecast lead time reduces reliability.
Thane,2026-10-06 16:00:00,3,72.0,Medium,82.56,62.3,60.0,ECMWF,Models show moderate disagreement and the forecast lead time reduces reliability.
Thane,2026-10-06 17:00:00,3,72.2,Medium,82.56,63.07,60.0,ECMWF,Models show moderate disagreement and the forecast lead time reduces reliability.
Thane,2026-10-06 18:00:00,3,73.4,Medium,82.56,67.11,60.0,ECMWF,Models show moderate disagreement and the forecast lead time reduces reliability.
Thane,2026-10-06 19:00:00,3,74.0,Medium,82.56,69.0,60.0,ECMWF,Models show moderate disagreement and the forecast lead time reduces reliability.
Thane,2026-10-06 20:00:00,3,74.4,Medium,82.56,70.35,60.0,ECMWF,Models show moderate disagreement and the forecast lead time reduces reliability.
Thane,2026-10-06 21:00:00,3,74.6,High,82.56,71.12,60.0,ECMWF,"Low regional RMSE supports ECMWF dominance, while the extended Day 3 lead time maintains stable predictability."
Thane,2026-10-06 22:00:00,3,74.7,High,82.56,71.49,60.0,ECMWF,"Low regional RMSE supports ECMWF dominance, while the extended Day 3 lead time maintains stable predictability."
Thane,2026-10-06 23:00:00,3,76.2,High,82.56,76.46,60.0,ECMWF,"Low regional RMSE supports ECMWF dominance, while the extended Day 3 lead time maintains stable predictability."
Thiruvananthapuram,2026-10-04 00:00:00,1,93.2,Very High,94.63,86.28,100.0,ECMWF,"ECMWF has the highest historical skill, model agreement is strong, and this is a short-range forecast."
Thiruvananthapuram,2026-10-04 01:00:00,1,93.9,Very High,94.63,88.5,100.0,ECMWF,"ECMWF has the highest historical skill, model agreement is strong, and this is a short-range forecast."
Thiruvananthapuram,2026-10-04 02:00:00,1,94.4,Very High,94.63,90.33,100.0,ECMWF,"ECMWF has the highest historical skill, model agreement is strong, and this is a short-range forecast."
Thiruvananthapuram,2026-10-04 03:00:00,1,94.4,Very High,94.63,90.37,100.0,ECMWF,"ECMWF has the highest historical skill, model agreement is strong, and this is a short-range forecast."
Thiruvananthapuram,2026-10-04 04:00:00,1,94.3,Very High,94.63,90.0,100.0,ECMWF,"ECMWF has the highest historical skill, model agreement is strong, and this is a short-range forecast."
Thiruvananthapuram,2026-10-04 05:00:00,1,94.8,Very High,94.63,91.76,100.0,ECMWF,"ECMWF has the highest historical skill, model agreement is strong, and this is a short-range forecast."
Thiruvananthapuram,2026-10-04 06:00:00,1,93.8,Very High,94.63,88.45,100.0,ECMWF,"ECMWF has the highest historical skill, model agreement is strong, and this is a short-range forecast."
Thiruvananthapuram,2026-10-04 07:00:00,1,93.6,Very High,94.63,87.74,100.0,ECMWF,"ECMWF has the highest historical skill, model agreement is strong, and this is a short-range forecast."
Thiruvananthapuram,2026-10-04 08:00:00,1,93.2,Very High,94.63,86.37,100.0,ECMWF,"ECMWF has the highest historical skill, model agreement is strong, and this is a short-range forecast."
Thiruvananthapuram,2026-10-04 09:00:00,1,92.1,Very High,94.63,82.55,100.0,ECMWF,"ECMWF has the highest historical skill, model agreement is strong, and this is a short-range forecast."
Thiruvananthapuram,2026-10-04 10:00:00,1,92.9,Very High,94.63,85.38,100.0,ECMWF,"ECMWF has the highest historical skill, model agreement is strong, and this is a short-range forecast."
Thiruvananthapuram,2026-10-04 11:00:00,1,91.1,Very High,94.63,79.42,100.0,ECMWF,"ECMWF exhibits outstanding regional skill, maintaining very high blend reliability for this short-range forecast."
Thiruvananthapuram,2026-10-04 12:00:00,1,89.0,High,94.63,72.28,100.0,ECMWF,"ECMWF leads with strong short-range skill, with minor model spread in local precipitation."
Thiruvananthapuram,2026-10-04 13:00:00,1,91.2,Very High,94.63,79.77,100.0,ECMWF,"ECMWF exhibits outstanding regional skill, maintaining very high blend reliability for this short-range forecast."
Thiruvananthapuram,2026-10-04 14:00:00,1,90.9,Very High,94.63,78.78,100.0,ECMWF,"ECMWF exhibits outstanding regional skill, maintaining very high blend reliability for this short-range forecast."
Thiruvananthapuram,2026-10-04 15:00:00,1,88.9,High,94.63,72.07,100.0,ECMWF,"ECMWF leads with strong short-range skill, with minor model spread in local precipitation."
Thiruvananthapuram,2026-10-04 16:00:00,1,87.4,High,94.63,67.07,100.0,ECMWF,"ECMWF leads with strong short-range skill, with minor model spread in local precipitation."
Thiruvananthapuram,2026-10-04 17:00:00,1,90.9,Very High,94.63,78.51,100.0,ECMWF,"ECMWF exhibits outstanding regional skill, maintaining very high blend reliability for this short-range forecast."
Thiruvananthapuram,2026-10-04 18:00:00,1,91.6,Very High,94.63,81.1,100.0,ECMWF,"ECMWF has the highest historical skill, model agreement is strong, and this is a short-range forecast."
Thiruvananthapuram,2026-10-04 19:00:00,1,92.2,Very High,94.63,82.95,100.0,ECMWF,"ECMWF has the highest historical skill, model agreement is strong, and this is a short-range forecast."
Thiruvananthapuram,2026-10-04 20:00:00,1,91.4,Very High,94.63,80.23,100.0,ECMWF,"ECMWF has the highest historical skill, model agreement is strong, and this is a short-range forecast."
Thiruvananthapuram,2026-10-04 21:00:00,1,91.6,Very High,94.63,80.81,100.0,ECMWF,"ECMWF has the highest historical skill, model agreement is strong, and this is a short-range forecast."
Thiruvananthapuram,2026-10-04 22:00:00,1,91.7,Very High,94.63,81.28,100.0,ECMWF,"ECMWF has the highest historical skill, model agreement is strong, and this is a short-range forecast."
Thiruvananthapuram,2026-10-04 23:00:00,1,92.1,Very High,94.63,82.62,100.0,ECMWF,"ECMWF has the highest historical skill, model agreement is strong, and this is a short-range forecast."
Thiruvananthapuram,2026-10-05 00:00:00,2,88.5,High,92.96,86.77,80.0,ECMWF,"ECMWF and ensemble members agree closely, while RMSE remains low for this region."
Thiruvananthapuram,2026-10-05 01:00:00,2,88.3,High,92.96,86.0,80.0,ECMWF,"ECMWF and ensemble members agree closely, while RMSE remains low for this region."
Thiruvananthapuram,2026-10-05 02:00:00,2,87.8,High,92.96,84.41,80.0,ECMWF,"ECMWF and ensemble members agree closely, while RMSE remains low for this region."
Thiruvananthapuram,2026-10-05 03:00:00,2,86.4,High,92.96,79.75,80.0,ECMWF,"Low regional RMSE supports ECMWF dominance, while the 48-hour forecast horizon maintains stable predictability."
Thiruvananthapuram,2026-10-05 04:00:00,2,89.1,High,92.96,88.78,80.0,ECMWF,"ECMWF and ensemble members agree closely, while RMSE remains low for this region."
Thiruvananthapuram,2026-10-05 05:00:00,2,88.7,High,92.96,87.34,80.0,ECMWF,"ECMWF and ensemble members agree closely, while RMSE remains low for this region."
Thiruvananthapuram,2026-10-05 06:00:00,2,89.0,High,92.96,88.32,80.0,ECMWF,"ECMWF and ensemble members agree closely, while RMSE remains low for this region."
Thiruvananthapuram,2026-10-05 07:00:00,2,89.5,Very High,92.96,90.2,80.0,ECMWF,"ECMWF has the highest historical skill, model agreement is strong, and this is a 48-hour forecast horizon."
Thiruvananthapuram,2026-10-05 08:00:00,2,88.0,High,92.96,85.14,80.0,ECMWF,"ECMWF and ensemble members agree closely, while RMSE remains low for this region."
Thiruvananthapuram,2026-10-05 09:00:00,2,87.3,High,92.96,82.67,80.0,ECMWF,"ECMWF and ensemble members agree closely, while RMSE remains low for this region."
Thiruvananthapuram,2026-10-05 10:00:00,2,87.5,High,92.96,83.34,80.0,ECMWF,"ECMWF and ensemble members agree closely, while RMSE remains low for this region."
Thiruvananthapuram,2026-10-05 11:00:00,2,87.1,High,92.96,82.1,80.0,ECMWF,"ECMWF and ensemble members agree closely, while RMSE remains low for this region."
Thiruvananthapuram,2026-10-05 12:00:00,2,84.3,High,92.96,72.74,80.0,ECMWF,"Low regional RMSE supports ECMWF dominance, while the 48-hour forecast horizon maintains stable predictability."
Thiruvananthapuram,2026-10-05 13:00:00,2,82.8,High,92.96,67.57,80.0,ECMWF,"Low regional RMSE supports ECMWF dominance, while the 48-hour forecast horizon maintains stable predictability."
Thiruvananthapuram,2026-10-05 14:00:00,2,83.0,High,92.96,68.32,80.0,ECMWF,"Low regional RMSE supports ECMWF dominance, while the 48-hour forecast horizon maintains stable predictability."
Thiruvananthapuram,2026-10-05 15:00:00,2,84.2,High,92.96,72.56,80.0,ECMWF,"Low regional RMSE supports ECMWF dominance, while the 48-hour forecast horizon maintains stable predictability."
Thiruvananthapuram,2026-10-05 16:00:00,2,84.5,High,92.96,73.49,80.0,ECMWF,"Low regional RMSE supports ECMWF dominance, while the 48-hour forecast horizon maintains stable predictability."
Thiruvananthapuram,2026-10-05 17:00:00,2,85.7,High,92.96,77.36,80.0,ECMWF,"Low regional RMSE supports ECMWF dominance, while the 48-hour forecast horizon maintains stable predictability."
Thiruvananthapuram,2026-10-05 18:00:00,2,85.8,High,92.96,77.67,80.0,ECMWF,"Low regional RMSE supports ECMWF dominance, while the 48-hour forecast horizon maintains stable predictability."
Thiruvananthapuram,2026-10-05 19:00:00,2,86.1,High,92.96,78.74,80.0,ECMWF,"Low regional RMSE supports ECMWF dominance, while the 48-hour forecast horizon maintains stable predictability."
Thiruvananthapuram,2026-10-05 20:00:00,2,87.4,High,92.96,83.07,80.0,ECMWF,"ECMWF and ensemble members agree closely, while RMSE remains low for this region."
Thiruvananthapuram,2026-10-05 21:00:00,2,87.1,High,92.96,82.19,80.0,ECMWF,"ECMWF and ensemble members agree closely, while RMSE remains low for this region."
Thiruvananthapuram,2026-10-05 22:00:00,2,86.7,High,92.96,80.73,80.0,ECMWF,"ECMWF and ensemble members agree closely, while RMSE remains low for this region."
Thiruvananthapuram,2026-10-05 23:00:00,2,86.8,High,92.96,80.93,80.0,ECMWF,"ECMWF and ensemble members agree closely, while RMSE remains low for this region."
Thiruvananthapuram,2026-10-06 00:00:00,3,83.4,High,92.9,83.21,60.0,ECMWF,"ECMWF and ensemble members agree closely, while RMSE remains low for this region."
Thiruvananthapuram,2026-10-06 01:00:00,3,82.4,High,92.9,79.81,60.0,ECMWF,"Low regional RMSE supports ECMWF dominance, while the extended Day 3 lead time maintains stable predictability."
Thiruvananthapuram,2026-10-06 02:00:00,3,85.2,High,92.9,89.09,60.0,ECMWF,"ECMWF and ensemble members agree closely, while RMSE remains low for this region."
Thiruvananthapuram,2026-10-06 03:00:00,3,82.6,High,92.9,80.4,60.0,ECMWF,"ECMWF and ensemble members agree closely, while RMSE remains low for this region."
Thiruvananthapuram,2026-10-06 04:00:00,3,82.6,High,92.9,80.35,60.0,ECMWF,"ECMWF and ensemble members agree closely, while RMSE remains low for this region."
Thiruvananthapuram,2026-10-06 05:00:00,3,81.6,High,92.9,77.06,60.0,ECMWF,"Low regional RMSE supports ECMWF dominance, while the extended Day 3 lead time maintains stable predictability."
Thiruvananthapuram,2026-10-06 06:00:00,3,83.6,High,92.9,83.76,60.0,ECMWF,"ECMWF and ensemble members agree closely, while RMSE remains low for this region."
Thiruvananthapuram,2026-10-06 07:00:00,3,83.7,High,92.9,84.21,60.0,ECMWF,"ECMWF and ensemble members agree closely, while RMSE remains low for this region."
Thiruvananthapuram,2026-10-06 08:00:00,3,82.8,High,92.9,81.05,60.0,ECMWF,"ECMWF and ensemble members agree closely, while RMSE remains low for this region."
Thiruvananthapuram,2026-10-06 09:00:00,3,82.3,High,92.9,79.36,60.0,ECMWF,"Low regional RMSE supports ECMWF dominance, while the extended Day 3 lead time maintains stable predictability."
Thiruvananthapuram,2026-10-06 10:00:00,3,82.1,High,92.9,78.84,60.0,ECMWF,"Low regional RMSE supports ECMWF dominance, while the extended Day 3 lead time maintains stable predictability."
Thiruvananthapuram,2026-10-06 11:00:00,3,81.5,High,92.9,76.85,60.0,ECMWF,"Low regional RMSE supports ECMWF dominance, while the extended Day 3 lead time maintains stable predictability."
Thiruvananthapuram,2026-10-06 12:00:00,3,78.1,High,92.9,65.62,60.0,ECMWF,"Low regional RMSE supports ECMWF dominance, while the extended Day 3 lead time maintains stable predictability."
Thiruvananthapuram,2026-10-06 13:00:00,3,76.3,High,92.9,59.49,60.0,ECMWF,"Low regional RMSE supports ECMWF dominance, while the extended Day 3 lead time maintains stable predictability."
Thiruvananthapuram,2026-10-06 14:00:00,3,76.2,High,92.9,59.18,60.0,ECMWF,"Low regional RMSE supports ECMWF dominance, while the extended Day 3 lead time maintains stable predictability."
Thiruvananthapuram,2026-10-06 15:00:00,3,77.4,High,92.9,63.21,60.0,ECMWF,"Low regional RMSE supports ECMWF dominance, while the extended Day 3 lead time maintains stable predictability."
Thiruvananthapuram,2026-10-06 16:00:00,3,77.8,High,92.9,64.65,60.0,ECMWF,"Low regional RMSE supports ECMWF dominance, while the extended Day 3 lead time maintains stable predictability."
Thiruvananthapuram,2026-10-06 17:00:00,3,78.6,High,92.9,67.07,60.0,ECMWF,"Low regional RMSE supports ECMWF dominance, while the extended Day 3 lead time maintains stable predictability."
Thiruvananthapuram,2026-10-06 18:00:00,3,79.5,High,92.9,70.15,60.0,ECMWF,"Low regional RMSE supports ECMWF dominance, while the extended Day 3 lead time maintains stable predictability."
Thiruvananthapuram,2026-10-06 19:00:00,3,80.8,High,92.9,74.55,60.0,ECMWF,"Low regional RMSE supports ECMWF dominance, while the extended Day 3 lead time maintains stable predictability."
Thiruvananthapuram,2026-10-06 20:00:00,3,81.3,High,92.9,76.25,60.0,ECMWF,"Low regional RMSE supports ECMWF dominance, while the extended Day 3 lead time maintains stable predictability."
Thiruvananthapuram,2026-10-06 21:00:00,3,81.6,High,92.9,77.33,60.0,ECMWF,"Low regional RMSE supports ECMWF dominance, while the extended Day 3 lead time maintains stable predictability."
Thiruvananthapuram,2026-10-06 22:00:00,3,80.9,High,92.9,74.95,60.0,ECMWF,"Low regional RMSE supports ECMWF dominance, while the extended Day 3 lead time maintains stable predictability."
Thiruvananthapuram,2026-10-06 23:00:00,3,80.7,High,92.9,74.29,60.0,ECMWF,"Low regional RMSE supports ECMWF dominance, while the extended Day 3 lead time maintains stable predictability."
Vadodara,2026-10-04 00:00:00,1,85.9,High,86.83,74.9,100.0,ECMWF,"ECMWF leads with strong short-range skill, with minor model spread in local precipitation."
Vadodara,2026-10-04 01:00:00,1,86.4,High,86.83,76.62,100.0,ECMWF,"ECMWF leads with strong short-range skill, with minor model spread in local precipitation."
Vadodara,2026-10-04 02:00:00,1,85.0,High,86.83,71.96,100.0,ECMWF,"ECMWF leads with strong short-range skill, with minor model spread in local precipitation."
Vadodara,2026-10-04 03:00:00,1,86.1,High,86.83,75.47,100.0,ECMWF,"ECMWF leads with strong short-range skill, with minor model spread in local precipitation."
Vadodara,2026-10-04 04:00:00,1,86.7,High,86.83,77.49,100.0,ECMWF,"ECMWF leads with strong short-range skill, with minor model spread in local precipitation."
Vadodara,2026-10-04 05:00:00,1,86.3,High,86.83,76.41,100.0,ECMWF,"ECMWF leads with strong short-range skill, with minor model spread in local precipitation."
Vadodara,2026-10-04 06:00:00,1,86.9,High,86.83,78.41,100.0,ECMWF,"ECMWF leads with strong short-range skill, with minor model spread in local precipitation."
Vadodara,2026-10-04 07:00:00,1,86.2,High,86.83,75.8,100.0,ECMWF,"ECMWF leads with strong short-range skill, with minor model spread in local precipitation."
Vadodara,2026-10-04 08:00:00,1,86.4,High,86.83,76.67,100.0,ECMWF,"ECMWF leads with strong short-range skill, with minor model spread in local precipitation."
Vadodara,2026-10-04 09:00:00,1,85.6,High,86.83,74.03,100.0,ECMWF,"ECMWF leads with strong short-range skill, with minor model spread in local precipitation."
Vadodara,2026-10-04 10:00:00,1,85.1,High,86.83,72.28,100.0,ECMWF,"ECMWF leads with strong short-range skill, with minor model spread in local precipitation."
Vadodara,2026-10-04 11:00:00,1,85.1,High,86.83,72.27,100.0,ECMWF,"ECMWF leads with strong short-range skill, with minor model spread in local precipitation."
Vadodara,2026-10-04 12:00:00,1,86.5,High,86.83,76.82,100.0,ECMWF,"ECMWF leads with strong short-range skill, with minor model spread in local precipitation."
Vadodara,2026-10-04 13:00:00,1,87.2,High,86.83,79.45,100.0,ECMWF,"ECMWF leads with strong short-range skill, with minor model spread in local precipitation."
Vadodara,2026-10-04 14:00:00,1,86.9,High,86.83,78.12,100.0,ECMWF,"ECMWF leads with strong short-range skill, with minor model spread in local precipitation."
Vadodara,2026-10-04 15:00:00,1,87.0,High,86.83,78.77,100.0,ECMWF,"ECMWF leads with strong short-range skill, with minor model spread in local precipitation."
Vadodara,2026-10-04 16:00:00,1,87.1,High,86.83,78.81,100.0,ECMWF,"ECMWF leads with strong short-range skill, with minor model spread in local precipitation."
Vadodara,2026-10-04 17:00:00,1,87.7,High,86.83,80.9,100.0,ECMWF,"ECMWF and ensemble members agree closely, while RMSE remains low for this region."
Vadodara,2026-10-04 18:00:00,1,87.0,High,86.83,78.64,100.0,ECMWF,"ECMWF leads with strong short-range skill, with minor model spread in local precipitation."
Vadodara,2026-10-04 19:00:00,1,84.6,High,86.83,70.51,100.0,ECMWF,"ECMWF leads with strong short-range skill, with minor model spread in local precipitation."
Vadodara,2026-10-04 20:00:00,1,86.6,High,86.83,77.24,100.0,ECMWF,"ECMWF leads with strong short-range skill, with minor model spread in local precipitation."
Vadodara,2026-10-04 21:00:00,1,84.1,High,86.83,68.97,100.0,ECMWF,"ECMWF leads with strong short-range skill, with minor model spread in local precipitation."
Vadodara,2026-10-04 22:00:00,1,84.4,High,86.83,69.91,100.0,ECMWF,"ECMWF leads with strong short-range skill, with minor model spread in local precipitation."
Vadodara,2026-10-04 23:00:00,1,84.9,High,86.83,71.72,100.0,ECMWF,"ECMWF leads with strong short-range skill, with minor model spread in local precipitation."
Vadodara,2026-10-05 00:00:00,2,75.5,High,81.48,62.68,80.0,JMA,"Low regional RMSE supports JMA dominance, while the 48-hour forecast horizon maintains stable predictability."
Vadodara,2026-10-05 01:00:00,2,76.4,High,81.48,65.4,80.0,JMA,"Low regional RMSE supports JMA dominance, while the 48-hour forecast horizon maintains stable predictability."
Vadodara,2026-10-05 02:00:00,2,78.0,High,81.48,70.71,80.0,JMA,"Low regional RMSE supports JMA dominance, while the 48-hour forecast horizon maintains stable predictability."
Vadodara,2026-10-05 03:00:00,2,78.4,High,81.48,72.23,80.0,JMA,"Low regional RMSE supports JMA dominance, while the 48-hour forecast horizon maintains stable predictability."
Vadodara,2026-10-05 04:00:00,2,81.3,High,81.48,81.99,80.0,JMA,"JMA and ensemble members agree closely, while RMSE remains low for this region."
Vadodara,2026-10-05 05:00:00,2,81.2,High,81.48,81.54,80.0,JMA,"JMA and ensemble members agree closely, while RMSE remains low for this region."
Vadodara,2026-10-05 06:00:00,2,80.0,High,81.48,77.43,80.0,JMA,"Low regional RMSE supports JMA dominance, while the 48-hour forecast horizon maintains stable predictability."
Vadodara,2026-10-05 07:00:00,2,79.6,High,81.48,76.3,80.0,JMA,"Low regional RMSE supports JMA dominance, while the 48-hour forecast horizon maintains stable predictability."
Vadodara,2026-10-05 08:00:00,2,79.4,High,81.48,75.37,80.0,JMA,"Low regional RMSE supports JMA dominance, while the 48-hour forecast horizon maintains stable predictability."
Vadodara,2026-10-05 09:00:00,2,76.9,High,81.48,67.13,80.0,JMA,"Low regional RMSE supports JMA dominance, while the 48-hour forecast horizon maintains stable predictability."
Vadodara,2026-10-05 10:00:00,2,76.2,High,81.48,64.71,80.0,JMA,"Low regional RMSE supports JMA dominance, while the 48-hour forecast horizon maintains stable predictability."
Vadodara,2026-10-05 11:00:00,2,76.5,High,81.48,65.88,80.0,JMA,"Low regional RMSE supports JMA dominance, while the 48-hour forecast horizon maintains stable predictability."
Vadodara,2026-10-05 12:00:00,2,78.2,High,81.48,71.46,80.0,JMA,"Low regional RMSE supports JMA dominance, while the 48-hour forecast horizon maintains stable predictability."
Vadodara,2026-10-05 13:00:00,2,79.4,High,81.48,75.63,80.0,JMA,"Low regional RMSE supports JMA dominance, while the 48-hour forecast horizon maintains stable predictability."
Vadodara,2026-10-05 14:00:00,2,79.7,High,81.48,76.43,80.0,JMA,"Low regional RMSE supports JMA dominance, while the 48-hour forecast horizon maintains stable predictability."
Vadodara,2026-10-05 15:00:00,2,80.3,High,81.48,78.37,80.0,JMA,"Low regional RMSE supports JMA dominance, while the 48-hour forecast horizon maintains stable predictability."
Vadodara,2026-10-05 16:00:00,2,80.3,High,81.48,78.64,80.0,JMA,"Low regional RMSE supports JMA dominance, while the 48-hour forecast horizon maintains stable predictability."
Vadodara,2026-10-05 17:00:00,2,79.8,High,81.48,77.01,80.0,JMA,"Low regional RMSE supports JMA dominance, while the 48-hour forecast horizon maintains stable predictability."
Vadodara,2026-10-05 18:00:00,2,78.8,High,81.48,73.43,80.0,JMA,"Low regional RMSE supports JMA dominance, while the 48-hour forecast horizon maintains stable predictability."
Vadodara,2026-10-05 19:00:00,2,77.3,High,81.48,68.45,80.0,JMA,"Low regional RMSE supports JMA dominance, while the 48-hour forecast horizon maintains stable predictability."
Vadodara,2026-10-05 20:00:00,2,77.4,High,81.48,68.81,80.0,JMA,"Low regional RMSE supports JMA dominance, while the 48-hour forecast horizon maintains stable predictability."
Vadodara,2026-10-05 21:00:00,2,77.8,High,81.48,70.32,80.0,JMA,"Low regional RMSE supports JMA dominance, while the 48-hour forecast horizon maintains stable predictability."
Vadodara,2026-10-05 22:00:00,2,78.0,High,81.48,70.72,80.0,JMA,"Low regional RMSE supports JMA dominance, while the 48-hour forecast horizon maintains stable predictability."
Vadodara,2026-10-05 23:00:00,2,77.8,High,81.48,70.11,80.0,JMA,"Low regional RMSE supports JMA dominance, while the 48-hour forecast horizon maintains stable predictability."
Vadodara,2026-10-06 00:00:00,3,71.6,Medium,80.52,64.45,60.0,JMA,Models show moderate disagreement and the forecast lead time reduces reliability.
Vadodara,2026-10-06 01:00:00,3,73.0,Medium,80.52,69.09,60.0,JMA,Models show moderate disagreement and the forecast lead time reduces reliability.
Vadodara,2026-10-06 02:00:00,3,73.8,Medium,80.52,71.72,60.0,JMA,Models show moderate disagreement and the forecast lead time reduces reliability.
Vadodara,2026-10-06 03:00:00,3,73.8,Medium,80.52,71.94,60.0,JMA,Models show moderate disagreement and the forecast lead time reduces reliability.
Vadodara,2026-10-06 04:00:00,3,73.5,Medium,80.52,70.67,60.0,JMA,Models show moderate disagreement and the forecast lead time reduces reliability.
Vadodara,2026-10-06 05:00:00,3,74.6,High,80.52,74.34,60.0,JMA,"Low regional RMSE supports JMA dominance, while the extended Day 3 lead time maintains stable predictability."
Vadodara,2026-10-06 06:00:00,3,75.8,High,80.52,78.37,60.0,JMA,"Low regional RMSE supports JMA dominance, while the extended Day 3 lead time maintains stable predictability."
Vadodara,2026-10-06 07:00:00,3,75.4,High,80.52,77.3,60.0,JMA,"Low regional RMSE supports JMA dominance, while the extended Day 3 lead time maintains stable predictability."
Vadodara,2026-10-06 08:00:00,3,73.1,Medium,80.52,69.51,60.0,JMA,Models show moderate disagreement and the forecast lead time reduces reliability.
Vadodara,2026-10-06 09:00:00,3,71.5,Medium,80.52,64.26,60.0,JMA,Models show moderate disagreement and the forecast lead time reduces reliability.
Vadodara,2026-10-06 10:00:00,3,71.7,Medium,80.52,64.87,60.0,JMA,Models show moderate disagreement and the forecast lead time reduces reliability.
Vadodara,2026-10-06 11:00:00,3,72.4,Medium,80.52,66.97,60.0,JMA,Models show moderate disagreement and the forecast lead time reduces reliability.
Vadodara,2026-10-06 12:00:00,3,73.9,Medium,80.52,71.98,60.0,JMA,Models show moderate disagreement and the forecast lead time reduces reliability.
Vadodara,2026-10-06 13:00:00,3,75.0,High,80.52,75.69,60.0,JMA,"Low regional RMSE supports JMA dominance, while the extended Day 3 lead time maintains stable predictability."
Vadodara,2026-10-06 14:00:00,3,74.3,Medium,80.52,73.62,60.0,JMA,Models show moderate disagreement and the forecast lead time reduces reliability.
Vadodara,2026-10-06 15:00:00,3,73.0,Medium,80.52,69.28,60.0,JMA,Models show moderate disagreement and the forecast lead time reduces reliability.
Vadodara,2026-10-06 16:00:00,3,71.9,Medium,80.52,65.54,60.0,JMA,Models show moderate disagreement and the forecast lead time reduces reliability.
Vadodara,2026-10-06 17:00:00,3,71.7,Medium,80.52,64.65,60.0,JMA,Models show moderate disagreement and the forecast lead time reduces reliability.
Vadodara,2026-10-06 18:00:00,3,73.0,Medium,80.52,69.12,60.0,JMA,Models show moderate disagreement and the forecast lead time reduces reliability.
Vadodara,2026-10-06 19:00:00,3,73.0,Medium,80.52,68.97,60.0,JMA,Models show moderate disagreement and the forecast lead time reduces reliability.
Vadodara,2026-10-06 20:00:00,3,72.1,Medium,80.52,66.21,60.0,JMA,Models show moderate disagreement and the forecast lead time reduces reliability.
Vadodara,2026-10-06 21:00:00,3,73.2,Medium,80.52,69.71,60.0,JMA,Models show moderate disagreement and the forecast lead time reduces reliability.
Vadodara,2026-10-06 22:00:00,3,73.5,Medium,80.52,70.79,60.0,JMA,Models show moderate disagreement and the forecast lead time reduces reliability.
Vadodara,2026-10-06 23:00:00,3,74.1,Medium,80.52,72.94,60.0,JMA,Models show moderate disagreement and the forecast lead time reduces reliability.
Varanasi,2026-10-04 00:00:00,1,83.6,High,82.59,74.49,100.0,ICON,"ICON leads with strong short-range skill, with minor model spread in local precipitation."
Varanasi,2026-10-04 01:00:00,1,84.0,High,82.59,75.65,100.0,ICON,"ICON leads with strong short-range skill, with minor model spread in local precipitation."
Varanasi,2026-10-04 02:00:00,1,84.0,High,82.59,75.8,100.0,ICON,"ICON leads with strong short-range skill, with minor model spread in local precipitation."
Varanasi,2026-10-04 03:00:00,1,83.8,High,82.59,75.17,100.0,ICON,"ICON leads with strong short-range skill, with minor model spread in local precipitation."
Varanasi,2026-10-04 04:00:00,1,83.6,High,82.59,74.39,100.0,ICON,"ICON leads with strong short-range skill, with minor model spread in local precipitation."
Varanasi,2026-10-04 05:00:00,1,84.2,High,82.59,76.28,100.0,ICON,"ICON leads with strong short-range skill, with minor model spread in local precipitation."
Varanasi,2026-10-04 06:00:00,1,83.1,High,82.59,72.81,100.0,ICON,"ICON leads with strong short-range skill, with minor model spread in local precipitation."
Varanasi,2026-10-04 07:00:00,1,83.5,High,82.59,73.89,100.0,ICON,"ICON leads with strong short-range skill, with minor model spread in local precipitation."
Varanasi,2026-10-04 08:00:00,1,83.4,High,82.59,73.7,100.0,ICON,"ICON leads with strong short-range skill, with minor model spread in local precipitation."
Varanasi,2026-10-04 09:00:00,1,83.7,High,82.59,74.83,100.0,ICON,"ICON leads with strong short-range skill, with minor model spread in local precipitation."
Varanasi,2026-10-04 10:00:00,1,83.8,High,82.59,75.06,100.0,ICON,"ICON leads with strong short-range skill, with minor model spread in local precipitation."
Varanasi,2026-10-04 11:00:00,1,83.8,High,82.59,74.97,100.0,ICON,"ICON leads with strong short-range skill, with minor model spread in local precipitation."
Varanasi,2026-10-04 12:00:00,1,84.6,High,82.59,77.6,100.0,ICON,"ICON leads with strong short-range skill, with minor model spread in local precipitation."
Varanasi,2026-10-04 13:00:00,1,84.7,High,82.59,78.03,100.0,ICON,"ICON leads with strong short-range skill, with minor model spread in local precipitation."
Varanasi,2026-10-04 14:00:00,1,83.9,High,82.59,75.42,100.0,ICON,"ICON leads with strong short-range skill, with minor model spread in local precipitation."
Varanasi,2026-10-04 15:00:00,1,83.3,High,82.59,73.21,100.0,ICON,"ICON leads with strong short-range skill, with minor model spread in local precipitation."
Varanasi,2026-10-04 16:00:00,1,82.6,High,82.59,71.06,100.0,ICON,"ICON leads with strong short-range skill, with minor model spread in local precipitation."
Varanasi,2026-10-04 17:00:00,1,80.9,High,82.59,65.26,100.0,ICON,"ICON leads with strong short-range skill, with minor model spread in local precipitation."
Varanasi,2026-10-04 18:00:00,1,82.4,High,82.59,70.42,100.0,ICON,"ICON leads with strong short-range skill, with minor model spread in local precipitation."
Varanasi,2026-10-04 19:00:00,1,82.0,High,82.59,68.94,100.0,ICON,"ICON leads with strong short-range skill, with minor model spread in local precipitation."
Varanasi,2026-10-04 20:00:00,1,82.7,High,82.59,71.22,100.0,ICON,"ICON leads with strong short-range skill, with minor model spread in local precipitation."
Varanasi,2026-10-04 21:00:00,1,82.9,High,82.59,71.9,100.0,ICON,"ICON leads with strong short-range skill, with minor model spread in local precipitation."
Varanasi,2026-10-04 22:00:00,1,83.3,High,82.59,73.44,100.0,ICON,"ICON leads with strong short-range skill, with minor model spread in local precipitation."
Varanasi,2026-10-04 23:00:00,1,83.4,High,82.59,73.63,100.0,ICON,"ICON leads with strong short-range skill, with minor model spread in local precipitation."
Varanasi,2026-10-05 00:00:00,2,77.5,High,78.88,73.53,80.0,ICON,"Low regional RMSE supports ICON dominance, while the 48-hour forecast horizon maintains stable predictability."
Varanasi,2026-10-05 01:00:00,2,77.2,High,78.88,72.47,80.0,ICON,"Low regional RMSE supports ICON dominance, while the 48-hour forecast horizon maintains stable predictability."
Varanasi,2026-10-05 02:00:00,2,77.3,High,78.88,72.73,80.0,ICON,"Low regional RMSE supports ICON dominance, while the 48-hour forecast horizon maintains stable predictability."
Varanasi,2026-10-05 03:00:00,2,77.6,High,78.88,73.95,80.0,ICON,"Low regional RMSE supports ICON dominance, while the 48-hour forecast horizon maintains stable predictability."
Varanasi,2026-10-05 04:00:00,2,77.9,High,78.88,75.03,80.0,ICON,"Low regional RMSE supports ICON dominance, while the 48-hour forecast horizon maintains stable predictability."
Varanasi,2026-10-05 05:00:00,2,77.3,High,78.88,73.01,80.0,ICON,"Low regional RMSE supports ICON dominance, while the 48-hour forecast horizon maintains stable predictability."
Varanasi,2026-10-05 06:00:00,2,76.7,High,78.88,70.77,80.0,ICON,"Low regional RMSE supports ICON dominance, while the 48-hour forecast horizon maintains stable predictability."
Varanasi,2026-10-05 07:00:00,2,77.3,High,78.88,73.0,80.0,ICON,"Low regional RMSE supports ICON dominance, while the 48-hour forecast horizon maintains stable predictability."
Varanasi,2026-10-05 08:00:00,2,73.2,Medium,78.88,59.13,80.0,ICON,Inter-model spread indicates divergence between NWP forecasts despite ICON weighting.
Varanasi,2026-10-05 09:00:00,2,76.3,High,78.88,69.47,80.0,ICON,"Low regional RMSE supports ICON dominance, while the 48-hour forecast horizon maintains stable predictability."
Varanasi,2026-10-05 10:00:00,2,76.7,High,78.88,70.95,80.0,ICON,"Low regional RMSE supports ICON dominance, while the 48-hour forecast horizon maintains stable predictability."
Varanasi,2026-10-05 11:00:00,2,76.4,High,78.88,69.77,80.0,ICON,"Low regional RMSE supports ICON dominance, while the 48-hour forecast horizon maintains stable predictability."
Varanasi,2026-10-05 12:00:00,2,75.5,High,78.88,66.84,80.0,ICON,"Low regional RMSE supports ICON dominance, while the 48-hour forecast horizon maintains stable predictability."
Varanasi,2026-10-05 13:00:00,2,72.7,Medium,78.88,57.62,80.0,ICON,Inter-model spread indicates divergence between NWP forecasts despite ICON weighting.
Varanasi,2026-10-05 14:00:00,2,75.6,High,78.88,67.29,80.0,ICON,"Low regional RMSE supports ICON dominance, while the 48-hour forecast horizon maintains stable predictability."
Varanasi,2026-10-05 15:00:00,2,76.5,High,78.88,70.07,80.0,ICON,"Low regional RMSE supports ICON dominance, while the 48-hour forecast horizon maintains stable predictability."
Varanasi,2026-10-05 16:00:00,2,77.2,High,78.88,72.62,80.0,ICON,"Low regional RMSE supports ICON dominance, while the 48-hour forecast horizon maintains stable predictability."
Varanasi,2026-10-05 17:00:00,2,75.7,High,78.88,67.47,80.0,ICON,"Low regional RMSE supports ICON dominance, while the 48-hour forecast horizon maintains stable predictability."
Varanasi,2026-10-05 18:00:00,2,75.6,High,78.88,67.06,80.0,ICON,"Low regional RMSE supports ICON dominance, while the 48-hour forecast horizon maintains stable predictability."
Varanasi,2026-10-05 19:00:00,2,76.4,High,78.88,69.88,80.0,ICON,"Low regional RMSE supports ICON dominance, while the 48-hour forecast horizon maintains stable predictability."
Varanasi,2026-10-05 20:00:00,2,76.8,High,78.88,71.09,80.0,ICON,"Low regional RMSE supports ICON dominance, while the 48-hour forecast horizon maintains stable predictability."
Varanasi,2026-10-05 21:00:00,2,77.4,High,78.88,73.21,80.0,ICON,"Low regional RMSE supports ICON dominance, while the 48-hour forecast horizon maintains stable predictability."
Varanasi,2026-10-05 22:00:00,2,78.2,High,78.88,75.83,80.0,ICON,"Low regional RMSE supports ICON dominance, while the 48-hour forecast horizon maintains stable predictability."
Varanasi,2026-10-05 23:00:00,2,78.1,High,78.88,75.6,80.0,ICON,"Low regional RMSE supports ICON dominance, while the 48-hour forecast horizon maintains stable predictability."
Varanasi,2026-10-06 00:00:00,3,73.1,Medium,77.39,74.64,60.0,ECMWF,Models show moderate disagreement and the forecast lead time reduces reliability.
Varanasi,2026-10-06 01:00:00,3,73.0,Medium,77.39,74.42,60.0,ECMWF,Models show moderate disagreement and the forecast lead time reduces reliability.
Varanasi,2026-10-06 02:00:00,3,71.1,Medium,77.39,68.01,60.0,ECMWF,Models show moderate disagreement and the forecast lead time reduces reliability.
Varanasi,2026-10-06 03:00:00,3,71.3,Medium,77.39,68.75,60.0,ECMWF,Models show moderate disagreement and the forecast lead time reduces reliability.
Varanasi,2026-10-06 04:00:00,3,71.0,Medium,77.39,67.84,60.0,ECMWF,Models show moderate disagreement and the forecast lead time reduces reliability.
Varanasi,2026-10-06 05:00:00,3,70.9,Medium,77.39,67.39,60.0,ECMWF,Models show moderate disagreement and the forecast lead time reduces reliability.
Varanasi,2026-10-06 06:00:00,3,71.0,Medium,77.39,67.72,60.0,ECMWF,Models show moderate disagreement and the forecast lead time reduces reliability.
Varanasi,2026-10-06 07:00:00,3,71.5,Medium,77.39,69.34,60.0,ECMWF,Models show moderate disagreement and the forecast lead time reduces reliability.
Varanasi,2026-10-06 08:00:00,3,71.6,Medium,77.39,69.83,60.0,ECMWF,Models show moderate disagreement and the forecast lead time reduces reliability.
Varanasi,2026-10-06 09:00:00,3,70.6,Medium,77.39,66.27,60.0,ECMWF,Models show moderate disagreement and the forecast lead time reduces reliability.
Varanasi,2026-10-06 10:00:00,3,70.6,Medium,77.39,66.47,60.0,ECMWF,Models show moderate disagreement and the forecast lead time reduces reliability.
Varanasi,2026-10-06 11:00:00,3,69.9,Medium,77.39,63.87,60.0,ECMWF,Models show moderate disagreement and the forecast lead time reduces reliability.
Varanasi,2026-10-06 12:00:00,3,69.7,Medium,77.39,63.37,60.0,ECMWF,Models show moderate disagreement and the forecast lead time reduces reliability.
Varanasi,2026-10-06 13:00:00,3,70.8,Medium,77.39,67.1,60.0,ECMWF,Models show moderate disagreement and the forecast lead time reduces reliability.
Varanasi,2026-10-06 14:00:00,3,72.2,Medium,77.39,71.56,60.0,ECMWF,Models show moderate disagreement and the forecast lead time reduces reliability.
Varanasi,2026-10-06 15:00:00,3,70.6,Medium,77.39,66.31,60.0,ECMWF,Models show moderate disagreement and the forecast lead time reduces reliability.
Varanasi,2026-10-06 16:00:00,3,69.6,Medium,77.39,63.09,60.0,ECMWF,Models show moderate disagreement and the forecast lead time reduces reliability.
Varanasi,2026-10-06 17:00:00,3,68.2,Medium,77.39,58.28,60.0,ECMWF,Models show moderate disagreement and the forecast lead time reduces reliability.
Varanasi,2026-10-06 18:00:00,3,69.1,Medium,77.39,61.27,60.0,ECMWF,Models show moderate disagreement and the forecast lead time reduces reliability.
Varanasi,2026-10-06 19:00:00,3,70.2,Medium,77.39,65.0,60.0,ECMWF,Models show moderate disagreement and the forecast lead time reduces reliability.
Varanasi,2026-10-06 20:00:00,3,70.6,Medium,77.39,66.33,60.0,ECMWF,Models show moderate disagreement and the forecast lead time reduces reliability.
Varanasi,2026-10-06 21:00:00,3,71.2,Medium,77.39,68.5,60.0,ECMWF,Models show moderate disagreement and the forecast lead time reduces reliability.
Varanasi,2026-10-06 22:00:00,3,71.2,Medium,77.39,68.4,60.0,ECMWF,Models show moderate disagreement and the forecast lead time reduces reliability.
Varanasi,2026-10-06 23:00:00,3,72.2,Medium,77.39,71.8,60.0,ECMWF,Models show moderate disagreement and the forecast lead time reduces reliability.
Vijayawada,2026-10-04 00:00:00,1,87.6,High,87.12,80.08,100.0,UKMO,"UKMO and ensemble members agree closely, while RMSE remains low for this region."
Vijayawada,2026-10-04 01:00:00,1,87.3,High,87.12,79.13,100.0,UKMO,"UKMO leads with strong short-range skill, with minor model spread in local precipitation."
Vijayawada,2026-10-04 02:00:00,1,87.6,High,87.12,80.3,100.0,UKMO,"UKMO and ensemble members agree closely, while RMSE remains low for this region."
Vijayawada,2026-10-04 03:00:00,1,88.6,High,87.12,83.31,100.0,UKMO,"UKMO and ensemble members agree closely, while RMSE remains low for this region."
Vijayawada,2026-10-04 04:00:00,1,88.6,High,87.12,83.5,100.0,UKMO,"UKMO and ensemble members agree closely, while RMSE remains low for this region."
Vijayawada,2026-10-04 05:00:00,1,88.9,High,87.12,84.36,100.0,UKMO,"UKMO and ensemble members agree closely, while RMSE remains low for this region."
Vijayawada,2026-10-04 06:00:00,1,88.4,High,87.12,82.8,100.0,UKMO,"UKMO and ensemble members agree closely, while RMSE remains low for this region."
Vijayawada,2026-10-04 07:00:00,1,89.8,Very High,87.12,87.59,100.0,UKMO,"UKMO has the highest historical skill, model agreement is strong, and this is a short-range forecast."
Vijayawada,2026-10-04 08:00:00,1,90.1,Very High,87.12,88.53,100.0,UKMO,"UKMO has the highest historical skill, model agreement is strong, and this is a short-range forecast."
Vijayawada,2026-10-04 09:00:00,1,89.2,High,87.12,85.6,100.0,UKMO,"UKMO and ensemble members agree closely, while RMSE remains low for this region."
Vijayawada,2026-10-04 10:00:00,1,88.9,High,87.12,84.48,100.0,UKMO,"UKMO and ensemble members agree closely, while RMSE remains low for this region."
Vijayawada,2026-10-04 11:00:00,1,88.9,High,87.12,84.35,100.0,UKMO,"UKMO and ensemble members agree closely, while RMSE remains low for this region."
Vijayawada,2026-10-04 12:00:00,1,87.7,High,87.12,80.37,100.0,UKMO,"UKMO and ensemble members agree closely, while RMSE remains low for this region."
Vijayawada,2026-10-04 13:00:00,1,86.0,High,87.12,74.78,100.0,UKMO,"UKMO leads with strong short-range skill, with minor model spread in local precipitation."
Vijayawada,2026-10-04 14:00:00,1,85.7,High,87.12,73.88,100.0,UKMO,"UKMO leads with strong short-range skill, with minor model spread in local precipitation."
Vijayawada,2026-10-04 15:00:00,1,85.6,High,87.12,73.52,100.0,UKMO,"UKMO leads with strong short-range skill, with minor model spread in local precipitation."
Vijayawada,2026-10-04 16:00:00,1,84.0,High,87.12,68.16,100.0,UKMO,"UKMO leads with strong short-range skill, with minor model spread in local precipitation."
Vijayawada,2026-10-04 17:00:00,1,81.7,High,87.12,60.35,100.0,UKMO,"UKMO leads with strong short-range skill, with minor model spread in local precipitation."
Vijayawada,2026-10-04 18:00:00,1,82.9,High,87.12,64.6,100.0,UKMO,"UKMO leads with strong short-range skill, with minor model spread in local precipitation."
Vijayawada,2026-10-04 19:00:00,1,84.1,High,87.12,68.59,100.0,UKMO,"UKMO leads with strong short-range skill, with minor model spread in local precipitation."
Vijayawada,2026-10-04 20:00:00,1,84.7,High,87.12,70.39,100.0,UKMO,"UKMO leads with strong short-range skill, with minor model spread in local precipitation."
Vijayawada,2026-10-04 21:00:00,1,85.5,High,87.12,73.02,100.0,UKMO,"UKMO leads with strong short-range skill, with minor model spread in local precipitation."
Vijayawada,2026-10-04 22:00:00,1,85.2,High,87.12,72.12,100.0,UKMO,"UKMO leads with strong short-range skill, with minor model spread in local precipitation."
Vijayawada,2026-10-04 23:00:00,1,85.6,High,87.12,73.63,100.0,UKMO,"UKMO leads with strong short-range skill, with minor model spread in local precipitation."
Vijayawada,2026-10-05 00:00:00,2,80.6,High,84.86,73.74,80.0,UKMO,"Low regional RMSE supports UKMO dominance, while the 48-hour forecast horizon maintains stable predictability."
Vijayawada,2026-10-05 01:00:00,2,82.5,High,84.86,80.22,80.0,UKMO,"UKMO and ensemble members agree closely, while RMSE remains low for this region."
Vijayawada,2026-10-05 02:00:00,2,82.4,High,84.86,79.86,80.0,UKMO,"Low regional RMSE supports UKMO dominance, while the 48-hour forecast horizon maintains stable predictability."
Vijayawada,2026-10-05 03:00:00,2,80.5,High,84.86,73.44,80.0,UKMO,"Low regional RMSE supports UKMO dominance, while the 48-hour forecast horizon maintains stable predictability."
Vijayawada,2026-10-05 04:00:00,2,80.3,High,84.86,72.99,80.0,UKMO,"Low regional RMSE supports UKMO dominance, while the 48-hour forecast horizon maintains stable predictability."
Vijayawada,2026-10-05 05:00:00,2,79.9,High,84.86,71.54,80.0,UKMO,"Low regional RMSE supports UKMO dominance, while the 48-hour forecast horizon maintains stable predictability."
Vijayawada,2026-10-05 06:00:00,2,83.6,High,84.86,83.83,80.0,UKMO,"UKMO and ensemble members agree closely, while RMSE remains low for this region."
Vijayawada,2026-10-05 07:00:00,2,83.5,High,84.86,83.44,80.0,UKMO,"UKMO and ensemble members agree closely, while RMSE remains low for this region."
Vijayawada,2026-10-05 08:00:00,2,81.7,High,84.86,77.61,80.0,UKMO,"Low regional RMSE supports UKMO dominance, while the 48-hour forecast horizon maintains stable predictability."
Vijayawada,2026-10-05 09:00:00,2,81.2,High,84.86,75.95,80.0,UKMO,"Low regional RMSE supports UKMO dominance, while the 48-hour forecast horizon maintains stable predictability."
Vijayawada,2026-10-05 10:00:00,2,82.2,High,84.86,79.11,80.0,UKMO,"Low regional RMSE supports UKMO dominance, while the 48-hour forecast horizon maintains stable predictability."
Vijayawada,2026-10-05 11:00:00,2,83.8,High,84.86,84.52,80.0,UKMO,"UKMO and ensemble members agree closely, while RMSE remains low for this region."
Vijayawada,2026-10-05 12:00:00,2,85.5,High,84.86,90.35,80.0,UKMO,"UKMO and ensemble members agree closely, while RMSE remains low for this region."
Vijayawada,2026-10-05 13:00:00,2,84.3,High,84.86,86.2,80.0,UKMO,"UKMO and ensemble members agree closely, while RMSE remains low for this region."
Vijayawada,2026-10-05 14:00:00,2,82.5,High,84.86,80.24,80.0,UKMO,"UKMO and ensemble members agree closely, while RMSE remains low for this region."
Vijayawada,2026-10-05 15:00:00,2,80.3,High,84.86,72.92,80.0,UKMO,"Low regional RMSE supports UKMO dominance, while the 48-hour forecast horizon maintains stable predictability."
Vijayawada,2026-10-05 16:00:00,2,77.4,High,84.86,63.26,80.0,UKMO,"Low regional RMSE supports UKMO dominance, while the 48-hour forecast horizon maintains stable predictability."
Vijayawada,2026-10-05 17:00:00,2,76.2,High,84.86,59.1,80.0,UKMO,"Low regional RMSE supports UKMO dominance, while the 48-hour forecast horizon maintains stable predictability."
Vijayawada,2026-10-05 18:00:00,2,77.8,High,84.86,64.72,80.0,UKMO,"Low regional RMSE supports UKMO dominance, while the 48-hour forecast horizon maintains stable predictability."
Vijayawada,2026-10-05 19:00:00,2,78.6,High,84.86,67.25,80.0,UKMO,"Low regional RMSE supports UKMO dominance, while the 48-hour forecast horizon maintains stable predictability."
Vijayawada,2026-10-05 20:00:00,2,79.0,High,84.86,68.42,80.0,UKMO,"Low regional RMSE supports UKMO dominance, while the 48-hour forecast horizon maintains stable predictability."
Vijayawada,2026-10-05 21:00:00,2,79.7,High,84.86,71.06,80.0,UKMO,"Low regional RMSE supports UKMO dominance, while the 48-hour forecast horizon maintains stable predictability."
Vijayawada,2026-10-05 22:00:00,2,79.6,High,84.86,70.68,80.0,UKMO,"Low regional RMSE supports UKMO dominance, while the 48-hour forecast horizon maintains stable predictability."
Vijayawada,2026-10-05 23:00:00,2,80.5,High,84.86,73.56,80.0,UKMO,"Low regional RMSE supports UKMO dominance, while the 48-hour forecast horizon maintains stable predictability."
Vijayawada,2026-10-06 00:00:00,3,76.5,High,83.69,75.64,60.0,UKMO,"Low regional RMSE supports UKMO dominance, while the extended Day 3 lead time maintains stable predictability."
Vijayawada,2026-10-06 01:00:00,3,77.6,High,83.69,79.03,60.0,UKMO,"Low regional RMSE supports UKMO dominance, while the extended Day 3 lead time maintains stable predictability."
Vijayawada,2026-10-06 02:00:00,3,78.3,High,83.69,81.43,60.0,UKMO,"UKMO and ensemble members agree closely, while RMSE remains low for this region."
Vijayawada,2026-10-06 03:00:00,3,78.2,High,83.69,81.16,60.0,UKMO,"UKMO and ensemble members agree closely, while RMSE remains low for this region."
Vijayawada,2026-10-06 04:00:00,3,79.0,High,83.69,83.76,60.0,UKMO,"UKMO and ensemble members agree closely, while RMSE remains low for this region."
Vijayawada,2026-10-06 05:00:00,3,77.5,High,83.69,78.82,60.0,UKMO,"Low regional RMSE supports UKMO dominance, while the extended Day 3 lead time maintains stable predictability."
Vijayawada,2026-10-06 06:00:00,3,78.4,High,83.69,81.71,60.0,UKMO,"UKMO and ensemble members agree closely, while RMSE remains low for this region."
Vijayawada,2026-10-06 07:00:00,3,81.2,High,83.69,91.28,60.0,UKMO,"UKMO and ensemble members agree closely, while RMSE remains low for this region."
Vijayawada,2026-10-06 08:00:00,3,80.4,High,83.69,88.44,60.0,UKMO,"UKMO and ensemble members agree closely, while RMSE remains low for this region."
Vijayawada,2026-10-06 09:00:00,3,78.5,High,83.69,82.31,60.0,UKMO,"UKMO and ensemble members agree closely, while RMSE remains low for this region."
Vijayawada,2026-10-06 10:00:00,3,76.5,High,83.69,75.55,60.0,UKMO,"Low regional RMSE supports UKMO dominance, while the extended Day 3 lead time maintains stable predictability."
Vijayawada,2026-10-06 11:00:00,3,77.9,High,83.69,80.16,60.0,UKMO,"UKMO and ensemble members agree closely, while RMSE remains low for this region."
Vijayawada,2026-10-06 12:00:00,3,78.4,High,83.69,81.77,60.0,UKMO,"UKMO and ensemble members agree closely, while RMSE remains low for this region."
Vijayawada,2026-10-06 13:00:00,3,77.4,High,83.69,78.4,60.0,UKMO,"Low regional RMSE supports UKMO dominance, while the extended Day 3 lead time maintains stable predictability."
Vijayawada,2026-10-06 14:00:00,3,75.9,High,83.69,73.38,60.0,UKMO,"Low regional RMSE supports UKMO dominance, while the extended Day 3 lead time maintains stable predictability."
Vijayawada,2026-10-06 15:00:00,3,74.3,Medium,83.69,68.07,60.0,UKMO,Models show moderate disagreement and the forecast lead time reduces reliability.
Vijayawada,2026-10-06 16:00:00,3,72.5,Medium,83.69,62.24,60.0,UKMO,Models show moderate disagreement and the forecast lead time reduces reliability.
Vijayawada,2026-10-06 17:00:00,3,71.9,Medium,83.69,60.07,60.0,UKMO,Models show moderate disagreement and the forecast lead time reduces reliability.
Vijayawada,2026-10-06 18:00:00,3,73.9,Medium,83.69,66.72,60.0,UKMO,Models show moderate disagreement and the forecast lead time reduces reliability.
Vijayawada,2026-10-06 19:00:00,3,73.9,Medium,83.69,66.94,60.0,UKMO,Models show moderate disagreement and the forecast lead time reduces reliability.
Vijayawada,2026-10-06 20:00:00,3,75.1,High,83.69,70.96,60.0,UKMO,"Low regional RMSE supports UKMO dominance, while the extended Day 3 lead time maintains stable predictability."
Vijayawada,2026-10-06 21:00:00,3,75.6,High,83.69,72.6,60.0,UKMO,"Low regional RMSE supports UKMO dominance, while the extended Day 3 lead time maintains stable predictability."
Vijayawada,2026-10-06 22:00:00,3,77.0,High,83.69,77.04,60.0,UKMO,"Low regional RMSE supports UKMO dominance, while the extended Day 3 lead time maintains stable predictability."
Vijayawada,2026-10-06 23:00:00,3,78.0,High,83.69,80.66,60.0,UKMO,"UKMO and ensemble members agree closely, while RMSE remains low for this region."
Visakhapatnam,2026-10-04 00:00:00,1,86.0,High,86.04,76.61,100.0,ECMWF,"ECMWF leads with strong short-range skill, with minor model spread in local precipitation."
Visakhapatnam,2026-10-04 01:00:00,1,85.0,High,86.04,73.1,100.0,ECMWF,"ECMWF leads with strong short-range skill, with minor model spread in local precipitation."
Visakhapatnam,2026-10-04 02:00:00,1,84.7,High,86.04,72.26,100.0,ECMWF,"ECMWF leads with strong short-range skill, with minor model spread in local precipitation."
Visakhapatnam,2026-10-04 03:00:00,1,85.4,High,86.04,74.66,100.0,ECMWF,"ECMWF leads with strong short-range skill, with minor model spread in local precipitation."
Visakhapatnam,2026-10-04 04:00:00,1,87.0,High,86.04,80.01,100.0,ECMWF,"ECMWF and ensemble members agree closely, while RMSE remains low for this region."
Visakhapatnam,2026-10-04 05:00:00,1,89.7,Very High,86.04,88.87,100.0,ECMWF,"ECMWF has the highest historical skill, model agreement is strong, and this is a short-range forecast."
Visakhapatnam,2026-10-04 06:00:00,1,89.3,High,86.04,87.72,100.0,ECMWF,"ECMWF and ensemble members agree closely, while RMSE remains low for this region."
Visakhapatnam,2026-10-04 07:00:00,1,89.6,Very High,86.04,88.49,100.0,ECMWF,"ECMWF has the highest historical skill, model agreement is strong, and this is a short-range forecast."
Visakhapatnam,2026-10-04 08:00:00,1,89.5,Very High,86.04,88.2,100.0,ECMWF,"ECMWF has the highest historical skill, model agreement is strong, and this is a short-range forecast."
Visakhapatnam,2026-10-04 09:00:00,1,90.6,Very High,86.04,91.8,100.0,ECMWF,"ECMWF has the highest historical skill, model agreement is strong, and this is a short-range forecast."
Visakhapatnam,2026-10-04 10:00:00,1,89.4,High,86.04,87.77,100.0,ECMWF,"ECMWF and ensemble members agree closely, while RMSE remains low for this region."
Visakhapatnam,2026-10-04 11:00:00,1,86.1,High,86.04,76.96,100.0,ECMWF,"ECMWF leads with strong short-range skill, with minor model spread in local precipitation."
Visakhapatnam,2026-10-04 12:00:00,1,83.5,High,86.04,68.32,100.0,ECMWF,"ECMWF leads with strong short-range skill, with minor model spread in local precipitation."
Visakhapatnam,2026-10-04 13:00:00,1,83.5,High,86.04,68.21,100.0,ECMWF,"ECMWF leads with strong short-range skill, with minor model spread in local precipitation."
Visakhapatnam,2026-10-04 14:00:00,1,82.6,High,86.04,65.34,100.0,ECMWF,"ECMWF leads with strong short-range skill, with minor model spread in local precipitation."
Visakhapatnam,2026-10-04 15:00:00,1,83.5,High,86.04,68.42,100.0,ECMWF,"ECMWF leads with strong short-range skill, with minor model spread in local precipitation."
Visakhapatnam,2026-10-04 16:00:00,1,85.1,High,86.04,73.49,100.0,ECMWF,"ECMWF leads with strong short-range skill, with minor model spread in local precipitation."
Visakhapatnam,2026-10-04 17:00:00,1,84.3,High,86.04,70.99,100.0,ECMWF,"ECMWF leads with strong short-range skill, with minor model spread in local precipitation."
Visakhapatnam,2026-10-04 18:00:00,1,83.7,High,86.04,68.96,100.0,ECMWF,"ECMWF leads with strong short-range skill, with minor model spread in local precipitation."
Visakhapatnam,2026-10-04 19:00:00,1,82.7,High,86.04,65.47,100.0,ECMWF,"ECMWF leads with strong short-range skill, with minor model spread in local precipitation."
Visakhapatnam,2026-10-04 20:00:00,1,85.8,High,86.04,76.06,100.0,ECMWF,"ECMWF leads with strong short-range skill, with minor model spread in local precipitation."
Visakhapatnam,2026-10-04 21:00:00,1,85.9,High,86.04,76.12,100.0,ECMWF,"ECMWF leads with strong short-range skill, with minor model spread in local precipitation."
Visakhapatnam,2026-10-04 22:00:00,1,86.4,High,86.04,77.99,100.0,ECMWF,"ECMWF leads with strong short-range skill, with minor model spread in local precipitation."
Visakhapatnam,2026-10-04 23:00:00,1,87.3,High,86.04,81.05,100.0,ECMWF,"ECMWF and ensemble members agree closely, while RMSE remains low for this region."
Visakhapatnam,2026-10-05 00:00:00,2,81.6,High,83.03,80.25,80.0,ECMWF,"ECMWF and ensemble members agree closely, while RMSE remains low for this region."
Visakhapatnam,2026-10-05 01:00:00,2,81.0,High,83.03,78.12,80.0,ECMWF,"Low regional RMSE supports ECMWF dominance, while the 48-hour forecast horizon maintains stable predictability."
Visakhapatnam,2026-10-05 02:00:00,2,80.4,High,83.03,76.12,80.0,ECMWF,"Low regional RMSE supports ECMWF dominance, while the 48-hour forecast horizon maintains stable predictability."
Visakhapatnam,2026-10-05 03:00:00,2,80.4,High,83.03,76.3,80.0,ECMWF,"Low regional RMSE supports ECMWF dominance, while the 48-hour forecast horizon maintains stable predictability."
Visakhapatnam,2026-10-05 04:00:00,2,80.2,High,83.03,75.76,80.0,ECMWF,"Low regional RMSE supports ECMWF dominance, while the 48-hour forecast horizon maintains stable predictability."
Visakhapatnam,2026-10-05 05:00:00,2,81.0,High,83.03,78.45,80.0,ECMWF,"Low regional RMSE supports ECMWF dominance, while the 48-hour forecast horizon maintains stable predictability."
Visakhapatnam,2026-10-05 06:00:00,2,82.4,High,83.03,82.99,80.0,ECMWF,"ECMWF and ensemble members agree closely, while RMSE remains low for this region."
Visakhapatnam,2026-10-05 07:00:00,2,82.6,High,83.03,83.75,80.0,ECMWF,"ECMWF and ensemble members agree closely, while RMSE remains low for this region."
Visakhapatnam,2026-10-05 08:00:00,2,82.5,High,83.03,83.16,80.0,ECMWF,"ECMWF and ensemble members agree closely, while RMSE remains low for this region."
Visakhapatnam,2026-10-05 09:00:00,2,81.9,High,83.03,81.4,80.0,ECMWF,"ECMWF and ensemble members agree closely, while RMSE remains low for this region."
Visakhapatnam,2026-10-05 10:00:00,2,82.7,High,83.03,84.07,80.0,ECMWF,"ECMWF and ensemble members agree closely, while RMSE remains low for this region."
Visakhapatnam,2026-10-05 11:00:00,2,80.8,High,83.03,77.56,80.0,ECMWF,"Low regional RMSE supports ECMWF dominance, while the 48-hour forecast horizon maintains stable predictability."
Visakhapatnam,2026-10-05 12:00:00,2,76.1,High,83.03,62.04,80.0,ECMWF,"Low regional RMSE supports ECMWF dominance, while the 48-hour forecast horizon maintains stable predictability."
Visakhapatnam,2026-10-05 13:00:00,2,75.7,High,83.03,60.62,80.0,ECMWF,"Low regional RMSE supports ECMWF dominance, while the 48-hour forecast horizon maintains stable predictability."
Visakhapatnam,2026-10-05 14:00:00,2,74.5,High,83.03,56.69,80.0,ECMWF,"Low regional RMSE supports ECMWF dominance, while the 48-hour forecast horizon maintains stable predictability."
Visakhapatnam,2026-10-05 15:00:00,2,77.3,High,83.03,65.9,80.0,ECMWF,"Low regional RMSE supports ECMWF dominance, while the 48-hour forecast horizon maintains stable predictability."
Visakhapatnam,2026-10-05 16:00:00,2,76.5,High,83.03,63.36,80.0,ECMWF,"Low regional RMSE supports ECMWF dominance, while the 48-hour forecast horizon maintains stable predictability."
Visakhapatnam,2026-10-05 17:00:00,2,76.9,High,83.03,64.5,80.0,ECMWF,"Low regional RMSE supports ECMWF dominance, while the 48-hour forecast horizon maintains stable predictability."
Visakhapatnam,2026-10-05 18:00:00,2,77.3,High,83.03,65.9,80.0,ECMWF,"Low regional RMSE supports ECMWF dominance, while the 48-hour forecast horizon maintains stable predictability."
Visakhapatnam,2026-10-05 19:00:00,2,78.9,High,83.03,71.21,80.0,ECMWF,"Low regional RMSE supports ECMWF dominance, while the 48-hour forecast horizon maintains stable predictability."
Visakhapatnam,2026-10-05 20:00:00,2,80.6,High,83.03,76.82,80.0,ECMWF,"Low regional RMSE supports ECMWF dominance, while the 48-hour forecast horizon maintains stable predictability."
Visakhapatnam,2026-10-05 21:00:00,2,81.1,High,83.03,78.6,80.0,ECMWF,"Low regional RMSE supports ECMWF dominance, while the 48-hour forecast horizon maintains stable predictability."
Visakhapatnam,2026-10-05 22:00:00,2,80.8,High,83.03,77.78,80.0,ECMWF,"Low regional RMSE supports ECMWF dominance, while the 48-hour forecast horizon maintains stable predictability."
Visakhapatnam,2026-10-05 23:00:00,2,81.9,High,83.03,81.26,80.0,ECMWF,"ECMWF and ensemble members agree closely, while RMSE remains low for this region."
Visakhapatnam,2026-10-06 00:00:00,3,77.7,High,81.22,83.66,60.0,ECMWF,"ECMWF and ensemble members agree closely, while RMSE remains low for this region."
Visakhapatnam,2026-10-06 01:00:00,3,77.5,High,81.22,82.88,60.0,ECMWF,"ECMWF and ensemble members agree closely, while RMSE remains low for this region."
Visakhapatnam,2026-10-06 02:00:00,3,77.8,High,81.22,83.87,60.0,ECMWF,"ECMWF and ensemble members agree closely, while RMSE remains low for this region."
Visakhapatnam,2026-10-06 03:00:00,3,77.2,High,81.22,81.82,60.0,ECMWF,"ECMWF and ensemble members agree closely, while RMSE remains low for this region."
Visakhapatnam,2026-10-06 04:00:00,3,77.4,High,81.22,82.53,60.0,ECMWF,"ECMWF and ensemble members agree closely, while RMSE remains low for this region."
Visakhapatnam,2026-10-06 05:00:00,3,76.7,High,81.22,80.19,60.0,ECMWF,"ECMWF and ensemble members agree closely, while RMSE remains low for this region."
Visakhapatnam,2026-10-06 06:00:00,3,77.5,High,81.22,83.06,60.0,ECMWF,"ECMWF and ensemble members agree closely, while RMSE remains low for this region."
Visakhapatnam,2026-10-06 07:00:00,3,79.5,High,81.22,89.72,60.0,ECMWF,"ECMWF and ensemble members agree closely, while RMSE remains low for this region."
Visakhapatnam,2026-10-06 08:00:00,3,78.9,High,81.22,87.66,60.0,ECMWF,"ECMWF and ensemble members agree closely, while RMSE remains low for this region."
Visakhapatnam,2026-10-06 09:00:00,3,76.9,High,81.22,80.94,60.0,ECMWF,"ECMWF and ensemble members agree closely, while RMSE remains low for this region."
Visakhapatnam,2026-10-06 10:00:00,3,75.7,High,81.22,77.06,60.0,ECMWF,"Low regional RMSE supports ECMWF dominance, while the extended Day 3 lead time maintains stable predictability."
Visakhapatnam,2026-10-06 11:00:00,3,75.7,High,81.22,77.07,60.0,ECMWF,"Low regional RMSE supports ECMWF dominance, while the extended Day 3 lead time maintains stable predictability."
Visakhapatnam,2026-10-06 12:00:00,3,75.4,High,81.22,75.99,60.0,ECMWF,"Low regional RMSE supports ECMWF dominance, while the extended Day 3 lead time maintains stable predictability."
Visakhapatnam,2026-10-06 13:00:00,3,74.5,High,81.22,72.88,60.0,ECMWF,"Low regional RMSE supports ECMWF dominance, while the extended Day 3 lead time maintains stable predictability."
Visakhapatnam,2026-10-06 14:00:00,3,73.6,Medium,81.22,69.9,60.0,ECMWF,Models show moderate disagreement and the forecast lead time reduces reliability.
Visakhapatnam,2026-10-06 15:00:00,3,73.3,Medium,81.22,69.04,60.0,ECMWF,Models show moderate disagreement and the forecast lead time reduces reliability.
Visakhapatnam,2026-10-06 16:00:00,3,73.6,Medium,81.22,69.87,60.0,ECMWF,Models show moderate disagreement and the forecast lead time reduces reliability.
Visakhapatnam,2026-10-06 17:00:00,3,73.8,Medium,81.22,70.77,60.0,ECMWF,Models show moderate disagreement and the forecast lead time reduces reliability.
Visakhapatnam,2026-10-06 18:00:00,3,74.7,High,81.22,73.77,60.0,ECMWF,"Low regional RMSE supports ECMWF dominance, while the extended Day 3 lead time maintains stable predictability."
Visakhapatnam,2026-10-06 19:00:00,3,75.2,High,81.22,75.33,60.0,ECMWF,"Low regional RMSE supports ECMWF dominance, while the extended Day 3 lead time maintains stable predictability."
Visakhapatnam,2026-10-06 20:00:00,3,76.0,High,81.22,78.08,60.0,ECMWF,"Low regional RMSE supports ECMWF dominance, while the extended Day 3 lead time maintains stable predictability."
Visakhapatnam,2026-10-06 21:00:00,3,76.1,High,81.22,78.2,60.0,ECMWF,"Low regional RMSE supports ECMWF dominance, while the extended Day 3 lead time maintains stable predictability."
Visakhapatnam,2026-10-06 22:00:00,3,76.7,High,81.22,80.21,60.0,ECMWF,"ECMWF and ensemble members agree closely, while RMSE remains low for this region."
Visakhapatnam,2026-10-06 23:00:00,3,76.9,High,81.22,80.96,60.0,ECMWF,"ECMWF and ensemble members agree closely, while RMSE remains low for this region."
