city,datetime,lead_days,blend_temperature,blend_rainfall,blend_wind_speed,temperature,rainfall,wind_speed
Agartala,2026-09-28 00:00:00,1,26.330362,0.0,2.598719298719299,26.67539493622423,0.4738578588298861,4.000117330564478
Agartala,2026-09-28 01:00:00,1,26.0958078,0.0,2.692066692066693,26.348411545481106,0.4713233060820581,3.9502080381865214
Agartala,2026-09-28 02:00:00,1,26.0209185,0.0,2.804593304593305,26.279122912284183,0.468923926384591,3.867299055652148
Agartala,2026-09-28 03:00:00,1,25.9077652,0.0,2.85968095968096,26.1685708004329,0.3260538353578915,3.839223973553419
Agartala,2026-09-28 04:00:00,1,25.877323,0.0,3.0182900182900188,26.278252261453556,0.298732139043372,3.9182322412363013
Agartala,2026-09-28 05:00:00,1,26.2926992,0.0,2.595002995002996,26.705029163932547,0.2956953477049009,3.7610711591783996
Agartala,2026-09-28 06:00:00,1,27.3300644,0.0,2.410991610991611,27.796310051981763,0.19533219797781612,3.6853929096371045
Agartala,2026-09-28 07:00:00,1,29.0692437,0.0,4.109848509848511,29.64576115347251,0.07459181408095787,4.8124749674693765
Agartala,2026-09-28 08:00:00,1,30.4849208,0.0,6.037836737836737,31.02950863711056,0.08123866527382217,6.039918680101895
Agartala,2026-09-28 09:00:00,1,31.6446159,0.0324663,6.967422467422468,32.17527330083148,0.206186978334211,6.3663826711483145
Agartala,2026-09-28 10:00:00,1,32.5582219,0.0324663,7.17948457948458,32.86780085115296,0.20285957448552336,5.561997318503917
Agartala,2026-09-28 11:00:00,1,33.336817700000005,0.0324663,7.0811886811886815,33.482260487721405,0.19645457477775743,5.8485497728482585
Agartala,2026-09-28 12:00:00,1,33.7269248,0.0,6.725723925723926,33.683093073925676,0.22633699855764614,5.035951754115881
Agartala,2026-09-28 13:00:00,1,33.943760999999995,0.0,6.530706530706532,33.84777295814067,0.22504654104251126,4.83649751771469
Agartala,2026-09-28 14:00:00,1,33.8527754,0.0,6.270050770050771,33.68623402701912,0.20924285731733744,4.569597232559135
Agartala,2026-09-28 15:00:00,1,33.3761258,0.0,5.824953624953626,33.15635063318201,0.23150661282744603,4.3581870006279235
Agartala,2026-09-28 16:00:00,1,32.1682974,0.0,4.225751925751926,32.341057400463825,0.09938324914381833,5.157058823272438
Agartala,2026-09-28 17:00:00,1,30.5716695,0.0,3.970701370701371,30.544530446993175,0.16032948347616627,4.913756506187251
Agartala,2026-09-28 18:00:00,1,29.5799171,0.0,4.402550902550903,29.695168727854348,0.1639922783718708,4.607421412112844
Agartala,2026-09-28 19:00:00,1,28.899246899999994,0.0,3.931275831275832,29.0053626491774,0.1568661868479012,4.358269717849924
Agartala,2026-09-28 20:00:00,1,28.475748000000003,0.0,3.866415266415267,28.631378637142564,0.1633576905552573,4.502271659681141
Agartala,2026-09-28 21:00:00,1,28.0464918,0.0,3.528704828704829,28.19830130378549,0.17312513428503673,4.45188539133186
Agartala,2026-09-28 22:00:00,1,27.7967198,0.0,3.1223135223135223,27.98304999649022,0.22287481204965384,4.256478059036585
Agartala,2026-09-28 23:00:00,1,27.4967198,0.0,3.016779516779517,28.125516835397402,0.2508111406542904,4.305505901666476
Agartala,2026-09-29 00:00:00,2,27.112676300000004,0.0,3.4900300000000004,27.511063390128726,0.3633832912494978,4.200300740639872
Agartala,2026-09-29 01:00:00,2,26.7913184,0.0,3.7360536,27.213247955050665,0.40257598616066076,4.315144575150862
Agartala,2026-09-29 02:00:00,2,26.4220609,0.0,3.4608224,26.795927609955175,0.45400811414329795,4.150273838801429
Agartala,2026-09-29 03:00:00,2,26.075488300000004,0.0,3.5236313000000004,26.314215128661942,0.32297712079694335,4.233665879375925
Agartala,2026-09-29 04:00:00,2,25.807116900000004,0.0,3.6103101,26.053986478682052,0.29522014476131275,4.283761242529985
Agartala,2026-09-29 05:00:00,2,25.7333709,0.0,3.660035,26.088216981263642,0.2925918034975594,4.406133591805894
Agartala,2026-09-29 06:00:00,2,27.0386759,0.0,3.7456928,27.479207358175188,0.1771816223096943,4.399606832523145
Agartala,2026-09-29 07:00:00,2,28.8952601,0.0,5.0444536,29.558224931218128,0.08445288882771784,5.424819646686551
Agartala,2026-09-29 08:00:00,2,30.5174708,0.0,5.8215099,31.071184790747814,0.08073169867807721,5.776825255809179
Agartala,2026-09-29 09:00:00,2,31.8520048,0.0291198,7.0411745,32.37218254130239,0.20274338146068882,6.176866508023042
Agartala,2026-09-29 10:00:00,2,32.9562705,0.0291198,8.0171778,33.11950492193732,0.21081898282512326,6.3545722097129484
Agartala,2026-09-29 11:00:00,2,33.613238,0.0291198,8.5887565,33.573602365154805,0.3352388820400217,6.784909135761925
Agartala,2026-09-29 12:00:00,2,34.1237601,0.0,9.3957355,33.96625456034479,0.4193522692889232,7.805982708944366
Agartala,2026-09-29 13:00:00,2,34.1567157,0.0,10.4786443,33.82935027797381,0.4278404664289938,9.492459960192939
Agartala,2026-09-29 14:00:00,2,33.9264474,0.0,10.8865495,33.60750107126778,0.41204353795643767,10.064388708013283
Agartala,2026-09-29 15:00:00,2,33.247932500000005,0.0,10.1562449,32.942321247237125,0.2521095364204542,8.223851489294056
Agartala,2026-09-29 16:00:00,2,31.911089800000003,0.0,7.0342441,31.828381156518542,0.12826166098082262,6.400800681869922
Agartala,2026-09-29 17:00:00,2,30.572702,0.0,6.2150443,30.5092662002514,0.16773202661134132,6.019942390736386
Agartala,2026-09-29 18:00:00,2,29.697538100000003,0.0,6.1176699,29.803568456897143,0.17144161819370765,5.929950563386161
Agartala,2026-09-29 19:00:00,2,29.1089753,0.0,6.4029838,29.31821842545196,0.16039503352010254,5.70719589553644
Agartala,2026-09-29 20:00:00,2,28.6915045,0.0,6.4480338,28.911135501524754,0.17263278798865567,5.955749596238925
Agartala,2026-09-29 21:00:00,2,28.1204458,0.0,4.9415967,28.361539287584957,0.18028569484001114,5.178958330624929
Agartala,2026-09-29 22:00:00,2,27.5390255,0.0,4.8052498,27.777009748504128,0.21381701980186688,5.2472977021714104
Agartala,2026-09-29 23:00:00,2,27.054477,0.0,5.3846721,27.550926741799596,0.3587194393192846,5.764866456779453
Agartala,2026-09-30 00:00:00,3,26.594426494426493,0.0,6.289318599999999,26.85681812983009,0.41910039269676225,8.0405053575144
Agartala,2026-09-30 01:00:00,3,26.199442999443,0.0,6.38939,26.471939428229692,0.4091743793869038,6.053960183182736
Agartala,2026-09-30 02:00:00,3,25.906521806521805,0.0,6.752618799999999,26.219311002181094,0.43140344285450594,6.494070933975243
Agartala,2026-09-30 03:00:00,3,25.582253182253183,0.0,6.973554199999999,25.944670974932606,0.31116719381606417,6.826709030569714
Agartala,2026-09-30 04:00:00,3,25.42869942869943,0.0,6.696931199999999,25.740348338513527,0.2902059653830088,7.617714735865022
Agartala,2026-09-30 05:00:00,3,25.362537562537565,0.0,6.508423199999999,25.91285978919796,0.25696341929263583,8.245930769658836
Agartala,2026-09-30 06:00:00,3,26.29674669674669,0.0,6.415593199999998,26.82592779333239,0.28116882517409364,7.816060722767257
Agartala,2026-09-30 07:00:00,3,27.86241636241636,0.0,6.305357,28.493719206213733,0.15485780789066614,6.105051141053337
Agartala,2026-09-30 08:00:00,3,29.36705376705377,0.0150394,6.308978799999998,29.89714232412567,0.11527206193531203,5.390738853558344
Agartala,2026-09-30 09:00:00,3,30.543555843555847,0.073265,5.706336599999999,31.037517091815403,0.14257093596081397,6.4755883258890785
Agartala,2026-09-30 10:00:00,3,31.63269473269473,0.0582256,5.5149246,32.104559694262655,0.14652154602650225,5.896548768827259
Agartala,2026-09-30 11:00:00,3,32.34817264817265,0.0883044,5.928002599999999,32.62443795825704,0.1845611181828643,6.132436538538061
Agartala,2026-09-30 12:00:00,3,32.57823657823658,0.3268452,6.9429278,32.4569160377223,0.38126808478734414,6.677697613501107
Agartala,2026-09-30 13:00:00,3,32.5008139008139,0.131333,7.803239399999999,32.42042962174879,0.31752080734379573,7.360539153684557
Agartala,2026-09-30 14:00:00,3,32.28402378402379,0.2495585999999999,7.39073,32.04699080052193,0.4214639738171826,7.191145953173454
Agartala,2026-09-30 15:00:00,3,31.56259626259626,0.3546767999999999,6.268559199999999,31.19990499313328,0.26039334686557436,6.300450573181641
Agartala,2026-09-30 16:00:00,3,30.26752026752027,0.751117,6.313360599999999,29.849730350209903,0.42722994402845593,6.252135343150236
Agartala,2026-09-30 17:00:00,3,28.664747664747665,0.5033934,8.759333799999999,28.689878178184394,0.4369476360161558,8.774204865079911
Agartala,2026-09-30 18:00:00,3,27.86850126850127,0.150394,10.119286799999998,27.933113469811186,0.16856851830914232,10.37930278418714
Agartala,2026-09-30 19:00:00,3,27.2966365966366,0.0,10.033324999999998,27.51302026179542,0.15283103856571162,10.457031890937177
Agartala,2026-09-30 20:00:00,3,26.863226863226863,0.0,9.795603999999996,27.169770131844768,0.20816425700376964,10.614228822294862
Agartala,2026-09-30 21:00:00,3,26.56709356709357,0.0,9.6546636,26.862518121747392,0.23931066591788092,10.52291855531917
Agartala,2026-09-30 22:00:00,3,26.365031265031263,0.0,9.4787262,26.60704330048831,0.2625477472281679,10.267388534512587
Agartala,2026-09-30 23:00:00,3,26.118585018585016,0.0,9.038844999999998,26.572384807087886,0.33604541500307283,9.796671190212486
Agra,2026-09-28 00:00:00,1,22.2891466,0.0,3.7556043,22.775147028462072,0.10730987556790493,3.2657950915432963
Agra,2026-09-28 01:00:00,1,22.1340084,0.0,3.2014335,22.589685829121922,0.11070297940013911,2.7709428946567893
Agra,2026-09-28 02:00:00,1,22.001167,0.0,3.1533584,22.431479445601358,0.1142394415817086,3.019541315914792
Agra,2026-09-28 03:00:00,1,21.9289538,0.0,2.391418,22.359550521308858,0.12073892671291687,2.810390874351543
Agra,2026-09-28 04:00:00,1,21.9323746,0.0,2.7206244,22.365995092293602,0.10434022699794383,3.0042341887314614
Agra,2026-09-28 05:00:00,1,22.392697400000003,0.0,2.2961593,22.84624142408704,0.11715515952887967,2.7363272069838285
Agra,2026-09-28 06:00:00,1,22.4202851,0.0,2.3466614,22.87941579934247,0.12666377810629023,2.802967754476477
Agra,2026-09-28 07:00:00,1,23.3678443,0.2131216,3.2063212,23.836788988441167,0.20898025662219055,3.3574417993761263
Agra,2026-09-28 08:00:00,1,24.5537349,0.0,2.6015950999999995,25.114971057197568,0.12677100224829502,3.2805400921551273
Agra,2026-09-28 09:00:00,1,26.1443689,0.0,3.692675,26.760149815180593,0.11077042384346727,4.369618086290399
Agra,2026-09-28 10:00:00,1,27.6874727,0.0,5.8294769,28.326393989885265,0.1157983407776363,5.26875326252196
Agra,2026-09-28 11:00:00,1,29.1848734,0.0,7.741604899999999,29.63036685506563,0.09129903556983406,6.361973481394854
Agra,2026-09-28 12:00:00,1,30.2973432,0.0259688,8.430071,30.595282377159492,0.234807673664711,6.942712542492662
Agra,2026-09-28 13:00:00,1,31.1829917,0.0259688,8.472536999999999,31.206591117567612,0.21023390541167897,7.026072614301937
Agra,2026-09-28 14:00:00,1,31.561579700000003,0.0259688,7.950138399999999,31.42834992893425,0.2119744853736239,7.1116425090364395
Agra,2026-09-28 15:00:00,1,31.529311900000003,0.0519376,7.053251899999999,31.34460299286712,0.2594622855838232,7.330090008147239
Agra,2026-09-28 16:00:00,1,30.468305800000003,0.2579216,9.9584426,30.392236078192713,0.4793904365694037,8.102132636443034
Agra,2026-09-28 17:00:00,1,28.2261206,0.4249004,13.7381871,28.994204542118325,0.4357926159353833,10.52390945794472
Agra,2026-09-28 18:00:00,1,26.9805156,0.2640814,9.7126882,27.64718105707406,0.19035704528679087,7.956015543181201
Agra,2026-09-28 19:00:00,1,25.9274698,0.0972784,8.362566099999999,26.613664827324012,0.23632104248763852,7.482563417495922
Agra,2026-09-28 20:00:00,1,25.163345900000003,0.0,6.2499546,25.949771408853607,0.1281577634744133,6.234339541030324
Agra,2026-09-28 21:00:00,1,24.683112500000004,0.0,5.602396499999999,25.394879470931254,0.12390726544724792,5.532252677752842
Agra,2026-09-28 22:00:00,1,24.362622500000004,0.0,7.9081984,25.102080037935295,0.13607265186773743,6.433321824698301
Agra,2026-09-28 23:00:00,1,23.8761583,0.0,8.2094443,24.797403203113948,0.14268520545386726,6.553544516455343
Agra,2026-09-29 00:00:00,2,23.7832504,0.0,7.88002958002958,24.659650297601967,0.1161911629535128,6.6490944638367795
Agra,2026-09-29 01:00:00,2,23.595981700000003,0.0,7.982045882045882,24.46883182056687,0.1369150088848404,6.621292147855774
Agra,2026-09-29 02:00:00,2,23.3631595,0.0,8.486578486578487,24.221467530806578,0.10473360980346451,7.0933387021648
Agra,2026-09-29 03:00:00,2,23.0461939,0.0,8.06889376889377,23.894622829692583,0.10204184329704169,6.745916392338692
Agra,2026-09-29 04:00:00,2,22.7730702,0.0,7.136214736214737,23.607160428620656,0.10031896745199712,6.813289970692467
Agra,2026-09-29 05:00:00,2,22.6226423,0.0,6.7579984579984576,23.465884151997287,0.10118142926552705,6.790756822721266
Agra,2026-09-29 06:00:00,2,22.736283200000003,0.0,6.970282870282871,23.595526894060704,0.11035951830624002,7.432596331503717
Agra,2026-09-29 07:00:00,2,23.7871003,0.0,7.437273237273237,24.659614338755482,0.1265339326099244,6.721154163226687
Agra,2026-09-29 08:00:00,2,25.197362700000003,0.0,9.056050556050556,25.91345328948242,0.12575793252913237,8.537112896039432
Agra,2026-09-29 09:00:00,2,26.7591385,0.0,10.4014381014381,27.71598675217038,0.10203960861908978,8.635294705425142
Agra,2026-09-29 10:00:00,2,28.360285,0.0,11.847487347487348,28.839134294484808,0.09378111655606712,9.914633032761643
Agra,2026-09-29 11:00:00,2,29.826532,0.0,12.691598691598692,30.25298375054414,0.08065385498826276,10.875625087876259
Agra,2026-09-29 12:00:00,2,30.7936723,0.0,13.05956385956386,31.0719809063309,0.07723914118990899,11.218750714972513
Agra,2026-09-29 13:00:00,2,31.4205486,0.0,13.25009425009425,31.530407562393584,0.07565907223366189,11.264289813902206
Agra,2026-09-29 14:00:00,2,31.7641373,0.0,13.381741981741982,31.808601065782973,0.07633357650282757,11.110617997779956
Agra,2026-09-29 15:00:00,2,31.5084574,0.0,12.0006885006885,31.554985639939787,0.08009421791651426,9.829160996324703
Agra,2026-09-29 16:00:00,2,30.9340628,0.0,10.312556612556612,30.977522408485875,0.07986221160369524,8.373792821053508
Agra,2026-09-29 17:00:00,2,30.0946171,0.0,7.656101456101456,30.11762675831826,0.08930673666254592,6.79686123527424
Agra,2026-09-29 18:00:00,2,28.6883593,0.0,6.133800633800634,28.9919281626491,0.08969158999729583,5.951835350686803
Agra,2026-09-29 19:00:00,2,27.5619121,0.0,4.835187335187334,28.0085095266226,0.11637563187857407,5.109121700190851
Agra,2026-09-29 20:00:00,2,26.6363207,0.0,4.517549117549118,27.17277069163087,0.13655437164369816,4.8782636908783195
Agra,2026-09-29 21:00:00,2,26.011547600000004,0.0,5.182584082584083,26.685472754650558,0.13505338045640014,5.118744504074307
Agra,2026-09-29 22:00:00,2,25.3769388,0.0,5.700707500707502,26.17481319848631,0.11994084409590583,5.615470262598469
Agra,2026-09-29 23:00:00,2,24.915163,0.0,5.654712554712554,25.709714705390308,0.12942207121777463,5.202920491162322
Agra,2026-09-30 00:00:00,3,24.5530684,0.0,5.234574134574135,25.231797238549543,0.11452810740611014,5.227660402229202
Agra,2026-09-30 01:00:00,3,24.1395975,0.0,5.571573071573072,24.81672471853134,0.11803739847885414,5.4658846155687275
Agra,2026-09-30 02:00:00,3,23.803525500000003,0.0,4.935191135191136,24.463331059883743,0.10768224484613607,5.082717495773676
Agra,2026-09-30 03:00:00,3,23.3222513,0.0,5.310444510444512,24.075338144040074,0.10257287970810992,5.862001202694459
Agra,2026-09-30 04:00:00,3,22.9409771,0.0,5.762740262740264,23.804139122117512,0.10269711244079342,6.013585850853856
Agra,2026-09-30 05:00:00,3,22.7173919,0.0,6.364356664356665,23.581089612424126,0.1037091130667268,6.040138711773048
Agra,2026-09-30 06:00:00,3,22.9003797,0.0,6.415032615032617,23.801460026875827,0.12805678169018933,5.605890809135352
Agra,2026-09-30 07:00:00,3,24.2731126,0.0,6.693880993880994,25.058406742755583,0.12857903854916344,5.9135350146003045
Agra,2026-09-30 08:00:00,3,26.5933411,0.0,7.443248943248944,27.41895421557058,0.1281402968158946,5.923590028577465
Agra,2026-09-30 09:00:00,3,28.7666627,0.0,9.331858931858934,29.1278307329058,0.09776952488889248,7.361467181606201
Agra,2026-09-30 10:00:00,3,30.5039826,0.0,11.440738140738144,30.814889825655545,0.0726057479727071,8.936040227009237
Agra,2026-09-30 11:00:00,3,31.7999756,0.0,12.252900552900554,31.99951802045866,0.07981596062006256,9.85799320975959
Agra,2026-09-30 12:00:00,3,32.71364,0.0,12.666833666833668,32.563337118240334,0.08708458198305644,10.232802377093503
Agra,2026-09-30 13:00:00,3,33.2401164,0.0,13.812846912846917,32.91589236174952,0.08425250451289491,11.158382701512688
Agra,2026-09-30 14:00:00,3,33.422243,0.0,13.459990059990062,32.905624895816935,0.08742708874369942,10.931709315126936
Agra,2026-09-30 15:00:00,3,33.245301,0.0,11.59018159018159,32.6855302893094,0.08908759223466563,9.542924563030198
Agra,2026-09-30 16:00:00,3,32.5651426,0.0,8.406966706966708,32.11406550032435,0.08486737054326522,6.884930544849082
Agra,2026-09-30 17:00:00,3,31.2023389,0.0,5.743440243440244,30.897582950233563,0.08338332145325213,5.446298295108246
Agra,2026-09-30 18:00:00,3,29.49972,0.0,5.290921190921192,29.431759351979245,0.08647440122729931,4.555269206688719
Agra,2026-09-30 19:00:00,3,28.4480769,0.0,4.72943852943853,28.78266272696901,0.11556039412181733,4.849627441788766
Agra,2026-09-30 20:00:00,3,27.6953794,0.0,4.482820282820283,28.1323116933619,0.12171214017331825,4.746077678841018
Agra,2026-09-30 21:00:00,3,26.8559593,0.0,4.701166801166801,27.4167633874731,0.14999781182159397,4.848602331240957
Agra,2026-09-30 22:00:00,3,26.2242898,0.0,5.145034445034446,26.836276129590917,0.16043226488692658,4.833773580258142
Agra,2026-09-30 23:00:00,3,25.6700192,0.0,4.437758437758439,26.383523761519047,0.15496806877420805,4.692076766221404
Ahmedabad,2026-09-28 00:00:00,1,26.477906177906178,0.0,6.6212571,26.882124133064355,0.07740342857373612,5.034979191602538
Ahmedabad,2026-09-28 01:00:00,1,26.06076716076716,0.0,7.7506732,26.46304479811221,0.05727086977131355,5.7173813410130325
Ahmedabad,2026-09-28 02:00:00,1,25.5959243959244,0.0,7.860404600000001,26.00988815250018,0.06306329884519819,5.931866939950035
Ahmedabad,2026-09-28 03:00:00,1,25.21176951176951,0.0,7.9133265,25.624795504023684,0.06389770311477216,6.433445078397661
Ahmedabad,2026-09-28 04:00:00,1,24.756724956724955,0.0,7.6725275,25.24174871009892,0.06244733184117055,6.72507378043501
Ahmedabad,2026-09-28 05:00:00,1,25.22844532844533,0.0,7.9587673,25.727900938283813,0.06290197323802715,6.3401428792235235
Ahmedabad,2026-09-28 06:00:00,1,24.28345388345388,0.0,7.2722613,24.818367554280158,0.06780124892684389,6.404923411864466
Ahmedabad,2026-09-28 07:00:00,1,24.678892178892177,0.0,7.6790004,25.209400245390686,0.06718716249459232,6.906305149469941
Ahmedabad,2026-09-28 08:00:00,1,25.985776985776987,0.0,8.705963,26.764490005914347,0.06254205037046297,7.008959683238699
Ahmedabad,2026-09-28 09:00:00,1,27.43711803711804,0.0,9.9720327,28.019331432425542,0.05803390839266263,7.991807629098182
Ahmedabad,2026-09-28 10:00:00,1,28.822696522696525,0.0,10.1716579,29.475586129612054,0.04714143962681267,8.232036762257806
Ahmedabad,2026-09-28 11:00:00,1,30.03268603268603,0.0,10.4169364,30.423407040454286,0.04714143962681267,8.53793548860301
Ahmedabad,2026-09-28 12:00:00,1,31.041221141221136,0.0,10.4654991,31.57912823396002,0.04677366620769309,8.377423978751864
Ahmedabad,2026-09-28 13:00:00,1,31.78154608154608,0.0,10.0326591,32.26120537260114,0.047275764108550916,8.169879279592552
Ahmedabad,2026-09-28 14:00:00,1,32.23483813483813,0.0,9.4870169,32.48436186279111,0.047275764108550916,7.534605401064521
Ahmedabad,2026-09-28 15:00:00,1,32.37053257053257,0.0,8.6588003,32.4832594735486,0.047275764108550916,7.418287648489763
Ahmedabad,2026-09-28 16:00:00,1,32.245326845326844,0.0,7.4144404,32.19062468519086,0.04743132018197796,6.339432844798791
Ahmedabad,2026-09-28 17:00:00,1,31.816216516216517,0.0,5.8893941000000005,31.753891520382318,0.048599860091456344,5.411399946734168
Ahmedabad,2026-09-28 18:00:00,1,30.67711407711408,0.0,5.1144366,30.821974592441393,0.0474495790209686,4.529270329210228
Ahmedabad,2026-09-28 19:00:00,1,29.305027505027503,0.0,6.554503899999999,29.444535213799092,0.04827576851412184,4.318968149036971
Ahmedabad,2026-09-28 20:00:00,1,28.33631813631813,0.0,6.2665153,28.501516408747857,0.04499290561215582,4.425525622194417
Ahmedabad,2026-09-28 21:00:00,1,27.452659852659856,0.0,6.194081799999999,27.767691139103686,0.04686301910323378,5.06513336622108
Ahmedabad,2026-09-28 22:00:00,1,26.58885088885089,0.0,7.1905495,27.072971965794075,0.05529602154457445,5.260158450490721
Ahmedabad,2026-09-28 23:00:00,1,26.1000655000655,0.0,7.146985900000001,26.611450032034547,0.05599954555009927,5.380165747752941
Ahmedabad,2026-09-29 00:00:00,2,25.7730742,0.0,6.2588183,26.272215409983204,0.06321434161098062,5.054274782966354
Ahmedabad,2026-09-29 01:00:00,2,25.3921652,0.0,5.5014634,25.884125357385155,0.09825100550983538,5.062032243223041
Ahmedabad,2026-09-29 02:00:00,2,25.0394639,0.0,5.3712403,25.538475046006678,0.09004988584267794,4.893130583342815
Ahmedabad,2026-09-29 03:00:00,2,24.6806654,0.0,4.8934197,25.17867352947915,0.07673990037341927,5.407340566726206
Ahmedabad,2026-09-29 04:00:00,2,24.2943271,0.0,4.6694105,24.7649656059283,0.08101658493219117,5.521904816415251
Ahmedabad,2026-09-29 05:00:00,2,23.9986824,0.0,4.9486286,24.525260269040604,0.08794694902812186,5.91644105653677
Ahmedabad,2026-09-29 06:00:00,2,23.918951,0.0,5.212504,24.474199508346775,0.08673954164165189,5.93337307015619
Ahmedabad,2026-09-29 07:00:00,2,24.4435028,0.0,5.982148199999999,25.020540519267396,0.12067375430193367,5.1163471250929975
Ahmedabad,2026-09-29 08:00:00,2,26.0512431,0.0,5.9703526,26.821003120266944,0.08711016565406689,6.047484876472893
Ahmedabad,2026-09-29 09:00:00,2,27.9535541,0.0,7.5150338,28.52423163220286,0.05317464666501276,5.792840506232269
Ahmedabad,2026-09-29 10:00:00,2,29.6275083,0.0,7.202374900000001,30.243820717140757,0.04979608243407792,5.236075533608238
Ahmedabad,2026-09-29 11:00:00,2,30.9594034,0.0,6.3997538,31.347744531689827,0.05024193775363245,4.728855457939485
Ahmedabad,2026-09-29 12:00:00,2,31.9602295,0.0,6.4369309,32.40889120881385,0.050026282433167174,4.986686230457483
Ahmedabad,2026-09-29 13:00:00,2,32.6901209,0.0,6.9783397,32.65415377644511,0.04764353752767048,5.736250468344711
Ahmedabad,2026-09-29 14:00:00,2,33.0979018,0.0,7.413434700000001,32.812390578561285,0.04801297415933992,6.25682645272658
Ahmedabad,2026-09-29 15:00:00,2,33.1844298,0.0,7.1537089,32.79338236142163,0.04799691753859805,6.070616953494639
Ahmedabad,2026-09-29 16:00:00,2,32.983094,0.0,7.0287958,32.720077208722714,0.04743132018197796,6.019474572399631
Ahmedabad,2026-09-29 17:00:00,2,32.4015171,0.0,6.4690186,32.36155737935463,0.04994391221862026,5.396664977387704
Ahmedabad,2026-09-29 18:00:00,2,31.1575264,0.0,4.383485,31.227734501689575,0.05159317133290393,4.794533676026947
Ahmedabad,2026-09-29 19:00:00,2,29.8532117,0.0,4.780900600000001,29.84959461034128,0.06101118938065465,4.3166727772015685
Ahmedabad,2026-09-29 20:00:00,2,28.7169437,0.0,4.595831200000001,28.926023501724124,0.06317197737331286,3.889320786635868
Ahmedabad,2026-09-29 21:00:00,2,27.940389999999997,0.0,3.258055,28.211263600569954,0.06544010240004035,3.6378022094030236
Ahmedabad,2026-09-29 22:00:00,2,27.3448035,0.0,2.9143168,27.684260852139,0.06891861476896084,3.4256856905792437
Ahmedabad,2026-09-29 23:00:00,2,26.7813018,0.0,3.197042300000001,27.56335078860831,0.08114885915585265,4.091948084351924
Ahmedabad,2026-09-30 00:00:00,3,26.1916223,0.0,4.248528499999999,26.741498767452068,0.08912327784053875,5.180398169218317
Ahmedabad,2026-09-30 01:00:00,3,25.743190200000004,0.0,4.0053841,26.291877877008197,0.08059096293056278,4.842193194581616
Ahmedabad,2026-09-30 02:00:00,3,25.2312056,0.0,5.925414399999999,25.732995004293915,0.07219834232279593,5.265043113453611
Ahmedabad,2026-09-30 03:00:00,3,24.7511369,0.0,6.7009972,25.255528977294063,0.07950842134863612,5.8826783775122395
Ahmedabad,2026-09-30 04:00:00,3,24.421587,0.0,6.3536515,24.926043726966356,0.07923380940154506,5.443785819650265
Ahmedabad,2026-09-30 05:00:00,3,24.1797732,0.0,5.8083227,24.7268124586738,0.08066085104744487,4.987322847205876
Ahmedabad,2026-09-30 06:00:00,3,24.0758618,0.0,5.984782699999999,24.62042506595578,0.09368416349583995,5.234957695322035
Ahmedabad,2026-09-30 07:00:00,3,24.6364814,0.0,7.134789199999999,25.182178658756726,0.10462674088743153,6.003824527720539
Ahmedabad,2026-09-30 08:00:00,3,26.3027524,0.0,8.395805,27.072360534495225,0.06344907443824029,6.45227940691714
Ahmedabad,2026-09-30 09:00:00,3,28.1655351,0.0,9.0651929,28.74127921652519,0.05940744956793245,6.818750544840418
Ahmedabad,2026-09-30 10:00:00,3,29.9090831,0.0,8.7217842,30.452939019210035,0.054487305789831304,6.7602805965203325
Ahmedabad,2026-09-30 11:00:00,3,31.3134709,0.0,8.519304199999999,31.663320816220583,0.051978821972172934,6.808016644057252
Ahmedabad,2026-09-30 12:00:00,3,32.4258786,0.0,8.539676199999999,32.83673587274217,0.051978821972172934,6.961435817981876
Ahmedabad,2026-09-30 13:00:00,3,33.1664404,0.0,8.505449599999999,32.95995069316048,0.053987357028843885,6.943389756898243
Ahmedabad,2026-09-30 14:00:00,3,33.6038664,0.0,8.697434999999999,33.179219275771906,0.05361958360972429,7.007672145389751
Ahmedabad,2026-09-30 15:00:00,3,33.6357823,0.0,8.663247900000002,33.15331442833173,0.05361958360972429,6.935376013140794
Ahmedabad,2026-09-30 16:00:00,3,33.328537999999995,0.0,8.591264500000001,32.89193527124596,0.05388357676269398,6.931069095032745
Ahmedabad,2026-09-30 17:00:00,3,32.710138,0.0,8.0471678,32.788452130511594,0.050531011569677015,6.327765338060791
Ahmedabad,2026-09-30 18:00:00,3,31.2923582,0.0,7.1786064000000005,31.476803748044443,0.04967901861482168,5.384166091146782
Ahmedabad,2026-09-30 19:00:00,3,29.9374458,0.0,6.123015800000001,30.06490357486443,0.04752258353431475,4.7536071102504796
Ahmedabad,2026-09-30 20:00:00,3,28.8899273,0.0,5.0311968,29.055706758010743,0.04875119505426213,5.272555250250051
Ahmedabad,2026-09-30 21:00:00,3,27.9031048,0.0,4.519982499999999,28.24113483529581,0.05149540003670132,4.954180202068239
Ahmedabad,2026-09-30 22:00:00,3,27.0672242,0.0,4.690185499999999,27.38999720803679,0.06630561033932814,4.974723901601115
Ahmedabad,2026-09-30 23:00:00,3,26.3601237,0.0,4.1935914,27.007571199819402,0.12019827190879674,4.680559138707158
Amritsar,2026-09-28 00:00:00,1,23.713509813509813,0.0,11.16124336124336,24.299358207944824,0.11165863718966679,9.596222290777783
Amritsar,2026-09-28 01:00:00,1,23.02832402832403,0.0,8.85952785952786,23.70547605975089,0.07776585797581012,8.141161767451853
Amritsar,2026-09-28 02:00:00,1,22.476995276995275,0.0,8.233293233293233,23.201082441053046,0.07079013316013055,7.497453699491932
Amritsar,2026-09-28 03:00:00,1,22.02711692711693,0.0,7.395359895359896,22.75759326730241,0.07142703217769118,7.197959300040729
Amritsar,2026-09-28 04:00:00,1,21.71991591991592,0.0,8.64994604994605,22.404693418921564,0.06825765974496117,7.705354401170311
Amritsar,2026-09-28 05:00:00,1,22.42716312716313,0.0,7.308556308556309,23.27751720787158,0.06430452926914078,6.919518833200355
Amritsar,2026-09-28 06:00:00,1,21.9997121997122,0.0,4.024944024944024,22.771115087693865,0.05203507513271448,4.123627200328093
Amritsar,2026-09-28 07:00:00,1,23.01068191068191,0.0,4.484965384965385,23.896707130334818,0.05537091201239675,4.585211447776709
Amritsar,2026-09-28 08:00:00,1,24.63774643774644,0.0,6.273007273007273,25.456139891027597,0.11494606158905896,6.279988644911913
Amritsar,2026-09-28 09:00:00,1,26.33803513803514,0.0343401656598343,6.024340724340724,27.203606756368064,0.15946443311291114,5.852236949048806
Amritsar,2026-09-28 10:00:00,1,27.9030655030655,0.0343401656598343,6.475248475248476,28.343885816062677,0.1512866843715547,5.41763255457796
Amritsar,2026-09-28 11:00:00,1,29.036293736293736,0.0343401656598343,7.501007601007601,29.459262758024057,0.12442720995451817,5.642633182964897
Amritsar,2026-09-28 12:00:00,1,30.034456934456934,0.0,9.215009415009416,30.232406590000625,0.035746580695295675,6.992031062933093
Amritsar,2026-09-28 13:00:00,1,30.647989647989647,0.0,8.940685840685841,30.912541480795387,0.04192493900720306,7.573086703210646
Amritsar,2026-09-28 14:00:00,1,30.97097147097147,0.0,8.784515084515084,31.207220573640868,0.03522617591172538,7.004723937947607
Amritsar,2026-09-28 15:00:00,1,30.704707804707805,0.1203114796885203,5.746896146896146,31.175532910879095,0.11378092281602824,5.1174138416166155
Amritsar,2026-09-28 16:00:00,1,29.902823702823703,0.14004225995774,5.791887591887591,30.280558706494247,0.15407349098815307,5.044752711286485
Amritsar,2026-09-28 17:00:00,1,29.084699284699283,0.0,5.7177896177896175,29.63757076036996,0.05091195531975148,4.309754693374465
Amritsar,2026-09-28 18:00:00,1,27.607852307852305,0.0,5.046342346342346,28.349164964050374,0.06957353461592387,4.741495528241055
Amritsar,2026-09-28 19:00:00,1,26.375228575228576,0.0,4.643656743656743,27.3370415337722,0.05863913679108867,4.362625512068019
Amritsar,2026-09-28 20:00:00,1,25.33794063794064,0.0,5.059045859045859,26.413149759381245,0.04669774663000139,3.683875909236864
Amritsar,2026-09-28 21:00:00,1,24.50995680995681,0.0,3.656758456758457,25.37132525221043,0.04631742886458548,3.3498742270477777
Amritsar,2026-09-28 22:00:00,1,23.83886003886004,0.0,4.31032831032831,24.64444417335395,0.037136038813061344,3.762588277440763
Amritsar,2026-09-28 23:00:00,1,23.267763267763264,0.0,3.641687441687442,24.56069704281194,0.04062637701913646,2.9483665324573565
Amritsar,2026-09-29 00:00:00,2,22.713641913641915,0.0,4.3795689795689805,23.548822315756627,0.05544178541658306,4.565740445732184
Amritsar,2026-09-29 01:00:00,2,22.194932994932994,0.0,4.36001176001176,22.983564973373078,0.04849606218243884,3.9615232237937015
Amritsar,2026-09-29 02:00:00,2,21.8028445028445,0.0,4.908978208978209,22.649973431457596,0.048137156690478716,4.3228657139748305
Amritsar,2026-09-29 03:00:00,2,21.38970798970799,0.0,5.810938410938412,22.200925587045795,0.04932661511420464,5.185221736544815
Amritsar,2026-09-29 04:00:00,2,20.97099907099907,0.0,5.871375471375472,21.772164513916962,0.04595998715829394,5.0816435840445955
Amritsar,2026-09-29 05:00:00,2,20.783921083921083,0.0,6.405812605812606,21.55752556737527,0.050070443008357814,5.559916578851555
Amritsar,2026-09-29 06:00:00,2,20.81299841299841,0.0,6.270368270368271,21.664596034473337,0.0545630663617364,5.577264873725171
Amritsar,2026-09-29 07:00:00,2,22.15878295878296,0.0,6.109932109932111,23.015584866175367,0.06740518903530111,5.561071966878147
Amritsar,2026-09-29 08:00:00,2,24.51078341078341,0.0,6.487300487300489,25.386372466165305,0.08243285902206184,6.001574077000466
Amritsar,2026-09-29 09:00:00,2,26.94784384784385,0.0,7.508889608889611,27.92846931714818,0.06524115451168334,5.942526739916048
Amritsar,2026-09-29 10:00:00,2,29.16739056739057,0.0,8.153053953053956,29.535848445453503,0.05470443330957603,6.4797144193159735
Amritsar,2026-09-29 11:00:00,2,30.86024536024536,0.0,8.849091649091651,30.59372798129693,0.03399687076608635,7.010367237296411
Amritsar,2026-09-29 12:00:00,2,32.03532063532063,0.0,9.964072464072466,31.750282204162882,0.034390280818146116,7.854920357597579
Amritsar,2026-09-29 13:00:00,2,32.57135387135387,0.0,11.66700286700287,31.95572842019907,0.03478733118505434,8.10451189914
Amritsar,2026-09-29 14:00:00,2,32.78675798675799,0.0,12.723023123023124,31.95302044959098,0.03734188087662686,8.889005026965672
Amritsar,2026-09-29 15:00:00,2,32.64876824876825,0.0,12.883567083567083,31.924488001326925,0.035419587990083407,9.024255969854327
Amritsar,2026-09-29 16:00:00,2,32.01713731713731,0.0,12.35779335779336,31.617528315348157,0.033524233107354216,8.55961435544901
Amritsar,2026-09-29 17:00:00,2,31.010431110431117,0.0,10.880122280122285,30.872266729587928,0.03264306162946385,7.125999807953874
Amritsar,2026-09-29 18:00:00,2,28.86534636534637,0.0,9.547496347496349,29.18201529846259,0.03086878889695612,7.068977014517687
Amritsar,2026-09-29 19:00:00,2,27.1953167953168,0.0,9.25805555805556,27.679271233583187,0.05975610975031916,6.779523070704943
Amritsar,2026-09-29 20:00:00,2,25.88488688488688,0.0,8.493667993667996,26.7515792080472,0.05072956914202559,6.381593809867653
Amritsar,2026-09-29 21:00:00,2,24.873670573670577,0.0,7.639500139500142,25.606009832201032,0.0529122108218755,6.301466317373642
Amritsar,2026-09-29 22:00:00,2,24.23983343983344,0.0,6.970249970249972,24.983806436598634,0.05146155083077205,6.0915353095184335
Amritsar,2026-09-29 23:00:00,2,23.666382366382365,0.0,6.34939364939365,24.36905575077509,0.050037303919896636,5.6012724682715165
Amritsar,2026-09-30 00:00:00,3,23.1821505,0.0,6.606771999999999,23.98717336656412,0.06967668783072409,6.263197421619895
Amritsar,2026-09-30 01:00:00,3,22.795381,0.0,7.0387966,23.59049116019334,0.08073936221791424,6.7436160698481284
Amritsar,2026-09-30 02:00:00,3,22.4174653,0.0,7.1163124,23.18706077987604,0.07933360573897821,6.590013643455291
Amritsar,2026-09-30 03:00:00,3,22.0621588,0.0,6.459668199999999,22.772552257025435,0.07948567091756033,5.644458421107556
Amritsar,2026-09-30 04:00:00,3,21.7057434,0.0,5.9660056,22.482683881798202,0.06966774156371684,5.211368439932048
Amritsar,2026-09-30 05:00:00,3,21.4554639,0.0,5.690025199999999,22.266790012717284,0.06517884231720003,5.076785198351212
Amritsar,2026-09-30 06:00:00,3,21.4954797,0.0,5.3768352,22.339948876790878,0.06826580047051795,5.081620931713585
Amritsar,2026-09-30 07:00:00,3,22.6394549,0.0,5.3078242,23.555131066585787,0.06391834612113402,5.367584029891162
Amritsar,2026-09-30 08:00:00,3,25.08168,0.0,4.9810386,25.816775263088587,0.07891813303962703,5.182612549127191
Amritsar,2026-09-30 09:00:00,3,27.5714004,0.0,5.072811,28.173251427528083,0.06344405188977258,5.264777145446127
Amritsar,2026-09-30 10:00:00,3,29.8936173,0.0,5.8340304,30.11602576658321,0.03563004066199638,5.229592064971996
Amritsar,2026-09-30 11:00:00,3,31.6267391,0.0,6.8331572,30.973217715227236,0.0385763471815513,5.381126440946342
Amritsar,2026-09-30 12:00:00,3,32.8543753,0.0,7.8882824,31.84290951956093,0.04405111720582256,6.324633568307383
Amritsar,2026-09-30 13:00:00,3,33.4710329,0.0,9.812854000000002,31.860626349286328,0.04408380836735411,7.107353781769227
Amritsar,2026-09-30 14:00:00,3,33.7644973,0.0,11.0030082,32.16452058584098,0.04322711620312676,7.532246677140794
Amritsar,2026-09-30 15:00:00,3,33.6404208,0.0,10.9678862,31.93679107381208,0.04218708096428417,7.218223758255464
Amritsar,2026-09-30 16:00:00,3,32.9275826,0.0,10.04523,31.78149421933465,0.03791339798496435,6.410296937388569
Amritsar,2026-09-30 17:00:00,3,31.7364364,0.0,8.2383266,31.519869823139615,0.03654007993910259,5.475156515961979
Amritsar,2026-09-30 18:00:00,3,29.3388137,0.0,6.9755678,29.62834627884377,0.031019860794916903,5.185931746190599
Amritsar,2026-09-30 19:00:00,3,27.486076,0.0,7.146345,28.25511074373169,0.054306918413302825,5.161686082343283
Amritsar,2026-09-30 20:00:00,3,26.0671858,0.0,6.298927999999999,27.182853111832948,0.05527495495602592,5.034239517984048
Amritsar,2026-09-30 21:00:00,3,25.1915542,0.0,5.890731800000001,26.333889406452535,0.04901254213178017,4.903299290191703
Amritsar,2026-09-30 22:00:00,3,24.4560727,0.0,5.053895,25.55441393425606,0.041125962001968955,4.8188357729487095
Amritsar,2026-09-30 23:00:00,3,23.716148200000003,0.0,4.197442,24.828094575073624,0.0410002421096,4.040104536090516
Bengaluru,2026-09-28 00:00:00,1,23.3043667956332,0.1293669,2.7699275,24.119389429433088,0.16041936703430643,4.509742454726028
Bengaluru,2026-09-28 01:00:00,1,22.67739792260207,0.1293669,2.5616552,23.48996333899891,0.18904208396684535,4.266273526093478
Bengaluru,2026-09-28 02:00:00,1,22.197622002377997,0.1038897,3.1966537,22.979187354035858,0.2710476549049239,4.831068537214929
Bengaluru,2026-09-28 03:00:00,1,21.81350688649311,0.0509544,2.0626994,22.58224394857604,0.2288333199562207,3.7502980689206096
Bengaluru,2026-09-28 04:00:00,1,21.544814955185043,0.0254772,2.4075685999999994,22.33036742540642,0.1727878925937864,4.2054902185845044
Bengaluru,2026-09-28 05:00:00,1,21.89256100743899,0.0509544,3.2169992,22.726452076592402,0.236948383465864,4.8051606748974836
Bengaluru,2026-09-28 06:00:00,1,21.86551523448476,0.0274581,3.2891113,22.717300620340993,0.13509291933731393,4.891315542150462
Bengaluru,2026-09-28 07:00:00,1,22.787958612041383,0.0274581,3.8622605,23.6166105734824,0.14674443862340625,5.003403502779447
Bengaluru,2026-09-28 08:00:00,1,24.359946240053752,0.0274581,6.0045744,25.167993506315028,0.16592276130232758,6.01574947757916
Bengaluru,2026-09-28 09:00:00,1,25.81522698477301,0.0274581,7.162292300000001,26.51059906028492,0.1471816438140775,7.159396514497833
Bengaluru,2026-09-28 10:00:00,1,26.997660602339398,0.0274581,9.7006562,26.80174532893716,0.14194528020572614,8.132150757399373
Bengaluru,2026-09-28 11:00:00,1,27.728008971991024,0.0274581,11.3324183,27.536902748667252,0.14727306031951737,9.598766355640041
Bengaluru,2026-09-28 12:00:00,1,28.111653588346407,0.0823743,10.3900742,27.996068409817404,0.3932645746001912,8.935345757340752
Bengaluru,2026-09-28 13:00:00,1,28.470612529387463,0.0823743,8.4598306,28.85724222470025,0.3862840795973054,7.8386186937708695
Bengaluru,2026-09-28 14:00:00,1,28.59325750674249,0.0823743,7.068812599999999,29.285287339501544,0.39150889183141613,6.973923127038891
Bengaluru,2026-09-28 15:00:00,1,28.489533010466985,0.1063393,6.0942556,29.183397376197785,0.40372758705271916,6.039975727116133
Bengaluru,2026-09-28 16:00:00,1,27.93299916700083,0.0823743,5.9167702,28.623717927780717,0.3641630020074342,5.906585612983559
Bengaluru,2026-09-28 17:00:00,1,27.05496864503135,0.1303042999999999,5.951839700000001,27.71056094154953,0.42296142282372196,5.993202948367482
Bengaluru,2026-09-28 18:00:00,1,25.689067910932085,0.5826329,4.786306,26.086467751560022,1.0754887143022263,5.790586864735794
Bengaluru,2026-09-28 19:00:00,1,24.518287881712112,0.4867729,3.8013301,25.00995546453408,0.7932466048118756,5.428208906954346
Bengaluru,2026-09-28 20:00:00,1,23.05418644581355,0.8322131,3.6703784,23.596198212691228,1.055461740377559,5.32191706430003
Bengaluru,2026-09-28 21:00:00,1,22.020533579466417,0.9251409000000002,7.0753841,22.52409731693543,1.0920073233028433,7.640676091034047
Bengaluru,2026-09-28 22:00:00,1,21.556911443088552,0.7914877000000001,4.2454894,22.10608330376266,1.1807899492798528,5.433192803098117
Bengaluru,2026-09-28 23:00:00,1,21.42373787626212,0.4868367,3.2480685,22.118105075042614,0.9227993395424956,4.467433892013301
Bengaluru,2026-09-29 00:00:00,2,21.0965976,0.4756943243056756,3.2851077,21.632373986017736,0.9406372829053236,6.065581310446895
Bengaluru,2026-09-29 01:00:00,2,20.9524354,0.7115154884845114,3.9238278000000006,21.559096870985304,1.2509042725185777,5.14893332397316
Bengaluru,2026-09-29 02:00:00,2,20.7813802,0.6852037147962852,4.7825622,21.360735662727457,1.3186738320542553,6.089357865949474
Bengaluru,2026-09-29 03:00:00,2,20.5868996,0.5158268841731157,5.2028042,21.133072931847906,1.0968460183974105,6.054370250751878
Bengaluru,2026-09-29 04:00:00,2,20.4583682,0.3415134584865414,5.1574157,20.938573975172993,0.8926382177863821,6.503951522446622
Bengaluru,2026-09-29 05:00:00,2,20.420206800000003,0.4438019561980437,5.7594805,21.025729350183685,1.0412361148389127,6.57428519640361
Bengaluru,2026-09-29 06:00:00,2,20.5362448,0.4398501601498397,4.9882203,21.093422876884656,1.050545275595006,6.210769009002551
Bengaluru,2026-09-29 07:00:00,2,21.2651286,0.4737205262794737,4.8543533,21.782990257350097,0.9543489500707444,5.891478992940363
Bengaluru,2026-09-29 08:00:00,2,22.4722254,0.425044574955425,4.7627149,22.92371946716848,0.9109485259384178,5.622404300538919
Bengaluru,2026-09-29 09:00:00,2,23.9704864,0.0223641776358223,4.4237913,24.616467541237974,0.09474424775287857,5.926342404002206
Bengaluru,2026-09-29 10:00:00,2,25.629943,0.0,4.0948141,26.454167533822865,0.05862085368846361,5.767235793341869
Bengaluru,2026-09-29 11:00:00,2,27.0358148,0.0223641776358223,4.6208306,27.69243761149024,0.1009102185730865,6.340772119714826
Bengaluru,2026-09-29 12:00:00,2,28.0742384,0.0,5.969973800000001,28.75773344582446,0.05725234199356278,7.582188458971785
Bengaluru,2026-09-29 13:00:00,2,28.30627,0.0953781046218953,7.0435296,28.824233361106568,0.2020344231386917,7.133778725012389
Bengaluru,2026-09-29 14:00:00,2,27.343581,0.4857789142210857,8.7944393,27.18090820254748,0.34050812112438716,8.403286121223317
Bengaluru,2026-09-29 15:00:00,2,26.3355242,0.9825233174766824,8.1965442,26.653395579298667,1.3192083283999734,7.643359735012473
Bengaluru,2026-09-29 16:00:00,2,25.5639786,1.2939720060279938,6.3268608,25.908215337665514,1.129307087368948,6.814926206841047
Bengaluru,2026-09-29 17:00:00,2,24.7957646,0.8772594227405771,5.825292999999999,25.257656284357402,0.7437162767120675,7.059784975858124
Bengaluru,2026-09-29 18:00:00,2,23.8588892,0.4519492480507519,4.9811875,24.354588600342126,0.7922429897491812,6.988830643806228
Bengaluru,2026-09-29 19:00:00,2,23.0362906,0.5177203822796177,4.8755719,23.455624860989566,0.7142506650531991,6.946437531898667
Bengaluru,2026-09-29 20:00:00,2,22.6355248,0.218097681902318,5.472720599999999,23.084551491116375,0.4011079945732695,6.699206939334546
Bengaluru,2026-09-29 21:00:00,2,22.2426826,0.2069468930531069,4.9141428000000005,22.68890308027903,0.3816324896100407,6.408548553743261
Bengaluru,2026-09-29 22:00:00,2,21.9076364,0.5706993293006706,3.2932764000000008,22.356139057635758,0.6911723705966996,4.773163684004496
Bengaluru,2026-09-29 23:00:00,2,21.6085312,0.7762779237220763,3.9092646,22.28195049615933,0.9129872080745368,5.270596623496173
Bengaluru,2026-09-30 00:00:00,3,21.1475751,0.6411072,5.7812818,21.70097630381065,0.6324991910341615,6.923574690958956
Bengaluru,2026-09-30 01:00:00,3,20.7737276,1.3737498,4.8351343,21.332193103017257,1.1937965481188388,6.2881257285840375
Bengaluru,2026-09-30 02:00:00,3,20.4788134,0.2475327,3.7827086,20.97035043177653,0.2329233989031385,6.912953245771581
Bengaluru,2026-09-30 03:00:00,3,20.1882021,0.7224458,3.9732888,20.744113045061265,0.5987191509954196,5.618960243518672
Bengaluru,2026-09-30 04:00:00,3,19.9896658,0.9648891,4.338251100000001,20.55373531365099,1.0223590493501422,6.270499252167303
Bengaluru,2026-09-30 05:00:00,3,20.0572997,0.8935420000000001,3.6397908,20.61192890132981,0.9989539978933246,5.190036065124069
Bengaluru,2026-09-30 06:00:00,3,20.3430104,0.3111773,3.4444167,20.821310431844385,0.1904124124352364,5.003166219739789
Bengaluru,2026-09-30 07:00:00,3,21.0226384,0.2644836,5.3295258,21.50865665388396,0.17858637029352964,6.6360158685589985
Bengaluru,2026-09-30 08:00:00,3,22.1262407,0.1322418,6.4956068,22.602797871102116,0.17069312190761712,7.366127340352935
Bengaluru,2026-09-30 09:00:00,3,23.8586495,0.0,6.365186,24.744474023080112,0.06951824538452107,6.896669890093714
Bengaluru,2026-09-30 10:00:00,3,25.5963977,0.0,5.5784984,26.386931213705076,0.07709613485959815,5.917993211546627
Bengaluru,2026-09-30 11:00:00,3,27.0753935,0.0,5.6698568,27.78121383326637,0.06489262433875953,5.5498327956045355
Bengaluru,2026-09-30 12:00:00,3,27.885394600000005,0.220403,6.2136803,28.317086915033897,0.24591014391118443,6.314939442216367
Bengaluru,2026-09-30 13:00:00,3,28.3708921,0.4187656999999999,6.4764263,28.744242905454062,0.39420734776341837,6.625175023219951
Bengaluru,2026-09-30 14:00:00,3,28.5870039,0.0220403,6.354229999999999,28.57608458663947,0.118221482629451,5.92168986783773
Bengaluru,2026-09-30 15:00:00,3,28.1565369,0.3477335,6.3052946,27.633311588946082,0.7247379978078505,6.246501173230419
Bengaluru,2026-09-30 16:00:00,3,26.3891399,1.3839697,7.7159142,26.484002803897333,1.6858169369222586,7.985564944208622
Bengaluru,2026-09-30 17:00:00,3,24.6092987,1.9363503,5.4171830000000005,25.065127000707786,2.383624704828156,6.776474283716883
Bengaluru,2026-09-30 18:00:00,3,23.3463285,1.2111867,6.5768265,23.85091910688409,1.4699872516843326,7.210235089541548
Bengaluru,2026-09-30 19:00:00,3,22.4035112,1.0030738,8.8092305,22.49083485934651,1.2400087703246174,7.739763312189067
Bengaluru,2026-09-30 20:00:00,3,21.9824841,0.61504,8.786893899999999,22.151808878157727,0.831984167282305,7.894734067787217
Bengaluru,2026-09-30 21:00:00,3,21.7257651,0.0881612,8.5813765,22.148544783156026,0.16725146692454151,7.729388099111187
Bengaluru,2026-09-30 22:00:00,3,21.5581937,0.0785298,7.450805,22.459759177882294,0.26487927114578164,6.707379683901444
Bengaluru,2026-09-30 23:00:00,3,21.2538908,1.0732406,6.8335599,22.29801769481388,0.4921457081309094,6.433323160086845
Bhopal,2026-09-28 00:00:00,1,22.818836600000004,0.0,11.0033574,23.26263250969665,0.05793304533798346,9.444037756838396
Bhopal,2026-09-28 01:00:00,1,22.305049600000004,0.0,11.2365791,22.69331358828577,0.05287938541370132,9.753015757026997
Bhopal,2026-09-28 02:00:00,1,21.858097200000003,0.0,11.0759187,22.239269446728812,0.047959193621250534,9.654257938845753
Bhopal,2026-09-28 03:00:00,1,21.499756900000005,0.0,10.6187762,21.885543342514232,0.047656061205106626,9.180397722083326
Bhopal,2026-09-28 04:00:00,1,21.186277900000004,0.0,10.4125105,21.58223698302084,0.04696277447725237,9.007249122315603
Bhopal,2026-09-28 05:00:00,1,21.484750900000005,0.0,10.0146284,21.93296531734478,0.04620732037358326,8.71054230249852
Bhopal,2026-09-28 06:00:00,1,21.295276000000005,0.0,9.6865781,21.748487880688405,0.06026200604262559,8.535578420229518
Bhopal,2026-09-28 07:00:00,1,22.597553600000005,0.0,10.3646495,23.259615914396058,0.05976310007494705,8.870788820462941
Bhopal,2026-09-28 08:00:00,1,24.438657600000003,0.0,12.6576439,25.467560092920646,0.08185247894437697,10.062329523944507
Bhopal,2026-09-28 09:00:00,1,26.06278230000001,0.0,13.1782184,27.258122161331123,0.09652167855031235,10.228261261545029
Bhopal,2026-09-28 10:00:00,1,27.516264100000008,0.0,12.933857,28.30229829747079,0.07167044275917371,10.396057884382223
Bhopal,2026-09-28 11:00:00,1,28.666726100000005,0.0,12.6895296,29.08168274351985,0.06687491062363274,10.521216254220482
Bhopal,2026-09-28 12:00:00,1,29.543403900000005,0.0,13.2728706,30.08056801280984,0.06636923779630383,10.932168702400217
Bhopal,2026-09-28 13:00:00,1,30.1034011,0.0,13.5089125,30.51536802988565,0.06604869626873279,10.92516441666368
Bhopal,2026-09-28 14:00:00,1,30.398108400000005,0.0,13.579494400000002,30.57806891184493,0.06481179068980236,10.664727465846662
Bhopal,2026-09-28 15:00:00,1,30.220996400000004,0.0,12.7774224,30.400598956687105,0.06609432712976192,10.272585548044951
Bhopal,2026-09-28 16:00:00,1,29.681796100000007,0.0,10.628055,29.921469818304306,0.06503765295605064,8.398065277750932
Bhopal,2026-09-28 17:00:00,1,28.6217423,0.0,8.3072602,29.033327977618335,0.07894391289242077,6.4530989116707635
Bhopal,2026-09-28 18:00:00,1,26.94187220000001,0.0,5.664690800000001,27.620504914047707,0.09964360197422613,5.490178029988941
Bhopal,2026-09-28 19:00:00,1,25.801305300000006,0.0,4.2426941000000005,26.311477047531287,0.10396713409010205,5.187133404274536
Bhopal,2026-09-28 20:00:00,1,24.98517110000001,0.0,3.5590712,25.376473724479496,0.11996098643134344,4.587311210332418
Bhopal,2026-09-28 21:00:00,1,24.272546500000004,0.0,4.3202017,24.916854824586288,0.10277468139371511,5.175507332863134
Bhopal,2026-09-28 22:00:00,1,23.7214638,0.0,5.0327232,24.446650778626243,0.08803371870415719,5.021862280701983
Bhopal,2026-09-28 23:00:00,1,23.344786000000003,0.0,5.4615915,24.06473124062093,0.08524747965473639,4.700007743901336
Bhopal,2026-09-29 00:00:00,2,23.029039900000004,0.0,6.5840229,23.590620390723743,0.07574198930913774,5.621049851832366
Bhopal,2026-09-29 01:00:00,2,22.6882089,0.0,7.7922739,23.28079681665421,0.07915839772124765,6.723094946784707
Bhopal,2026-09-29 02:00:00,2,22.308291000000004,0.0,8.2708723,22.86829890599254,0.07330655533566721,7.099136769001021
Bhopal,2026-09-29 03:00:00,2,21.7181506,0.0,8.7224845,22.26291805616175,0.05357368515404495,7.733041002371866
Bhopal,2026-09-29 04:00:00,2,21.235614400000003,0.0,9.1843902,21.78043182329319,0.04613565149491845,8.237675471047769
Bhopal,2026-09-29 05:00:00,2,21.0062387,0.0,9.3011812,21.573612316818302,0.05909203344956982,8.380940522317546
Bhopal,2026-09-29 06:00:00,2,21.0972462,0.0,9.5562863,21.68993133382591,0.053010777676299775,8.548979747611504
Bhopal,2026-09-29 07:00:00,2,22.4208122,0.0,9.6832802,23.092231138481395,0.058967501029116465,8.642597879961727
Bhopal,2026-09-29 08:00:00,2,24.5580732,0.0,10.326594,25.72760587970638,0.0805999288663369,9.310800617517193
Bhopal,2026-09-29 09:00:00,2,26.4446046,0.0,9.8870674,27.6513921165453,0.09560825970315713,8.428620982036318
Bhopal,2026-09-29 10:00:00,2,28.0977537,0.0,9.1137723,28.69381144388247,0.0779630195094427,7.620386845657373
Bhopal,2026-09-29 11:00:00,2,29.314496,0.0,8.036179200000001,29.6470102160805,0.07295154590380812,6.74332338935267
Bhopal,2026-09-29 12:00:00,2,30.203552,0.0,7.919953000000001,30.367262474400693,0.07214854280542918,6.560324944643735
Bhopal,2026-09-29 13:00:00,2,30.7291313,0.0,7.8968962,30.855016498352306,0.07372851212650794,6.576520331197695
Bhopal,2026-09-29 14:00:00,2,30.9351398,0.0,8.102282800000001,30.995144519965006,0.07372851212650794,6.782019964490322
Bhopal,2026-09-29 15:00:00,2,30.7961033,0.0,7.8176179,30.730553261845717,0.07997407014507349,6.308163064972749
Bhopal,2026-09-29 16:00:00,2,30.2190643,0.0,8.140101699999999,30.077157386471104,0.07065946490333118,5.916895019188397
Bhopal,2026-09-29 17:00:00,2,28.9865334,0.0,7.9994133,29.3417219273224,0.07392688809194406,5.626331734551919
Bhopal,2026-09-29 18:00:00,2,27.3574702,0.0,7.6222049,28.068560317751654,0.0879972565964734,5.546289825623897
Bhopal,2026-09-29 19:00:00,2,26.291386600000003,0.0,7.665033699999999,26.973878912262908,0.13501715106849355,5.972628954391862
Bhopal,2026-09-29 20:00:00,2,25.4101564,0.0,6.497336,26.0909414992656,0.10298688433696386,5.683920187755151
Bhopal,2026-09-29 21:00:00,2,24.752711,0.0,4.9507736,25.461185828299847,0.11500254426780668,6.3772297177037425
Bhopal,2026-09-29 22:00:00,2,24.1425113,0.0,4.170403,24.790040568913234,0.10238478834349957,5.558047113679832
Bhopal,2026-09-29 23:00:00,2,23.6642942,0.0,4.425437100000001,24.347636838529255,0.08539672260588929,5.956037462557431
Bhopal,2026-09-30 00:00:00,3,23.1430517,0.0,5.1359294,23.729041349119576,0.06474444475845652,6.825612942027243
Bhopal,2026-09-30 01:00:00,3,22.6672339,0.0,5.4689785,23.253497829141022,0.0634339091059431,6.074484270693467
Bhopal,2026-09-30 02:00:00,3,22.3291694,0.0,6.4372417,22.912476315789178,0.06210195181741005,7.418106261893275
Bhopal,2026-09-30 03:00:00,3,21.953935,0.0,8.116835100000001,22.53356074907075,0.07183866669733492,6.812669774865805
Bhopal,2026-09-30 04:00:00,3,21.7335867,0.0,8.0197564,22.308698223964093,0.06890914671739759,6.772163149275196
Bhopal,2026-09-30 05:00:00,3,21.6737938,0.0,8.3950256,22.27998119537747,0.06533588975729163,7.002290002967552
Bhopal,2026-09-30 06:00:00,3,21.8400957,0.0,8.1493658,22.4348919534974,0.06084444360401041,6.859276681621858
Bhopal,2026-09-30 07:00:00,3,23.3051838,0.0,8.65348,24.03054596302357,0.07734937346003505,7.289519004175186
Bhopal,2026-09-30 08:00:00,3,25.4823952,0.0,10.1986401,26.648685118960586,0.0864770115711505,8.516890076586261
Bhopal,2026-09-30 09:00:00,3,27.3716058,0.0,10.8714869,28.34344830673622,0.08030965169885321,8.756901789637066
Bhopal,2026-09-30 10:00:00,3,29.0505205,0.0,10.737211,29.34983879829832,0.06890735402590864,8.812322178343596
Bhopal,2026-09-30 11:00:00,3,30.3635082,0.0,10.5827843,30.584865730959372,0.06949314444282739,8.647866810294364
Bhopal,2026-09-30 12:00:00,3,31.0857436,0.0,10.5701348,31.256724890109805,0.07201477539502683,8.560862495273886
Bhopal,2026-09-30 13:00:00,3,31.388273800000004,0.0,10.756125700000002,31.569927219057423,0.07015244107425005,8.510876127827744
Bhopal,2026-09-30 14:00:00,3,31.4123963,0.0,10.7487332,31.511304905080824,0.0695997376198373,8.51033038699314
Bhopal,2026-09-30 15:00:00,3,31.1086563,0.0,10.347627500000002,31.09234094350621,0.07026436782715761,8.065094911448856
Bhopal,2026-09-30 16:00:00,3,30.479584000000003,0.0,9.5105325,30.315104867386413,0.07046367345600678,7.21107877770838
Bhopal,2026-09-30 17:00:00,3,29.2052657,0.0,7.989350400000001,29.519492989274244,0.07451226244873548,6.073145636599554
Bhopal,2026-09-30 18:00:00,3,27.5481646,0.0,6.3769064,28.21511702563744,0.09057594659073724,5.192077784856156
Bhopal,2026-09-30 19:00:00,3,26.4191942,0.0,5.9036976,27.057005361498074,0.10420138052394577,5.10655693081256
Bhopal,2026-09-30 20:00:00,3,25.6055459,0.0,5.303537700000001,26.302979422363,0.1029886614584846,4.905119396871745
Bhopal,2026-09-30 21:00:00,3,25.0042422,0.0,4.6890505000000005,25.67668499702825,0.108733090139396,4.786069217889026
Bhopal,2026-09-30 22:00:00,3,24.430801,0.0,4.2189386,25.108042486761978,0.1082067747331687,5.0812486287119025
Bhopal,2026-09-30 23:00:00,3,23.906814600000004,0.0,3.786705,24.518225298723756,0.08919885427765255,4.698605675925064
Bhubaneswar,2026-09-28 00:00:00,1,25.6975256,0.0,5.929632499999999,26.33859460848684,0.6956803609232648,8.295597128196839
Bhubaneswar,2026-09-28 01:00:00,1,25.5291587,0.0,6.7170425,26.132784969847258,0.8024970912091183,8.736933090578642
Bhubaneswar,2026-09-28 02:00:00,1,25.3902892,0.0,6.9219262,25.957275776667736,0.8282077717811939,9.255824225691043
Bhubaneswar,2026-09-28 03:00:00,1,25.2393923,0.0,7.1183669,25.649137207417276,0.8629655215949643,9.426072619522948
Bhubaneswar,2026-09-28 04:00:00,1,25.0932864,0.0,7.4564236,25.464709199522275,0.8134119757992224,9.656902516640777
Bhubaneswar,2026-09-28 05:00:00,1,25.5622798,0.0,8.3181443,25.994031995476337,0.6350753130493337,10.561282747180686
Bhubaneswar,2026-09-28 06:00:00,1,25.9878905,0.0,8.5276773,26.495860402416046,0.587883068494364,10.493617362982846
Bhubaneswar,2026-09-28 07:00:00,1,27.8310137,0.0,9.5921636,28.03773319605695,0.449393835524633,9.288775092851948
Bhubaneswar,2026-09-28 08:00:00,1,29.3996903,0.0,10.4008989,29.493240192760975,0.3920334317982641,9.76611895482867
Bhubaneswar,2026-09-28 09:00:00,1,30.5235352,0.0280332,10.8193568,30.752875427612437,0.5753629120404539,10.011803049506867
Bhubaneswar,2026-09-28 10:00:00,1,31.479013200000004,0.0280332,10.9499928,31.691105350629073,0.7801890829633156,9.433083474317623
Bhubaneswar,2026-09-28 11:00:00,1,32.2726061,0.0280332,10.0398381,32.5374033780403,0.8803875626723594,8.42171494513692
Bhubaneswar,2026-09-28 12:00:00,1,32.7777992,0.2737179,10.0829001,32.638570649357675,1.3498417407021228,8.741879540723652
Bhubaneswar,2026-09-28 13:00:00,1,32.9440304,0.0560664,10.0712748,32.66312666135154,1.0351535887201306,8.760547290410738
Bhubaneswar,2026-09-28 14:00:00,1,32.7123049,0.0560664,9.9108571,32.06421833799009,0.9856111300990433,8.661139036523508
Bhubaneswar,2026-09-28 15:00:00,1,31.3894425,0.1121328,8.9066097,30.90400105159238,0.927213470607857,7.484681473006701
Bhubaneswar,2026-09-28 16:00:00,1,30.181964,0.1121328,6.1086279,30.228748223638636,0.7406925010756051,5.18036243431306
Bhubaneswar,2026-09-28 17:00:00,1,28.9172414,0.1121328,5.799158899999999,29.00377369781986,0.5981137030546037,7.918993375318629
Bhubaneswar,2026-09-28 18:00:00,1,27.7428666,0.0,6.8961147,27.982658004702312,0.28798812071633917,7.300760788704846
Bhubaneswar,2026-09-28 19:00:00,1,27.1652451,0.0197865,5.3999814,27.38427756512821,0.36380327617103236,5.944565967883542
Bhubaneswar,2026-09-28 20:00:00,1,26.7378834,0.0,4.593318199999999,27.014598631109717,0.3682166924104908,5.687233794383607
Bhubaneswar,2026-09-28 21:00:00,1,26.410521700000004,0.0,4.928799199999999,26.741397547954495,0.3408502636748503,6.427691350173655
Bhubaneswar,2026-09-28 22:00:00,1,26.1669787,0.0,5.007804299999999,26.551952345937263,0.5590597433617905,6.692981512188669
Bhubaneswar,2026-09-28 23:00:00,1,25.8899692,0.0,5.1789454,26.471366034706477,0.5807285670266765,7.112242605047779
Bhubaneswar,2026-09-29 00:00:00,2,25.6694398,0.0,4.784405315594684,25.9858001126464,0.4375417343835619,7.573915940661077
Bhubaneswar,2026-09-29 01:00:00,2,25.5422809,0.0223565,4.6533334466665535,25.842932387073084,0.5107117968485382,7.423157235327414
Bhubaneswar,2026-09-29 02:00:00,2,25.4092409,0.0,4.812900187099813,25.700811602567,0.4460433264003059,7.608178249285203
Bhubaneswar,2026-09-29 03:00:00,2,25.1816138,0.0,4.907421992578008,25.481756872941784,0.437945421995189,6.8644975997827675
Bhubaneswar,2026-09-29 04:00:00,2,25.0031979,0.0,5.3215478784521215,25.304274146094325,0.43731039898508095,8.050481153982851
Bhubaneswar,2026-09-29 05:00:00,2,24.8743734,0.0,5.498228101771899,25.317927811997514,0.4556372007643646,8.088157572416964
Bhubaneswar,2026-09-29 06:00:00,2,25.5603608,0.0,6.042278557721442,26.034738477836203,0.48937114312670166,8.499285922142553
Bhubaneswar,2026-09-29 07:00:00,2,27.2243839,0.0,7.841901758098242,27.509144726489858,0.6753176287963586,7.935966855308225
Bhubaneswar,2026-09-29 08:00:00,2,28.9421327,0.0,8.328244871755128,29.061746652567,0.6435192205963414,7.662341946226844
Bhubaneswar,2026-09-29 09:00:00,2,30.4233236,0.0,8.81995968004032,30.727739081737642,0.7383940636186999,7.9329074233435435
Bhubaneswar,2026-09-29 10:00:00,2,31.7345612,0.0,9.421402078597922,32.0233644955106,0.8844041854310496,7.941324756737503
Bhubaneswar,2026-09-29 11:00:00,2,32.5502642,0.0,9.312195887804114,32.712216937582454,0.9490558531909496,8.824395892651948
Bhubaneswar,2026-09-29 12:00:00,2,33.1038844,0.0,8.923562476437525,32.81494550806392,0.8874850834644299,8.552054561558847
Bhubaneswar,2026-09-29 13:00:00,2,33.36197,0.0,8.801611998388003,32.834815496387776,0.8851971509027788,8.36366182587074
Bhubaneswar,2026-09-29 14:00:00,2,33.3096036,0.0,8.51042598957401,32.33534535619462,0.9515717845000428,8.07013427471285
Bhubaneswar,2026-09-29 15:00:00,2,32.8922666,0.0,7.2377905622094385,31.93938540220738,0.8333139931220249,6.507045396147299
Bhubaneswar,2026-09-29 16:00:00,2,32.0651077,0.0,5.283107516892484,31.08376443737497,0.5824641125451886,5.535374332709262
Bhubaneswar,2026-09-29 17:00:00,2,30.489797,0.0,3.822908577091424,29.623665335423034,0.3881859976992317,4.688642514313047
Bhubaneswar,2026-09-29 18:00:00,2,29.3569864,0.0,3.610369289630711,29.390192903293887,0.31857238556030193,4.092107837039475
Bhubaneswar,2026-09-29 19:00:00,2,28.3820995,0.0,4.468895231104769,28.566916223385437,0.2127455521132238,4.617273141689314
Bhubaneswar,2026-09-29 20:00:00,2,27.4469646,0.0,5.01947778052222,27.672507496926087,0.2253224987536275,5.541753022426192
Bhubaneswar,2026-09-29 21:00:00,2,26.9635096,0.0,4.764411535588464,27.28138605078478,0.20824689640117058,6.012096379360473
Bhubaneswar,2026-09-29 22:00:00,2,26.6919223,0.0,4.653993546006454,27.007082272257126,0.27444447616619155,6.0478736669177255
Bhubaneswar,2026-09-29 23:00:00,2,26.5945918,0.0,4.997588302411698,27.099542693111513,0.3563478080438186,6.675583839900394
Bhubaneswar,2026-09-30 00:00:00,3,26.4140632,0.0,5.375100624899375,26.607952904792704,0.4509484110032665,7.862325837154874
Bhubaneswar,2026-09-30 01:00:00,3,26.17784,0.0,6.007601792398207,26.319395684196287,0.5006014292216104,8.716571115175356
Bhubaneswar,2026-09-30 02:00:00,3,26.0517624,0.0,6.586830613169386,26.204540123844943,0.5851468471328183,9.57281707280638
Bhubaneswar,2026-09-30 03:00:00,3,25.8424378,0.0,6.7175869824130165,26.017013056427132,0.5473180817880215,9.97401334169351
Bhubaneswar,2026-09-30 04:00:00,3,25.5116966,0.0,6.56100083899916,25.723993583440944,0.5408550550592839,9.87715601169123
Bhubaneswar,2026-09-30 05:00:00,3,25.2308174,0.0,6.261186138813861,25.62984277738551,0.5109088991993519,9.131122287098007
Bhubaneswar,2026-09-30 06:00:00,3,25.752779,0.0,6.378758321241679,26.171190780943775,0.6774726018481342,9.333765463022216
Bhubaneswar,2026-09-30 07:00:00,3,27.4793282,0.0,6.814389685610314,27.787789176057654,0.6028948711105597,7.5726418964877835
Bhubaneswar,2026-09-30 08:00:00,3,29.2209898,0.0,7.107804492195507,29.372684764491808,0.5472092890970157,7.140355955747364
Bhubaneswar,2026-09-30 09:00:00,3,30.6544496,0.0,7.877347222652776,31.088806688780494,0.6826542464551548,7.59155325188069
Bhubaneswar,2026-09-30 10:00:00,3,31.9666912,0.0,8.228688371311629,32.293106080830995,0.9436218168820618,8.126318530823601
Bhubaneswar,2026-09-30 11:00:00,3,32.745199799999995,0.0,8.734602865397132,32.81075950931697,0.9461107870933632,9.20096933275414
Bhubaneswar,2026-09-30 12:00:00,3,33.294015200000004,0.0,8.417046282953716,32.982283394840174,0.9588092357448252,8.382933210755999
Bhubaneswar,2026-09-30 13:00:00,3,33.572250600000004,0.0,7.584390015609983,32.95517605366101,0.9309172065793042,7.535614525674807
Bhubaneswar,2026-09-30 14:00:00,3,33.4207928,0.0,7.155449244550755,32.439839609681854,0.8743347718611009,7.1080292615862595
Bhubaneswar,2026-09-30 15:00:00,3,32.886088,0.0273273,6.724708475291524,31.851718810701268,0.7917500706768514,6.760486923472138
Bhubaneswar,2026-09-30 16:00:00,3,31.9076556,0.0273273,3.71960508039492,30.777437475741312,0.5657612756297024,5.650859298328973
Bhubaneswar,2026-09-30 17:00:00,3,30.274803400000003,0.0273273,2.4828030171969826,29.532926212822733,0.396671245519314,4.226229545503112
Bhubaneswar,2026-09-30 18:00:00,3,29.003948800000003,0.0,3.782448817551182,29.104415745271076,0.329446073766304,6.369774608941354
Bhubaneswar,2026-09-30 19:00:00,3,28.1331404,0.0,6.093377306622693,28.335646042743463,0.30065315745518556,6.263652371765773
Bhubaneswar,2026-09-30 20:00:00,3,27.6877884,0.0,6.020432779567221,27.89013722680183,0.255827965988647,6.271326145940728
Bhubaneswar,2026-09-30 21:00:00,3,27.2867404,0.0,4.823917876082123,27.47440695143279,0.3267987968465599,6.156939305386654
Bhubaneswar,2026-09-30 22:00:00,3,26.8708832,0.0,3.848716351283648,27.063152558475302,0.39048173137878606,5.834338297097348
Bhubaneswar,2026-09-30 23:00:00,3,26.4685888,0.0,3.741857758142241,27.066878914855106,0.5332055901663756,5.729983474050669
Chandigarh,2026-09-28 00:00:00,1,22.5008526,0.0124062,4.038951261048739,22.97523304743366,0.07037810559606583,3.3931383816441594
Chandigarh,2026-09-28 01:00:00,1,22.3598381,0.0,3.636787863212137,22.77141037250991,0.05518348862838276,3.4944442566713767
Chandigarh,2026-09-28 02:00:00,1,21.9630019,0.0,3.1429668570331435,22.37531803361064,0.05342134642777464,3.3028456619589033
Chandigarh,2026-09-28 03:00:00,1,21.687847700000003,0.0,5.073737826262174,22.19315090506092,0.06880277827471062,4.891101463670617
Chandigarh,2026-09-28 04:00:00,1,21.7491827,0.0,5.968751731248269,22.262413151440263,0.13031573233952481,6.18503346999574
Chandigarh,2026-09-28 05:00:00,1,21.9949035,0.110831,6.300717299282701,22.63473270549882,0.2057716569355315,5.554999042245785
Chandigarh,2026-09-28 06:00:00,1,22.0202132,0.0,4.246383453616547,22.617610951023444,0.13619416342902832,4.88618010946929
Chandigarh,2026-09-28 07:00:00,1,22.8028871,0.0,3.590852109147891,23.333606843198904,0.07899897710886698,2.93338749586501
Chandigarh,2026-09-28 08:00:00,1,23.791573100000004,0.0,4.291457508542491,24.63298817871476,0.06413126738251936,3.5992960947364816
Chandigarh,2026-09-28 09:00:00,1,24.7372534,0.067578,3.9816037183962822,25.49366855748161,0.23299654724236857,4.171263501859433
Chandigarh,2026-09-28 10:00:00,1,25.424601000000003,0.446762,7.212182987817012,26.444134128126876,0.4472999901789478,6.05248889605069
Chandigarh,2026-09-28 11:00:00,1,25.020006100000003,0.3427572,8.295425804574196,26.01722936008037,0.4488244712718223,7.432671713875447
Chandigarh,2026-09-28 12:00:00,1,24.6201074,1.2460246,10.567450132549869,25.968957606809923,0.8087785853251341,8.906604554374036
Chandigarh,2026-09-28 13:00:00,1,24.1802655,0.8948744,10.225969574030426,25.548811810471886,0.8577173455360941,9.14474348656529
Chandigarh,2026-09-28 14:00:00,1,24.231648,0.7363938,10.466929933070068,25.480094717336335,0.6921621630945879,9.251133746090098
Chandigarh,2026-09-28 15:00:00,1,24.6773283,0.3611267999999999,7.921815178184822,25.790691713053228,0.5663748743370094,6.86447355556563
Chandigarh,2026-09-28 16:00:00,1,24.9224237,0.1308552,4.958738941261059,25.957563329884703,0.31721632878778594,3.9593660143927343
Chandigarh,2026-09-28 17:00:00,1,24.7169965,0.2005752,3.863052436947563,25.472764794621945,0.342006248804822,5.281663934575499
Chandigarh,2026-09-28 18:00:00,1,24.1344811,0.0664985999999999,1.927376772623228,24.75865565855716,0.13649111525367885,2.3930536183053204
Chandigarh,2026-09-28 19:00:00,1,23.4550738,0.0443324,4.014456885543114,24.212532561686643,0.11827676001836873,3.568878229437379
Chandigarh,2026-09-28 20:00:00,1,23.0128115,0.0,5.648226951773049,23.87084978707058,0.06136937368031758,5.502349343747371
Chandigarh,2026-09-28 21:00:00,1,22.736568,0.0,6.100780099219902,23.507620461488262,0.053247364183120954,4.977465205045666
Chandigarh,2026-09-28 22:00:00,1,22.571781800000004,0.0,5.465770834229166,23.24628057253579,0.053219001724118246,4.3251536017926835
Chandigarh,2026-09-28 23:00:00,1,22.0935876,0.0124062,5.43929666070334,22.587371421023246,0.06670933767775582,4.04824060508524
Chandigarh,2026-09-29 00:00:00,2,21.6551476,0.0637725,5.069967,22.211360835528577,0.1351476142388005,3.637093250780967
Chandigarh,2026-09-29 01:00:00,2,21.3469916,0.042515,4.325293800000001,21.871886157646678,0.09195773631290714,4.041283003661859
Chandigarh,2026-09-29 02:00:00,2,21.0677629,0.0,4.194578,21.58511024839288,0.050308778675147485,3.8422458746824715
Chandigarh,2026-09-29 03:00:00,2,20.7559402,0.0,5.442459400000001,21.301172463347285,0.05024838422334649,5.381307006580635
Chandigarh,2026-09-29 04:00:00,2,20.5731127,0.0,6.0381676,21.114272648668013,0.05803684071188097,5.779843799670489
Chandigarh,2026-09-29 05:00:00,2,20.476739,0.0,6.2552752,21.10348306123254,0.08288008567586676,6.4084489326546885
Chandigarh,2026-09-29 06:00:00,2,20.609964,0.0,6.1190362,21.287095680121244,0.08551301780841282,6.237233864931765
Chandigarh,2026-09-29 07:00:00,2,21.8615494,0.0,5.9552481,22.55917222669375,0.08916179011474097,5.837270877912577
Chandigarh,2026-09-29 08:00:00,2,23.9353695,0.0,4.27257,24.70052101232797,0.06943824766061861,5.131374333857985
Chandigarh,2026-09-29 09:00:00,2,25.6857517,0.0,6.0804675,26.553639898824763,0.07465441499133502,6.155182402627755
Chandigarh,2026-09-29 10:00:00,2,27.2291567,0.0,8.052089,28.216241723629143,0.07117278439648103,6.903765829279021
Chandigarh,2026-09-29 11:00:00,2,28.5003255,0.0,9.297992099999998,29.230640743851886,0.04837869283295548,8.06502410884217
Chandigarh,2026-09-29 12:00:00,2,29.5335352,0.0,9.818768,29.961889372941574,0.046960603017476614,8.741454961728618
Chandigarh,2026-09-29 13:00:00,2,30.3063314,0.0,10.8092999,30.700122663318407,0.043203935487220076,9.661325906606304
Chandigarh,2026-09-29 14:00:00,2,30.768988,0.0,12.152094900000002,31.124561827894123,0.04718627963210968,10.734692836899193
Chandigarh,2026-09-29 15:00:00,2,30.6605719,0.0,12.613299,30.846374472640875,0.04796177713669819,11.092207070397604
Chandigarh,2026-09-29 16:00:00,2,30.1971478,0.0,12.02251,30.281822107880362,0.044692649045532634,10.511990200829988
Chandigarh,2026-09-29 17:00:00,2,29.002281,0.0,10.1752851,29.17714937619361,0.04269289022400869,9.8436862024529
Chandigarh,2026-09-29 18:00:00,2,27.2790904,0.0,9.1298833,27.67987726046897,0.04853869611220472,8.140357567864081
Chandigarh,2026-09-29 19:00:00,2,26.133031,0.0,8.8891926,26.744272738561236,0.0766138990424822,7.333646599789706
Chandigarh,2026-09-29 20:00:00,2,25.2709344,0.0,8.7401543,25.95901870743619,0.099771952632851,7.393957727810872
Chandigarh,2026-09-29 21:00:00,2,24.6265177,0.0,8.2507089,25.44535727548281,0.06351822689231175,7.290348522066335
Chandigarh,2026-09-29 22:00:00,2,24.0643128,0.0,7.063820399999999,24.900439785982627,0.06109197959430261,6.126622528605573
Chandigarh,2026-09-29 23:00:00,2,23.558963,0.0,7.2483316,24.367506162437728,0.0571373964214781,6.368622442117066
Chandigarh,2026-09-30 00:00:00,3,23.021530400000003,0.0,7.513540113540113,23.63531746456033,0.07462663022845639,7.1948769506533425
Chandigarh,2026-09-30 01:00:00,3,22.6013887,0.0,7.21016401016401,23.21261583641614,0.072633919359798,7.406282284747057
Chandigarh,2026-09-30 02:00:00,3,22.1679165,0.0,7.084109384109384,22.742609401194873,0.072633919359798,7.439883429668452
Chandigarh,2026-09-30 03:00:00,3,21.7792376,0.0,7.021552521552522,22.35393050119487,0.06993994840713558,7.405148952814768
Chandigarh,2026-09-30 04:00:00,3,21.4001757,0.0,6.300477500477501,21.978290571193533,0.06854444347510055,5.881460695111106
Chandigarh,2026-09-30 05:00:00,3,21.2810665,0.0,6.510249110249111,21.966171997350017,0.06854444347510055,6.601173469418116
Chandigarh,2026-09-30 06:00:00,3,21.3713937,0.0,6.970828970828971,22.038625591443115,0.06481309111681866,7.520501600007289
Chandigarh,2026-09-30 07:00:00,3,22.7278556,0.0,5.613064513064513,23.536789154488204,0.07251901705113681,5.959818799335039
Chandigarh,2026-09-30 08:00:00,3,25.1010378,0.0,5.381639481639482,25.82810139145448,0.08074701991860016,5.816399938138582
Chandigarh,2026-09-30 09:00:00,3,27.0830725,0.0,7.199341099341099,27.931214682101565,0.07661812971448445,6.405945092860346
Chandigarh,2026-09-30 10:00:00,3,28.9618981,0.0,9.96023886023886,29.439566374872044,0.053091157401691486,8.485151551317744
Chandigarh,2026-09-30 11:00:00,3,30.3825999,0.0,11.941152841152842,30.754163517490795,0.0529059532278249,9.28177033365318
Chandigarh,2026-09-30 12:00:00,3,31.4444373,0.0,13.281249581249584,31.220723586939815,0.053775965308164336,10.477484852024364
Chandigarh,2026-09-30 13:00:00,3,32.0881981,0.0,14.28900168900169,31.655857032681592,0.054661445596476475,12.014963461191723
Chandigarh,2026-09-30 14:00:00,3,32.314914900000005,0.0,14.774610574610575,31.695687234629958,0.05589199477602118,12.282866455408495
Chandigarh,2026-09-30 15:00:00,3,32.1122897,0.0,14.057029557029557,31.617906560261044,0.05463089163868466,11.740475058033704
Chandigarh,2026-09-30 16:00:00,3,31.434496600000003,0.0,13.63035893035893,31.066915066947047,0.05136302509662473,11.12109548751101
Chandigarh,2026-09-30 17:00:00,3,30.0318848,0.0,10.918130018130018,29.721349018428867,0.0472093580845508,10.180806727780118
Chandigarh,2026-09-30 18:00:00,3,28.1756033,0.0,9.167719967719968,28.310114294166535,0.05490152673736576,8.281156790044447
Chandigarh,2026-09-30 19:00:00,3,26.9201048,0.0,8.368203268203267,27.35155205987189,0.07393441426789277,6.985612471735679
Chandigarh,2026-09-30 20:00:00,3,25.9858362,0.0,8.06217716217716,26.529554349843732,0.07906940979371557,6.461522245567637
Chandigarh,2026-09-30 21:00:00,3,25.2239988,0.0,7.413072513072513,25.940498365631676,0.08628118484515213,6.509436806282116
Chandigarh,2026-09-30 22:00:00,3,24.680238000000003,0.0,7.41992221992222,25.4173684738048,0.08698698367554498,6.728886462349947
Chandigarh,2026-09-30 23:00:00,3,24.1278371,0.0,7.474550774550775,24.86139647117265,0.08170953596051285,6.714013785386548
Chennai,2026-09-28 00:00:00,1,29.135936435936436,0.0,5.2657229,28.528000937823357,0.06796616958054554,5.621452047793504
Chennai,2026-09-28 01:00:00,1,28.879041579041576,0.0,6.218609000000001,28.26924873015788,0.06785397654904096,6.457967661034508
Chennai,2026-09-28 02:00:00,1,28.64183144183144,0.0,7.1167791000000005,27.998789879843187,0.06009142291230365,7.077944308513291
Chennai,2026-09-28 03:00:00,1,28.458163358163358,0.0,7.9691972,27.857984581391985,0.06393903643574143,6.761409742106124
Chennai,2026-09-28 04:00:00,1,28.23013043013043,0.0,9.148198099999998,28.191743503970653,0.07488164443890685,7.566775699214299
Chennai,2026-09-28 05:00:00,1,28.297949497949496,0.0,7.1609328,27.81031423777707,0.05957784526273497,6.943260132702267
Chennai,2026-09-28 06:00:00,1,28.427636027636023,0.0,7.8615568,27.918863282715705,0.061595708374652426,7.501006989334051
Chennai,2026-09-28 07:00:00,1,29.759343659343656,0.0,8.6005641,29.29900732591008,0.06057817092799814,7.649184714607783
Chennai,2026-09-28 08:00:00,1,31.47814717814717,0.0,8.6900642,31.802685378454473,0.057175773375620166,8.092223514140167
Chennai,2026-09-28 09:00:00,1,33.06727956727957,0.0,6.54258,33.223889835199266,0.05897501624568978,6.424284199488975
Chennai,2026-09-28 10:00:00,1,34.36396496396496,0.0,3.5936648,34.00915228460527,0.07421427516249875,4.565943775966375
Chennai,2026-09-28 11:00:00,1,35.19088519088518,0.0,4.8667292,34.8155438728168,0.07661276813573009,5.492834164115798
Chennai,2026-09-28 12:00:00,1,35.41304591304591,0.0904464904464904,8.4664047,34.85248120002218,0.39323392518559785,8.13747458417937
Chennai,2026-09-28 13:00:00,1,34.62443902443902,0.0904464904464904,13.0155279,33.98204123955152,0.42243274974107853,10.019222779246155
Chennai,2026-09-28 14:00:00,1,33.2021696021696,0.0904464904464904,13.9033701,32.46873783201906,0.39193216235689404,10.197708602563274
Chennai,2026-09-28 15:00:00,1,32.91351491351491,0.0452232452232452,13.2223189,32.085317747926325,0.33886237500575633,9.333704582078198
Chennai,2026-09-28 16:00:00,1,32.25236325236325,0.0452232452232452,14.3861297,31.58050072923476,0.2867234445144926,10.143675500776894
Chennai,2026-09-28 17:00:00,1,31.51451881451881,0.0452232452232452,12.1363019,31.194840870909925,0.2382700657333271,9.113508365941161
Chennai,2026-09-28 18:00:00,1,30.801032601032595,0.0,10.2577139,30.560508493911524,0.058794542647502314,7.574898453901072
Chennai,2026-09-28 19:00:00,1,30.390017990017988,0.0,8.503924399999999,30.22198771594848,0.0607704446753106,7.7805109683425355
Chennai,2026-09-28 20:00:00,1,29.92078782078782,0.0261668261668261,7.5532153,29.95718432348739,0.09640600919739996,7.151491061994422
Chennai,2026-09-28 21:00:00,1,29.46125596125596,0.0,9.265389,29.48986930903222,0.05585420761582318,8.169619684087214
Chennai,2026-09-28 22:00:00,1,29.171692871692866,0.0,9.755879,29.280242742108232,0.053865626343309936,7.74984047100158
Chennai,2026-09-28 23:00:00,1,28.947391247391245,0.0,9.9146882,29.088241792080627,0.053865626343309936,7.933094414939077
Chennai,2026-09-29 00:00:00,2,28.3902856,0.0224502,10.231454,28.434466529890322,0.13770408627438466,9.429779153002112
Chennai,2026-09-29 01:00:00,2,27.483286,0.1022409,11.155715700000002,27.74362469385463,0.22334738353705824,10.307824198242319
Chennai,2026-09-29 02:00:00,2,26.8274128,0.2086285,11.099172,27.053443496556337,0.30856590760092745,10.790854961413698
Chennai,2026-09-29 03:00:00,2,26.7256676,0.0,9.9668504,26.940958229591168,0.06258298649123731,9.38407626512005
Chennai,2026-09-29 04:00:00,2,26.638327,0.0,10.2708508,26.849349207738584,0.062069408841668616,9.519061095232082
Chennai,2026-09-29 05:00:00,2,26.6473014,0.0,9.9722403,26.99215786605609,0.062069408841668616,9.263439912585776
Chennai,2026-09-29 06:00:00,2,27.001551400000004,0.0,9.6851649,27.330799221765687,0.05711402964014195,8.936240881480789
Chennai,2026-09-29 07:00:00,2,28.154892000000004,0.0,11.1807106,28.464151094340732,0.05590179603161051,9.939002524570817
Chennai,2026-09-29 08:00:00,2,29.7771706,0.0,11.7519302,29.734861912105686,0.054819418683987334,9.648007893555082
Chennai,2026-09-29 09:00:00,2,31.780157000000003,0.0,10.8002218,31.758051347076208,0.054819418683987334,8.871318277133874
Chennai,2026-09-29 10:00:00,2,33.6306888,0.0,8.6576603,33.48657919347334,0.055187192103106915,8.024344742366415
Chennai,2026-09-29 11:00:00,2,34.9902488,0.0,6.1836711,34.59557567804128,0.06033442751554673,5.90682166580221
Chennai,2026-09-29 12:00:00,2,35.5192544,0.0224502,4.9019575,34.671640529293995,0.1466727860776264,4.982814582290054
Chennai,2026-09-29 13:00:00,2,35.1482448,0.0490471,8.8370725,34.07763018279281,0.2222920727924778,7.033054812962094
Chennai,2026-09-29 14:00:00,2,33.6605024,0.418191,13.6105221,32.864295808916964,0.3136654084555582,11.445202928256935
Chennai,2026-09-29 15:00:00,2,32.034498400000004,0.7412157,14.4292117,31.379839096653335,0.6103924068187905,11.579893378530093
Chennai,2026-09-29 16:00:00,2,31.223517,0.0224502,14.3311912,30.565740456259764,0.13280330169456558,10.536977240579954
Chennai,2026-09-29 17:00:00,2,30.725594,0.0224502,12.06858,30.47395176736638,0.1252428886460239,9.143877508316514
Chennai,2026-09-29 18:00:00,2,29.9676922,0.0531938,11.2666516,29.985097175714806,0.1228351755264047,8.846130846578527
Chennai,2026-09-29 19:00:00,2,29.6542992,0.0,8.9247592,29.71858920096756,0.05409128233226571,8.323633570888077
Chennai,2026-09-29 20:00:00,2,29.308412,0.0531938,6.7653575,29.244010507377286,0.11514334730937203,6.667141796380757
Chennai,2026-09-29 21:00:00,2,29.0916506,0.0265969,7.052489900000001,29.008906522300716,0.08721384566839666,6.974277164069616
Chennai,2026-09-29 22:00:00,2,28.8726364,0.0,6.6701208,28.79030026855444,0.053865626343309936,6.494616437445594
Chennai,2026-09-29 23:00:00,2,28.739408600000004,0.0,5.7939302,28.679817296477783,0.057389408931167646,5.7899049742290645
Chennai,2026-09-30 00:00:00,3,28.487404912595085,0.0,5.308294808294809,27.922430194421437,0.07805210189508366,5.616896123235184
Chennai,2026-09-30 01:00:00,3,28.35287774712225,0.0,6.145853745853746,27.78635121847965,0.06943793394243443,6.502096252210321
Chennai,2026-09-30 02:00:00,3,28.146614953385043,0.0,6.494207194207194,27.57163504973262,0.06804025051455584,6.528569096931811
Chennai,2026-09-30 03:00:00,3,27.84348355651644,0.0,7.255744655744655,27.254458554002838,0.0607688199387001,7.228072199237575
Chennai,2026-09-30 04:00:00,3,27.42372137627862,0.0,8.046192946192946,26.81780151430382,0.059034843369330084,7.695158517749453
Chennai,2026-09-30 05:00:00,3,27.297937502062496,0.0,8.514712514712516,26.827461254947785,0.05866706995021051,8.013837132993906
Chennai,2026-09-30 06:00:00,3,27.49473780526219,0.0,8.587204287204287,27.039311739189575,0.058837895829379434,8.034448653931104
Chennai,2026-09-30 07:00:00,3,28.71487358512641,0.0,9.449828449828448,28.78370998034187,0.05678781962664679,8.201769784196415
Chennai,2026-09-30 08:00:00,3,30.299976100023898,0.0,9.271674171674173,30.395878755461784,0.055632201171385634,7.497390110942858
Chennai,2026-09-30 09:00:00,3,31.999470000529996,0.0,7.664824364824364,32.34856637383156,0.055632201171385634,7.16797068825967
Chennai,2026-09-30 10:00:00,3,33.5052266947733,0.0,5.276962776962777,33.597848265494235,0.0564020109880168,5.1238662630265885
Chennai,2026-09-30 11:00:00,3,34.573324826675176,0.0,4.005746005746006,34.23039494452716,0.06353782767296987,4.807493768970714
Chennai,2026-09-30 12:00:00,3,34.85328944671055,0.0486856486856486,5.349958749958749,33.9144100690249,0.3087780084945184,6.042188105447321
Chennai,2026-09-30 13:00:00,3,34.59718400281599,0.0486856486856486,9.652284552284552,33.456136441273514,0.32125362813080116,8.748625586665625
Chennai,2026-09-30 14:00:00,3,33.800593899406095,0.0486856486856486,12.824203024203026,32.63777734239946,0.3161971399741643,9.819733640686733
Chennai,2026-09-30 15:00:00,3,32.87669442330557,0.0,14.042827042827042,31.557356426715813,0.055787886931564924,10.170477468649334
Chennai,2026-09-30 16:00:00,3,31.86566203433796,0.0,13.543010143010145,30.86480730147838,0.055787886931564924,9.548197466948377
Chennai,2026-09-30 17:00:00,3,31.02582827417172,0.0,12.328521628521628,30.384804198802854,0.05508395415407859,9.381360581051052
Chennai,2026-09-30 18:00:00,3,30.299361400638595,0.0,11.36030906030906,30.05181341183732,0.05508395415407859,8.840026455610655
Chennai,2026-09-30 19:00:00,3,29.782047617952376,0.0,8.853486753486752,29.78840582082114,0.05416851798142485,7.9843283881340685
Chennai,2026-09-30 20:00:00,3,29.452758747241248,0.0,7.187371287371287,29.35295050869357,0.055148051718365176,6.831515934331053
Chennai,2026-09-30 21:00:00,3,29.12381137618862,0.0,6.64071034071034,29.01964963940477,0.054472103639298636,6.384686767823498
Chennai,2026-09-30 22:00:00,3,28.79833690166309,0.0,6.206980406980406,28.71076539529972,0.0575992926883433,6.052915848140775
Chennai,2026-09-30 23:00:00,3,28.469389530610464,0.0,5.767893967893968,28.437487417017856,0.06401774209682444,5.8370568529677485
Coimbatore,2026-09-28 00:00:00,1,24.2956504,0.0,10.9937762,24.243605426902782,0.08569910528790707,9.24040572084585
Coimbatore,2026-09-28 01:00:00,1,23.8366305,0.0,10.4781375,23.82574765982518,0.05584608396077093,9.10684288010392
Coimbatore,2026-09-28 02:00:00,1,23.4322483,0.0,9.7456412,23.44930212907096,0.03803136919830802,8.695025035356291
Coimbatore,2026-09-28 03:00:00,1,23.131903300000005,0.0,9.0122387,23.220057033571706,0.03303858168132051,8.611231241810966
Coimbatore,2026-09-28 04:00:00,1,22.917595100000003,0.0,8.7854017,23.336843001575176,0.038261486497935045,8.30850319801189
Coimbatore,2026-09-28 05:00:00,1,22.982712300000003,0.0,8.5769346,23.748344675925964,0.053460164149725216,8.292275129698314
Coimbatore,2026-09-28 06:00:00,1,23.17273280000001,0.0,7.9938481,23.99957563173208,0.061346214604712165,7.727290200393185
Coimbatore,2026-09-28 07:00:00,1,24.9211902,0.0,8.0222516,25.737145309084884,0.08795555786219376,7.72731003774901
Coimbatore,2026-09-28 08:00:00,1,27.1807845,0.0,8.3590454,27.759222623788602,0.058151010070137996,7.658655388968872
Coimbatore,2026-09-28 09:00:00,1,29.363610600000005,0.0,8.0905406,29.882543663287002,0.056638698387297515,7.369177511099943
Coimbatore,2026-09-28 10:00:00,1,31.219496,0.0,8.5198926,31.41161417521099,0.05705126388749652,7.869050370008072
Coimbatore,2026-09-28 11:00:00,1,32.7432093,0.0,9.581281,32.78473747074165,0.05880356203673179,8.793665695209327
Coimbatore,2026-09-28 12:00:00,1,33.76249680000001,0.0271683,10.8699875,33.73711433360186,0.15450502174002853,9.93447687183863
Coimbatore,2026-09-28 13:00:00,1,34.3293826,0.0271683,12.7576256,34.20875290749013,0.14906812140417727,11.282598867608801
Coimbatore,2026-09-28 14:00:00,1,34.306747900000005,0.0271683,14.826702,33.98491031135112,0.14658054045276236,12.935634177380706
Coimbatore,2026-09-28 15:00:00,1,33.7374244,0.0543366,16.392648100000002,33.45262842031255,0.2863396320526771,13.803812618975389
Coimbatore,2026-09-28 16:00:00,1,32.555424800000004,0.0543366,17.4759199,32.314325603165514,0.27448337386458094,14.590836587257286
Coimbatore,2026-09-28 17:00:00,1,31.0712286,0.0543366,17.632221899999998,30.49605254956032,0.2595538536416339,14.689496856117032
Coimbatore,2026-09-28 18:00:00,1,29.1259057,0.0,16.320564400000002,29.040861404124136,0.05784691562196485,13.5219408741811
Coimbatore,2026-09-28 19:00:00,1,27.5957937,0.0,15.093114,27.58892091726788,0.058804544966023185,12.226249684841026
Coimbatore,2026-09-28 20:00:00,1,26.5608715,0.0,13.2779486,26.679964000110086,0.058802583391035564,10.550957704317666
Coimbatore,2026-09-28 21:00:00,1,25.7923536,0.0,11.7335459,25.86412426243274,0.05940588567617449,9.421653613067193
Coimbatore,2026-09-28 22:00:00,1,25.299738,0.0,9.9855575,25.344961668685436,0.06716376372500452,7.926721540758372
Coimbatore,2026-09-28 23:00:00,1,25.0127917,0.0,8.5458392,25.93771953835725,0.07684911961209397,6.813914633896782
Coimbatore,2026-09-29 00:00:00,2,24.6560422,0.0,7.536665463334536,25.486999001931228,0.08452788232787842,6.006326213601322
Coimbatore,2026-09-29 01:00:00,2,24.4575394,0.0,6.14130215869784,25.298114451251436,0.08965301508672754,5.321311308389097
Coimbatore,2026-09-29 02:00:00,2,24.115587,0.0,5.83145876854123,24.965585239938534,0.08799514644370106,5.17885040596157
Coimbatore,2026-09-29 03:00:00,2,23.8174275,0.0,5.862439837560162,24.660978751352104,0.061579782823399744,5.3747566973643215
Coimbatore,2026-09-29 04:00:00,2,23.5695712,0.0,5.684495315504684,24.409543034110428,0.048963649645087315,5.263857164920251
Coimbatore,2026-09-29 05:00:00,2,23.4245844,0.0,5.376380023619976,24.2804963064711,0.04304238564529796,5.9073884043923295
Coimbatore,2026-09-29 06:00:00,2,23.4522823,0.0,4.599720600279399,24.297437271577344,0.06622914135693893,5.339917792234881
Coimbatore,2026-09-29 07:00:00,2,24.9928624,0.0,3.816550483449516,25.836944739582226,0.10150729139135625,4.7986431563647285
Coimbatore,2026-09-29 08:00:00,2,27.0574201,0.0,4.348907251092749,27.784492177110124,0.05838675701622925,4.6963980862548365
Coimbatore,2026-09-29 09:00:00,2,29.030427900000003,0.0,4.896733703266296,29.75637095676839,0.056638698387297515,5.2547476575827545
Coimbatore,2026-09-29 10:00:00,2,30.8711864,0.0,6.629071770928228,31.214023304043558,0.056638698387297515,6.160992583271263
Coimbatore,2026-09-29 11:00:00,2,32.3609951,0.0,8.867485532514467,32.31860903616035,0.05627092496817794,8.142608234469208
Coimbatore,2026-09-29 12:00:00,2,33.4734293,0.0,11.246971053028943,33.36799015702539,0.058349280406031705,10.152926723257663
Coimbatore,2026-09-29 13:00:00,2,34.0649994,0.0,13.26182983817016,33.87347392527116,0.05790954170745875,11.812170198442765
Coimbatore,2026-09-29 14:00:00,2,34.276787,0.0,15.01321928678071,33.6606381879234,0.05790954170745875,13.293841002309115
Coimbatore,2026-09-29 15:00:00,2,33.7335814,0.0,15.626341973658024,33.21044089398837,0.05818390954423866,13.833356246226433
Coimbatore,2026-09-29 16:00:00,2,32.5934493,0.0,16.353249846750153,32.15193365696487,0.05820520846863816,14.083891286690212
Coimbatore,2026-09-29 17:00:00,2,30.8185419,0.0,16.266557333442666,30.038954252038877,0.05639759683524098,13.103004024733035
Coimbatore,2026-09-29 18:00:00,2,28.7089383,0.0,14.2008691991308,28.70895421729879,0.05677056801634966,11.344674075695693
Coimbatore,2026-09-29 19:00:00,2,27.4186614,0.0,12.028107771892229,27.404154437476574,0.05829999761009231,9.652484521682577
Coimbatore,2026-09-29 20:00:00,2,26.4609371,0.0,10.329621370378629,26.585700815999758,0.057927063240621315,7.947859017733385
Coimbatore,2026-09-29 21:00:00,2,25.6662735,0.0,9.35179034820965,25.752829634221595,0.058856422814378744,7.386730568384017
Coimbatore,2026-09-29 22:00:00,2,24.9920516,0.0,9.27037412962587,25.054415419113152,0.06819923472409915,7.4094932605399535
Coimbatore,2026-09-29 23:00:00,2,24.523087,0.0,9.42150517849482,24.629498573377848,0.0758909684782145,8.017790518884533
Coimbatore,2026-09-30 00:00:00,3,24.08489528489529,0.0,9.354627945372057,24.070997925742983,0.09214781777954448,7.855754416525267
Coimbatore,2026-09-30 01:00:00,3,23.736299136299134,0.0,9.190522009477991,23.770394431817127,0.050518338428056635,7.782540145619578
Coimbatore,2026-09-30 02:00:00,3,23.50984820984821,0.0,9.134668865331136,23.55367674492201,0.04663251345568001,7.725674053349737
Coimbatore,2026-09-30 03:00:00,3,23.301549101549103,0.0,8.7009615990384,23.879859835495793,0.03970061270471725,7.452262738410846
Coimbatore,2026-09-30 04:00:00,3,22.982331282331284,0.0244250244250244,7.574642725357275,23.584019387014813,0.06147563455903433,6.969461547192961
Coimbatore,2026-09-30 05:00:00,3,22.881021581021585,0.0244250244250244,6.757057542942458,23.51311552457922,0.06698746759554713,6.325837197325097
Coimbatore,2026-09-30 06:00:00,3,23.11802331802332,0.0,6.177286322713677,23.945508710012803,0.04168757604038451,6.379707922676544
Coimbatore,2026-09-30 07:00:00,3,24.63562343562344,0.0,6.073373526626474,25.461767369360782,0.13487193420488058,6.291677312207575
Coimbatore,2026-09-30 08:00:00,3,26.78035018035018,0.0,6.131198768801232,27.47451228225324,0.09338279784676837,5.485089436755624
Coimbatore,2026-09-30 09:00:00,3,28.950337850337853,0.0,6.268699531300468,29.6663640369736,0.059854936002241975,6.1699353100005725
Coimbatore,2026-09-30 10:00:00,3,30.92775612775613,0.0,6.444173955826044,31.08539896361218,0.08212302599833206,6.305882229381684
Coimbatore,2026-09-30 11:00:00,3,32.54384924384925,0.0,6.853643946356053,32.63056853320096,0.08212302599833206,6.235991059237742
Coimbatore,2026-09-30 12:00:00,3,33.617830317830325,0.0263702263702263,8.408637491362509,33.444148891088936,0.16075181651490983,7.660963968941568
Coimbatore,2026-09-30 13:00:00,3,34.20529860529861,0.0263702263702263,10.147052652947348,33.90637480471386,0.14861416699972732,8.435853633423532
Coimbatore,2026-09-30 14:00:00,3,34.22700712700713,0.0263702263702263,11.721929678070325,33.603752941030244,0.1532856496399617,9.547996088092932
Coimbatore,2026-09-30 15:00:00,3,33.34028314028314,0.0507952507952507,13.243738556261444,32.97178155708487,0.1806589832317177,10.928056207085332
Coimbatore,2026-09-30 16:00:00,3,32.03435053435054,0.124070324070324,13.882104717895285,31.59865489165304,0.30049729708983,10.998163546999415
Coimbatore,2026-09-30 17:00:00,3,30.615017715017714,0.0752202752202752,13.76990873009127,29.888698604102238,0.21702123794746564,10.801680592051628
Coimbatore,2026-09-30 18:00:00,3,29.031303631303636,0.2012358012358012,11.467314332685667,28.71229683825133,0.4355320679795828,8.90187705602548
Coimbatore,2026-09-30 19:00:00,3,27.77591107591108,0.1035357035357035,9.603945996054003,27.86689255608366,0.3033510663350125,7.326722972407632
Coimbatore,2026-09-30 20:00:00,3,26.80885080885081,0.1035357035357035,8.636120663879336,27.40569548601115,0.28760660796309123,6.66896920625615
Coimbatore,2026-09-30 21:00:00,3,25.922448522448526,0.3419503419503419,8.397384602615398,26.378433651193937,0.3736286417118872,6.497738422650956
Coimbatore,2026-09-30 22:00:00,3,25.31066581066581,0.7380819380819381,8.521420478579522,25.627326018732923,0.8716299450008146,6.72745363710097
Coimbatore,2026-09-30 23:00:00,3,24.82869342869343,0.7634477634477634,8.35034954965045,25.35138432553957,0.7563375067536302,6.737240228434439
Dehradun,2026-09-28 00:00:00,1,19.7545133,0.2667284667284667,5.904925,20.073486664381438,0.3621468212293284,5.625225121702976
Dehradun,2026-09-28 01:00:00,1,19.813319600000003,0.1221958221958222,5.183373,20.12857376395312,0.2476135221716375,4.746296639109202
Dehradun,2026-09-28 02:00:00,1,19.7031205,0.0932892932892932,4.1737455,19.915663103382663,0.2183110257265003,3.988002895234382
Dehradun,2026-09-28 03:00:00,1,19.5611576,0.0621928621928622,3.3019192000000004,19.724093892423515,0.1842008720645284,2.969977658310226
Dehradun,2026-09-28 04:00:00,1,19.563116200000003,0.0621928621928622,3.5421531,19.74315148612308,0.17968022401270567,3.1521244183447137
Dehradun,2026-09-28 05:00:00,1,19.849188500000004,0.0621928621928622,4.327484,20.113574932323115,0.18408616350747303,4.185877912899238
Dehradun,2026-09-28 06:00:00,1,19.797636,0.0,4.0187009,20.03361881448526,0.06606141583844667,3.566504651007284
Dehradun,2026-09-28 07:00:00,1,20.478993,0.0,3.7402861,20.655913252023208,0.06811611412616064,3.680206207772421
Dehradun,2026-09-28 08:00:00,1,21.629952900000003,0.0195151195151195,2.034761,21.776590224806245,0.1333624802273084,2.7874829607366
Dehradun,2026-09-28 09:00:00,1,23.232276,0.0195151195151195,2.2631062,23.43589986973002,0.12587648013361513,3.0709488582801665
Dehradun,2026-09-28 10:00:00,1,24.5454183,0.0195151195151195,4.7642995,25.05980621057055,0.13984721405883485,5.662931059979224
Dehradun,2026-09-28 11:00:00,1,24.7735099,0.039030239030239,5.728768100000001,25.39261074350175,0.15527837928456062,6.64583142401472
Dehradun,2026-09-28 12:00:00,1,25.0646948,0.1829310829310829,6.2926018,25.62901336444598,0.39923236165258125,7.156029106286927
Dehradun,2026-09-28 13:00:00,1,25.237042100000004,0.1728073728073728,6.506063300000001,25.370387823526773,0.40264399107632776,7.247035876231717
Dehradun,2026-09-28 14:00:00,1,25.0060468,0.1243857243857244,5.5455398,25.070786237526224,0.3528409964594099,5.924968212444608
Dehradun,2026-09-28 15:00:00,1,24.488547000000004,0.3314462314462315,5.023700600000001,24.528538450533716,0.4623500700244566,5.321610369671972
Dehradun,2026-09-28 16:00:00,1,23.492418,0.3724100724100724,4.023022200000001,23.77052655757597,0.4710567158981699,4.809213649623559
Dehradun,2026-09-28 17:00:00,1,22.5006532,0.310964310964311,3.3130023000000004,22.68438522098418,0.34251453403571513,3.871786297964968
Dehradun,2026-09-28 18:00:00,1,21.5901192,0.0,3.6697569,21.795363354119665,0.08987469348014371,2.6103599924781746
Dehradun,2026-09-28 19:00:00,1,21.262712200000003,0.0,3.6566869,21.500945635638526,0.0892945548509605,2.5380452244245495
Dehradun,2026-09-28 20:00:00,1,21.1331298,0.0,3.8886067,21.33625096978304,0.09083236587928922,3.5833029261788596
Dehradun,2026-09-28 21:00:00,1,20.913131,0.0,4.7558413,20.979067618565743,0.08455244922470112,4.318534132188938
Dehradun,2026-09-28 22:00:00,1,20.7499799,0.0,4.8508011,20.788594193120808,0.07454159725492085,4.533980079496862
Dehradun,2026-09-28 23:00:00,1,20.7199586,0.0,5.5527562,20.839884135637742,0.0855707776162724,5.299582360929558
Dehradun,2026-09-29 00:00:00,2,20.7016587,0.0,5.1965319,21.102737782825905,0.0736260648600284,4.674118083899405
Dehradun,2026-09-29 01:00:00,2,20.4933628,0.0,4.686353,20.857695772419824,0.07067884107377645,4.392529834917433
Dehradun,2026-09-29 02:00:00,2,20.2643026,0.0,4.3661936,20.541350429231645,0.06367391749480386,4.147951962279312
Dehradun,2026-09-29 03:00:00,2,19.9435383,0.0,4.4472691,20.221585407379425,0.06330198400449856,4.144945968466547
Dehradun,2026-09-29 04:00:00,2,19.6147621,0.0,4.867583099999999,19.99897433786107,0.06335815991544039,4.344248228133201
Dehradun,2026-09-29 05:00:00,2,19.4640082,0.0,4.8922478,19.887717464322368,0.06570041124986083,4.479709229586977
Dehradun,2026-09-29 06:00:00,2,19.530596300000003,0.0,4.724981099999999,19.912744588404585,0.06541493045239116,4.366833334595263
Dehradun,2026-09-29 07:00:00,2,20.895183000000003,0.0,3.9190118,21.14036360164959,0.07363667749284886,3.371459582305207
Dehradun,2026-09-29 08:00:00,2,23.1556075,0.0,1.6194309999999998,23.29162780887469,0.12492551623076702,2.4124873325572107
Dehradun,2026-09-29 09:00:00,2,24.6173116,0.0,3.4733009,24.716170679960236,0.11528241849898302,4.232206334873319
Dehradun,2026-09-29 10:00:00,2,25.835667,0.0,5.0084868,26.045032465035046,0.1103604875033593,4.772682690077597
Dehradun,2026-09-29 11:00:00,2,26.7878618,0.0,6.214628299999999,27.03860384328019,0.1572849767967177,5.707651989537268
Dehradun,2026-09-29 12:00:00,2,27.3559473,0.0,7.5167493,27.52464235211974,0.12401904042921112,7.163082275310319
Dehradun,2026-09-29 13:00:00,2,27.6240328,0.0,8.0003302,27.7880778030294,0.13254776880852773,7.724211150887893
Dehradun,2026-09-29 14:00:00,2,27.5553406,0.0,8.2886424,27.72434242004625,0.1346811521371211,7.774977272590118
Dehradun,2026-09-29 15:00:00,2,27.1335525,0.0,7.4661577,27.30460506076881,0.125855981336849,7.109673480284529
Dehradun,2026-09-29 16:00:00,2,26.4311822,0.0,6.4274130000000005,26.701028293433506,0.14852162755623238,5.887538742615818
Dehradun,2026-09-29 17:00:00,2,25.107139,0.0,4.3935835,25.483676935341762,0.10103472223960659,4.9212561633451575
Dehradun,2026-09-29 18:00:00,2,23.6053189,0.0,3.8593392,23.76674587331624,0.10439999763431862,2.945339222685496
Dehradun,2026-09-29 19:00:00,2,22.841072800000003,0.0,4.495129599999999,23.104791611811613,0.10183366896039737,3.5112698469952064
Dehradun,2026-09-29 20:00:00,2,22.3289271,0.0,4.4332629,22.543548634493973,0.10393930842500514,4.043757464000741
Dehradun,2026-09-29 21:00:00,2,21.9123249,0.0,4.241394999999999,22.090629503449026,0.09062653065801764,3.8502299985419204
Dehradun,2026-09-29 22:00:00,2,21.4976476,0.0,4.6142922,21.602013646655497,0.09172166070641766,4.2326255992767905
Dehradun,2026-09-29 23:00:00,2,21.0829703,0.0,4.8039556,21.215251476744882,0.08190881207723699,4.47038235978757
Dehradun,2026-09-30 00:00:00,3,20.8165319,0.0,4.8857937,21.21588294165936,0.07175158772102048,4.453724520778558
Dehradun,2026-09-30 01:00:00,3,20.5241447,0.0,4.74516,20.90662643385852,0.06881139287467149,4.2413093263901
Dehradun,2026-09-30 02:00:00,3,20.2867777,0.0,4.706143900000001,20.679110900361067,0.07087305219134295,3.9270091997210077
Dehradun,2026-09-30 03:00:00,3,19.9892053,0.0,4.645056,20.382863727730925,0.0765233533936559,3.8565558338639145
Dehradun,2026-09-30 04:00:00,3,19.6840201,0.0,4.7711762,20.054989368808375,0.07667948570240204,4.29597597855843
Dehradun,2026-09-30 05:00:00,3,19.5366127,0.0,4.9756488,19.979738706018622,0.0693522442501258,4.656839213077264
Dehradun,2026-09-30 06:00:00,3,19.621610200000003,0.0,4.945008100000001,20.045599840085476,0.07803474836570251,4.632831528892827
Dehradun,2026-09-30 07:00:00,3,21.1327844,0.0,4.3750166,21.449828596888537,0.08411513879207425,4.036562565928256
Dehradun,2026-09-30 08:00:00,3,23.7712347,0.0,2.0156904000000004,23.90811069712897,0.13630184714154928,2.783807992452606
Dehradun,2026-09-30 09:00:00,3,25.8011741,0.0,2.8843630000000005,25.77686464703969,0.1455669293604877,3.6469264397700156
Dehradun,2026-09-30 10:00:00,3,26.9506387,0.0,4.409454200000001,27.164626809494504,0.1712567817204281,4.170485892732387
Dehradun,2026-09-30 11:00:00,3,27.9154232,0.0,5.012115700000001,28.07039885367465,0.11206660617805393,4.5111477534668225
Dehradun,2026-09-30 12:00:00,3,28.5491345,0.0,5.8810547,28.59645652359863,0.09784704111188634,5.308336423076948
Dehradun,2026-09-30 13:00:00,3,28.8830436,0.0,6.6380793,28.902064302550436,0.10037021997802942,6.139187300580423
Dehradun,2026-09-30 14:00:00,3,28.7684241,0.0,6.783275100000001,28.793573893154377,0.10683752271496248,6.281992097280429
Dehradun,2026-09-30 15:00:00,3,28.248619400000003,0.0,6.4880931,28.38242197532717,0.11522740706587316,6.100121283126026
Dehradun,2026-09-30 16:00:00,3,27.4895226,0.0,5.2852535,27.68912216178949,0.12031369816086186,5.609120234299254
Dehradun,2026-09-30 17:00:00,3,26.0168241,0.0,3.6402288,26.009456116763406,0.14137190124312699,4.387462415840555
Dehradun,2026-09-30 18:00:00,3,24.433186900000003,0.0,3.6735865,24.483994854921313,0.11801610113992762,2.712575413914151
Dehradun,2026-09-30 19:00:00,3,23.519585,0.0,5.3297544,23.92492557028414,0.10270676426174226,4.094563861561797
Dehradun,2026-09-30 20:00:00,3,22.7803964,0.0,4.742914,23.161925796287377,0.11070828581645023,4.247512042004505
Dehradun,2026-09-30 21:00:00,3,22.294909,0.0,4.598150700000001,22.44141414475627,0.10788981281530109,4.241292438617544
Dehradun,2026-09-30 22:00:00,3,21.9114536,0.0,4.3407058,22.08859415635325,0.09444129083314774,4.036541479298289
Dehradun,2026-09-30 23:00:00,3,21.5489115,0.0,4.1444799,21.80107301998779,0.09832026973372784,3.88612141530628
Delhi,2026-09-28 00:00:00,1,23.0026272,0.0,4.6574237,23.325292151859923,0.08900588505809685,4.27041584403683
Delhi,2026-09-28 01:00:00,1,22.8806435,0.0,5.051125600000001,23.2041775471557,0.07883366238932886,4.6509445038256425
Delhi,2026-09-28 02:00:00,1,22.7581107,0.0,5.4960328,23.0724560455549,0.07537666984727073,6.020966233160108
Delhi,2026-09-28 03:00:00,1,22.6581107,0.0,4.4225274,22.9342247726084,0.08926238988747932,4.234234165248184
Delhi,2026-09-28 04:00:00,1,22.6132114,0.0,3.6666859,22.84173459801794,0.10160811121736087,3.4423470974485846
Delhi,2026-09-28 05:00:00,1,23.0144678,0.0,3.9195580999999993,23.30566443202137,0.10035995275478067,4.129192355482795
Delhi,2026-09-28 06:00:00,1,22.855748,0.0847100152899847,3.6581105,23.146488119644758,0.2761528990652479,4.052471033450786
Delhi,2026-09-28 07:00:00,1,23.3006473,0.0847100152899847,3.9438045,23.66987882436473,0.2710754247069053,4.277608774710626
Delhi,2026-09-28 08:00:00,1,24.1532854,0.0847100152899847,3.7229894,24.414275657305932,0.293340481759351,4.279708869611136
Delhi,2026-09-28 09:00:00,1,25.2597597,0.0308687691312308,4.3825780000000005,25.742645550687975,0.22487046647723674,5.0786693196030805
Delhi,2026-09-28 10:00:00,1,26.3973128,0.0477179522820477,4.8675654,27.00677867317396,0.2305489984812688,5.140723709190892
Delhi,2026-09-28 11:00:00,1,27.0805609,0.0477179522820477,6.2221742,27.64678297372974,0.22317144433454397,5.794761361962118
Delhi,2026-09-28 12:00:00,1,27.9315419,0.0,7.372742000000001,28.197625417054635,0.1499245799925737,6.086711336350932
Delhi,2026-09-28 13:00:00,1,28.7599867,0.0,8.6177567,28.617131057647075,0.142962507568554,6.714570625884569
Delhi,2026-09-28 14:00:00,1,28.8490682,0.0,9.0545113,28.782878792146434,0.13361431961836792,6.9192172895835125
Delhi,2026-09-28 15:00:00,1,28.4953567,0.2469501530498469,8.9679808,28.49952998301565,0.5108757065046622,7.131583796779891
Delhi,2026-09-28 16:00:00,1,27.7431343,0.2762597237402762,9.8858886,27.709268403763932,0.5315779980170383,8.032479755074263
Delhi,2026-09-28 17:00:00,1,26.8659581,0.2762597237402762,9.805486000000002,26.984431154259763,0.4935154034145835,8.421563171647426
Delhi,2026-09-28 18:00:00,1,26.002812,0.0,8.591584999999998,26.135735814228823,0.1703075718297535,7.77530662644722
Delhi,2026-09-28 19:00:00,1,25.3462401,0.0,8.078211,25.648588218228692,0.14149662869406188,7.432379055761588
Delhi,2026-09-28 20:00:00,1,24.6699808,0.0,7.523048699999999,25.055396210596193,0.13799356078209032,7.021809835440735
Delhi,2026-09-28 21:00:00,1,24.0635163,0.0,6.3763159,24.41676962620065,0.11636314110716124,6.646650451505659
Delhi,2026-09-28 22:00:00,1,23.7406007,0.0,5.9885158,24.113025753737585,0.10455322333408666,6.0139363444840575
Delhi,2026-09-28 23:00:00,1,23.518783300000003,0.0,6.2323021,23.937403922311894,0.10977018427525075,6.301066207094698
Delhi,2026-09-29 00:00:00,2,23.527503327503325,0.0,5.7372111,23.942769173191515,0.08211219561376881,5.607697195608832
Delhi,2026-09-29 01:00:00,2,23.533087833087837,0.0,5.9333775,23.953758711256054,0.08369821723603481,5.994902715041663
Delhi,2026-09-29 02:00:00,2,23.532549032549028,0.0,6.033168100000001,23.957321531663304,0.08416341719266923,6.004063733145395
Delhi,2026-09-29 03:00:00,2,23.476167176167177,0.0,5.6120082,23.901434118416425,0.08407067372915918,5.649090752698
Delhi,2026-09-29 04:00:00,2,23.403197603197604,0.0234539,6.395686899999999,23.812384428514697,0.10928142802396448,6.199321160846614
Delhi,2026-09-29 05:00:00,2,23.375628375628374,0.0234539,6.9521169,23.81037972097111,0.10794941474096512,6.522686927595624
Delhi,2026-09-29 06:00:00,2,23.422832622832622,0.0234539,6.9505836,23.848649815485047,0.11971488174232077,6.587049396409114
Delhi,2026-09-29 07:00:00,2,23.95589995589995,0.0234539,7.154619599999999,24.407900886420624,0.12313020491717899,6.3994750052632465
Delhi,2026-09-29 08:00:00,2,25.05220575220575,0.0,7.748015,25.430201155200663,0.12319512247055092,7.032105400636376
Delhi,2026-09-29 09:00:00,2,26.484633184633186,0.0,8.2022114,27.030748702308458,0.13727525974251,6.817284312406926
Delhi,2026-09-29 10:00:00,2,28.044543444543443,0.0,8.8283268,28.433876452628606,0.11228286644867883,7.3468372997183184
Delhi,2026-09-29 11:00:00,2,29.258492858492858,0.0,9.9233104,29.17763553141748,0.08466855239674667,8.047333195422116
Delhi,2026-09-29 12:00:00,2,30.173793773793776,0.0,10.3682645,30.013224911313117,0.0889192405706597,8.089716956073227
Delhi,2026-09-29 13:00:00,2,31.03956243956244,0.0,10.2798983,30.972398983654003,0.0839014860394924,8.358535560112726
Delhi,2026-09-29 14:00:00,2,31.595513595513594,0.0,10.3098631,31.321493701205288,0.08183424411059528,8.34472190325017
Delhi,2026-09-29 15:00:00,2,31.72020132020132,0.0,10.982877,31.39772295238193,0.07997190978981847,8.723085452299687
Delhi,2026-09-29 16:00:00,2,31.301270901270897,0.0,11.1195932,30.915283831117375,0.0777135444388663,8.404808583750803
Delhi,2026-09-29 17:00:00,2,30.62161752161752,0.0,10.418273,30.161189399228935,0.07938174655831924,7.764940753917168
Delhi,2026-09-29 18:00:00,2,29.411088411088407,0.0,8.406922,28.808187834793067,0.0911075496137973,6.5547608837522375
Delhi,2026-09-29 19:00:00,2,28.23730613730613,0.0,6.6938108,28.031251769822358,0.11173276910484345,5.796493083118335
Delhi,2026-09-29 20:00:00,2,27.35553195553195,0.0,5.8784269,27.459017791802992,0.14896733181418106,5.6952118400038225
Delhi,2026-09-29 21:00:00,2,26.75231185231185,0.0,6.06822,26.97891989470456,0.15746439604455598,5.670087365390603
Delhi,2026-09-29 22:00:00,2,26.24240794240794,0.0,6.382322800000001,26.508204599930146,0.15082357214344458,6.085745240934003
Delhi,2026-09-29 23:00:00,2,25.75897395897396,0.0,6.6515947,26.078357077115214,0.13733728353963534,5.871021752562906
Delhi,2026-09-30 00:00:00,3,25.30658569341431,0.0,7.4074642000000015,25.579974463725524,0.1255975671013031,6.382008665356096
Delhi,2026-09-30 01:00:00,3,25.001519098480905,0.0,7.465036500000001,25.305823578219805,0.12311680064049511,6.525341761585157
Delhi,2026-09-30 02:00:00,3,24.68428071571929,0.0,7.549957800000001,25.010014498121848,0.12073497195243409,6.804275800693005
Delhi,2026-09-30 03:00:00,3,24.301486798513203,0.0,7.496776800000001,24.639763669238004,0.12377914240747653,6.712464876450613
Delhi,2026-09-30 04:00:00,3,23.924192775807228,0.0,7.0628989,24.253749452634878,0.1211450398719318,6.277734350384597
Delhi,2026-09-30 05:00:00,3,23.6995438004562,0.0,6.930997300000001,24.040106950026466,0.12057246161307926,6.744884344054034
Delhi,2026-09-30 06:00:00,3,23.775360424639576,0.0,6.5363392000000005,24.139165509536348,0.16205292244387925,5.967417349472732
Delhi,2026-09-30 07:00:00,3,24.91867428132572,0.0,7.620364700000001,25.173610971983088,0.1358039958195973,6.931795635113108
Delhi,2026-09-30 08:00:00,3,26.774023425976576,0.0,9.4967047,27.264708361115083,0.14364958109324819,7.746905585250772
Delhi,2026-09-30 09:00:00,3,28.677539422460576,0.0,10.2890753,28.531804568641306,0.11393894027383034,8.254108262975116
Delhi,2026-09-30 10:00:00,3,30.3947778052222,0.0,11.772443900000004,30.313160296300286,0.07903803752110733,8.946542985055677
Delhi,2026-09-30 11:00:00,3,31.710748589251416,0.0,12.448811,31.44288659340939,0.07944330823402962,9.625340338011954
Delhi,2026-09-30 12:00:00,3,32.66252703747296,0.0,12.955540200000002,31.950486662791054,0.08607723963583268,10.226809890164416
Delhi,2026-09-30 13:00:00,3,33.28059971940028,0.0,13.3926316,32.41687267163259,0.08801314331940838,10.405079781776013
Delhi,2026-09-30 14:00:00,3,33.57509982490018,0.0,13.148081100000002,32.69003326219407,0.08205167340158136,10.615248623201403
Delhi,2026-09-30 15:00:00,3,33.48637271362729,0.0,12.259548700000002,32.506503716326904,0.09523674397897851,9.814890185332814
Delhi,2026-09-30 16:00:00,3,32.96199683800317,0.0,10.520450900000002,31.998583622940824,0.08423286961815757,8.357365910863688
Delhi,2026-09-30 17:00:00,3,32.06789773210227,0.0,8.9427315,31.10735370158499,0.08143562017699114,7.061943426465995
Delhi,2026-09-30 18:00:00,3,30.48560171439829,0.0,7.760236500000001,29.541954381493955,0.08689098658293831,6.53614038388749
Delhi,2026-09-30 19:00:00,3,29.08749001250999,0.0,6.860075200000001,28.332108656712744,0.08945367407701417,5.984367793961144
Delhi,2026-09-30 20:00:00,3,28.09484590515409,0.0,5.9540188,27.933255137826094,0.13073232257571943,5.481123281936989
Delhi,2026-09-30 21:00:00,3,27.350518949481053,0.0,5.535047200000001,27.393237655043677,0.1791190887519511,5.336208927832114
Delhi,2026-09-30 22:00:00,3,26.725035674964325,0.0,5.645211600000001,26.930704679988853,0.168623743595202,5.435738223214918
Delhi,2026-09-30 23:00:00,3,26.22936357063643,0.0,5.9101021000000005,26.48212491050609,0.14438641645410175,5.559833175745574
Ghaziabad,2026-09-28 00:00:00,1,22.333066,0.0,4.632965732965733,22.715664602931454,0.07150033814441283,4.264836115039231
Ghaziabad,2026-09-28 01:00:00,1,22.0879856,0.0,5.0999093999094,22.495549492870964,0.0783348655392548,4.673748432242504
Ghaziabad,2026-09-28 02:00:00,1,21.92008,0.0,5.468316368316369,22.32210128121685,0.07796839935213004,6.019224941865426
Ghaziabad,2026-09-28 03:00:00,1,21.818644,0.0,5.146381346381347,22.214269855145545,0.07727842790494173,5.373709511164034
Ghaziabad,2026-09-28 04:00:00,1,21.7511608,0.0,4.694787894787895,22.119803770162164,0.08869068813346402,4.301314172404005
Ghaziabad,2026-09-28 05:00:00,1,22.3451438,0.0272082,4.981261681261682,22.763125697736644,0.11870882190806586,5.025065587545886
Ghaziabad,2026-09-28 06:00:00,1,22.3313132,0.1500291,4.671310771310772,22.714865958781573,0.3010656521010193,4.86421124388242
Ghaziabad,2026-09-28 07:00:00,1,22.7094382,0.1500291,4.741477441477442,23.19245706902128,0.3077950860306906,4.969641300731361
Ghaziabad,2026-09-28 08:00:00,1,23.2964522,0.1500291,4.898380898380898,23.916429748746427,0.3079412727300127,5.4123709879217134
Ghaziabad,2026-09-28 09:00:00,1,24.0581278,0.3956709,5.362970962970963,24.67589743752053,0.6126383218065653,6.104612199021731
Ghaziabad,2026-09-28 10:00:00,1,24.778545399999995,0.3684627,4.927155427155428,25.40112813254523,0.5833627334066139,5.660685411734682
Ghaziabad,2026-09-28 11:00:00,1,25.567651999999995,0.3684627,4.795192095192095,26.027253243500624,0.5895947897283432,5.56731035694334
Ghaziabad,2026-09-28 12:00:00,1,26.7593756,0.0818806,4.335199835199836,26.90137183226933,0.3259169242353021,4.705553800281978
Ghaziabad,2026-09-28 13:00:00,1,27.7675486,0.0818806,5.887900787900788,27.76710373464951,0.3147773535173255,4.437236353188386
Ghaziabad,2026-09-28 14:00:00,1,28.2882834,0.0818806,7.263859863859865,28.136800619884497,0.33172165490287486,5.352364988699933
Ghaziabad,2026-09-28 15:00:00,1,28.1170412,1.3100896000000002,7.665916465916466,27.85748468999277,0.8556838600881737,6.0089630753210335
Ghaziabad,2026-09-28 16:00:00,1,27.3896332,1.3245589000000002,9.781972881972882,27.480352640606757,0.9696047014903357,8.117459490963418
Ghaziabad,2026-09-28 17:00:00,1,26.4754858,1.3390282000000002,9.717038017038018,26.801047947801695,0.9597088147437944,8.776281406505603
Ghaziabad,2026-09-28 18:00:00,1,25.4800668,0.0,8.053083453083454,25.688908575168192,0.16364409228659707,7.278412624197294
Ghaziabad,2026-09-28 19:00:00,1,24.660069799999995,0.0,6.993758093758094,24.998598858845128,0.1225673322366816,6.24481573921094
Ghaziabad,2026-09-28 20:00:00,1,24.023076,0.0,6.403529003529004,24.50490285158846,0.12431669141069956,5.766751797907464
Ghaziabad,2026-09-28 21:00:00,1,23.509182000000003,0.0,5.743185843185843,23.976379978767305,0.10589573913998346,6.207853430540104
Ghaziabad,2026-09-28 22:00:00,1,23.1309514,0.0,5.751043351043351,23.587773318235268,0.08802625509296837,5.907130398182688
Ghaziabad,2026-09-28 23:00:00,1,22.931057000000003,0.0,6.572004672004673,23.346013682705976,0.09487762625074395,6.442281973392779
Ghaziabad,2026-09-29 00:00:00,2,22.946923700000006,0.0,6.1626151,23.48970471134428,0.08363343663231984,6.277902699932272
Ghaziabad,2026-09-29 01:00:00,2,22.9079173,0.0,6.019128,23.4604143277956,0.08333480531828409,6.050449894432237
Ghaziabad,2026-09-29 02:00:00,2,22.920403700000005,0.0,5.759434600000001,23.467814136280204,0.08208302954243182,5.4658612943075395
Ghaziabad,2026-09-29 03:00:00,2,22.9574908,0.0,5.352105,23.5088075778591,0.08243393801403417,5.0516003742473705
Ghaziabad,2026-09-29 04:00:00,2,22.9593853,0.0245177245177245,6.034448800000002,23.45985348022894,0.10784062642206818,5.970853038714496
Ghaziabad,2026-09-29 05:00:00,2,22.830184600000003,0.0245177245177245,6.360991600000001,23.29074071058294,0.10802675634071474,6.030515515395759
Ghaziabad,2026-09-29 06:00:00,2,22.9588999,0.0245177245177245,6.6400304000000006,23.454883424230147,0.11404293296531445,6.3301512249606855
Ghaziabad,2026-09-29 07:00:00,2,23.620307600000004,0.0245177245177245,7.469193700000002,24.15159146861708,0.1144471924602238,6.678757633386242
Ghaziabad,2026-09-29 08:00:00,2,24.779612000000004,0.0245177245177245,8.5141378,25.09264080648469,0.14736290251798184,7.841282293794697
Ghaziabad,2026-09-29 09:00:00,2,26.188928800000003,0.0,9.0091833,26.75654480837418,0.12624479939345826,7.832447515132202
Ghaziabad,2026-09-29 10:00:00,2,27.6705673,0.0,9.3834721,28.148979883363296,0.10117709354755823,7.854792459633443
Ghaziabad,2026-09-29 11:00:00,2,28.8221021,0.0,9.9122278,28.78968079386657,0.09533301115797993,8.245814157243188
Ghaziabad,2026-09-29 12:00:00,2,29.739999500000003,0.0,10.455526600000002,29.63503622709201,0.08918060091557126,8.491166893602005
Ghaziabad,2026-09-29 13:00:00,2,30.5574828,0.0,10.979492700000002,30.40600000785685,0.08128219811585981,8.789225035053398
Ghaziabad,2026-09-29 14:00:00,2,31.087452500000005,0.0,11.5017681,30.904733928237086,0.08196817626215568,9.4428062149281
Ghaziabad,2026-09-29 15:00:00,2,31.091224300000004,0.0,11.9732892,30.802998530954923,0.0835835998032151,9.545012450707185
Ghaziabad,2026-09-29 16:00:00,2,30.613399600000005,0.0,11.6477715,30.262320371661037,0.07765932170369384,9.059477298704168
Ghaziabad,2026-09-29 17:00:00,2,29.7688902,0.0,10.504938000000005,29.366461264354378,0.08239266398992184,7.755412863594842
Ghaziabad,2026-09-29 18:00:00,2,28.683802000000007,0.0,8.1771736,28.235517648862754,0.09577226026736183,6.439672448588858
Ghaziabad,2026-09-29 19:00:00,2,27.6130275,0.0,7.2927556,27.7809221274831,0.11753114197990193,6.389668674900693
Ghaziabad,2026-09-29 20:00:00,2,26.669651200000004,0.0,6.513436600000001,26.976572284735536,0.1536086471248222,5.919565669231384
Ghaziabad,2026-09-29 21:00:00,2,25.996263200000005,0.0,6.9550938,26.327958788934666,0.13074768694586322,6.4417872757447725
Ghaziabad,2026-09-29 22:00:00,2,25.4775796,0.0,7.101578,25.771836756842383,0.13237057834012025,6.506462465554902
Ghaziabad,2026-09-29 23:00:00,2,25.0439842,0.0,7.116396100000001,25.39239262703499,0.12719707029164312,6.546344571242096
Ghaziabad,2026-09-30 00:00:00,3,24.606272200000003,0.0,7.463280536719465,24.991142446127192,0.12386248692965082,6.580498963893554
Ghaziabad,2026-09-30 01:00:00,3,24.3466547,0.0,7.873739726260274,24.729662265639607,0.1258253170692842,7.080299971205954
Ghaziabad,2026-09-30 02:00:00,3,24.0558671,0.0,8.27970332029668,24.41580213717429,0.12154188570626914,7.351403525064777
Ghaziabad,2026-09-30 03:00:00,3,23.7190098,0.0,8.290852409147591,24.074172565916594,0.11469703800699524,7.374773290098546
Ghaziabad,2026-09-30 04:00:00,3,23.3766428,0.0,7.790743909256091,23.729891019473424,0.11265362990624633,6.998946713975068
Ghaziabad,2026-09-30 05:00:00,3,23.1355144,0.0,7.442180557819443,23.499806751431283,0.11025587670204658,6.747865700968489
Ghaziabad,2026-09-30 06:00:00,3,23.2324819,0.0,7.259379640620359,23.593433084369916,0.09825470696225334,6.5637989120674485
Ghaziabad,2026-09-30 07:00:00,3,24.3986625,0.0,7.66954413045587,24.699726844122385,0.12603540595245957,7.087061834042174
Ghaziabad,2026-09-30 08:00:00,3,26.514626900000003,0.0,8.629944570055432,27.00684607441739,0.1536876684896516,7.4332818829455976
Ghaziabad,2026-09-30 09:00:00,3,28.3776487,0.0,10.051473948526052,28.254713573898535,0.12958055059667234,8.050705945424209
Ghaziabad,2026-09-30 10:00:00,3,29.990394,0.0,11.516409883590118,29.752881233340716,0.08224302132561336,8.823840491253343
Ghaziabad,2026-09-30 11:00:00,3,31.1912608,0.0,12.62929767070233,30.943552768312376,0.09241983081292426,9.583492234122119
Ghaziabad,2026-09-30 12:00:00,3,32.0169212,0.0,13.185351314648685,31.59993544059725,0.08401742910708185,10.34009001062361
Ghaziabad,2026-09-30 13:00:00,3,32.504921800000005,0.0,13.589317710682293,31.694984109696566,0.08226603255674815,10.878885559664457
Ghaziabad,2026-09-30 14:00:00,3,32.6992346,0.0,13.53744976255024,31.86335570486778,0.08272903932054264,10.933536355521895
Ghaziabad,2026-09-30 15:00:00,3,32.495152399999995,0.0,12.787579012420988,31.662465349866096,0.10113203167175061,10.181044965939668
Ghaziabad,2026-09-30 16:00:00,3,31.9442546,0.0,11.195487704512296,31.21701416378806,0.08646475975652552,8.506430542602825
Ghaziabad,2026-09-30 17:00:00,3,30.871778600000003,0.0,9.043331256668743,30.19064503710346,0.08441797120392071,7.076673101856236
Ghaziabad,2026-09-30 18:00:00,3,29.220756200000004,0.0,7.641316958683042,28.498696818373457,0.09832842368538838,6.267490891954115
Ghaziabad,2026-09-30 19:00:00,3,27.9161699,0.0,6.948432351567648,27.329294022955423,0.1484458796295501,6.227461911938292
Ghaziabad,2026-09-30 20:00:00,3,26.8767674,0.0,6.285392614607386,27.04440917796979,0.15645085441128928,6.2333921850980705
Ghaziabad,2026-09-30 21:00:00,3,26.1429312,0.0,5.760474139525861,26.398644257588376,0.14886228123230905,5.727564488458032
Ghaziabad,2026-09-30 22:00:00,3,25.5522645,0.0,5.5329187670812345,25.829957957463666,0.14585216628071737,5.508966915224623
Ghaziabad,2026-09-30 23:00:00,3,25.0800226,0.0,6.034574765425235,25.4006859404365,0.12545348061980163,5.996224587619685
Goa,2026-09-28 00:00:00,1,23.7730255,0.0,3.4354842354842354,23.94064434420001,0.10715631996198495,4.634599094596216
Goa,2026-09-28 01:00:00,1,23.5185022,0.0,3.721709121709122,23.75392076936495,0.1115369276711337,4.92768007248743
Goa,2026-09-28 02:00:00,1,23.28449,0.0,4.118840118840119,23.549134748950262,0.1082421572538974,5.228721625436693
Goa,2026-09-28 03:00:00,1,23.0175258,0.0,4.068381268381268,23.320390513058992,0.12072021890480222,5.046389739776615
Goa,2026-09-28 04:00:00,1,22.8056838,0.0,4.461839161839162,23.114989731857005,0.12415486779364626,5.473528787467586
Goa,2026-09-28 05:00:00,1,22.8743909,0.0,4.9159743159743154,23.18705238748127,0.1086227076661332,4.630705134499605
Goa,2026-09-28 06:00:00,1,22.9300359,0.0,4.7501436501436505,23.257775565755765,0.1191652223742914,4.710154380793328
Goa,2026-09-28 07:00:00,1,24.3040939,0.0,4.302053502053502,24.49252621028184,0.20189009916864398,4.575064374637715
Goa,2026-09-28 08:00:00,1,26.6264648,0.0,3.061415861415861,26.61190494295375,0.07555511226873164,4.089029444101154
Goa,2026-09-28 09:00:00,1,28.211388400000004,0.0,2.053585853585853,28.238934459679832,0.08547086041700272,3.1404146745470642
Goa,2026-09-28 10:00:00,1,29.457464,0.0,3.55961105961106,29.60544323599029,0.07894637010362214,4.6580933395412885
Goa,2026-09-28 11:00:00,1,30.5177157,0.0,5.397849797849798,30.79017247952026,0.0727965899794277,5.0990134232484845
Goa,2026-09-28 12:00:00,1,31.1635084,0.0267416,8.137818537818537,30.860607160689092,0.1481745459737831,4.910341476580336
Goa,2026-09-28 13:00:00,1,31.383958,0.0267416,10.827425127425126,30.771691480288244,0.16411563028663217,7.483281980816722
Goa,2026-09-28 14:00:00,1,31.18871,0.0267416,12.257683157683156,30.50582488034362,0.16411563028663217,8.797809225361368
Goa,2026-09-28 15:00:00,1,30.4527412,0.0,13.275237675237674,29.755457319962538,0.0686975855925939,9.612267407026543
Goa,2026-09-28 16:00:00,1,29.5023749,0.0,11.53060023060023,28.867236154582155,0.060210888217915697,8.247222776430343
Goa,2026-09-28 17:00:00,1,28.427043000000005,0.0,9.425447725447723,28.732354178250326,0.06220315673648148,6.069512885709631
Goa,2026-09-28 18:00:00,1,27.0849645,0.0,6.776837576837577,27.159688826945644,0.07994185078078309,4.71261961722544
Goa,2026-09-28 19:00:00,1,26.2034167,0.0,3.861176661176661,26.21285934969189,0.07459333409474944,4.216042428697505
Goa,2026-09-28 20:00:00,1,25.6320518,0.0,2.113355913355913,25.5507513158767,0.0854933150472184,2.808931523367104
Goa,2026-09-28 21:00:00,1,25.2140124,0.0,1.7001810001810005,25.10582412898259,0.10296307667943189,2.5125481535699756
Goa,2026-09-28 22:00:00,1,24.8334633,0.0,2.3728451728451727,24.698739851334288,0.10177057155244308,3.100678586413058
Goa,2026-09-28 23:00:00,1,24.4744855,0.0,3.3403632403632404,24.347115339272225,0.11086966342201887,3.9790870587736324
Goa,2026-09-29 00:00:00,2,24.141033200000003,0.0,3.5744907,23.908432907328724,0.19219065761316947,4.828672822598208
Goa,2026-09-29 01:00:00,2,23.8610392,0.0,3.3373428,23.98824268488897,0.14256980477202727,4.657686688797806
Goa,2026-09-29 02:00:00,2,23.7052632,0.0,3.5577761,23.943759728736783,0.10853043740799168,4.885198634211814
Goa,2026-09-29 03:00:00,2,23.5263376,0.0,3.5293227,23.7758358828921,0.11775151709745206,4.789861586597449
Goa,2026-09-29 04:00:00,2,23.447412000000003,0.0,3.744153,23.75445524879578,0.1115014468194997,4.928304430431405
Goa,2026-09-29 05:00:00,2,23.4979536,0.0,3.5413726,23.805492778123728,0.11905419444009706,4.72247356896619
Goa,2026-09-29 06:00:00,2,23.8558956,0.0,4.2663156,24.102211459924057,0.17502126493254458,4.47831952750292
Goa,2026-09-29 07:00:00,2,24.7737352,0.0509648,4.0943181,24.89619324931177,0.31852115926884916,4.397055847963123
Goa,2026-09-29 08:00:00,2,26.1104072,0.1783767999999999,3.9060058,26.112750471828072,0.31209979375664776,2.7034375875439736
Goa,2026-09-29 09:00:00,2,27.2923124,0.0764471999999999,3.3826123,27.39822412723421,0.21448649320325913,4.066978083580171
Goa,2026-09-29 10:00:00,2,28.5111756,0.0,4.6618303,28.62332942975493,0.07162279772404352,5.32330572145931
Goa,2026-09-29 11:00:00,2,29.510108,0.0,5.900545,29.753515525880438,0.06951233307538607,6.160910022928507
Goa,2026-09-29 12:00:00,2,30.0396212,0.0476059,6.8817487,30.228144930452164,0.18992939790024838,7.011314587517332
Goa,2026-09-29 13:00:00,2,29.599894,0.4253303,8.7415482,29.825253975105028,0.3708543142064929,5.572487212218492
Goa,2026-09-29 14:00:00,2,29.747308,0.2957699,8.9947254,29.268751171383823,0.35423933310018885,5.898342178009156
Goa,2026-09-29 15:00:00,2,29.4547092,0.2945505,8.9953006,28.994217498606126,0.641233664530827,5.514514632955986
Goa,2026-09-29 16:00:00,2,29.0746552,0.0736184,9.0159137,29.146794874409053,0.34225978426496784,5.782617499871811
Goa,2026-09-29 17:00:00,2,28.0936824,0.1815854,7.8431262,28.225583675008405,0.4216663611175013,4.919102055583799
Goa,2026-09-29 18:00:00,2,26.885362800000003,0.0,5.8029347,27.008864763947308,0.07298658120093637,4.718006799177128
Goa,2026-09-29 19:00:00,2,26.056918000000003,0.0,3.3523837,26.026216478039093,0.08179061203035028,3.9123116278241175
Goa,2026-09-29 20:00:00,2,25.5852724,0.0,1.3015857,25.46444773590888,0.08378347108074463,2.111337288008543
Goa,2026-09-29 21:00:00,2,25.254722,0.0,1.9219627,25.131169634188186,0.0965651865352094,2.681103739885652
Goa,2026-09-29 22:00:00,2,24.8715844,0.0,2.4056874,24.733776285036164,0.12154034720935611,3.1041307073074744
Goa,2026-09-29 23:00:00,2,24.564214,0.0,3.0201097,24.439426846324217,0.1151681391404707,3.6756105246788633
Goa,2026-09-30 00:00:00,3,24.3035437,0.0,2.7565022,24.06437103025186,0.2121830739832523,3.9726856416660192
Goa,2026-09-30 01:00:00,3,24.0744264,0.0,2.7403214,24.179618166539264,0.23176295428981483,3.9172628491868515
Goa,2026-09-30 02:00:00,3,23.8997107,0.0,3.00311,24.057444661342764,0.1876653177999022,4.22162047427668
Goa,2026-09-30 03:00:00,3,23.6128224,0.0,3.2447018,23.859513042971642,0.12831590702300855,4.4388104003578555
Goa,2026-09-30 04:00:00,3,23.3550514,0.0,3.1489082,23.67456586231279,0.1182501459167576,4.292409354468413
Goa,2026-09-30 05:00:00,3,23.1704653,0.0,3.3363968,23.50169740443334,0.09912221670818219,4.511982497398077
Goa,2026-09-30 06:00:00,3,23.2097027,0.0,3.4745856,23.53611792808828,0.1086808382123246,4.6694416515517325
Goa,2026-09-30 07:00:00,3,24.4304923,0.0,3.1436076,24.57843972637838,0.24678055305077226,4.198382708694039
Goa,2026-09-30 08:00:00,3,26.679268500000003,0.0,2.1786046,26.655977827902475,0.09972208437920806,3.1301020307517637
Goa,2026-09-30 09:00:00,3,28.2356183,0.0252927,2.5623712000000003,28.28674533430922,0.16880196756290095,3.5986446547495268
Goa,2026-09-30 10:00:00,3,29.5278123,0.0252927,5.0535494,29.742959771961836,0.16769963846185665,5.6877987751429995
Goa,2026-09-30 11:00:00,3,30.5359419,0.0252927,7.4834338,30.6602925595554,0.16557415171810405,5.1385576017694135
Goa,2026-09-30 12:00:00,3,30.9748015,0.0,9.5368252,30.455621201894655,0.08126432166946232,6.440545490124782
Goa,2026-09-30 13:00:00,3,30.6334535,0.0,12.1549316,29.900703020816284,0.07077128198755525,8.226911652346935
Goa,2026-09-30 14:00:00,3,30.3233731,0.0,12.816452,29.635924389593594,0.07040350856843568,9.213882382045453
Goa,2026-09-30 15:00:00,3,29.5301119,0.1330057,12.6742088,29.987176024463515,0.2722273169731916,9.436889929200277
Goa,2026-09-30 16:00:00,3,28.6410099,0.0778479,10.7408912,29.05474224591636,0.22568228739266918,6.989220246834493
Goa,2026-09-30 17:00:00,3,27.9155182,0.0252927,8.7906698,28.16191759003868,0.14868536432303603,5.7506101725817365
Goa,2026-09-30 18:00:00,3,26.9737554,0.0,6.0945084,27.089330363412106,0.08958264210195561,5.01908851188133
Goa,2026-09-30 19:00:00,3,26.2902365,0.0,3.5906524,26.286766612235255,0.08388177713230158,4.158208215468106
Goa,2026-09-30 20:00:00,3,25.864882200000004,0.0,2.0350214,25.772994093597607,0.09401715242320678,2.7573211856634523
Goa,2026-09-30 21:00:00,3,25.405974,0.0,2.71129,25.27862555599523,0.08966548200871899,3.35589262932379
Goa,2026-09-30 22:00:00,3,24.8888312,0.0,2.362442,24.745711439473855,0.14693817495631092,3.0917463861717023
Goa,2026-09-30 23:00:00,3,24.483791,0.0,2.3963104,24.355870964532702,0.13686734647483298,3.1623584001738236
Guwahati,2026-09-28 00:00:00,1,27.06743853256146,0.0,5.3540013,27.280476297930637,0.269946992891504,5.33125228530403
Guwahati,2026-09-28 01:00:00,1,26.77433592566407,0.0,5.578257,26.95466897693643,0.2608798146423583,5.737129515741433
Guwahati,2026-09-28 02:00:00,1,26.585787114212884,0.0,5.5707214,26.683137819435792,0.19044899083699715,5.61545758671864
Guwahati,2026-09-28 03:00:00,1,26.416297583702413,0.0,5.190111099999999,26.510728287482173,0.14302497972185177,5.596158123880534
Guwahati,2026-09-28 04:00:00,1,26.174377325622668,0.0,4.6658554,26.310041968767226,0.165587622709218,5.160835308184662
Guwahati,2026-09-28 05:00:00,1,26.64108475891524,0.0,4.8913234,27.141069159552877,0.18863666161530204,4.963030292587346
Guwahati,2026-09-28 06:00:00,1,27.46467283532716,0.0,4.1845426,27.939239052939193,0.1040808202615072,4.6375601448914265
Guwahati,2026-09-28 07:00:00,1,29.17375932624067,0.0,4.3913536,29.87284832587122,0.07756919797670891,4.670765667438845
Guwahati,2026-09-28 08:00:00,1,30.32418957581042,0.0,6.079616799999999,30.98937195880358,0.08187765846043193,5.85496083573902
Guwahati,2026-09-28 09:00:00,1,31.190737909262086,0.0,6.9747301,31.753195068728104,0.08682007163244818,6.70542289204783
Guwahati,2026-09-28 10:00:00,1,32.004445295554696,0.0,7.577891799999999,32.33442390982698,0.09125451537555039,6.8810360354915545
Guwahati,2026-09-28 11:00:00,1,32.62451957548042,0.0,8.259136999999999,32.80204173259,0.09679312516138441,6.9818681652964045
Guwahati,2026-09-28 12:00:00,1,33.05503004496995,0.0,8.752110199999999,32.95477256091757,0.09691084635904654,7.646446667847671
Guwahati,2026-09-28 13:00:00,1,33.22907337092663,0.0,9.0472982,33.02581969152113,0.09826405352035332,8.40220370529814
Guwahati,2026-09-28 14:00:00,1,33.11355288644711,0.0,9.0042064,32.936420582166335,0.10395768570384727,8.095737791827736
Guwahati,2026-09-28 15:00:00,1,32.5019885980114,0.0,7.949841299999999,32.439418484007504,0.10365047370268102,6.750470939329326
Guwahati,2026-09-28 16:00:00,1,31.37183312816687,0.0,5.9381476,31.275440740038736,0.08659041683193325,5.56791140570887
Guwahati,2026-09-28 17:00:00,1,30.02175787824212,0.0,4.9004126,29.86570805768103,0.0957688679411911,4.8427066024776355
Guwahati,2026-09-28 18:00:00,1,29.168386431613563,0.0,4.5413555,29.23089350900608,0.09052668365458393,4.398706531280982
Guwahati,2026-09-28 19:00:00,1,28.67519642480357,0.0213815213815213,4.8706227,28.80177854718117,0.10142972274779999,4.393409415176661
Guwahati,2026-09-28 20:00:00,1,28.22328307671692,0.0,4.7352918,28.434928090395836,0.09080076577188079,4.334787549417781
Guwahati,2026-09-28 21:00:00,1,27.798254001745992,0.0,4.7709139,28.047154296224416,0.10505304308711313,4.861513183156646
Guwahati,2026-09-28 22:00:00,1,27.43670256329743,0.0,4.7420246,27.677084994634054,0.1293278902523611,4.871560022491799
Guwahati,2026-09-28 23:00:00,1,27.0981666018334,0.0,4.6960804,27.634978112779557,0.16610362072574741,4.8048329487070065
Guwahati,2026-09-29 00:00:00,2,26.7112447,0.0,4.3943443,27.058125368880404,0.20490681015021114,4.7757115702974975
Guwahati,2026-09-29 01:00:00,2,26.4916564,0.0,3.6486034,26.589866319420945,0.2003676847488694,4.058689221937788
Guwahati,2026-09-29 02:00:00,2,26.3256759,0.0,2.8044650000000004,26.339942283236404,0.21254938722696937,3.634944585743548
Guwahati,2026-09-29 03:00:00,2,26.1807095,0.0,2.1163352,26.039778419024426,0.20993812206957047,3.298850706795939
Guwahati,2026-09-29 04:00:00,2,25.9821353,0.0,2.3393345,25.83499987097954,0.1978238284848107,3.3834863431153677
Guwahati,2026-09-29 05:00:00,2,25.9411613,0.0,2.7074221,26.146373201823856,0.1926122665174682,3.5633389842373884
Guwahati,2026-09-29 06:00:00,2,26.870128000000005,0.0272619,2.6615339,27.172317125622822,0.29373412087254613,3.784409366182329
Guwahati,2026-09-29 07:00:00,2,28.6374914,0.0272619,2.9532393000000003,29.086673890188838,0.2009961142578006,3.887715528668303
Guwahati,2026-09-29 08:00:00,2,30.0962625,0.0272619,3.8297949,30.853586363900895,0.15431463935581588,4.266755059068764
Guwahati,2026-09-29 09:00:00,2,31.3496154,0.0,4.0686327,32.02707712386651,0.0816077252026674,4.574616589662722
Guwahati,2026-09-29 10:00:00,2,32.2520393,0.0,4.6354409,32.62341937554352,0.08707944959367488,4.9318426761037895
Guwahati,2026-09-29 11:00:00,2,32.799485700000005,0.0,5.5495742,33.08924800336897,0.09132117960450589,5.33550638956192
Guwahati,2026-09-29 12:00:00,2,33.225291500000004,0.0,6.5050791,33.132093125391904,0.10779150854555301,5.43906530272866
Guwahati,2026-09-29 13:00:00,2,33.2971179,0.0,6.9169939,33.17849941374299,0.10900452639590212,5.772343241386599
Guwahati,2026-09-29 14:00:00,2,33.1645242,0.0,6.7586797,33.07551375661962,0.110035147857114,5.646265805275223
Guwahati,2026-09-29 15:00:00,2,32.7007065,0.0,6.071986000000001,32.62881214074121,0.09505767827493201,5.059183086216163
Guwahati,2026-09-29 16:00:00,2,31.7955432,0.0,3.8826131,31.89622197785611,0.0943191016222124,4.7310890067877525
Guwahati,2026-09-29 17:00:00,2,30.6740969,0.0,3.0891682,30.527019079098437,0.0916234344844727,3.216471182036202
Guwahati,2026-09-29 18:00:00,2,29.9259073,0.0,4.1214337,29.48394312866869,0.08984877824673992,3.6896295156015126
Guwahati,2026-09-29 19:00:00,2,29.2547074,0.0,4.4800535,29.316811656407662,0.07561413083951694,4.070690409808159
Guwahati,2026-09-29 20:00:00,2,28.6330107,0.0,4.8195197,28.78259285900871,0.08869670139367182,4.396784257727601
Guwahati,2026-09-29 21:00:00,2,28.1645502,0.0,4.6213141,28.378906585208846,0.10188980515337598,4.338120502331998
Guwahati,2026-09-29 22:00:00,2,27.7431645,0.0,4.3086185,27.936846530558316,0.10957021157551665,4.4340598250586805
Guwahati,2026-09-29 23:00:00,2,27.3675445,0.0,4.4764196,27.936607238623633,0.1198241526141922,4.568971339120004
Guwahati,2026-09-30 00:00:00,3,27.0925068,0.0,4.5515042,27.510567920490633,0.20053975925411965,4.711148241621784
Guwahati,2026-09-30 01:00:00,3,26.7919025,0.0,4.9003876,27.03054652659505,0.22342032738839948,4.996567856135897
Guwahati,2026-09-30 02:00:00,3,26.5694937,0.0,4.7208407,26.713675843558075,0.20809748702846523,5.092192179884004
Guwahati,2026-09-30 03:00:00,3,26.3890446,0.0,4.8238115,26.464057841838354,0.15167928580898257,5.200308709553786
Guwahati,2026-09-30 04:00:00,3,26.1861867,0.0,4.1802829,26.201469841708747,0.15599161469821,4.640624441851649
Guwahati,2026-09-30 05:00:00,3,26.0931002,0.0,3.5069088,26.350877020253805,0.1748739033303489,4.201451140651
Guwahati,2026-09-30 06:00:00,3,27.154589,0.0288507,2.745095,27.509666184609205,0.2750854423762178,3.7570952732813896
Guwahati,2026-09-30 07:00:00,3,28.8081193,0.0288507,3.0166611,29.297357599256582,0.19791032420482205,3.890155261932115
Guwahati,2026-09-30 08:00:00,3,29.9120412,0.0509112,4.6199963,30.600661819568547,0.1723996413874678,4.6576482904522924
Guwahati,2026-09-30 09:00:00,3,30.6410565,0.169834,5.7597469,31.273071925781625,0.28843664996446217,5.6232727219807535
Guwahati,2026-09-30 10:00:00,3,31.564663,0.2801365,5.906443899999999,31.990477537857547,0.3713534795226991,6.3568253057502675
Guwahati,2026-09-30 11:00:00,3,32.4396924,0.1036525,6.428602199999999,32.600017460623995,0.24164500893112117,6.740558264047299
Guwahati,2026-09-30 12:00:00,3,32.9545834,0.0220605,6.6053171,32.830366558104394,0.12506658741695556,6.864988543220876
Guwahati,2026-09-30 13:00:00,3,32.9966877,0.044121,6.8765792,32.87056620076431,0.15926239659865227,7.130019037106742
Guwahati,2026-09-30 14:00:00,3,32.6428585,0.088242,7.5021951,32.56741096349379,0.16984646360083194,7.599572806205826
Guwahati,2026-09-30 15:00:00,3,32.0353407,0.0680116,7.1830964,31.95700354908228,0.17779077987436387,6.599557467416137
Guwahati,2026-09-30 16:00:00,3,31.0624203,0.0238906,5.0917312,30.87762312921104,0.11545040526954517,5.483033056686928
Guwahati,2026-09-30 17:00:00,3,29.7855889,0.0220605,4.412324,29.750195047740625,0.11512570571610754,4.333845716816877
Guwahati,2026-09-30 18:00:00,3,29.0907004,0.0220605,4.7802786,29.135629885988838,0.11801611631261942,4.406711258105254
Guwahati,2026-09-30 19:00:00,3,28.6836342,0.0238906,4.8241824,28.79542058870308,0.1072123708616214,4.62593634277624
Guwahati,2026-09-30 20:00:00,3,28.1547635,0.1433436,5.2695582,28.388355770904468,0.1911761383023823,4.850612971840679
Guwahati,2026-09-30 21:00:00,3,27.6857351,0.1433436,5.4165288,27.930558722486644,0.18801728495967945,4.976489679520587
Guwahati,2026-09-30 22:00:00,3,27.4430265,0.0,4.966913,27.680656749662365,0.11509471639696965,5.000375524326553
Guwahati,2026-09-30 23:00:00,3,27.0094959,0.2015856,5.3400419,27.55307578384285,0.27014792073987987,5.775375689103898
Hyderabad,2026-09-28 00:00:00,1,24.0722654,0.0,2.525384,23.624221259964706,0.11105410632691026,4.135093183972009
Hyderabad,2026-09-28 01:00:00,1,23.6061558,0.0,2.364758,23.246103050770063,0.08469459641977674,3.9521560447603123
Hyderabad,2026-09-28 02:00:00,1,23.222282,0.0,2.5925431,23.241499491109085,0.11487654950505703,4.130742948416453
Hyderabad,2026-09-28 03:00:00,1,22.9860836,0.0,2.8416141999999995,23.029546027398787,0.1144226633254303,4.375355257709673
Hyderabad,2026-09-28 04:00:00,1,22.7321202,0.0,2.580209,22.782895986749153,0.08561697144409999,4.04912801626071
Hyderabad,2026-09-28 05:00:00,1,23.300032800000004,0.0,1.5532354000000002,23.211460332141755,0.11676984765897179,3.1103026353088454
Hyderabad,2026-09-28 06:00:00,1,23.1888094,0.0,1.9295234,23.275014642249673,0.11920177384518402,3.444421167380863
Hyderabad,2026-09-28 07:00:00,1,24.7982966,0.0,2.8030222,24.83812377955582,0.22670187159601818,3.791475747454532
Hyderabad,2026-09-28 08:00:00,1,27.165098800000003,0.0,2.5653307,26.891753714457767,0.08067420292464306,4.243597859306158
Hyderabad,2026-09-28 09:00:00,1,29.2108612,0.0,2.3107317,28.787091160351583,0.08033772624612835,4.779863992789824
Hyderabad,2026-09-28 10:00:00,1,30.765494200000003,0.0,3.6769936,31.004157435963553,0.057175773375620166,5.924318285060444
Hyderabad,2026-09-28 11:00:00,1,31.9332964,0.0,5.4087095000000005,32.0299142966755,0.055187192103106915,5.5824971370768
Hyderabad,2026-09-28 12:00:00,1,32.619830400000005,0.0,7.092870900000001,32.15704489372667,0.055187192103106915,6.456931610903926
Hyderabad,2026-09-28 13:00:00,1,32.99978,0.0,8.6820391,32.33770192095691,0.054819418683987334,7.838502955550538
Hyderabad,2026-09-28 14:00:00,1,33.050786,0.0,9.7996464,32.108216224012374,0.054819418683987334,8.53007424637575
Hyderabad,2026-09-28 15:00:00,1,32.6705614,0.0542678542678542,10.7884276,31.694781660208402,0.30639959518860815,8.757878553515487
Hyderabad,2026-09-28 16:00:00,1,31.9225342,0.0542678542678542,10.4574403,30.884205193970185,0.29415087501809134,8.191336971098691
Hyderabad,2026-09-28 17:00:00,1,30.7225338,0.0542678542678542,8.727795799999999,29.8053918046436,0.23237851095014644,6.678381478717146
Hyderabad,2026-09-28 18:00:00,1,29.043903200000003,0.0,7.033131000000001,28.54998898128888,0.054115485906501004,7.025926519299584
Hyderabad,2026-09-28 19:00:00,1,27.5172458,0.0804528804528804,6.0415288,27.278346562511263,0.14093035953864255,7.594145343916486
Hyderabad,2026-09-28 20:00:00,1,26.558688600000004,0.1609057609057609,5.2741682,26.160345506810618,0.2273895294892343,5.823543886988905
Hyderabad,2026-09-28 21:00:00,1,26.0083542,0.0,5.2101899,25.685794278601342,0.057974994925181614,5.694130147586465
Hyderabad,2026-09-28 22:00:00,1,25.5833352,0.0,4.572188799999999,25.257623485300474,0.05929027057442951,6.114894121528143
Hyderabad,2026-09-28 23:00:00,1,25.142245000000003,0.0,3.4473112,24.830363616292317,0.08576684367525035,4.972979509951652
Hyderabad,2026-09-29 00:00:00,2,24.710205100000003,0.0,2.8017744,24.114604880449754,0.09531187170322061,4.413501795052959
Hyderabad,2026-09-29 01:00:00,2,24.3217606,0.0,2.8997743,23.72720542055152,0.10669974230581895,4.498782007123763
Hyderabad,2026-09-29 02:00:00,2,24.0625731,0.0,2.7229651,23.543414442281232,0.10630716376400062,4.29113794829108
Hyderabad,2026-09-29 03:00:00,2,23.6944752,0.0,2.6170563,23.564081880088406,0.10781043076547489,4.1904456865972755
Hyderabad,2026-09-29 04:00:00,2,23.429374900000003,0.0,3.1069584,23.32995483662739,0.08331945446509119,4.601068337981292
Hyderabad,2026-09-29 05:00:00,2,23.2292697,0.0,3.7126621,23.222218316044632,0.10430606383189384,5.245213976878402
Hyderabad,2026-09-29 06:00:00,2,23.4753872,0.0,4.1380767,23.529192004405914,0.11190011711218176,5.008914280838872
Hyderabad,2026-09-29 07:00:00,2,24.9646788,0.0,4.0816300000000005,24.72999038914447,0.18378873804677626,5.06278806832527
Hyderabad,2026-09-29 08:00:00,2,27.1143427,0.0,4.6714638,26.836851397341555,0.06968205673470583,5.933886986541979
Hyderabad,2026-09-29 09:00:00,2,28.833820100000004,0.0,4.7738957,28.439282067651167,0.055187192103106915,6.758876726602522
Hyderabad,2026-09-29 10:00:00,2,30.2633016,0.0,4.744559099999999,30.551981913542235,0.055187192103106915,6.5265381160402995
Hyderabad,2026-09-29 11:00:00,2,31.40589,0.0,5.5743799,31.540971684000855,0.055187192103106915,6.4144338694638225
Hyderabad,2026-09-29 12:00:00,2,32.1910896,0.0,6.7853627,31.543467070879853,0.055187192103106915,6.289463376829247
Hyderabad,2026-09-29 13:00:00,2,32.6646057,0.0,7.957835999999999,31.804973141766343,0.05571065128240579,7.614287289681248
Hyderabad,2026-09-29 14:00:00,2,32.7881972,0.0536287463712536,9.6275317,31.584466919797634,0.140948420486938,9.087647056582016
Hyderabad,2026-09-29 15:00:00,2,31.7146945,0.2681437318562681,10.2183505,30.692120492997837,0.21700168065343928,9.17545747012736
Hyderabad,2026-09-29 16:00:00,2,31.0180446,0.0804431195568804,9.2754789,29.875768335302315,0.1671412201210109,7.994431516113647
Hyderabad,2026-09-29 17:00:00,2,29.986495,0.0268143731856268,7.7032028,29.1476517726768,0.10667860339767721,8.798179752102214
Hyderabad,2026-09-29 18:00:00,2,28.678948400000003,0.0,6.0407734,28.203787409424873,0.054488457087609674,7.737959742647285
Hyderabad,2026-09-29 19:00:00,2,27.4800421,0.0,6.2261202,27.1273571965317,0.054661966346870657,7.557677785380429
Hyderabad,2026-09-29 20:00:00,2,26.5505606,0.0,6.9464128,26.21051519634262,0.056664551467447,6.623303507615894
Hyderabad,2026-09-29 21:00:00,2,25.8905039,0.0,6.0086291,25.560018793533374,0.057254786845124105,6.365604046231446
Hyderabad,2026-09-29 22:00:00,2,25.3226305,0.0,3.8218519,25.010044667448074,0.06734736242759247,5.548790286509079
Hyderabad,2026-09-29 23:00:00,2,24.8238294,0.0,2.7189844999999995,24.530506280296734,0.11419728466135767,4.07939353197739
Hyderabad,2026-09-30 00:00:00,3,24.396960403039596,0.0,2.502794502794503,23.996059060468482,0.1449507178959175,4.084088205876769
Hyderabad,2026-09-30 01:00:00,3,24.01866988133012,0.0,2.287986487986488,23.8274908383627,0.13193085721066328,3.8610347963106615
Hyderabad,2026-09-30 02:00:00,3,23.641999658000337,0.0,2.2063372063372064,23.503105835927236,0.10322852592025876,3.753334233772123
Hyderabad,2026-09-30 03:00:00,3,23.211852888147103,0.0,2.3502554502554505,23.093985963961625,0.11328122837513316,3.940594713842817
Hyderabad,2026-09-30 04:00:00,3,22.808888091111907,0.0,2.7580674580674582,22.70177800673092,0.10890289958976783,4.320289705630607
Hyderabad,2026-09-30 05:00:00,3,22.61153188846811,0.0,3.4768387768387767,22.525649748570224,0.1074209543697257,4.441385322550827
Hyderabad,2026-09-30 06:00:00,3,22.924108375891624,0.0,3.5268209268209265,23.008516986605816,0.11273910542746066,4.523509156320481
Hyderabad,2026-09-30 07:00:00,3,24.75697374302625,0.0,3.6728418728418726,24.71387857755485,0.21786666922125558,4.73890725584821
Hyderabad,2026-09-30 08:00:00,3,27.27548782451217,0.0,4.33026013026013,26.971108243364156,0.0791351272048413,5.695928759067209
Hyderabad,2026-09-30 09:00:00,3,29.21242558757441,0.0,4.676234276234276,28.749430868284843,0.07623977833034436,5.812800495602576
Hyderabad,2026-09-30 10:00:00,3,30.73413506586493,0.0,5.56074046074046,30.977300850162113,0.07533534069914437,5.921434027006564
Hyderabad,2026-09-30 11:00:00,3,31.777554022445976,0.0,5.918176118176119,31.837886427856525,0.058755757832201765,5.846075086879487
Hyderabad,2026-09-30 12:00:00,3,32.40149539850459,0.0,6.415729615729616,31.784350181869662,0.05676717655968852,5.963644494129541
Hyderabad,2026-09-30 13:00:00,3,32.767235432764565,0.0,7.47939357939358,31.855092316018858,0.05676717655968852,6.653453933075658
Hyderabad,2026-09-30 14:00:00,3,32.8035763964236,0.0,8.54995244995245,31.50308886287209,0.05676717655968852,7.852993010113102
Hyderabad,2026-09-30 15:00:00,3,32.48335111664888,0.0,9.76948336948337,31.06144119980792,0.05676717655968852,8.784701286137318
Hyderabad,2026-09-30 16:00:00,3,31.64078995921004,0.0273747273747273,11.123427623427624,30.227115957868126,0.1169664721257625,9.829654423953716
Hyderabad,2026-09-30 17:00:00,3,30.489251110748885,0.0,9.950655350655351,29.23001828352549,0.05517201118378373,8.304754910273573
Hyderabad,2026-09-30 18:00:00,3,29.18510751489248,0.0,7.603410403410404,28.555303710187562,0.05517201118378373,9.104078713009745
Hyderabad,2026-09-30 19:00:00,3,28.12363517636482,0.0,5.583155583155583,27.657364901792384,0.05825798657093096,7.2099739605834
Hyderabad,2026-09-30 20:00:00,3,27.066457333542665,0.0,4.543284643284644,26.72066597354795,0.05911834138735429,6.425352871202013
Hyderabad,2026-09-30 21:00:00,3,26.216954283045716,0.0,4.124335124335125,25.82964827758492,0.06188864842321875,5.954199151914028
Hyderabad,2026-09-30 22:00:00,3,25.670555729444267,0.0,3.472004272004272,25.342361617020465,0.09005853674178559,5.079579418973461
Hyderabad,2026-09-30 23:00:00,3,25.17528052471948,0.0,3.161602361602361,24.89756217587102,0.13039100028541029,4.762925363163792
Imphal,2026-09-28 00:00:00,1,22.26888993111007,0.0,2.1456382,23.168573572843908,0.12688211399272317,2.7333030847998767
Imphal,2026-09-28 01:00:00,1,22.013821286178715,0.0,2.1684748000000003,22.877023738512182,0.11398000195425949,2.730714582889917
Imphal,2026-09-28 02:00:00,1,21.771830328169678,0.0,2.1674642,22.425321540408582,0.09020583299505916,2.694778156464019
Imphal,2026-09-28 03:00:00,1,21.672893427106576,0.0,2.386699,22.330871703921304,0.08162164015428736,2.856068899777576
Imphal,2026-09-28 04:00:00,1,21.641212858787146,0.0,2.2974342,22.300375213038695,0.06828982825840572,2.8650553574277753
Imphal,2026-09-28 05:00:00,1,22.153996446003557,0.0,2.4413048,23.00821509531509,0.0755808372174263,3.281663733012025
Imphal,2026-09-28 06:00:00,1,23.221591978408025,0.0327314,1.7485924000000002,23.938317070387097,0.0942309442282131,2.8545592752190343
Imphal,2026-09-28 07:00:00,1,25.016394983605014,0.0327314,1.4175319999999998,25.90305947542493,0.09557495599655114,2.494303792016084
Imphal,2026-09-28 08:00:00,1,26.75272094727905,0.0327314,2.2893124,27.01863663740208,0.11074447165709148,3.5205408139141747
Imphal,2026-09-28 09:00:00,1,28.31949988050012,0.0327314,3.1445012,28.400418074567106,0.11503216371558678,3.9074939941379614
Imphal,2026-09-28 10:00:00,1,29.484877315122688,0.0826614,4.7735752,29.55988346932285,0.14283978174047607,4.513263370193154
Imphal,2026-09-28 11:00:00,1,30.46373563626436,0.1575564,5.9121188,30.684724008020712,0.16709541364171138,5.40723050065718
Imphal,2026-09-28 12:00:00,1,31.21108728891271,0.0,6.4985684,31.08642465652509,0.07524241307515803,5.866386353728048
Imphal,2026-09-28 13:00:00,1,31.41562438437562,0.0,6.0258306,31.547830186907184,0.08331598765318951,5.575985656840851
Imphal,2026-09-28 14:00:00,1,31.42822547177453,0.0,5.6151562,31.617596879295263,0.08281331100047952,6.019712723193058
Imphal,2026-09-28 15:00:00,1,30.755369744630254,0.0,5.818644,30.64679376326857,0.08148433425293332,6.192918623690123
Imphal,2026-09-28 16:00:00,1,29.070051129948872,0.0,5.731887199999999,29.11091627258528,0.08111604675178599,6.364697487794921
Imphal,2026-09-28 17:00:00,1,27.16541513458487,0.0,5.2686242,27.62459576856264,0.094652245866171,5.322915704548468
Imphal,2026-09-28 18:00:00,1,25.920896379103624,0.0,4.640701999999999,26.731155783195536,0.08419437725710806,3.9747961367020266
Imphal,2026-09-28 19:00:00,1,24.843807856192143,0.0,3.7708914,26.08867126040831,0.0979707881002669,3.213642908978285
Imphal,2026-09-28 20:00:00,1,24.055584544415456,0.0,3.3406928,25.333714372814757,0.10908569264042432,2.71502353256112
Imphal,2026-09-28 21:00:00,1,23.376781623218378,0.0,2.9880382,24.593455988693155,0.14084326678873263,2.257143163482872
Imphal,2026-09-28 22:00:00,1,22.83331576668424,0.0,2.4972288,23.91769739856217,0.16170211485220107,2.299951118247028
Imphal,2026-09-28 23:00:00,1,22.364996335003667,0.0,2.7619582,23.606858796352547,0.15910416088182938,2.477172259998972
Imphal,2026-09-29 00:00:00,2,21.795428804571195,0.0,2.2955434,22.996979856851596,0.12135470827218574,2.8836044420484774
Imphal,2026-09-29 01:00:00,2,21.50966839033161,0.0,2.2625411,22.705108505590626,0.12039142100787104,2.8414967153661306
Imphal,2026-09-29 02:00:00,2,21.385661214338786,0.0,2.6465867,22.541017880346324,0.09461888922626858,3.0605000524542825
Imphal,2026-09-29 03:00:00,2,21.245154054845944,0.0,2.2674563,22.388432209534763,0.07834812909855814,2.7744041457737483
Imphal,2026-09-29 04:00:00,2,21.023586976413025,0.0,1.7893247,22.148209256045632,0.07469064896524177,2.460633480240266
Imphal,2026-09-29 05:00:00,2,21.226821873178125,0.0,2.2887607,22.380968096534104,0.08632871922283503,3.1366912632529917
Imphal,2026-09-29 06:00:00,2,22.52345287654712,0.0334916,1.9482419,23.65782513740586,0.09005648223060159,2.959938823061753
Imphal,2026-09-29 07:00:00,2,24.483917816082183,0.0334916,2.3647939,25.54483354460512,0.08306256438088143,3.3765226427623682
Imphal,2026-09-29 08:00:00,2,26.43089236910763,0.0334916,2.3619407,26.994571288804867,0.11058366423555308,3.4422131063321535
Imphal,2026-09-29 09:00:00,2,27.652404247595754,0.3678269999999999,4.0253622,27.82657865955921,0.27854460305293594,4.441234196389721
Imphal,2026-09-29 10:00:00,2,28.722950577049424,0.3417524999999999,4.6744915,29.060131346352126,0.20323314006936732,5.475113569614221
Imphal,2026-09-29 11:00:00,2,29.54845615154385,0.1680046,5.3231613,29.73632546634247,0.18959034660251115,6.054869485522649
Imphal,2026-09-29 12:00:00,2,29.9008571991428,0.1872256,5.8936533,29.637075127704517,0.2713487065824013,5.345177649014254
Imphal,2026-09-29 13:00:00,2,29.95191394808605,0.1677313,6.8381271,29.652931587786988,0.24841044148492647,5.877505016174262
Imphal,2026-09-29 14:00:00,2,29.29501530498469,0.5303346,6.9163123,29.136853343695076,0.3666968212299022,6.721236670021585
Imphal,2026-09-29 15:00:00,2,28.37959832040168,0.4444207,5.1045678,28.403727290783102,0.26262489110980264,5.0831102978334615
Imphal,2026-09-29 16:00:00,2,27.11277798722201,0.2743115,3.968393700000001,27.5118866811364,0.33147963564654725,3.7902656213883716
Imphal,2026-09-29 17:00:00,2,25.46097203902796,0.2294908,3.848492,26.11974576701953,0.28553025760448414,3.5276286499067298
Imphal,2026-09-29 18:00:00,2,24.359974340025666,0.5306249000000001,2.9742362,25.15168265518432,0.42990380969761544,2.577537027741367
Imphal,2026-09-29 19:00:00,2,23.565375234624764,0.2679328,2.7017078000000003,24.58992595622159,0.29088643043506923,2.661776562974598
Imphal,2026-09-29 20:00:00,2,22.95711884288116,0.2918139,3.5923867,23.781077536738533,0.30283864492568535,3.1029173122001277
Imphal,2026-09-29 21:00:00,2,22.6016100983899,0.0669832,4.0799736,23.55179950964408,0.13388200722185895,3.312430554384525
Imphal,2026-09-29 22:00:00,2,22.27610452389548,0.1147454,4.15854,23.130244877794457,0.15554681489243405,3.2570780942957995
Imphal,2026-09-29 23:00:00,2,21.975355324644674,0.0669832,3.4812682,23.08430519935921,0.126816413507279,2.6666781430525948
Imphal,2026-09-30 00:00:00,3,21.7597319,0.0482963517036483,3.33910173910174,22.30771601671033,0.20149426548468283,3.6251198508733897
Imphal,2026-09-30 01:00:00,3,21.6714476,0.0482963517036483,1.964111864111864,22.214184347601815,0.20193345545367172,2.684861975973528
Imphal,2026-09-30 02:00:00,3,21.6338409,0.0799412200587799,1.8818619818619815,22.189064698721985,0.2621612052134341,2.5427142695357077
Imphal,2026-09-30 03:00:00,3,21.4554278,0.6012524987475012,2.3405132405132405,22.00916989807635,0.2385946280614965,2.7963701992267347
Imphal,2026-09-30 04:00:00,3,21.3470899,0.7278319721680278,2.228043128043128,21.85341062522471,0.2832422676227793,2.7198995775086914
Imphal,2026-09-30 05:00:00,3,21.4481162,0.6012524987475012,1.995290295290296,21.972231979318195,0.24279042250632027,2.8300013170780534
Imphal,2026-09-30 06:00:00,3,22.18952,0.0632897367102632,2.0991194991194995,22.995290480027887,0.14875450570654994,2.873334614731176
Imphal,2026-09-30 07:00:00,3,23.162709,0.0857715142284857,3.257433857433858,24.236532444507286,0.18904062815724376,3.884327227874955
Imphal,2026-09-30 08:00:00,3,24.5261908,0.3197523802476197,4.503284403284403,25.782243309937726,0.2184100105169251,5.05230117744347
Imphal,2026-09-30 09:00:00,3,25.5022365,0.6545272454727545,5.622465522465523,26.69897559684486,0.2524127331547545,5.973840963672091
Imphal,2026-09-30 10:00:00,3,25.9150512,0.6991068008931991,7.606024006024006,27.076711567637503,0.31286311201281913,8.584805407648178
Imphal,2026-09-30 11:00:00,3,26.1681548,0.3071788928211072,7.653844053844054,27.1704805511718,0.26309099507312317,7.8792345692324375
Imphal,2026-09-30 12:00:00,3,26.1185516,0.3452616547383452,7.700147900147899,26.92578542222237,0.27720870290530836,8.035888393917224
Imphal,2026-09-30 13:00:00,3,25.840619100000005,0.2149105850894149,7.974818874818874,26.500256078567933,0.2519400394418555,8.450034009871377
Imphal,2026-09-30 14:00:00,3,25.4807572,0.1931854068145932,8.073031473031474,26.188524892039837,0.21855986339424044,8.613972961199055
Imphal,2026-09-30 15:00:00,3,24.5634885,0.2697938302061698,6.888896388896389,25.146088380947855,0.24060812338568072,7.122522753359607
Imphal,2026-09-30 16:00:00,3,23.597148200000003,0.721985078014922,5.11003381003381,24.53919516920702,0.4938428313823336,5.082738639337774
Imphal,2026-09-30 17:00:00,3,22.986457,1.1333683666316334,3.0735048735048736,23.69978194443457,0.6866290990708055,3.487346633452236
Imphal,2026-09-30 18:00:00,3,22.5551911,0.8544114455885544,3.0434082434082432,23.348630421497937,0.3195415457967995,2.59819534961699
Imphal,2026-09-30 19:00:00,3,22.0837748,1.1075703924296076,2.507409707409708,22.85731485575895,0.4571970698790623,2.877991012034106
Imphal,2026-09-30 20:00:00,3,21.8722354,1.613888286111714,2.4997728997729,22.69174850022777,0.4963988489392208,2.78659531656071
Imphal,2026-09-30 21:00:00,3,21.5903682,2.4366548633451366,2.0290274290274293,22.429854004061202,0.5063459322300319,2.610374787785047
Imphal,2026-09-30 22:00:00,3,21.3783236,2.753103546896453,1.870894570894571,22.252330528670925,0.5977621855498949,2.5067514555728914
Imphal,2026-09-30 23:00:00,3,21.180184,1.613888286111714,2.6992805992805997,22.189157468756395,0.49123778354359726,2.9160627918930717
Indore,2026-09-28 00:00:00,1,21.7867041,0.0,8.555201499999999,22.203841608893484,0.052486224843334046,8.274483524174052
Indore,2026-09-28 01:00:00,1,21.2724629,0.0,8.061910099999999,21.668850194043888,0.058917702945679114,8.037591218571354
Indore,2026-09-28 02:00:00,1,20.8445425,0.0,8.2778894,21.224192259219006,0.05934476602475725,7.55271613980939
Indore,2026-09-28 03:00:00,1,20.5477948,0.0,9.3761138,20.93263366358968,0.07414306193217424,8.396768409587626
Indore,2026-09-28 04:00:00,1,20.2883374,0.0,9.9140269,20.687185520624148,0.05439969318642799,8.477742611200599
Indore,2026-09-28 05:00:00,1,20.5307637,0.0,10.086119,20.960048754139464,0.055832642542346794,8.5458970652935
Indore,2026-09-28 06:00:00,1,20.6129696,0.0,10.4203864,21.08199772225054,0.058917702945679114,9.055811921732122
Indore,2026-09-28 07:00:00,1,21.9852579,0.0,11.852348799999998,22.515235497288177,0.04804262828886149,10.223766353066186
Indore,2026-09-28 08:00:00,1,24.00757,0.0,14.260327,25.05910155309175,0.05917613124084408,11.421452612093436
Indore,2026-09-28 09:00:00,1,25.8330564,0.0,14.2627068,26.962227451277407,0.06367933200032004,11.264776236213924
Indore,2026-09-28 10:00:00,1,27.3986984,0.0,13.4514861,28.123841844698585,0.05631746573633196,10.440083271227165
Indore,2026-09-28 11:00:00,1,28.6186065,0.0,13.2763216,29.115506646613692,0.054798745720821135,10.25875630474571
Indore,2026-09-28 12:00:00,1,29.545514200000003,0.0,13.4504327,29.938071935116234,0.054425774539712465,10.119818693774398
Indore,2026-09-28 13:00:00,1,30.1172738,0.0,13.7326489,30.40519456885199,0.05414858862248322,10.354075485480358
Indore,2026-09-28 14:00:00,1,30.4587427,0.0,13.6771125,30.57830866350834,0.05414858862248322,11.150332890680819
Indore,2026-09-28 15:00:00,1,30.2865324,0.0,13.6422766,30.337943922879628,0.05382253133386472,11.001648259162325
Indore,2026-09-28 16:00:00,1,29.728001300000003,0.0,12.7683736,29.90397662861907,0.054099717251093964,10.170536841511211
Indore,2026-09-28 17:00:00,1,28.6526584,0.0,11.2216135,29.030083543914408,0.05742012253731779,8.668516527435175
Indore,2026-09-28 18:00:00,1,27.016544799999995,0.0,9.1422926,27.806642043883873,0.06144412902876395,7.165158901071532
Indore,2026-09-28 19:00:00,1,25.6038029,0.0,7.9546075,26.313075819455207,0.06156136061183476,6.47617024652498
Indore,2026-09-28 20:00:00,1,24.4170424,0.0,7.8563443,25.144164451687693,0.05578190775635237,6.665273341791176
Indore,2026-09-28 21:00:00,1,23.4520847,0.0,7.444648899999999,24.175443801064706,0.048676038849860485,6.554787835247682
Indore,2026-09-28 22:00:00,1,22.6107381,0.0,7.0053278,23.224591916933846,0.05448909769885053,6.405164904705809
Indore,2026-09-28 23:00:00,1,21.922731299999995,0.0,6.931334,22.44348652422441,0.07656786515248663,6.4670516766184525
Indore,2026-09-29 00:00:00,2,21.312865200000005,0.0,6.626579826579826,21.807504747902488,0.0581258302483963,6.1843916240612575
Indore,2026-09-29 01:00:00,2,20.8774462,0.0,6.326425926425927,21.34705287907829,0.058917702945679114,6.112268677727555
Indore,2026-09-29 02:00:00,2,20.484988,0.0,5.91910331910332,20.952049095077804,0.058917702945679114,5.64936775736372
Indore,2026-09-29 03:00:00,2,20.0899406,0.0,5.57071827071827,20.569367568305793,0.07485915639140556,5.417693555734988
Indore,2026-09-29 04:00:00,2,19.7290896,0.0,5.480958680958682,20.23585645152559,0.07485915639140556,5.253185775982134
Indore,2026-09-29 05:00:00,2,19.621029400000005,0.0,5.644753144753145,20.126704679634976,0.0795741030078216,5.31666478288055
Indore,2026-09-29 06:00:00,2,19.914158400000005,0.0,5.77887507887508,20.419833679634976,0.05740292071408899,5.439084329464241
Indore,2026-09-29 07:00:00,2,21.5142624,0.0,6.55036785036785,22.080453833238476,0.05333088605543581,5.673347385289751
Indore,2026-09-29 08:00:00,2,24.152792600000005,0.0,7.708615508615509,25.24911781392593,0.07728529197256362,6.951246015894463
Indore,2026-09-29 09:00:00,2,26.2344992,0.0,10.103939503939506,27.450559700780786,0.06442725022229442,7.797315429843529
Indore,2026-09-29 10:00:00,2,27.839751,0.0,10.965724665724666,28.49363517986845,0.055890448125475126,8.676905601076669
Indore,2026-09-29 11:00:00,2,29.110547200000003,0.0,10.651017051017051,29.459982314216294,0.054467490670213545,8.32356670265849
Indore,2026-09-29 12:00:00,2,30.062230600000007,0.0,10.203828403828403,30.385600515104592,0.054190304752984295,8.052490493601312
Indore,2026-09-29 13:00:00,2,30.680681000000003,0.0,9.530117330117331,30.85910303744003,0.054190304752984295,7.605568985062731
Indore,2026-09-29 14:00:00,2,31.005709800000005,0.0,9.0981276981277,31.047637491304705,0.054190304752984295,7.278105740408282
Indore,2026-09-29 15:00:00,2,30.904084,0.0,8.836346636346637,30.8808654449055,0.054190304752984295,7.016108212593132
Indore,2026-09-29 16:00:00,2,30.409036600000004,0.0,8.204867404867406,30.29274874873606,0.054190304752984295,6.322735191156952
Indore,2026-09-29 17:00:00,2,29.240590000000005,0.0,7.688251988251989,29.564729932251204,0.05575213916524046,5.7795094179288835
Indore,2026-09-29 18:00:00,2,27.3013454,0.0,6.596404696404697,28.121745834398236,0.06680762619874411,5.206133151390926
Indore,2026-09-29 19:00:00,2,25.8654396,0.0,7.077859577859579,26.73296234184161,0.08349191637715046,5.801831127007674
Indore,2026-09-29 20:00:00,2,24.877188000000004,0.0,7.748375948375949,25.7249185220428,0.08813542463862141,6.021205746710237
Indore,2026-09-29 21:00:00,2,24.10029,0.0,8.253203353203354,24.94347380168324,0.07450267503952085,6.405058861949699
Indore,2026-09-29 22:00:00,2,23.458292600000004,0.0,8.054131054131055,24.357198836638275,0.056252799944675795,6.2123987712751525
Indore,2026-09-29 23:00:00,2,22.846679800000004,0.0,7.742205142205142,23.640810285515393,0.0852775325184442,6.340207412999867
Indore,2026-09-30 00:00:00,3,22.3877432,0.0,7.7072375,22.93176105389534,0.08319714387595735,6.627432413926838
Indore,2026-09-30 01:00:00,3,21.8383349,0.0,7.6082138,22.33750846023567,0.06459901217152642,6.406489440894607
Indore,2026-09-30 02:00:00,3,21.4591558,0.0,7.695441000000001,21.970546178200703,0.0640441529754734,6.460727509289175
Indore,2026-09-30 03:00:00,3,21.0553133,0.0,7.912294,21.574980717472076,0.07471223501928714,6.565182378492733
Indore,2026-09-30 04:00:00,3,20.6917459,0.0,7.9276499,21.211413317472076,0.07486616459710577,6.634408476255786
Indore,2026-09-30 05:00:00,3,20.4743621,0.0,7.4740815,20.966504995559607,0.07565803729438858,6.269960882750507
Indore,2026-09-30 06:00:00,3,20.6477336,0.0,7.1306154,21.1455100267759,0.076336969467331,5.978662193981648
Indore,2026-09-30 07:00:00,3,22.1779629,0.0,7.2392945,22.75804655568783,0.0745814875046305,5.990205138837638
Indore,2026-09-30 08:00:00,3,24.8487462,0.0,8.4469998,25.96560734290637,0.08764338340004996,6.646273244114472
Indore,2026-09-30 09:00:00,3,27.2183133,0.0,9.0334063,27.94412123143558,0.059316913053574345,6.7236132912436855
Indore,2026-09-30 10:00:00,3,29.0169953,0.0,8.375218400000001,29.257036971724595,0.056066123928514774,6.353349239850938
Indore,2026-09-30 11:00:00,3,30.2810699,0.0,7.3252496,30.517542239289394,0.056156711430405105,5.922894199106232
Indore,2026-09-30 12:00:00,3,31.1289725,0.0,7.3905016,31.199760627205023,0.056156711430405105,5.987828924750083
Indore,2026-09-30 13:00:00,3,31.6768751,0.0,8.1579251,31.905739769958654,0.056156711430405105,6.693198181810549
Indore,2026-09-30 14:00:00,3,31.8484754,0.0,9.0007217,32.08152225640646,0.056156711430405105,7.319825647187343
Indore,2026-09-30 15:00:00,3,31.5967303,0.0,9.1676835,31.763591781275554,0.056156711430405105,7.362927582707662
Indore,2026-09-30 16:00:00,3,31.0141141,0.0,8.8372805,30.96772155406787,0.056156711430405105,6.935523127654352
Indore,2026-09-30 17:00:00,3,29.6619911,0.0,7.4092528,29.920320744154907,0.06239184350220431,5.893706251235338
Indore,2026-09-30 18:00:00,3,27.7492996,0.0,5.7134271000000005,28.553114836153686,0.08938074314749883,4.725477207754189
Indore,2026-09-30 19:00:00,3,26.5251106,0.0,5.4407873,27.396388931226085,0.0940900267492234,4.490694492857576
Indore,2026-09-30 20:00:00,3,25.524059,0.0,6.2447225,26.42565407178026,0.0977146628176188,4.999730594141417
Indore,2026-09-30 21:00:00,3,24.6177451,0.0,6.8709221,25.515780564747008,0.08417161840126798,5.459450913726636
Indore,2026-09-30 22:00:00,3,23.8605987,0.0,7.2965147,24.728678203204762,0.08512257793842051,6.016757094484751
Indore,2026-09-30 23:00:00,3,23.1826845,0.0,7.463272400000001,24.06962493375849,0.0581993646626771,6.306826600802082
Jabalpur,2026-09-28 00:00:00,1,22.7445097,0.0,4.805911294088705,23.31060290908092,0.07784187932612872,6.035098542818272
Jabalpur,2026-09-28 01:00:00,1,22.5445097,0.0,5.546968153031846,23.114675397492256,0.08726996398027001,6.871731570820508
Jabalpur,2026-09-28 02:00:00,1,22.3445097,0.0,6.3528701471298525,22.918039619332852,0.06629681306381939,7.654573667217642
Jabalpur,2026-09-28 03:00:00,1,22.1056443,0.0,6.223690976309023,22.679747857301653,0.06270259503359447,7.46411268029035
Jabalpur,2026-09-28 04:00:00,1,21.838443,0.0,5.733283566716433,22.41660227555,0.07813077552024,6.671271593956391
Jabalpur,2026-09-28 05:00:00,1,22.2408363,0.0,5.343188656811343,22.799452124895662,0.08422730654026322,6.242682610911938
Jabalpur,2026-09-28 06:00:00,1,22.1276862,0.0,5.514712885287114,22.682226564487905,0.08161390062701791,6.524712128947161
Jabalpur,2026-09-28 07:00:00,1,23.570183,0.0,6.942303057696941,24.276749564017248,0.06680663781027207,5.803567179017293
Jabalpur,2026-09-28 08:00:00,1,25.041015700000003,0.0,9.073625926374072,26.122157117170712,0.07259768493818468,7.553064474166819
Jabalpur,2026-09-28 09:00:00,1,26.3419158,0.0,9.878613321386675,27.452080996799122,0.09043609243824773,8.152626442694704
Jabalpur,2026-09-28 10:00:00,1,27.6338644,0.0,10.353951346048651,28.688200974610954,0.06323691201202714,8.432684687068647
Jabalpur,2026-09-28 11:00:00,1,28.517015,0.0,10.59197070802929,29.43181479595474,0.06064777861429247,8.625433691487453
Jabalpur,2026-09-28 12:00:00,1,29.0738662,0.0,10.628686371313629,29.87562452062706,0.06082220119203452,8.801260590529123
Jabalpur,2026-09-28 13:00:00,1,29.4386153,0.0,10.646373153626843,30.026726293869338,0.06082220119203452,8.740233500520985
Jabalpur,2026-09-28 14:00:00,1,29.4658148,0.0,10.296109003890994,29.995634963671417,0.06082220119203452,8.461807940704116
Jabalpur,2026-09-28 15:00:00,1,29.2642627,0.0,8.65221334778665,29.72494040843119,0.06216141169801384,7.049017637679127
Jabalpur,2026-09-28 16:00:00,1,28.7411362,0.0,6.5959816040183945,29.23828988850614,0.06469995706389431,6.592286471770423
Jabalpur,2026-09-28 17:00:00,1,27.5641351,0.0,4.347747352252647,28.387376169993647,0.07371885976962822,5.491433805940645
Jabalpur,2026-09-28 18:00:00,1,25.9427542,0.0,4.257454042545956,26.68713817769395,0.09280815163656192,5.935728740477517
Jabalpur,2026-09-28 19:00:00,1,24.8476068,0.0,4.329877170122829,25.568213237890298,0.12984196463936765,5.997307093794676
Jabalpur,2026-09-28 20:00:00,1,24.1259806,0.0,4.251571548428451,24.846213265401538,0.17041754275523519,5.076460768465522
Jabalpur,2026-09-28 21:00:00,1,23.6227818,0.0,4.288102111897888,24.35752599427594,0.11001789741120524,4.475199812653675
Jabalpur,2026-09-28 22:00:00,1,23.1287967,0.0,4.226528773471226,23.836054114137717,0.11775361084056456,5.025461561434288
Jabalpur,2026-09-28 23:00:00,1,22.7379845,0.0,4.313334486665513,23.459432153130162,0.11639413010930003,5.162917164534282
Jabalpur,2026-09-29 00:00:00,2,22.2837788,0.0,3.857113657113657,22.894721392678186,0.10537612748565804,5.065912023283782
Jabalpur,2026-09-29 01:00:00,2,21.891794,0.0,4.50998240998241,22.57186389044618,0.08999703575156684,5.75275270758028
Jabalpur,2026-09-29 02:00:00,2,21.5349786,0.0,4.272142372142372,22.18536040354141,0.09236508156752929,5.45707566551329
Jabalpur,2026-09-29 03:00:00,2,21.194808200000004,0.0,4.08975528975529,21.810627137542152,0.0948416789721288,5.292093441995471
Jabalpur,2026-09-29 04:00:00,2,20.8180716,0.0,4.097211197211197,21.44933660840405,0.08824722911861232,5.277685143230229
Jabalpur,2026-09-29 05:00:00,2,20.5811114,0.0,3.8212291212291207,21.176419769600507,0.09208349529561194,5.0141388140654115
Jabalpur,2026-09-29 06:00:00,2,20.8778578,0.0,3.978784478784479,21.51752984244949,0.08818739231247566,5.153274527646107
Jabalpur,2026-09-29 07:00:00,2,22.4790398,0.0,4.254576554576555,23.18747502430971,0.09297715257589954,5.452556659660814
Jabalpur,2026-09-29 08:00:00,2,24.4162866,0.0,6.246070046070046,25.636023708899156,0.09654060466098809,5.4721547402692545
Jabalpur,2026-09-29 09:00:00,2,26.2061112,0.0,7.848400748400749,27.58059405212159,0.08230836760954398,6.613701288929873
Jabalpur,2026-09-29 10:00:00,2,27.8087786,0.0,8.817357617357617,28.871404330073737,0.08193950583332457,7.299255250968399
Jabalpur,2026-09-29 11:00:00,2,29.0708816,0.0,9.601808301808305,29.599662417588014,0.06145554927843246,7.968675951126302
Jabalpur,2026-09-29 12:00:00,2,29.7807348,0.0,10.072905872905874,30.30545545436168,0.06305230893193092,8.349492526533169
Jabalpur,2026-09-29 13:00:00,2,30.082352200000003,0.0,10.306361306361309,30.477729104588402,0.06305230893193092,8.563070568914963
Jabalpur,2026-09-29 14:00:00,2,30.1586534,0.0,9.715872015872018,30.362277351953175,0.06305230893193092,8.033994950780956
Jabalpur,2026-09-29 15:00:00,2,29.9699034,0.0178328,9.001322001322002,30.073698688777384,0.14387433358225857,7.232206982705295
Jabalpur,2026-09-29 16:00:00,2,28.800107400000005,0.3746607,7.65003845003845,29.515081122040936,0.31200032688881446,5.894279362214446
Jabalpur,2026-09-29 17:00:00,2,27.2868874,0.3746607,4.645851345851346,28.531561170254978,0.3167457714460502,5.220847949780358
Jabalpur,2026-09-29 18:00:00,2,26.0758522,0.0831172,4.216027216027216,26.983916394281387,0.17133698302002864,4.554401489314461
Jabalpur,2026-09-29 19:00:00,2,25.2587246,0.0,4.522337022337022,26.195451652637992,0.10528394865147385,4.5995940922117695
Jabalpur,2026-09-29 20:00:00,2,24.5729228,0.0,4.442697242697244,25.483255125524263,0.08964080757597834,5.258518625938946
Jabalpur,2026-09-29 21:00:00,2,24.004028,0.0,4.358806858806859,24.917410999093345,0.09938233806217457,5.1752288929691055
Jabalpur,2026-09-29 22:00:00,2,23.4810926,0.0,4.548391948391949,24.373186489847388,0.09815890424366705,4.842111000506111
Jabalpur,2026-09-29 23:00:00,2,23.046143800000003,0.0,3.94986964986965,23.815837338671297,0.10814791957069174,4.444375163925304
Jabalpur,2026-09-30 00:00:00,3,22.6820526,0.0,3.797015797015797,23.224889997548395,0.10665494162614256,5.098154902488509
Jabalpur,2026-09-30 01:00:00,3,22.3672752,0.0,3.572182272182272,22.89444091026311,0.10367892447665902,4.853572060136475
Jabalpur,2026-09-30 02:00:00,3,22.0685967,0.0,3.551577351577352,22.58521411352662,0.09794730057347197,4.801855792641282
Jabalpur,2026-09-30 03:00:00,3,21.7956315,0.0,3.573715773715774,22.32249177381643,0.09655871207051275,4.801990288417299
Jabalpur,2026-09-30 04:00:00,3,21.5090729,0.0,3.784130784130784,22.044686825259614,0.08553109409572081,4.952468216659227
Jabalpur,2026-09-30 05:00:00,3,21.403285500000003,0.0,3.925361625361625,22.041151853246788,0.09281015503742308,5.100230711661533
Jabalpur,2026-09-30 06:00:00,3,21.7245474,0.0,4.112732712732713,22.363728510243156,0.0891251052535227,5.237921083123901
Jabalpur,2026-09-30 07:00:00,3,23.3145981,0.0,4.698501798501798,24.13598471686839,0.0932878815225126,5.606259045664555
Jabalpur,2026-09-30 08:00:00,3,25.0858114,0.0,5.823900723900724,26.275335425751287,0.09861331154402028,4.960077620703633
Jabalpur,2026-09-30 09:00:00,3,26.8055981,0.0,6.521603221603221,28.138952555333816,0.0857161510734203,5.319875881627215
Jabalpur,2026-09-30 10:00:00,3,28.3317173,0.0,7.912612012612012,29.283844756453288,0.07535380540592564,6.494642469037163
Jabalpur,2026-09-30 11:00:00,3,29.4316363,0.1003156,9.885841685841688,29.93205738821674,0.18698659855193908,8.292119215424893
Jabalpur,2026-09-30 12:00:00,3,30.0539285,0.2257101,10.901815101815105,30.515265770843165,0.20220498746731938,9.22722830150714
Jabalpur,2026-09-30 13:00:00,3,30.391913700000003,0.3511045999999999,11.47932617932618,30.695523663827373,0.2572371916998906,9.424584423811286
Jabalpur,2026-09-30 14:00:00,3,30.525666,0.1253945,11.377996777996778,30.555497830920366,0.2050415409987406,9.150360538664152
Jabalpur,2026-09-30 15:00:00,3,30.218012,0.0501578,10.523435223435223,30.287766239586514,0.1404873374046133,8.199088121758056
Jabalpur,2026-09-30 16:00:00,3,29.4425995,0.0752366999999999,8.215626215626216,29.75514804542413,0.1662531325489486,6.185425528601006
Jabalpur,2026-09-30 17:00:00,3,28.0560991,0.0,5.429364729364729,28.715393786173607,0.0811825263953389,4.527810252096774
Jabalpur,2026-09-30 18:00:00,3,26.6831211,0.0,4.034718634718635,27.478558782020254,0.09611786209703865,4.569637292423167
Jabalpur,2026-09-30 19:00:00,3,25.6624416,0.0,3.332410332410332,26.26980984494166,0.10131767577251734,3.9554153251518813
Jabalpur,2026-09-30 20:00:00,3,24.8207104,0.0,3.4046199046199046,25.389767545595006,0.11488347582964907,4.011341489988221
Jabalpur,2026-09-30 21:00:00,3,24.1241315,0.0,3.165383565383565,24.791100229617392,0.14234064820702957,4.002431730084432
Jabalpur,2026-09-30 22:00:00,3,23.527552600000003,0.0,3.1851777851777845,24.193868534289706,0.12164778481289451,4.0966046503634574
Jabalpur,2026-09-30 23:00:00,3,22.905260400000003,0.0,4.406750406750406,23.733973481373056,0.07023858375406906,5.282977596705045
Jaipur,2026-09-28 00:00:00,1,23.985527,0.3821088178911822,3.5549806000000004,23.78811571402132,0.15620730134948277,3.475125035141049
Jaipur,2026-09-28 01:00:00,1,23.52435,0.1042114957885042,3.4819224,23.28628894885319,0.19698913552760539,3.4947200941888266
Jaipur,2026-09-28 02:00:00,1,23.232752,0.0,3.1478869,23.0362227503008,0.09165950253217874,3.3281473755769877
Jaipur,2026-09-28 03:00:00,1,23.016546,0.0173685826314173,4.7212653,23.349636203456914,0.12976628160317139,4.863034115965636
Jaipur,2026-09-28 04:00:00,1,22.753003,0.0173685826314173,6.904059900000001,23.23428023429816,0.11743592801239831,4.834193036170589
Jaipur,2026-09-28 05:00:00,1,23.390716,0.0,9.4055448,23.936227860631746,0.06808531937727891,6.796364057260744
Jaipur,2026-09-28 06:00:00,1,23.14542,0.0,8.9281441,23.764892275523387,0.07662203031330966,8.038064156333984
Jaipur,2026-09-28 07:00:00,1,24.266554,0.0,10.5635269,24.8821225340575,0.06490525285185955,8.267435165959736
Jaipur,2026-09-28 08:00:00,1,25.921433,0.0,13.3612057,26.721245486133466,0.07066953781910264,10.034888537196414
Jaipur,2026-09-28 09:00:00,1,27.465496,0.0,15.4340842,28.08820402616377,0.06859974386729593,10.841750907588857
Jaipur,2026-09-28 10:00:00,1,28.758327,0.0,16.9437486,29.418609107537254,0.06593879372693852,12.545895538524707
Jaipur,2026-09-28 11:00:00,1,29.591114,0.0,16.7413613,30.217618751865096,0.038542065039474334,12.32086903344307
Jaipur,2026-09-28 12:00:00,1,30.558727,0.0,15.3024665,31.189960156952967,0.04181903472598121,11.662447095292764
Jaipur,2026-09-28 13:00:00,1,30.75096,0.0883033116966883,14.846503100000003,31.35378144920929,0.15585773716668788,11.224365474018022
Jaipur,2026-09-28 14:00:00,1,31.003202,0.0,13.7098118,31.57456489527811,0.043592869616643964,10.576024056132772
Jaipur,2026-09-28 15:00:00,1,30.526531,0.1277566722433277,11.7226928,30.98232164373147,0.3447166822683194,9.021567656769435
Jaipur,2026-09-28 16:00:00,1,28.913141000000003,0.1545397454602545,10.6978084,29.34318281968744,0.48518679727897285,7.461002843009153
Jaipur,2026-09-28 17:00:00,1,27.108485,0.4150684849315151,9.0021672,27.625916845205833,0.4646162497040384,6.4154852201883
Jaipur,2026-09-28 18:00:00,1,25.867184,0.2605287394712605,9.6576921,26.26630523756151,0.2398430991745652,6.115670864155929
Jaipur,2026-09-28 19:00:00,1,24.576914,0.0,7.2924614,25.194824748328635,0.18471749118567474,4.503975591548085
Jaipur,2026-09-28 20:00:00,1,24.341888,0.0717275282724717,4.0599475,24.855613492266478,0.12258533438912175,3.5918429159871095
Jaipur,2026-09-28 21:00:00,1,23.960335,0.3108192891807108,4.3424101,24.596246336322434,0.1955529723741886,4.171895634927797
Jaipur,2026-09-28 22:00:00,1,23.714468,0.0,5.788264000000001,24.30629598792813,0.07266967477420236,4.87064313051486
Jaipur,2026-09-28 23:00:00,1,23.468601,0.0,6.6017980000000005,24.066235956918135,0.06912695420453699,5.7482282915686875
Jaipur,2026-09-29 00:00:00,2,23.2800116,0.0,7.7114695,23.734123167671083,0.13904129447228375,6.666860888931282
Jaipur,2026-09-29 01:00:00,2,23.093705300000003,0.0,7.7217313,23.547816867671084,0.11162277490062315,6.593468618211602
Jaipur,2026-09-29 02:00:00,2,22.8937053,0.0,7.2377059,23.359341485088436,0.06619890620017116,6.458975516155426
Jaipur,2026-09-29 03:00:00,2,22.560135,0.0,5.6100283,23.116372179081548,0.06021792998457594,5.667078237644511
Jaipur,2026-09-29 04:00:00,2,22.2404268,0.0,5.565817900000001,22.74367088407997,0.05851663762965268,5.727464705990146
Jaipur,2026-09-29 05:00:00,2,22.1465431,0.0,7.4038546,22.659704325689322,0.060947013935743345,6.5688492103980725
Jaipur,2026-09-29 06:00:00,2,22.3403986,0.0,7.524030799999999,22.882419478319754,0.07015975935235634,6.672132061290456
Jaipur,2026-09-29 07:00:00,2,23.405537700000004,0.0,9.3562228,24.068017795553164,0.06635783563384325,6.730048233652999
Jaipur,2026-09-29 08:00:00,2,25.3634601,0.0,12.128709099999998,26.141403844271085,0.06949088855749451,9.341935881315619
Jaipur,2026-09-29 09:00:00,2,27.189246200000003,0.0,14.005862699999998,27.939051557434233,0.06439345734889249,10.057576039175023
Jaipur,2026-09-29 10:00:00,2,29.0243762,0.0,14.952652100000002,29.651565058995914,0.03493784877617781,11.10565646744485
Jaipur,2026-09-29 11:00:00,2,30.4956982,0.0,15.366589,30.771507389519684,0.03073063997910444,11.548218469035014
Jaipur,2026-09-29 12:00:00,2,31.5171345,0.0,15.0890299,31.652544239675613,0.036022771261558006,11.199728641690161
Jaipur,2026-09-29 13:00:00,2,32.1660216,0.0,14.6277155,31.92726617022686,0.038398165105177726,10.419953694475918
Jaipur,2026-09-29 14:00:00,2,32.5627972,0.0,13.8578905,32.18189761855537,0.043983628882764095,10.193700551726366
Jaipur,2026-09-29 15:00:00,2,32.5117477,0.0,12.5870101,32.020469003105276,0.04387659920026308,9.172538843331566
Jaipur,2026-09-29 16:00:00,2,31.9782408,0.0,10.4827509,31.704975871663645,0.04209174065485016,7.765509076030607
Jaipur,2026-09-29 17:00:00,2,31.2294171,0.0,8.422855199999999,31.089126070102896,0.04069876649880853,6.727628165046394
Jaipur,2026-09-29 18:00:00,2,29.9999473,0.0,7.268543699999999,29.928681861963387,0.04008531202464621,5.406700844138747
Jaipur,2026-09-29 19:00:00,2,28.7851916,0.0,6.908104499999999,28.785618631294405,0.04260701133608122,5.712141441793217
Jaipur,2026-09-29 20:00:00,2,27.6384253,0.0,9.6593988,27.784410487906065,0.0625796737653149,6.54248580078259
Jaipur,2026-09-29 21:00:00,2,26.757696,0.0,8.4987823,27.262053062973752,0.07365490373211765,6.050432975027308
Jaipur,2026-09-29 22:00:00,2,26.0990691,0.0,6.8592059,26.69781662637404,0.06629814168143926,5.175527876137505
Jaipur,2026-09-29 23:00:00,2,25.6844818,0.0,7.2426279,26.307456356471654,0.0891957987869776,5.641505616460702
Jaipur,2026-09-30 00:00:00,3,25.171199328800675,0.0,9.08949001050999,25.674409768150696,0.14362132461939528,6.467423935434728
Jaipur,2026-09-30 01:00:00,3,24.5966038033962,0.0,8.679545120454879,25.082299102167166,0.07772612849787228,6.198017962739678
Jaipur,2026-09-30 02:00:00,3,24.06518553481447,0.0,8.304152995847005,24.52198388812473,0.07801375957529108,6.897856132780893
Jaipur,2026-09-30 03:00:00,3,23.56171063828937,0.0,7.888803611196389,24.015426178693335,0.07710582149607571,6.734632488611867
Jaipur,2026-09-30 04:00:00,3,23.182883017116986,0.0,7.90890199109801,23.642972561966673,0.0811791181392442,5.4831403998028145
Jaipur,2026-09-30 05:00:00,3,23.065833634166367,0.0,8.155803544196456,23.515128636804963,0.11509484066677392,5.759437625893662
Jaipur,2026-09-30 06:00:00,3,23.050520249479757,0.0,7.947747952252049,23.55147448943087,0.08322706663748872,5.603587043442939
Jaipur,2026-09-30 07:00:00,3,23.98803021196979,0.0,8.879162320837679,24.493070738472575,0.10594508348580238,6.511113839312937
Jaipur,2026-09-30 08:00:00,3,26.10792089207911,0.0,10.096012903987097,26.92024419409409,0.09182513553860813,7.538403673945658
Jaipur,2026-09-30 09:00:00,3,28.16051023948976,0.0,11.973180226819771,28.696813785901245,0.06927983000527192,8.950432431517942
Jaipur,2026-09-30 10:00:00,3,30.039984660015342,0.0,13.976300623699377,30.660606071623754,0.04189064579120345,9.894449733564066
Jaipur,2026-09-30 11:00:00,3,31.58845361154639,0.0,15.321868978131024,31.733712581081985,0.04482358970302697,12.092468838991003
Jaipur,2026-09-30 12:00:00,3,32.580980619019385,0.0,16.15121054878945,32.51692440948243,0.043157905485609334,12.782874991879485
Jaipur,2026-09-30 13:00:00,3,33.173741626258376,0.0,15.593762306237696,32.680028958245146,0.04292707783100891,11.714213461442526
Jaipur,2026-09-30 14:00:00,3,33.483030116969886,0.0,14.724275975724026,32.8974177785649,0.04233233241037424,10.826242344875249
Jaipur,2026-09-30 15:00:00,3,33.405371194628806,0.0,13.842891157108845,32.693060724207974,0.051004223359851796,10.071640754901223
Jaipur,2026-09-30 16:00:00,3,32.80653989346011,0.0,12.403467396532603,32.196421213752615,0.05333315907338848,8.723462757131365
Jaipur,2026-09-30 17:00:00,3,31.939884060115943,0.0,9.712776487223511,31.615440812132114,0.05119563484859123,7.37044154759811
Jaipur,2026-09-30 18:00:00,3,30.36741593258407,0.0,7.772431727568273,30.006538573779242,0.04579065140880534,5.496499097481584
Jaipur,2026-09-30 19:00:00,3,28.97769562230438,0.0,7.11933948066052,28.949082409400784,0.05101552316610952,5.6602583195178005
Jaipur,2026-09-30 20:00:00,3,27.83226736773264,0.0,7.045749454250545,27.942495421665548,0.05849015809019973,5.794108203962015
Jaipur,2026-09-30 21:00:00,3,26.920672679327325,0.0362934362934362,10.703726296273704,27.278235977282897,0.12657106987754402,7.143570377131615
Jaipur,2026-09-30 22:00:00,3,26.558138541861457,0.0181467181467181,10.501904698095302,27.001618018503255,0.11210206814828257,6.7158169693097545
Jaipur,2026-09-30 23:00:00,3,26.414670785329218,0.0362934362934362,9.074793925206077,26.79269141662446,0.13469049046101972,6.338843220758874
Jodhpur,2026-09-28 00:00:00,1,27.957008742991256,0.0,12.2201139,28.198850566906852,0.06984105346425454,9.640752904499742
Jodhpur,2026-09-28 01:00:00,1,27.360616839383155,0.0,12.5203249,27.62571285417439,0.07270078734749394,9.919588074166958
Jodhpur,2026-09-28 02:00:00,1,26.87285312714687,0.0,13.2101095,26.992123218182307,0.06823342850140585,10.541722232947649
Jodhpur,2026-09-28 03:00:00,1,26.489367010632986,0.0,13.3442476,26.590586299595596,0.07517266208901115,10.640253184058192
Jodhpur,2026-09-28 04:00:00,1,26.135987164012832,0.0,13.288851800000002,26.32569520992104,0.06109633541257439,11.026578289019369
Jodhpur,2026-09-28 05:00:00,1,26.892387807612188,0.0,14.4003574,26.96951667170988,0.06023825264324133,11.914236133351135
Jodhpur,2026-09-28 06:00:00,1,26.23419626580373,0.0,15.499028399999998,26.31082163504959,0.057759606616974206,12.676045193858847
Jodhpur,2026-09-28 07:00:00,1,26.45928244071756,0.0,15.7026896,26.59214901843377,0.05469096584032923,11.94486496756006
Jodhpur,2026-09-28 08:00:00,1,27.5032074967925,0.0,17.7186855,27.853350061782145,0.062405118288716734,13.417170242861404
Jodhpur,2026-09-28 09:00:00,1,28.801868498131498,0.0,16.8143574,29.365758959073997,0.030299424361413963,12.534666322792038
Jodhpur,2026-09-28 10:00:00,1,30.210423689576302,0.0,15.4909183,30.550899390435703,0.0336992382587836,11.419418288135645
Jodhpur,2026-09-28 11:00:00,1,31.4968484031516,0.0,15.107975199999998,31.751032953946844,0.042088542276297304,11.03371853623704
Jodhpur,2026-09-28 12:00:00,1,32.58394261605738,0.0,14.5605632,32.569529574306536,0.04609014971618697,10.505452499370925
Jodhpur,2026-09-28 13:00:00,1,33.475314424685564,0.0,13.6357554,33.17730507347518,0.04538386936621183,9.990919216350662
Jodhpur,2026-09-28 14:00:00,1,34.04520815479184,0.0,12.9106009,33.46369202190821,0.05098248053469505,9.627310912299993
Jodhpur,2026-09-28 15:00:00,1,34.26351753648245,0.0,11.909847799999998,33.738260628490885,0.05911008150306964,9.177873150104206
Jodhpur,2026-09-28 16:00:00,1,34.061018338981654,0.0,10.6972058,33.48758495207921,0.05901582753348546,8.593596536557465
Jodhpur,2026-09-28 17:00:00,1,33.54200525799474,0.0,10.1547252,32.96461541075055,0.058652759935112965,9.843689292716597
Jodhpur,2026-09-28 18:00:00,1,32.27783532216468,0.0,9.7800646,32.16368703999651,0.04348604110272789,9.051256935962494
Jodhpur,2026-09-28 19:00:00,1,30.71897428102572,0.0,9.601409,30.287505277772553,0.041412157348855706,7.282440476634415
Jodhpur,2026-09-28 20:00:00,1,29.6024215975784,0.0,10.0458326,29.638421449681065,0.03382572764954448,7.248209650778944
Jodhpur,2026-09-28 21:00:00,1,28.86082153917846,0.0,10.9173833,28.926492900193082,0.052331853660780775,7.878904902056495
Jodhpur,2026-09-28 22:00:00,1,28.433905666094333,0.0,11.8656853,28.532865067107494,0.047220752870780265,8.176523374700974
Jodhpur,2026-09-28 23:00:00,1,27.919187280812714,0.0,11.5504502,28.00431554779677,0.05595575378894341,7.990833491165704
Jodhpur,2026-09-29 00:00:00,2,27.2758542,0.0,11.0971237,27.500235908337146,0.07475517435622686,7.708682784230309
Jodhpur,2026-09-29 01:00:00,2,26.6160182,0.0,10.696106699999998,26.974075640630858,0.08200443098216996,7.603969504350958
Jodhpur,2026-09-29 02:00:00,2,25.995134,0.0,9.8072879,26.335994211435597,0.07670365059096541,7.22465068308987
Jodhpur,2026-09-29 03:00:00,2,25.414866000000004,0.0,9.0265419,25.81633136432526,0.0914103528618218,7.200307333260531
Jodhpur,2026-09-29 04:00:00,2,24.9034678,0.0,8.8199171,25.358051588285807,0.07829305966546282,7.4794496823476795
Jodhpur,2026-09-29 05:00:00,2,24.5945457,0.0,8.4457433,25.13895626418467,0.08184306342232793,7.3139147707243355
Jodhpur,2026-09-29 06:00:00,2,24.4270515,0.0,8.823618399999999,24.96522041332348,0.08827894385531623,7.837565647115591
Jodhpur,2026-09-29 07:00:00,2,25.1458191,0.0,9.4033363,25.701691898582936,0.07856230200197387,8.101784066742466
Jodhpur,2026-09-29 08:00:00,2,26.929997,0.0,11.2945325,27.61596397799486,0.08456579410659272,8.153100852077031
Jodhpur,2026-09-29 09:00:00,2,28.9886535,0.0,12.1132086,29.57875499603619,0.04098399479045917,8.561983423381188
Jodhpur,2026-09-29 10:00:00,2,31.0486856,0.0,11.2420489,31.316678236364318,0.05002258706933192,8.170954113264376
Jodhpur,2026-09-29 11:00:00,2,32.6396518,0.0,10.6084859,32.7421656542328,0.04716540366688636,7.502692801220935
Jodhpur,2026-09-29 12:00:00,2,33.7989839,0.0,9.58312,33.681049568032044,0.05590349987624622,7.18491062264737
Jodhpur,2026-09-29 13:00:00,2,34.598479999999995,0.0,8.5473228,34.05561809349622,0.05641921056522772,6.86239400889608
Jodhpur,2026-09-29 14:00:00,2,35.12713409999999,0.0,8.3334365,34.52768244549572,0.05641921056522772,6.939264887518761
Jodhpur,2026-09-29 15:00:00,2,35.28570619999999,0.0,8.6313878,34.66834319107781,0.05921455828335795,6.748759239390749
Jodhpur,2026-09-29 16:00:00,2,35.053816,0.0,8.669522500000001,34.41078372178196,0.05796540365178632,7.052111983249041
Jodhpur,2026-09-29 17:00:00,2,34.5036621,0.0,9.0376422,33.88481348486072,0.05511402168945625,7.329718620333557
Jodhpur,2026-09-29 18:00:00,2,32.45249629999999,0.0,10.0300885,32.392581044433946,0.06586455819285064,8.673141955554593
Jodhpur,2026-09-29 19:00:00,2,30.8843021,0.0,10.269593,30.479550490831016,0.054944279440166804,7.747931099555467
Jodhpur,2026-09-29 20:00:00,2,29.7339004,0.0,8.9192111,29.801941347661533,0.03827598385704725,6.559040320654369
Jodhpur,2026-09-29 21:00:00,2,28.7543407,0.0,9.7517189,28.824635126107083,0.056644406332929845,6.891815796828965
Jodhpur,2026-09-29 22:00:00,2,27.8458191,0.0,9.9556718,28.092615587870934,0.052752952275582424,7.201018212688016
Jodhpur,2026-09-29 23:00:00,2,27.1365375,0.0,8.1779994,27.55102194894311,0.08674916752102259,6.083032579488358
Jodhpur,2026-09-30 00:00:00,3,26.630852130852134,0.0,7.0728825,27.142078346348953,0.2104353597399086,6.476697212420592
Jodhpur,2026-09-30 01:00:00,3,26.09182579182579,0.0,8.2576275,26.60335795120562,0.203959403586294,7.443661273490375
Jodhpur,2026-09-30 02:00:00,3,25.585228885228883,0.0,9.1774461,26.11610128983114,0.13203791466720077,7.953844981829208
Jodhpur,2026-09-30 03:00:00,3,25.17249917249917,0.0,8.862440200000002,25.654856664965337,0.13675988371366862,8.793640933146282
Jodhpur,2026-09-30 04:00:00,3,24.83323123323123,0.0,8.9162149,25.31054426235164,0.09100793102957024,8.637948076105529
Jodhpur,2026-09-30 05:00:00,3,24.565418065418065,0.0,9.0218508,25.114848784118582,0.08609388245844891,6.967679440048221
Jodhpur,2026-09-30 06:00:00,3,24.42447672447673,0.0,8.935176400000001,24.973797118681844,0.10397453136340395,8.972965773263383
Jodhpur,2026-09-30 07:00:00,3,25.113271513271517,0.0,10.0140782,25.662160198534337,0.1068400737044357,8.808309261200822
Jodhpur,2026-09-30 08:00:00,3,27.09119299119299,0.0,12.485580000000002,27.683051645304232,0.08889675775099726,9.02429966071614
Jodhpur,2026-09-30 09:00:00,3,29.279967679967683,0.0,14.002505200000002,29.7826561591822,0.044676455420357725,9.797197231592792
Jodhpur,2026-09-30 10:00:00,3,31.26968966968967,0.0,13.7950448,31.55847727780362,0.04699563058988383,9.478685442734502
Jodhpur,2026-09-30 11:00:00,3,32.994331294331296,0.0,13.1155932,33.106540793997944,0.05855762880966102,8.907667593276416
Jodhpur,2026-09-30 12:00:00,3,34.23726023726024,0.0,12.4358981,33.96776889296826,0.06048410895448368,8.318120004068648
Jodhpur,2026-09-30 13:00:00,3,35.03937833937834,0.0,11.0085723,34.495139042918666,0.07150422741524728,7.7588804912143665
Jodhpur,2026-09-30 14:00:00,3,35.40813980813981,0.0,9.9011275,34.764277631349444,0.07390741811168881,6.935429147574627
Jodhpur,2026-09-30 15:00:00,3,35.43750283750284,0.0,9.3834721,34.72444186523142,0.07563055565972386,7.149535150984578
Jodhpur,2026-09-30 16:00:00,3,35.18396228396228,0.0,8.6336361,34.41147910060975,0.06733080068098664,6.857535112035605
Jodhpur,2026-09-30 17:00:00,3,34.59055919055919,0.0,8.3152609,33.86536439908532,0.06492565833173758,6.408336815857524
Jodhpur,2026-09-30 18:00:00,3,33.10785770785771,0.0,8.0449306,33.113885245144694,0.06366140388166384,6.104349019373691
Jodhpur,2026-09-30 19:00:00,3,31.37888687888688,0.0833934,7.646569200000001,30.93734387918132,0.14522692426466902,5.526900257116918
Jodhpur,2026-09-30 20:00:00,3,30.344711444711443,0.0633494,6.8461885,30.363812283375797,0.13895876237879157,5.650004387311846
Jodhpur,2026-09-30 21:00:00,3,29.594942994942997,0.0,7.9361897,29.656988651973087,0.05390332115696344,5.97663219154814
Jodhpur,2026-09-30 22:00:00,3,28.71945411945412,0.0,9.5224529,28.838467037135718,0.08438215069288121,6.589978542820528
Jodhpur,2026-09-30 23:00:00,3,28.05918615918616,0.0,9.6212851,28.304808190177734,0.1026604128215499,7.228270294905917
Kanpur,2026-09-28 00:00:00,1,21.92176447823552,0.0,5.8097983,22.46580580039275,0.07433851663228938,6.20848772553167
Kanpur,2026-09-28 01:00:00,1,21.654535845464157,0.0,5.4906178,22.202876636150144,0.06746894703904849,5.526923277422445
Kanpur,2026-09-28 02:00:00,1,21.5028484971515,0.0,5.1732834,22.042882414763245,0.06923370666717026,5.333624952424627
Kanpur,2026-09-28 03:00:00,1,21.580964819035177,0.0610344,5.470246400000001,22.1101742153876,0.11978304426513758,5.420793782062493
Kanpur,2026-09-28 04:00:00,1,21.862050537949457,0.1627584,7.0520152,22.335662645167087,0.19527255325719972,5.911280051947441
Kanpur,2026-09-28 05:00:00,1,22.504487395512605,0.2441376,4.7230105,22.983311440595553,0.19230411017794274,5.077631327650533
Kanpur,2026-09-28 06:00:00,1,22.61955748044252,0.0,4.8725509,23.16833923337249,0.09747506887198872,5.155147766089302
Kanpur,2026-09-28 07:00:00,1,23.633521166478832,0.0,5.702962299999999,24.38384836773656,0.10170886501000675,5.359903629249227
Kanpur,2026-09-28 08:00:00,1,25.01972368027632,0.0,5.0551869,26.115546655307444,0.12400292609814569,5.439926920566807
Kanpur,2026-09-28 09:00:00,1,26.47350682649317,0.0,4.0712105,27.371754398638384,0.11851807149666001,4.733694386038029
Kanpur,2026-09-28 10:00:00,1,27.893646706353287,0.0,5.180608100000001,28.991220211192346,0.11846904508617716,5.713710100833239
Kanpur,2026-09-28 11:00:00,1,28.997373402626597,0.0,6.7231171,30.006704903272272,0.08873142362278102,5.9387747020107025
Kanpur,2026-09-28 12:00:00,1,29.729678170321822,0.0308328,5.796611,30.694541328686554,0.22790709771076678,4.9440645587475025
Kanpur,2026-09-28 13:00:00,1,30.11203938796061,0.0308328,6.1636787,30.906768543175872,0.22684963991292503,4.839142939534398
Kanpur,2026-09-28 14:00:00,1,30.303659096340898,0.0519389,5.9555363,30.86357257453175,0.24949005719946377,5.008693157545313
Kanpur,2026-09-28 15:00:00,1,29.912917587082404,0.0924984,5.403553199999999,30.465654623133304,0.3288894957603103,4.74769124792927
Kanpur,2026-09-28 16:00:00,1,29.18241451758548,0.1202147,5.0694971,29.712208996605174,0.3487089178911745,4.503794742274504
Kanpur,2026-09-28 17:00:00,1,28.4038911961088,0.0924984,3.794221700000001,28.681542884681164,0.2712881428330783,4.429199079215786
Kanpur,2026-09-28 18:00:00,1,27.299120100879897,0.0,3.919882,27.870091266737923,0.11585426001466116,4.0133121107028105
Kanpur,2026-09-28 19:00:00,1,26.61256388743611,0.0,4.9903868,27.38411278579829,0.11996311850173132,4.600639129588027
Kanpur,2026-09-28 20:00:00,1,26.092829307170696,0.0,4.803134699999999,26.860402473892854,0.12374259875065295,4.439957145673608
Kanpur,2026-09-28 21:00:00,1,25.44253375746624,0.0,4.6862133,26.222805208136844,0.11366252707856665,4.332899987635912
Kanpur,2026-09-28 22:00:00,1,25.015697784302212,0.0,5.1865512,25.831211781687422,0.10723503547803453,4.506485082614815
Kanpur,2026-09-28 23:00:00,1,24.706852593147403,0.0,6.5307152,25.562182097158228,0.1259900590280306,5.288745238578052
Kanpur,2026-09-29 00:00:00,2,24.41710710000001,0.0,5.2827631,25.178659324226714,0.1057892053971142,5.170266203713538
Kanpur,2026-09-29 01:00:00,2,23.982225900000003,0.1756740999999999,5.257804599999999,24.752013350424946,0.2462779202805313,5.24158101834925
Kanpur,2026-09-29 02:00:00,2,23.8304642,0.0501926,5.3823106,24.59673603988169,0.1537941059114674,5.452401633221371
Kanpur,2026-09-29 03:00:00,2,23.6581707,0.0,5.8954302,24.422144036592364,0.10492629449231196,5.84279299255287
Kanpur,2026-09-29 04:00:00,2,23.484038000000005,0.0,6.4900432,24.211729098243662,0.11346501795830294,6.489318423865936
Kanpur,2026-09-29 05:00:00,2,23.3340212,0.0,6.1813236,24.092849036676256,0.11026890367243179,6.341691466195308
Kanpur,2026-09-29 06:00:00,2,23.3974295,0.0,6.0249226,24.20314003078019,0.12576310950696676,6.2399954103098585
Kanpur,2026-09-29 07:00:00,2,24.2322961,0.0,6.1873569,25.08406953456373,0.1253529026954775,6.315891335105868
Kanpur,2026-09-29 08:00:00,2,25.5251623,0.0,7.091897299999999,26.66917313932807,0.15125839119278345,6.930468444112449
Kanpur,2026-09-29 09:00:00,2,27.02694810000001,0.0,8.2420097,28.368404373021423,0.12718587154379343,7.383143786766424
Kanpur,2026-09-29 10:00:00,2,28.5090709,0.0,9.1896057,29.592103154852538,0.09920364772336594,7.7836061036035575
Kanpur,2026-09-29 11:00:00,2,29.641203200000003,0.0,9.8957914,30.610870823809705,0.07970616901329165,8.165649878837485
Kanpur,2026-09-29 12:00:00,2,30.401918100000003,0.0,10.4112937,31.129145027534765,0.07841163301435262,8.647255717650616
Kanpur,2026-09-29 13:00:00,2,30.709968900000003,0.0,11.3305519,30.866369171802383,0.0748704776622422,9.619423995154103
Kanpur,2026-09-29 14:00:00,2,30.89387020000001,0.0,12.1371548,31.010255192609975,0.07405624875470757,10.271288178632943
Kanpur,2026-09-29 15:00:00,2,30.66794950000001,0.0,11.553783500000002,30.751012100273282,0.0747976847431759,9.565618595126255
Kanpur,2026-09-29 16:00:00,2,30.070604100000004,0.0,9.9849829,30.12562443443028,0.07829176018738919,7.889041492250465
Kanpur,2026-09-29 17:00:00,2,28.9919784,0.0,7.328950199999999,29.287716244932472,0.09327634172542133,6.3991214355817645
Kanpur,2026-09-29 18:00:00,2,27.7875797,0.0,6.7762704,28.36379259233997,0.11267661927986942,6.040600368677216
Kanpur,2026-09-29 19:00:00,2,26.958189000000004,0.0,6.3316842,27.656638403913277,0.13879471099640486,6.354303752639332
Kanpur,2026-09-29 20:00:00,2,26.286790600000003,0.0,6.5025741,27.058495419170555,0.12620682843185435,6.477780266558923
Kanpur,2026-09-29 21:00:00,2,25.743065100000003,0.0,6.936156,26.55994629727104,0.1274821076260472,6.4200088733720655
Kanpur,2026-09-29 22:00:00,2,25.310932800000003,0.0,7.4630439,26.162684726516385,0.125205419090226,6.206538154234069
Kanpur,2026-09-29 23:00:00,2,24.9618184,0.0,7.278733499999999,25.919863682909117,0.12692475540453615,6.490269351390627
Kanpur,2026-09-30 00:00:00,3,24.630993,0.0,6.729382,25.357794906649513,0.1178014584460915,6.154175725683915
Kanpur,2026-09-30 01:00:00,3,24.3015726,0.0,5.9633554,25.07182560269135,0.1099528906336561,5.6801913912019915
Kanpur,2026-09-30 02:00:00,3,23.9630103,0.0,6.522259200000001,24.704562565683233,0.10779761644336615,6.521483826997211
Kanpur,2026-09-30 03:00:00,3,23.6289486,0.0,6.887874300000001,24.3618594605324,0.10598832843301213,6.790589390584205
Kanpur,2026-09-30 04:00:00,3,23.3638897,0.0,6.7959151,24.09686956153079,0.09666116871142577,5.964758471992742
Kanpur,2026-09-30 05:00:00,3,23.2207813,0.0,6.6254258,23.95856314173422,0.09666116871142577,5.8086184833814745
Kanpur,2026-09-30 06:00:00,3,23.4676516,0.0,6.738699100000001,24.230768063912755,0.11763037181251844,5.921517547873741
Kanpur,2026-09-30 07:00:00,3,24.7838971,0.0,7.2283893,25.619813732951613,0.11931336542500671,6.512275751730537
Kanpur,2026-09-30 08:00:00,3,26.484224,0.0,7.700445200000001,27.59645954025149,0.11987571420195206,6.351515878134103
Kanpur,2026-09-30 09:00:00,3,28.0308584,0.0,8.4961182,29.085064707548444,0.10452818106723002,6.816426207483971
Kanpur,2026-09-30 10:00:00,3,29.5059386,0.0,9.5688253,30.381215881530366,0.07770396877233592,7.7647614144712485
Kanpur,2026-09-30 11:00:00,3,30.5800442,0.0,10.7279458,31.01677660042876,0.07681261738132399,8.59757663856836
Kanpur,2026-09-30 12:00:00,3,31.2348914,0.0,12.248287,31.460132943802755,0.08234028858970463,10.021231207373496
Kanpur,2026-09-30 13:00:00,3,31.5643573,0.0,13.3663014,31.768087510685962,0.07420940010163267,11.091289924808697
Kanpur,2026-09-30 14:00:00,3,31.4994391,0.0,13.45503,31.687361174564185,0.07349624895638956,10.996775147302301
Kanpur,2026-09-30 15:00:00,3,31.2049598,0.0,12.5171757,31.401580066050197,0.07828329991603397,9.937801198243312
Kanpur,2026-09-30 16:00:00,3,30.5363749,0.0,10.1725702,30.6026660472627,0.07878234454602487,8.079496968274084
Kanpur,2026-09-30 17:00:00,3,29.2748462,0.0,7.1158023,29.79567387928168,0.08691026559473687,5.859138424440089
Kanpur,2026-09-30 18:00:00,3,28.089604,0.0,6.187446400000001,28.544890264814892,0.10325090688399913,5.309906970723256
Kanpur,2026-09-30 19:00:00,3,27.1216213,0.0,6.694207200000001,27.724697274130587,0.12071526865320932,5.586119803594506
Kanpur,2026-09-30 20:00:00,3,26.3866305,0.0,6.314325800000001,27.130360387848736,0.13555581779074377,5.458614361058361
Kanpur,2026-09-30 21:00:00,3,25.7800855,0.0,5.2853471,26.57450374826929,0.11499704579574925,4.8426720913599635
Kanpur,2026-09-30 22:00:00,3,25.3314067,0.0,5.6388249,26.0830947288402,0.11351065951316967,5.586749774214402
Kanpur,2026-09-30 23:00:00,3,24.8212902,0.0,5.701004600000001,25.588533419974173,0.12339669546443822,5.336553824529037
Kochi,2026-09-28 00:00:00,1,26.2456478,0.0,4.13904883904884,27.042368969991557,0.07413243595544346,4.332400438645637
Kochi,2026-09-28 01:00:00,1,25.9300243,0.0,3.7080774080774086,26.714746757313172,0.08641996263840827,3.9285893564665395
Kochi,2026-09-28 02:00:00,1,25.7552703,0.0,4.370948570948571,26.5821574327425,0.0807594978265552,4.524812669162724
Kochi,2026-09-28 03:00:00,1,25.6822622,0.0,4.692297992297993,26.51339267336467,0.07537397164347096,4.995503280054242
Kochi,2026-09-28 04:00:00,1,25.6840081,0.0,5.053433553433554,26.537072020745683,0.0674211187658562,4.934038580112827
Kochi,2026-09-28 05:00:00,1,25.367400600000003,0.0,5.006442006442007,26.305309574172927,0.06471140519066453,5.816452605946106
Kochi,2026-09-28 06:00:00,1,25.384278700000003,0.0,5.670355070355071,26.330356567348616,0.06589958077540072,5.406752936096377
Kochi,2026-09-28 07:00:00,1,26.5970096,0.0,6.07952357952358,27.422369204031376,0.07709777814175867,5.9543714944138095
Kochi,2026-09-28 08:00:00,1,28.2263595,0.0,5.813286213286213,29.01435863415779,0.07560488528350387,6.063982333641891
Kochi,2026-09-28 09:00:00,1,29.6051122,0.0,5.34989054989055,29.947233292005524,0.0752319141023952,5.639645390429694
Kochi,2026-09-28 10:00:00,1,30.5477405,0.0,7.50905210905211,30.78250663218233,0.058253789256186496,7.128148412956029
Kochi,2026-09-28 11:00:00,1,31.116505,0.0,10.605705705705706,31.09627733307781,0.056265207983673245,9.74590811637897
Kochi,2026-09-28 12:00:00,1,31.1457598,0.0,13.702607602607603,30.9262403437984,0.05733053612423432,12.016915144406035
Kochi,2026-09-28 13:00:00,1,30.9337692,0.0,15.441084241084244,30.553243284237887,0.058985370090558355,13.323283255206956
Kochi,2026-09-28 14:00:00,1,30.61089,0.0,16.080944680944683,30.124866466758387,0.058985370090558355,14.065882890162166
Kochi,2026-09-28 15:00:00,1,30.1526382,0.0,15.914144514144516,29.667546807923742,0.06001618181487988,13.921721520759245
Kochi,2026-09-28 16:00:00,1,29.5731364,0.0,14.674183374183375,29.109626167174145,0.057442145744455914,12.531996462279462
Kochi,2026-09-28 17:00:00,1,29.0363796,0.0,12.511039811039812,29.475832402516353,0.05671311155832847,10.59616476985791
Kochi,2026-09-28 18:00:00,1,28.2438789,0.0,9.784378584378585,28.69408501218955,0.061206421123290757,8.518684156968023
Kochi,2026-09-28 19:00:00,1,27.8232626,0.0,8.02054922054922,28.615981954324546,0.060958490791945576,6.978123391887231
Kochi,2026-09-28 20:00:00,1,27.5398944,0.0,6.366714966714967,28.38158097765924,0.06256584732123466,5.4518041420399
Kochi,2026-09-28 21:00:00,1,27.2445241,0.0,5.224902824902825,28.09266843409927,0.06256584732123466,5.573850390816677
Kochi,2026-09-28 22:00:00,1,26.9845264,0.0236741,3.955926255926257,27.758902006211038,0.08976219389175491,4.597815811547038
Kochi,2026-09-28 23:00:00,1,26.6516617,0.0,3.0391868391868395,27.6934323838232,0.07744824855310473,3.7904927154601475
Kochi,2026-09-29 00:00:00,2,26.38683551316449,0.0512035,2.9461143000000005,27.23271425326752,0.20622201826883874,4.103188405849773
Kochi,2026-09-29 01:00:00,2,26.284192815807188,0.0512035,2.9565457,27.11379887719502,0.20536381431437656,4.092390551092652
Kochi,2026-09-29 02:00:00,2,26.15068834931165,0.0535348,3.103485,26.979964223878415,0.18645413680550862,4.256651750005994
Kochi,2026-09-29 03:00:00,2,25.77854742145258,0.1887948999999999,2.6706228000000003,26.675578333280633,0.2878714693137039,4.171579727125213
Kochi,2026-09-29 04:00:00,2,25.33464076535924,0.4854726,3.1778923,26.253868942977956,0.3468321631285266,4.5470649593893055
Kochi,2026-09-29 05:00:00,2,25.180941019058984,0.1078828,3.852993300000001,26.146740381037596,0.24606645681635494,3.809515844518129
Kochi,2026-09-29 06:00:00,2,25.27906392093608,0.0,4.201832400000001,26.195139047963416,0.11487511114398286,4.14338067894133
Kochi,2026-09-29 07:00:00,2,26.161502038497964,0.0,3.3974977,26.947169730163466,0.0953511303491627,4.190101455581422
Kochi,2026-09-29 08:00:00,2,27.671030528969474,0.0,2.4740917,28.398763558481352,0.10123348277727537,3.660493528579088
Kochi,2026-09-29 09:00:00,2,28.882940517059485,0.0,3.1145343000000008,29.601484547542704,0.07267422630272788,4.0265916712163605
Kochi,2026-09-29 10:00:00,2,29.68719291280709,0.0,5.7230478,30.04551103392855,0.058253789256186496,6.121077564449915
Kochi,2026-09-29 11:00:00,2,30.197093802906203,0.0,10.0069911,30.236966147294275,0.05589743456455367,9.42416033140894
Kochi,2026-09-29 12:00:00,2,30.36898563101437,0.0,12.7973998,30.11253607462278,0.057975790002407435,11.778739580783114
Kochi,2026-09-29 13:00:00,2,30.38705471294529,0.0,14.0464385,29.96533179745003,0.058336666050767844,12.40234521157295
Kochi,2026-09-29 14:00:00,2,30.161841438158564,0.0,14.780032500000004,29.67474599591082,0.058336666050767844,12.984759773642953
Kochi,2026-09-29 15:00:00,2,29.70287459712541,0.0,15.0978131,29.24827602482958,0.05806229821398794,13.242029410611288
Kochi,2026-09-29 16:00:00,2,29.174895625104377,0.0,13.9337356,29.376532913466274,0.05762205953837609,11.908811418639917
Kochi,2026-09-29 17:00:00,2,28.5984871015129,0.0,11.8080564,28.971905747905428,0.05729109794199841,10.07595499134981
Kochi,2026-09-29 18:00:00,2,27.87603362396638,0.0,9.0160273,28.33365021457598,0.0661249015565437,7.888240161217605
Kochi,2026-09-29 19:00:00,2,27.519958580041425,0.0,7.3738731,28.25538516720216,0.061280201948592995,6.390684625618003
Kochi,2026-09-29 20:00:00,2,27.235649264350737,0.0218258,5.644059700000001,27.992641581101314,0.08872345355270664,5.881602208486279
Kochi,2026-09-29 21:00:00,2,26.9996403003597,0.0436516,4.6491283,27.58268809388736,0.11398486003905907,5.386573608692765
Kochi,2026-09-29 22:00:00,2,26.645691454308547,0.0436516,4.219020499999999,27.250435797098916,0.12092177538984249,5.034686517042149
Kochi,2026-09-29 23:00:00,2,26.28132521867478,0.0436516,4.606925,27.07514578976922,0.1211506710867256,5.329186723580953
Kochi,2026-09-30 00:00:00,3,25.9641205,0.0743024,4.525904199999999,26.517627286682963,0.20469824643814172,5.088049037471052
Kochi,2026-09-30 01:00:00,3,25.7940797,0.0501195,4.38388,26.52494077110783,0.1820076501690323,5.021277221565832
Kochi,2026-09-30 02:00:00,3,25.6909501,0.0259366,4.9305105000000005,26.61612151436742,0.1542119634882333,5.473014878211638
Kochi,2026-09-30 03:00:00,3,25.5841065,0.0259366,4.6769551,26.469524566934496,0.1644465440431775,5.299069776952646
Kochi,2026-09-30 04:00:00,3,25.5245494,0.0259366,4.741755899999999,26.399348450620266,0.15180972772344603,5.486820525452997
Kochi,2026-09-30 05:00:00,3,25.441811800000004,0.0259366,4.5252276,26.380418814240056,0.1537248685499435,4.419938332205893
Kochi,2026-09-30 06:00:00,3,25.4622142,0.0,4.369850700000001,26.37300636578846,0.08594129518081128,4.193679424977016
Kochi,2026-09-30 07:00:00,3,26.3525739,0.0,4.4847314,27.13159251864366,0.08580331687892447,5.152227406436033
Kochi,2026-09-30 08:00:00,3,27.7609731,0.0,4.2004452,28.519876223570083,0.08644485295161158,4.704400462274904
Kochi,2026-09-30 09:00:00,3,28.971936900000003,0.0,3.5273824,29.728474300228008,0.08838870566261821,4.4930683836399865
Kochi,2026-09-30 10:00:00,3,30.002099200000004,0.0,6.9533236,30.172371395250078,0.05671021705195195,6.14089678678844
Kochi,2026-09-30 11:00:00,3,30.3499597,0.0,11.0662045,30.31667049139042,0.05634244363283238,10.351419436550017
Kochi,2026-09-30 12:00:00,3,30.4396252,0.0,13.3672463,30.2351553199016,0.05842079907068614,11.717970765249168
Kochi,2026-09-30 13:00:00,3,30.2123149,0.0,14.5171743,29.82942482159434,0.05842079907068614,12.610323072651806
Kochi,2026-09-30 14:00:00,3,29.9714458,0.0,15.1544808,29.54154867178891,0.05842079907068614,13.320601329205788
Kochi,2026-09-30 15:00:00,3,29.7536833,0.0,15.226215,29.33822394398934,0.05927427690849564,13.406553391432109
Kochi,2026-09-30 16:00:00,3,29.2675287,0.0,14.8189568,29.39441192309872,0.057699295187535214,12.79027334455241
Kochi,2026-09-30 17:00:00,3,28.619539000000003,0.0,13.4001624,28.9588599376869,0.05851875428442961,11.633952638994487
Kochi,2026-09-30 18:00:00,3,27.8079259,0.0,10.5375284,28.284884025167017,0.060779310293104134,9.426311919928029
Kochi,2026-09-30 19:00:00,3,27.3308929,0.0,8.3326423,27.858352392161407,0.06812164594838756,7.409391153563904
Kochi,2026-09-30 20:00:00,3,26.9734003,0.0,6.8303987,27.787469683281703,0.06353101901757566,6.820401752320194
Kochi,2026-09-30 21:00:00,3,26.6850969,0.0,5.110414500000001,27.59098489052896,0.06579985498119256,5.477702383611736
Kochi,2026-09-30 22:00:00,3,26.3913016,0.0,4.2324175,27.353992538076508,0.06621456341080167,4.664183209714298
Kochi,2026-09-30 23:00:00,3,26.0202606,0.0,3.4313051,27.10707947069351,0.08277405108560298,4.082607963787242
Kolkata,2026-09-28 00:00:00,1,27.3993221,0.0,5.281299118700882,27.911529891811906,0.07990624529641005,5.520142436720158
Kolkata,2026-09-28 01:00:00,1,27.152966,0.0,5.44937435062565,27.57233534085926,0.10833057603540475,5.72637787981099
Kolkata,2026-09-28 02:00:00,1,26.9560331,0.0,5.246774553225447,27.23618733140566,0.24130188281543355,6.0379242352767175
Kolkata,2026-09-28 03:00:00,1,26.7644255,0.0,5.102469097530904,27.01895962125781,0.26558139616343035,5.959635448322819
Kolkata,2026-09-28 04:00:00,1,26.614102,0.0,4.905860394139607,26.79166764854965,0.3364877495934233,7.018693684390309
Kolkata,2026-09-28 05:00:00,1,26.900419900000003,0.0,5.380176519823481,27.324829541742044,0.2870059921565879,7.31160672797699
Kolkata,2026-09-28 06:00:00,1,27.3350632,0.0,5.922022277977723,27.702045778549948,0.16322256950630618,6.636403365978689
Kolkata,2026-09-28 07:00:00,1,28.6603808,0.0,7.376175423824576,28.884132828941794,0.15169269385964299,6.959437827102687
Kolkata,2026-09-28 08:00:00,1,29.9773013,0.0,8.191922208077793,30.348343169152617,0.18260548829214718,7.342634253137149
Kolkata,2026-09-28 09:00:00,1,31.120634599999995,0.0,8.562629737370264,31.48613018537929,0.21213752721535367,7.351029016950394
Kolkata,2026-09-28 10:00:00,1,32.062561,0.0,8.571876728123272,32.32934637511824,0.49733260461968415,7.206507297293771
Kolkata,2026-09-28 11:00:00,1,32.8207656,0.0,8.914958185041815,32.78735406620887,0.6405435746268958,7.173612170939298
Kolkata,2026-09-28 12:00:00,1,33.2705778,0.0,9.166738433261568,32.86484317552617,0.8977474135932054,7.491126517687177
Kolkata,2026-09-28 13:00:00,1,33.5225615,0.0,9.612513787486211,32.91812424613111,0.8886616893101257,7.587915426656103
Kolkata,2026-09-28 14:00:00,1,33.3520461,0.0,10.401636498363503,32.737796303707434,0.8871261257826372,7.85340529585406
Kolkata,2026-09-28 15:00:00,1,32.8702378,0.0,10.3997972002028,32.4959834639362,0.6519418241957549,7.604252506198944
Kolkata,2026-09-28 16:00:00,1,31.8607227,0.0,9.415594384405615,31.458786540063794,0.37793480497998716,6.804800495433506
Kolkata,2026-09-28 17:00:00,1,30.823103700000004,0.0,7.608697691302309,30.56660746139205,0.14394964120979936,5.597083123566605
Kolkata,2026-09-28 18:00:00,1,30.0830599,0.0,6.133228266771734,29.89727443154519,0.2150813593462409,5.4474706978756835
Kolkata,2026-09-28 19:00:00,1,29.3569824,0.0,5.583229316770684,29.310365990629858,0.2038716091322994,4.66742451650309
Kolkata,2026-09-28 20:00:00,1,28.8191054,0.0,5.980831219168781,28.987677033947985,0.19805738976943948,5.444184273553132
Kolkata,2026-09-28 21:00:00,1,28.3009137,0.0,5.539006260993739,28.479381188032672,0.20353440689482533,5.260806708726017
Kolkata,2026-09-28 22:00:00,1,27.8697689,0.0,5.792043007956993,28.15249905649886,0.22968411412509787,5.412388924614303
Kolkata,2026-09-28 23:00:00,1,27.525671,0.0,6.14935325064675,28.053633566064658,0.24099620047815212,5.436993676022809
Kolkata,2026-09-29 00:00:00,2,27.21704181704181,0.0,5.2548576,27.706214240862096,0.1136614618341074,5.03099810213687
Kolkata,2026-09-29 01:00:00,2,26.81497281497281,0.0,5.8248222,27.175409706932502,0.17237248446355774,6.459211536315278
Kolkata,2026-09-29 02:00:00,2,26.485714385714385,0.0,5.4098291,26.596107027769378,0.3164170122473012,6.59220667451342
Kolkata,2026-09-29 03:00:00,2,26.0987540987541,0.0,5.3219912,26.173649650430995,0.4575722523730023,6.585445694211993
Kolkata,2026-09-29 04:00:00,2,25.740222140222137,0.0,5.6620575,25.82151519435127,0.4846495451194858,6.7382077159106615
Kolkata,2026-09-29 05:00:00,2,25.536914236914235,0.0,5.8979903,25.909908706245076,0.4542427319901419,6.966071980381445
Kolkata,2026-09-29 06:00:00,2,26.305298805298804,0.0,6.108250399999999,26.612686911203966,0.3200156670662906,6.7714184811005795
Kolkata,2026-09-29 07:00:00,2,28.04980184980185,0.0,6.9909976,28.383288020317067,0.11643004661247852,6.353740706978187
Kolkata,2026-09-29 08:00:00,2,29.713854713854715,0.0,6.846896099999999,30.062298225817088,0.12915675894317058,5.962197928452518
Kolkata,2026-09-29 09:00:00,2,31.031585231585236,0.0247449,7.543696799999999,31.461701014598017,0.23338349761785365,6.605028594920139
Kolkata,2026-09-29 10:00:00,2,32.06514076514077,0.0247449,8.277869899999999,32.231997158750524,0.6250112931678117,7.0979622765322805
Kolkata,2026-09-29 11:00:00,2,32.73795133795134,0.0247449,9.1357122,32.685456125189056,0.7959389192550461,7.6818536956282255
Kolkata,2026-09-29 12:00:00,2,33.17344697344697,0.0,9.981716700000002,32.86972260615554,0.9099787343928051,8.102889190463022
Kolkata,2026-09-29 13:00:00,2,33.460536160536165,0.0,10.7540792,32.891979153007725,0.9145581397878441,8.698138317701844
Kolkata,2026-09-29 14:00:00,2,33.39603179603179,0.0,11.2898509,32.789561671185474,0.9365202651646234,8.984461722324921
Kolkata,2026-09-29 15:00:00,2,32.490619190619185,0.0,11.2029055,32.368550209706186,0.5730912090458246,8.149891092920742
Kolkata,2026-09-29 16:00:00,2,31.6997705997706,0.0,9.3409758,31.52576503109351,0.46549863752246184,7.613782698600424
Kolkata,2026-09-29 17:00:00,2,30.84930764930765,0.0,7.528988399999999,30.549627493826275,0.18761497809306296,5.871619664039552
Kolkata,2026-09-29 18:00:00,2,29.91924671924672,0.0,5.5487061,29.818373775669173,0.2082142831090288,4.530389116554989
Kolkata,2026-09-29 19:00:00,2,29.21567401567401,0.0,3.9924257,29.325344192120525,0.2009777602070545,4.216854190052984
Kolkata,2026-09-29 20:00:00,2,28.65272415272415,0.0,3.6852205,28.79838908864933,0.19308497737076544,4.695644005785099
Kolkata,2026-09-29 21:00:00,2,28.10931600931601,0.0,4.0302039,28.368475144181794,0.181140338849735,4.866573443456456
Kolkata,2026-09-29 22:00:00,2,27.550784050784053,0.0,4.5416691,27.8893476191761,0.2192674789053273,5.154654260469816
Kolkata,2026-09-29 23:00:00,2,27.132481232481236,0.0,4.9291272,27.718212498711175,0.22998032863520682,6.201129331313255
Kolkata,2026-09-30 00:00:00,3,26.78597,0.0,4.9870222,27.22901710787746,0.14817828238472436,8.429737496525581
Kolkata,2026-09-30 01:00:00,3,26.5836442,0.0,5.3764985,27.043977035441397,0.27836510728413105,8.643899668172574
Kolkata,2026-09-30 02:00:00,3,26.382662300000003,0.0,5.7489758,26.854844407836776,0.2890186483862596,7.85295490708807
Kolkata,2026-09-30 03:00:00,3,26.1216371,0.0,5.9826603,26.5785234001583,0.37223066343419525,7.831750724627544
Kolkata,2026-09-30 04:00:00,3,25.9134993,0.0,5.932783400000001,26.358094500114504,0.3574498665759642,7.87248309760569
Kolkata,2026-09-30 05:00:00,3,25.8206552,0.0,6.1829065,26.32743083975063,0.3491144326040427,8.031614908703236
Kolkata,2026-09-30 06:00:00,3,26.4911811,0.0,6.256307700000001,26.976167731655288,0.21092190490782653,7.3478454044075345
Kolkata,2026-09-30 07:00:00,3,28.0456711,0.0,6.4881698,28.366268780413666,0.06195809942420677,7.0017995779279865
Kolkata,2026-09-30 08:00:00,3,29.5482366,0.0,6.600459599999999,29.93290090590586,0.09509642443872204,6.512927400792292
Kolkata,2026-09-30 09:00:00,3,30.7766065,0.0281529718470281,7.2837229,31.264886490172202,0.24403863911973667,6.399767008764188
Kolkata,2026-09-30 10:00:00,3,31.7769495,0.0281529718470281,7.9158433,32.14652022444175,0.37887450502117725,6.863416900478854
Kolkata,2026-09-30 11:00:00,3,32.6301799,0.0281529718470281,8.5740626,32.65517349147822,0.7304005561958615,7.049049110722839
Kolkata,2026-09-30 12:00:00,3,33.226473,0.0,9.0733675,32.80040748624592,0.9313534061618014,7.529617578860291
Kolkata,2026-09-30 13:00:00,3,33.4081485,0.0,8.90999,32.8515819765772,0.9310981273217304,7.283198242897016
Kolkata,2026-09-30 14:00:00,3,32.8584837,0.0,8.7893294,32.870795962773784,0.5607360195589688,7.0396502040751
Kolkata,2026-09-30 15:00:00,3,32.3567406,0.0,6.8537247,32.30965833819038,0.4770068263300363,5.2969545586575695
Kolkata,2026-09-30 16:00:00,3,31.5926284,0.0,5.7547283,31.455638977292796,0.25338811310223414,4.737193133693689
Kolkata,2026-09-30 17:00:00,3,30.4652214,0.0,4.318089700000001,30.228339587938926,0.2069544392363211,3.8365769720652048
Kolkata,2026-09-30 18:00:00,3,29.6117323,0.0,4.5133824,29.60765420629772,0.2086414978166054,5.415097633617579
Kolkata,2026-09-30 19:00:00,3,28.9561381,0.0,4.6537073,29.125924778923054,0.21628292316485795,5.056152144143229
Kolkata,2026-09-30 20:00:00,3,28.395512100000005,0.0,4.641727700000001,28.675960718665785,0.22490939237297347,4.929048389865384
Kolkata,2026-09-30 21:00:00,3,27.7260433,0.0,5.5393728,28.020612233007746,0.21566655915985117,5.625788357417713
Kolkata,2026-09-30 22:00:00,3,27.2376111,0.0,6.386770500000001,27.610443920287548,0.20099559625140098,7.184841317344152
Kolkata,2026-09-30 23:00:00,3,27.0325603,0.0,6.7091687,27.650470128127512,0.2633742603188754,7.339362767430432
Kota,2026-09-28 00:00:00,1,25.8482647,0.0,15.426752100000002,26.27719220303988,0.051224218845562254,11.815987556271686
Kota,2026-09-28 01:00:00,1,25.5140045,0.0,15.4841554,25.958172409203524,0.05138242481066242,11.864569104233967
Kota,2026-09-28 02:00:00,1,25.2607858,0.0,14.967548,25.705301728718837,0.06100300742765847,11.461214182955786
Kota,2026-09-28 03:00:00,1,24.9471486,0.0,13.2964814,25.386212452022207,0.055936954188565445,11.024017012924663
Kota,2026-09-28 04:00:00,1,24.6056886,0.0,11.818385500000002,25.055535706634355,0.062286118903179866,9.961140591279765
Kota,2026-09-28 05:00:00,1,24.864851100000003,0.0,10.805488400000002,25.37388604304948,0.06489152870381691,9.08634091435343
Kota,2026-09-28 06:00:00,1,24.5069512,0.0,10.366014000000002,25.00888186888337,0.06912751139662741,8.955539680265758
Kota,2026-09-28 07:00:00,1,25.4253284,0.0,11.1887006,26.09503266787023,0.066041981032635,9.304332200530261
Kota,2026-09-28 08:00:00,1,27.0063043,0.0,13.6847736,27.90069827643447,0.06574810982699823,10.239567629350791
Kota,2026-09-28 09:00:00,1,28.5279037,0.0,13.9788898,29.143368888198925,0.041228546144800676,10.126479421320393
Kota,2026-09-28 10:00:00,1,29.9381049,0.0,13.393855900000002,30.288773767847058,0.041577478788102654,9.969558352248141
Kota,2026-09-28 11:00:00,1,31.1086176,0.0,12.5892998,31.23903657349996,0.04554260284696124,10.251313112735922
Kota,2026-09-28 12:00:00,1,32.0087246,0.0,11.343104200000004,32.04385646625258,0.05022491159932589,9.326286302903002
Kota,2026-09-28 13:00:00,1,32.6762359,0.0,10.803892,32.638759030075704,0.04834533885952826,9.022465178699404
Kota,2026-09-28 14:00:00,1,33.0083641,0.0,10.738925000000002,32.82440320533257,0.04836139548027013,8.652981854723164
Kota,2026-09-28 15:00:00,1,32.9387208,0.0,10.2844577,32.64337082968615,0.047991958848600705,8.146934760149211
Kota,2026-09-28 16:00:00,1,32.4430262,0.0,8.803134400000001,32.26109351791493,0.04660958477721675,6.763950194796964
Kota,2026-09-28 17:00:00,1,31.5399246,0.0,6.340450700000001,31.338311128730684,0.045109916660916106,4.9526428817312835
Kota,2026-09-28 18:00:00,1,29.7796787,0.0,5.1284887,29.76955438041923,0.04918099456012728,4.376146872893231
Kota,2026-09-28 19:00:00,1,28.3819438,0.0258064,7.171981700000002,28.523761162040287,0.07640031172312595,5.126465606739252
Kota,2026-09-28 20:00:00,1,27.2381639,0.0516128,8.0504221,27.630833039439516,0.10919857591226527,6.01231550462545
Kota,2026-09-28 21:00:00,1,26.2948254,0.0,7.310893700000001,26.871757724103883,0.07351538765741412,5.5953651887465075
Kota,2026-09-28 22:00:00,1,25.735737,0.0,7.351851600000001,26.349887785904055,0.0830854900717699,5.480212883487393
Kota,2026-09-28 23:00:00,1,25.2423884,0.0,8.433400500000001,25.902216462286653,0.10117751966411205,6.315219266620058
Kota,2026-09-29 00:00:00,2,24.854595600000003,0.0,8.738374838374838,25.488482848219874,0.06250881496026539,6.5336102398867535
Kota,2026-09-29 01:00:00,2,24.5199835,0.0,8.98099248099248,25.13002816160802,0.07140422273208635,7.167134797443431
Kota,2026-09-29 02:00:00,2,24.121712500000005,0.0,9.289045189045188,24.693171087275555,0.06875929571491582,7.744035472678709
Kota,2026-09-29 03:00:00,2,23.8375289,0.0,9.45093155093155,24.405927351378917,0.06737124484040488,8.0245334726057
Kota,2026-09-29 04:00:00,2,23.5832491,0.0,9.709479709479709,24.132551301133766,0.06228503958665514,8.548154027694306
Kota,2026-09-29 05:00:00,2,23.405991500000003,0.0,10.2026285026285,23.99591593581845,0.062240475574527616,9.030211623979236
Kota,2026-09-29 06:00:00,2,23.4525187,0.0,9.877365177365178,24.09105436871583,0.06433743517864904,8.5510819093697
Kota,2026-09-29 07:00:00,2,24.499699600000003,0.0,10.19250229250229,25.236918025183158,0.06794690232231591,8.906984219974031
Kota,2026-09-29 08:00:00,2,26.4120151,0.0,10.464393064393064,27.031706315620166,0.06358455271004444,8.39004722143691
Kota,2026-09-29 09:00:00,2,28.350528500000003,0.0,11.165911665911665,28.90506580358351,0.061737520826531854,9.005306820118987
Kota,2026-09-29 10:00:00,2,30.077490500000003,0.0,11.614534014534012,30.20966201004225,0.045517105386278615,9.35166580951384
Kota,2026-09-29 11:00:00,2,31.505494899999995,0.0,11.883928283928284,31.5435149370406,0.04575579575669412,9.638833753277694
Kota,2026-09-29 12:00:00,2,32.5446449,0.0,11.249853749853749,32.46320704851474,0.04730530362068567,8.973392913309988
Kota,2026-09-29 13:00:00,2,33.1352658,0.0,10.234362434362437,32.77891278251735,0.04836139548027013,8.017303125611633
Kota,2026-09-29 14:00:00,2,33.436676500000004,0.0,9.084302984302983,32.69642491863238,0.04853471319268898,7.105758425492116
Kota,2026-09-29 15:00:00,2,33.4287081,0.0,7.973290873290873,32.64427497554731,0.048954521408703267,6.214706178958232
Kota,2026-09-29 16:00:00,2,32.9887511,0.0,7.377381477381476,32.39931814581676,0.048642512333625244,5.622856634563326
Kota,2026-09-29 17:00:00,2,31.999676300000004,0.0,6.346681346681346,31.772370014476728,0.046361471995821024,4.737003952003478
Kota,2026-09-29 18:00:00,2,30.3985714,0.0,6.291174691174692,30.32794986920927,0.06798056945745339,4.466810279545432
Kota,2026-09-29 19:00:00,2,29.256872900000005,0.0,6.679914079914079,29.304237043530193,0.05632762184657762,4.719800902750447
Kota,2026-09-29 20:00:00,2,28.257597000000004,0.0,6.781458281458281,28.374819131468517,0.05067739089553939,4.746823238502284
Kota,2026-09-29 21:00:00,2,27.4280115,0.0,5.782136082136081,27.667299080915257,0.0796354666337841,5.37193225513105
Kota,2026-09-29 22:00:00,2,26.6817001,0.0222094,6.632840432840432,27.01165557134929,0.10823574886813367,5.879607311344019
Kota,2026-09-29 23:00:00,2,26.103755900000003,0.0,8.040013040013038,26.6876640842047,0.07614740439266482,6.350296920418508
Kota,2026-09-30 00:00:00,3,25.474487774487773,0.0,9.064434135565865,26.055347986675557,0.11908969630185769,7.292340366343671
Kota,2026-09-30 01:00:00,3,24.94055874055874,0.0,9.575588224411774,25.524198517198236,0.08838601389086718,7.314440531096009
Kota,2026-09-30 02:00:00,3,24.43300503300503,0.0,9.51009998990001,25.00784458947065,0.08650767569763113,7.347171302142752
Kota,2026-09-30 03:00:00,3,23.997010997011,0.0,9.268669031330967,24.565837516836755,0.06609133327720446,7.14550935715355
Kota,2026-09-30 04:00:00,3,23.56605696605697,0.0,8.4022992977007,24.140220707247266,0.06617617906438596,6.957268002830214
Kota,2026-09-30 05:00:00,3,23.346360346360346,0.0,7.658171541828457,23.953954435813475,0.06450475331714035,6.463568046164686
Kota,2026-09-30 06:00:00,3,23.515743715743717,0.0,8.727318372681626,24.127066912093913,0.07450570621243051,7.357040366376704
Kota,2026-09-30 07:00:00,3,24.677293377293378,0.0,9.3007743992256,25.429577511512786,0.09363128067188374,7.437621891591352
Kota,2026-09-30 08:00:00,3,26.86906626906627,0.0,11.413847286152713,27.457148949678135,0.08151331907664894,8.791378499862569
Kota,2026-09-30 09:00:00,3,28.818874818874814,0.0,12.44238215761784,29.347032680744693,0.057690299348787374,8.736429331142473
Kota,2026-09-30 10:00:00,3,30.627651427651426,0.0,12.959318940681058,30.7374355834687,0.05224634288710056,9.185955872861834
Kota,2026-09-30 11:00:00,3,32.07536207536207,0.0,12.784352415647582,32.00961088900086,0.0550395005941512,8.87204549520171
Kota,2026-09-30 12:00:00,3,33.11765191765192,0.0,12.07269252730747,32.74575550077331,0.0581717013877791,8.524906903148223
Kota,2026-09-30 13:00:00,3,33.72898772898773,0.0,11.32127997872002,33.021884053594434,0.05761244048253858,8.72891225988494
Kota,2026-09-30 14:00:00,3,33.967079667079666,0.0,10.648724251275748,33.16691706312143,0.05749824902017212,8.18118204808264
Kota,2026-09-30 15:00:00,3,33.821086121086125,0.0,9.563725936274064,32.844537822913175,0.056221726466106195,7.121970166821159
Kota,2026-09-30 16:00:00,3,33.35375725375725,0.0,8.714626685373315,32.341058862300976,0.052951413720899475,6.225689384655297
Kota,2026-09-30 17:00:00,3,32.20815920815921,0.0,7.226745073254925,31.92033945401126,0.05429823184951478,5.512310300290136
Kota,2026-09-30 18:00:00,3,30.5021889021889,0.0,6.832669967330032,30.526635082858977,0.0604654966947584,4.911609641312178
Kota,2026-09-30 19:00:00,3,29.302131502131505,0.0,6.375138524861473,29.386938098571424,0.05737772318783535,4.564473658627887
Kota,2026-09-30 20:00:00,3,28.1975177975178,0.0,6.532946467053532,28.382208997425952,0.06486548329142144,4.649146630033026
Kota,2026-09-30 21:00:00,3,27.266944566944566,0.0,6.835597464402534,27.69081584203489,0.07002305777135252,5.497463320610205
Kota,2026-09-30 22:00:00,3,26.497056497056494,0.0,8.008572791427207,27.080273333938944,0.06164647796223242,7.008690989658495
Kota,2026-09-30 23:00:00,3,25.92045682045682,0.0,8.859174140825857,26.55424301218263,0.08608291526376091,6.5539868803337
Lucknow,2026-09-28 00:00:00,1,22.61881251881252,0.0,4.0565707,23.10463766071948,0.09688206732551516,3.9114311522521485
Lucknow,2026-09-28 01:00:00,1,22.329462729462733,0.0,4.5587177,22.818342849403916,0.0903789002545526,4.395507843868176
Lucknow,2026-09-28 02:00:00,1,22.08879468879469,0.0,4.711877100000001,22.605510046557523,0.08063160153178989,4.558144645099628
Lucknow,2026-09-28 03:00:00,1,21.92300232300232,0.0,4.5905972,22.442556612718892,0.07542892392526461,4.389722586267264
Lucknow,2026-09-28 04:00:00,1,21.777295777295777,0.0,4.0390935,22.25759151905151,0.08307693076624285,3.877724251087219
Lucknow,2026-09-28 05:00:00,1,22.31937711937712,0.0,3.6829434,22.743884269844866,0.08040003856194357,3.6993270487717265
Lucknow,2026-09-28 06:00:00,1,22.60525030525031,0.0,4.8137068,23.16882709111859,0.11024637990933688,4.242353263349136
Lucknow,2026-09-28 07:00:00,1,23.86897936897937,0.0,5.6612139,24.633556195045077,0.1291839487286197,4.69119290506808
Lucknow,2026-09-28 08:00:00,1,25.41383721383721,0.0,6.3958124000000005,26.496164686670404,0.13879201537496322,5.480020860776461
Lucknow,2026-09-28 09:00:00,1,26.625200625200627,0.0715331999999999,6.377522600000001,27.810004607792646,0.2506265931192589,4.835675635402566
Lucknow,2026-09-28 10:00:00,1,27.498956598956603,0.0476888,3.9862889,28.415093793025846,0.2174868809234212,4.041726803267693
Lucknow,2026-09-28 11:00:00,1,28.611954211954213,0.0,3.5327460000000004,29.480053462799066,0.1290833424809843,4.451645910751981
Lucknow,2026-09-28 12:00:00,1,29.761986061986065,0.028678,4.1174713,30.58116701456152,0.23593285931253502,4.65866777068245
Lucknow,2026-09-28 13:00:00,1,30.384135184135182,0.028678,4.9654051,30.93107901662675,0.23642079899947205,4.91348594043713
Lucknow,2026-09-28 14:00:00,1,30.639566439566444,0.028678,5.7673935,30.990982241079635,0.23179267590694325,5.0075758794043175
Lucknow,2026-09-28 15:00:00,1,30.51508351508352,0.0,6.2706654,30.788197693361344,0.08886156635125624,5.361833788805724
Lucknow,2026-09-28 16:00:00,1,29.924808224808224,0.0,5.636842400000001,30.24201880206485,0.08972003340324196,4.716532382791489
Lucknow,2026-09-28 17:00:00,1,28.9005326005326,0.0,4.5111166,29.383637201785717,0.09134891442398936,3.890477685147589
Lucknow,2026-09-28 18:00:00,1,27.781656381656383,0.0,4.0880518,28.23039218626922,0.12252741442137106,4.364960502903011
Lucknow,2026-09-28 19:00:00,1,26.986207086207088,0.0,3.470206,27.521014017773535,0.17873351988500974,4.158940435808262
Lucknow,2026-09-28 20:00:00,1,26.346816846816846,0.0,3.1334180000000003,27.018622949860752,0.14835971098738618,4.019461386173067
Lucknow,2026-09-28 21:00:00,1,25.73304733304733,0.0,3.2518101,26.400389207264293,0.18134488810729754,3.393432025361839
Lucknow,2026-09-28 22:00:00,1,25.203878203878205,0.0,3.8125586,25.894969611190955,0.1621806021164241,3.955440578750009
Lucknow,2026-09-28 23:00:00,1,24.801255301255303,0.0,3.8100466,25.47175252493796,0.167287692980594,3.9836507227304336
Lucknow,2026-09-29 00:00:00,2,24.546507846507847,0.0,4.272075527924472,25.179426189521042,0.15143308677775422,4.125252821072786
Lucknow,2026-09-29 01:00:00,2,24.36154676154676,0.0,4.6420653579346425,25.035014417069025,0.15790193409019593,4.443524911526616
Lucknow,2026-09-29 02:00:00,2,24.25933935933936,0.0,5.300408199591801,24.992699765068753,0.13566786424418453,4.8029761957045105
Lucknow,2026-09-29 03:00:00,2,23.87260987260987,0.1304863,5.459103440896559,24.607123159046157,0.19955425584683534,4.648949082028988
Lucknow,2026-09-29 04:00:00,2,23.76043626043626,0.0,5.202932797067203,24.517619912940198,0.12686307128378793,5.093851580104616
Lucknow,2026-09-29 05:00:00,2,23.736222136222136,0.0,5.114222585777414,24.491274217550618,0.13145203750829088,4.522369332001533
Lucknow,2026-09-29 06:00:00,2,23.970374770374768,0.0,5.653206646793353,24.78749233248966,0.13214767580491166,4.901933144679399
Lucknow,2026-09-29 07:00:00,2,24.745196845196844,0.0,6.016039583960416,25.58400162956499,0.13460117260950732,5.436579571167054
Lucknow,2026-09-29 08:00:00,2,25.97431087431088,0.0,6.759961440038559,27.151509625314382,0.16501952380282328,5.693835472671552
Lucknow,2026-09-29 09:00:00,2,27.25326875326876,0.0,6.928258671741329,28.58970445324396,0.18042657488757854,5.701066061524095
Lucknow,2026-09-29 10:00:00,2,28.498046298046297,0.0,7.151426948573052,29.87628282904859,0.12461421256483034,5.8115252154454975
Lucknow,2026-09-29 11:00:00,2,29.62036532036532,0.0,7.428897071102929,30.68863184232455,0.1015889470792927,6.0015866074047475
Lucknow,2026-09-29 12:00:00,2,30.54016464016464,0.0,7.808029491970508,31.344722396911894,0.09735927733541969,6.7943877580037135
Lucknow,2026-09-29 13:00:00,2,31.01740021740022,0.0,8.663630836369164,31.429197341037636,0.0884859898295842,7.147561592325914
Lucknow,2026-09-29 14:00:00,2,31.08735568735569,0.0,9.908439191560808,31.418461370893812,0.08755587257392947,8.356517253592983
Lucknow,2026-09-29 15:00:00,2,30.878832778832773,0.0,10.064965635034364,31.153636910402568,0.09223175811644223,8.108496566187322
Lucknow,2026-09-29 16:00:00,2,30.24847594847595,0.0,8.573850426149574,30.619558808426444,0.0905080829172117,6.867549507065797
Lucknow,2026-09-29 17:00:00,2,29.1024279024279,0.0,6.385766314233686,29.5913426016259,0.09844467698267033,5.536925887007994
Lucknow,2026-09-29 18:00:00,2,27.99370449370449,0.0,5.977391422608577,28.44918538570135,0.11262182475694696,5.695883256673613
Lucknow,2026-09-29 19:00:00,2,27.198604398604395,0.0,5.667110332889667,27.72801304173282,0.1224804401540988,5.638309699532589
Lucknow,2026-09-29 20:00:00,2,26.566319166319165,0.0,5.509080490919509,27.165737024914694,0.14896809261712138,5.762498099910598
Lucknow,2026-09-29 21:00:00,2,26.04907284907285,0.0,5.453506046493954,26.73577002468551,0.12905784193005934,5.570778565398419
Lucknow,2026-09-29 22:00:00,2,25.642105042105044,0.0,5.9085781914218085,26.427330364072198,0.13398738805839355,5.8735346524193695
Lucknow,2026-09-29 23:00:00,2,25.304919904919903,0.0,5.974723925276074,26.141783161903298,0.15021002112465962,5.925017797512014
Lucknow,2026-09-30 00:00:00,3,24.9608223,0.0,6.731025031025031,25.63828057693517,0.14647158842822516,6.288360884223679
Lucknow,2026-09-30 01:00:00,3,24.6608223,0.0,6.483844083844083,25.337537817765256,0.1447270758916849,6.086608424611549
Lucknow,2026-09-30 02:00:00,3,24.3674156,0.0,6.019322219322219,25.060732330188234,0.1377986603996503,5.68402450647737
Lucknow,2026-09-30 03:00:00,3,24.0573693,0.0,5.847972047972047,24.777794873005874,0.13525971463747338,5.952678124680683
Lucknow,2026-09-30 04:00:00,3,23.776145900000003,0.0,6.034474234474234,24.501636996000116,0.12887018917749896,6.206032699797853
Lucknow,2026-09-30 05:00:00,3,23.6626146,0.0,6.088477188477189,24.415056131064194,0.1264804758575833,6.229508666175259
Lucknow,2026-09-30 06:00:00,3,23.9233687,0.0,6.3906247906247895,24.68356909508893,0.14046310685407173,5.931617435560352
Lucknow,2026-09-30 07:00:00,3,24.933415,0.0,6.986682186682186,25.720140291525347,0.1521143667957114,6.437299051880162
Lucknow,2026-09-30 08:00:00,3,26.4115301,0.0,7.494553594553594,27.532934404400994,0.15881692028179833,6.396641507646986
Lucknow,2026-09-30 09:00:00,3,27.9337917,0.0,8.32093452093452,29.192101988426636,0.11710729093714853,6.997648160198164
Lucknow,2026-09-30 10:00:00,3,29.3518113,0.0,9.594275594275594,30.380743127178896,0.08277922223465589,7.584145410791747
Lucknow,2026-09-30 11:00:00,3,30.2928175,0.0,9.96191986191986,31.136617741274083,0.09456374207957202,8.099976489778399
Lucknow,2026-09-30 12:00:00,3,31.0113961,0.0,10.753887953887952,31.28778140472811,0.09501201683910089,8.816575302653913
Lucknow,2026-09-30 13:00:00,3,31.4048028,0.0,11.216970116970115,31.572716912194004,0.09297736520789063,9.1411010673864
Lucknow,2026-09-30 14:00:00,3,31.4664926,0.0,11.843406143406144,31.60357464171263,0.08738993618078254,9.459011647846896
Lucknow,2026-09-30 15:00:00,3,31.2324244,0.0,10.969072869072868,31.318619152498982,0.08795246540637777,8.59440025841449
Lucknow,2026-09-30 16:00:00,3,30.5983562,0.0,8.91871501871502,30.601172327069076,0.08744065277788048,6.911394150499358
Lucknow,2026-09-30 17:00:00,3,29.4250421,0.0,6.148965448965448,29.811393872189292,0.09119463180377922,5.094997926119037
Lucknow,2026-09-30 18:00:00,3,28.258075,0.0,5.403047803047803,28.608800528344357,0.10880119352204534,5.062623441038682
Lucknow,2026-09-30 19:00:00,3,27.3752573,0.0,4.88013768013768,27.87320146544055,0.11593591505213595,4.729771064983715
Lucknow,2026-09-30 20:00:00,3,26.671558,0.0,4.679881879881879,27.188675188159497,0.1641256757433394,4.927391447546889
Lucknow,2026-09-30 21:00:00,3,26.1046229,0.0,4.810742810742811,26.679622924606928,0.1458970984396966,4.9868382089952314
Lucknow,2026-09-30 22:00:00,3,25.6154582,0.0,5.490799490799491,26.269101978713017,0.14244806728523515,5.501384762250322
Lucknow,2026-09-30 23:00:00,3,25.1866353,0.0,5.456626556626556,25.93416773528171,0.1575136646593775,5.4502480568873
Ludhiana,2026-09-28 00:00:00,1,22.66445896445896,0.0,7.560957799999999,23.627433091655686,0.054302813138317196,6.21649710210343
Ludhiana,2026-09-28 01:00:00,1,22.068482668482662,0.0,6.0638247,23.084990706423724,0.050575155102739494,4.755486803355437
Ludhiana,2026-09-28 02:00:00,1,21.95231665231665,0.0,4.7958394,22.933193495066483,0.05868902137196349,3.370360476481519
Ludhiana,2026-09-28 03:00:00,1,22.112687112687112,0.1362888,6.8030787,23.065240875203266,0.17935448514075555,5.667329463433596
Ludhiana,2026-09-28 04:00:00,1,21.878947778947776,0.3861516,5.868028799999999,22.871699360490034,0.18533222645214628,5.32506555079637
Ludhiana,2026-09-28 05:00:00,1,22.527967327967325,0.0681444,6.1476699,23.54868423560027,0.1761773258756901,5.240531711774237
Ludhiana,2026-09-28 06:00:00,1,22.303707303707306,0.0,4.4789249,23.269432921716017,0.05254648765016565,4.08757420327441
Ludhiana,2026-09-28 07:00:00,1,23.419428819428816,0.0227148,4.662425799999999,24.570016183868283,0.08258107222728893,4.084309006162504
Ludhiana,2026-09-28 08:00:00,1,24.27525517525517,0.2044331999999999,6.4574515,25.550798131361557,0.13824270130974314,5.807412270772494
Ludhiana,2026-09-28 09:00:00,1,24.603919003919003,0.40529,7.8053044,25.678923718465693,0.5325450697984908,6.592427578208376
Ludhiana,2026-09-28 10:00:00,1,25.658555658555656,0.3505616,6.4842419,26.63513357722347,0.603408065469119,5.515899175558043
Ludhiana,2026-09-28 11:00:00,1,26.438296338296336,0.3234634999999999,5.6272092,27.39515501719149,0.5598121849011043,5.77537487895174
Ludhiana,2026-09-28 12:00:00,1,26.48023728023728,0.6592283,4.9940788,27.61592005775441,0.36993860938637735,5.147870817025585
Ludhiana,2026-09-28 13:00:00,1,26.74192824192824,0.7410548000000001,7.5468916,27.873563848180446,0.40186826024424616,6.362341192183328
Ludhiana,2026-09-28 14:00:00,1,27.008098408098405,0.1731848,10.6022223,27.909999637324507,0.4534930113618114,8.014648562483588
Ludhiana,2026-09-28 15:00:00,1,27.04583064583064,0.0135989,14.2489049,27.83870676684141,0.10624100702250894,9.081285766170275
Ludhiana,2026-09-28 16:00:00,1,26.256880456880456,0.0,10.895514899999998,27.400389195228914,0.09436898689645921,6.248115465329083
Ludhiana,2026-09-28 17:00:00,1,25.76913256913257,0.0,10.2689452,26.9839261858516,0.1340193552470779,7.413967263029744
Ludhiana,2026-09-28 18:00:00,1,24.36278526278526,0.0454296,7.5670186,25.555686366627352,0.20791830955377982,6.151423945093131
Ludhiana,2026-09-28 19:00:00,1,23.61672421672421,0.0227148,6.5558151,24.748874481952047,0.11667009418787039,5.155706312881384
Ludhiana,2026-09-28 20:00:00,1,23.02262072262072,0.1362888,4.7689947,24.12757560423082,0.10398416195296764,3.8330802286733388
Ludhiana,2026-09-28 21:00:00,1,22.666614966614965,0.0908592,4.48387,23.645577403689064,0.0760014539290312,3.5350851305998656
Ludhiana,2026-09-28 22:00:00,1,22.45708075708076,0.0227148,4.5644617,23.35240219085109,0.06883348345639961,3.4025070024698345
Ludhiana,2026-09-28 23:00:00,1,22.2035523035523,0.0,5.3314748,23.02202080647968,0.03688617504476892,4.223672067812215
Ludhiana,2026-09-29 00:00:00,2,21.8868511,0.0,5.604718,22.883770083324958,0.04891974989653046,4.225319926135283
Ludhiana,2026-09-29 01:00:00,2,21.604337800000003,0.0,3.425566,22.390413193968122,0.05311720433880216,2.994498259391381
Ludhiana,2026-09-29 02:00:00,2,21.4285095,0.0,4.2948064,22.33545891154626,0.05407143917259135,3.530696800332262
Ludhiana,2026-09-29 03:00:00,2,21.2350609,0.0,5.8319472,22.249262179702015,0.05187515195157055,4.507275298382691
Ludhiana,2026-09-29 04:00:00,2,21.0281425,0.0,6.2973149,21.9871610540405,0.04722586454880754,5.03209841550248
Ludhiana,2026-09-29 05:00:00,2,20.9807362,0.0,6.747356699999999,21.913164392860484,0.05144621531892449,6.013187061511639
Ludhiana,2026-09-29 06:00:00,2,21.0733241,0.0,6.43207,22.009456022171488,0.05765725404145273,5.948300031762119
Ludhiana,2026-09-29 07:00:00,2,22.3359078,0.0,6.090951199999999,23.336082409204902,0.06472319363052458,5.519418565235895
Ludhiana,2026-09-29 08:00:00,2,24.307722700000003,0.0,6.696981699999999,25.29858315388013,0.07624015242441828,6.11438425610721
Ludhiana,2026-09-29 09:00:00,2,26.509924,0.0,7.3040009,27.750999630824396,0.07263840478967726,5.700477379313796
Ludhiana,2026-09-29 10:00:00,2,28.7055071,0.0,8.018053199999999,29.50590925480301,0.06646146224833262,6.538743123900254
Ludhiana,2026-09-29 11:00:00,2,30.4013236,0.0,8.992143599999999,31.03150467951524,0.035230743792854305,7.2576400434471955
Ludhiana,2026-09-29 12:00:00,2,31.4138563,0.0,10.5079578,31.567377077237328,0.032896794050312296,7.841000374001709
Ludhiana,2026-09-29 13:00:00,2,32.1302393,0.0,11.8100211,32.24930907187988,0.03293267269644428,8.786474726526638
Ludhiana,2026-09-29 14:00:00,2,32.5949657,0.0,12.3288765,32.25047884465434,0.033039907175110336,9.199055397160702
Ludhiana,2026-09-29 15:00:00,2,32.6248185,0.0,12.621187699999998,32.135351024898966,0.035566879757723956,8.808933243419116
Ludhiana,2026-09-29 16:00:00,2,32.0586882,0.0,12.166870499999998,31.683437397750897,0.032183312931718534,8.12453186613087
Ludhiana,2026-09-29 17:00:00,2,31.0121639,0.0,10.0293584,31.102679179483705,0.02990578428770409,7.0462824185433295
Ludhiana,2026-09-29 18:00:00,2,28.816265399999995,0.0,8.686541499999999,29.725138922585007,0.03281592705017164,6.263462143804448
Ludhiana,2026-09-29 19:00:00,2,27.25367,0.0,9.8150214,27.996679066167175,0.06438472868413064,7.040095072493723
Ludhiana,2026-09-29 20:00:00,2,26.1732877,0.0,10.1062013,27.15426621506437,0.05259915805050063,7.128799436073624
Ludhiana,2026-09-29 21:00:00,2,25.5799059,0.0,9.9197788,26.58514504261744,0.05002677787785028,6.985634092632443
Ludhiana,2026-09-29 22:00:00,2,24.9906078,0.0,9.2208574,26.050511072596468,0.05147025506363882,6.641242460511172
Ludhiana,2026-09-29 23:00:00,2,24.4372987,0.0,8.7681943,25.418023550178106,0.04616407641786911,6.748240710171175
Ludhiana,2026-09-30 00:00:00,3,23.7711448,0.0,7.6970021,24.739080030279872,0.08056165477393193,6.442514336333883
Ludhiana,2026-09-30 01:00:00,3,23.2347287,0.0,7.0070703,24.216234484280065,0.06711040776035106,6.186497153473698
Ludhiana,2026-09-30 02:00:00,3,22.6808358,0.0,6.116967299999999,23.699547041432655,0.0677163157228525,5.367133078972939
Ludhiana,2026-09-30 03:00:00,3,22.1219249,0.0,4.9909775,23.11385884519639,0.06260008863095154,4.020995861390928
Ludhiana,2026-09-30 04:00:00,3,21.7490613,0.0,6.162320299999999,22.70787041755027,0.05809999887799953,5.432486416919334
Ludhiana,2026-09-30 05:00:00,3,21.476461,0.0,5.9550403,22.42547998201341,0.05913649035995008,5.204514758426405
Ludhiana,2026-09-30 06:00:00,3,21.4764854,0.0,5.470578,22.501947942574407,0.07214654045345155,4.743639760263985
Ludhiana,2026-09-30 07:00:00,3,22.853943,0.0,6.0778751,23.915394431499617,0.07811833808598288,5.33782241295412
Ludhiana,2026-09-30 08:00:00,3,25.2911064,0.0,6.7770338,26.18140314939041,0.09235497548635058,5.95920832594542
Ludhiana,2026-09-30 09:00:00,3,27.7466566,0.0,6.9514216,28.52911612485315,0.06216295897964545,5.2492647004910475
Ludhiana,2026-09-30 10:00:00,3,29.9364948,0.0,7.8974423,29.79714821766028,0.0540081029348983,6.039660372000787
Ludhiana,2026-09-30 11:00:00,3,31.608887600000003,0.0,9.0398434,31.070813298467613,0.03641743189422988,6.888387617014305
Ludhiana,2026-09-30 12:00:00,3,32.5964288,0.0,10.3229327,32.106879672997394,0.0402367189683366,7.425906771762216
Ludhiana,2026-09-30 13:00:00,3,33.3010704,0.0,11.799587199999998,32.75561370881159,0.040874631536201377,8.672741536049502
Ludhiana,2026-09-30 14:00:00,3,33.6403206,0.0,12.2000904,33.0530164893014,0.042765535666599505,8.881491375368922
Ludhiana,2026-09-30 15:00:00,3,33.5755131,0.0,11.646005,32.99050526382989,0.03950669766960837,8.130423714448936
Ludhiana,2026-09-30 16:00:00,3,32.9711104,0.0,10.4970134,32.45805257266398,0.03788815670034612,6.794766010195636
Ludhiana,2026-09-30 17:00:00,3,31.8099807,0.0,8.6667293,31.562055306767153,0.0358836517284732,5.597841441569102
Ludhiana,2026-09-30 18:00:00,3,29.428992,0.0,7.3652294,29.936603828559498,0.03979470059399191,5.187757425800671
Ludhiana,2026-09-30 19:00:00,3,27.5683959,0.0,8.5680158,28.321817630050187,0.054212879559157184,5.897514110079321
Ludhiana,2026-09-30 20:00:00,3,26.2296514,0.0,8.1317376,27.43373643939811,0.05781943396037831,6.054893971319524
Ludhiana,2026-09-30 21:00:00,3,25.3938471,0.0,7.379762299999999,26.550416367221064,0.05458436959404273,5.535881989872564
Ludhiana,2026-09-30 22:00:00,3,24.899241499999995,0.0,7.769370199999999,26.032785176153244,0.046195401665660975,5.826083607958671
Ludhiana,2026-09-30 23:00:00,3,24.2363008,0.0,7.5121456,25.270998989853172,0.0438587915832088,5.78802299459746
Madurai,2026-09-28 00:00:00,1,27.2329266,0.0995331004668995,5.2392769,28.72521347950762,0.254019574793387,7.262358230048857
Madurai,2026-09-28 01:00:00,1,26.760472,0.0,5.845509600000001,28.61519712826759,0.09277511874020689,7.556863507940388
Madurai,2026-09-28 02:00:00,1,26.4457432,0.0,5.7786853,28.334809623099098,0.09331136921322047,7.460055845089381
Madurai,2026-09-28 03:00:00,1,26.2944874,0.0,4.7716993,28.22251071689455,0.09539439605595679,6.730427019686132
Madurai,2026-09-28 04:00:00,1,26.248755000000003,0.0,4.3497208,28.25262402587473,0.10701085811844063,6.132227241598207
Madurai,2026-09-28 05:00:00,1,26.424546400000004,0.0,3.947316,28.542083753057,0.10541352685080602,5.470469101964621
Madurai,2026-09-28 06:00:00,1,26.4668934,0.0,4.4032711,28.549634458082544,0.09335441662795649,5.679428621518549
Madurai,2026-09-28 07:00:00,1,28.076697000000003,0.0,4.412997600000001,30.018314350274757,0.07236657860898382,5.847835168477503
Madurai,2026-09-28 08:00:00,1,30.146148,0.0,4.6492419,31.55559733138213,0.06395681449337277,5.779462337498137
Madurai,2026-09-28 09:00:00,1,31.8842716,0.0,4.3984884,33.028659659827845,0.08319335835625111,6.147098884747032
Madurai,2026-09-28 10:00:00,1,33.274222,0.0,4.832965,34.230836483416645,0.0707636139695527,3.850541799703503
Madurai,2026-09-28 11:00:00,1,34.4640004,0.0,6.141677100000001,35.28869883294504,0.05592237451526955,4.2368163562423975
Madurai,2026-09-28 12:00:00,1,35.3493424,0.0248339751660248,7.6209176,36.33147815248557,0.13646282036474336,5.863961701547118
Madurai,2026-09-28 13:00:00,1,36.024239,0.05008034991965,8.863496200000002,36.88270059591171,0.1781356022187654,7.262326680596762
Madurai,2026-09-28 14:00:00,1,36.0720884,0.151065848934151,8.1868083,36.131641103010274,0.270214595199759,8.018900034037022
Madurai,2026-09-28 15:00:00,1,34.5523274,0.5252250747749252,8.688974899999998,33.7232066214219,0.904239668548841,8.635270286212542
Madurai,2026-09-28 16:00:00,1,33.0449132,0.2980077019922979,9.7469546,32.84209359857909,0.6400867753376821,10.425426332696913
Madurai,2026-09-28 17:00:00,1,30.995040400000004,0.3989932010067989,11.754512600000002,31.999567834780255,0.6163670746693862,11.19966412486892
Madurai,2026-09-28 18:00:00,1,28.7656904,1.7215599784400213,6.3157638,30.164974927059177,2.1697816592045407,7.0547230584906435
Madurai,2026-09-28 19:00:00,1,27.3898358,4.481652518347481,8.1348953,28.81284469054716,2.377356445020197,8.8948028168609
Madurai,2026-09-28 20:00:00,1,26.623527400000004,1.0477036522963474,8.952199799999999,27.296029868475554,0.9782258793060169,9.512274469565412
Madurai,2026-09-28 21:00:00,1,26.2666154,0.6507179492820507,10.1251284,26.857714696499432,0.9360506591474766,10.140910415635096
Madurai,2026-09-28 22:00:00,1,26.1277488,0.6245922754077246,10.9922868,26.744589525561484,0.898523929990489,10.962153151428174
Madurai,2026-09-28 23:00:00,1,25.941115000000003,0.3986173013826986,12.4918794,26.537721314810348,0.6427387842989285,12.424339747446979
Madurai,2026-09-29 00:00:00,2,25.58886878886879,0.1992351,14.43855773855774,26.145843461557906,0.49554495197167925,10.385754998577283
Madurai,2026-09-29 01:00:00,2,25.58112728112728,0.2009602,12.625695225695228,26.143110787823204,0.4929720003454402,13.127785656535979
Madurai,2026-09-29 02:00:00,2,25.56637686637687,0.0740601,9.61825731825732,26.50741511136508,0.3210340581163952,10.035556072624537
Madurai,2026-09-29 03:00:00,2,25.415931215931217,0.0246867,9.785454985454988,26.13276882247053,0.1362859641489301,10.28406049054335
Madurai,2026-09-29 04:00:00,2,25.33585093585093,0.0246867,8.68917868917869,26.946156325387772,0.1373064730165105,9.25178833220308
Madurai,2026-09-29 05:00:00,2,25.459199059199054,0.0246867,5.438090938090938,27.64487874445361,0.16671022813178019,6.68285071043139
Madurai,2026-09-29 06:00:00,2,25.75765555765556,0.0,4.521513621513622,27.783485976703947,0.07801292995667358,6.137830920715653
Madurai,2026-09-29 07:00:00,2,26.637048537048532,0.0,4.369081469081469,28.51489012589026,0.06064484253669028,5.890714605103573
Madurai,2026-09-29 08:00:00,2,27.93290433290433,0.0,4.370826570826571,29.79241327815261,0.058620340079687645,6.158610774996823
Madurai,2026-09-29 09:00:00,2,29.626525726525728,0.0,4.500290700290701,31.442707054443687,0.05460974132182284,6.272515644650912
Madurai,2026-09-29 10:00:00,2,31.27154107154107,0.0,3.746294746294747,32.66044464421924,0.05460974132182284,4.7421452821508545
Madurai,2026-09-29 11:00:00,2,32.65322845322845,0.0,3.415685715685716,33.82022619938052,0.05566225311434411,4.1759047937688445
Madurai,2026-09-29 12:00:00,2,33.721282621282626,0.0,3.002201102201102,34.5792708867999,0.06457311708870979,3.7703677945793954
Madurai,2026-09-29 13:00:00,2,34.4957921957922,0.0,4.357369257369258,35.26896881838667,0.06367662479251054,5.229459462843248
Madurai,2026-09-29 14:00:00,2,34.627371727371724,0.0762613,6.33942773942774,34.672819592799236,0.17947101530847176,5.51819565943017
Madurai,2026-09-29 15:00:00,2,34.217872517872514,0.0246867,7.175091575091575,34.328649794786315,0.14133028358305552,6.743232103060267
Madurai,2026-09-29 16:00:00,2,33.42155832155832,0.0246867,7.493827493827495,33.41399696001537,0.15337682117176954,7.121674153018598
Madurai,2026-09-29 17:00:00,2,32.06237606237606,0.0246867,11.805670805670806,32.8290231799498,0.15441661914272045,9.839134199595089
Madurai,2026-09-29 18:00:00,2,30.22894372894373,0.0987468,12.802409302409302,31.207144567923148,0.2799271174337486,10.870112658778968
Madurai,2026-09-29 19:00:00,2,28.62013032013032,1.2337737999999998,10.247916447916449,29.49024024714904,1.234104794726716,10.074165604262086
Madurai,2026-09-29 20:00:00,2,27.82118392118392,1.01506,6.8604663604663605,29.27301281352757,1.0432472109361444,8.246172634442296
Madurai,2026-09-29 21:00:00,2,27.388684588684587,0.0773802,5.932959932959934,28.8859064311998,0.13161676593212387,7.642364794075069
Madurai,2026-09-29 22:00:00,2,27.008970608970607,0.0,7.130147930147931,28.724742789646957,0.05549246613142704,7.1807222127941035
Madurai,2026-09-29 23:00:00,2,26.81111291111291,0.0,6.900509300509301,28.53350613288889,0.07030463980982934,8.267755112602192
Madurai,2026-09-30 00:00:00,3,26.57628112371887,0.0,6.8026952000000005,28.28167947269254,0.07980096154111953,7.846104172348447
Madurai,2026-09-30 01:00:00,3,26.306513293486702,0.3777375,6.817879799999999,27.718140744027043,0.2661993872613424,7.809839791976506
Madurai,2026-09-30 02:00:00,3,26.050849649150344,0.0,7.7316251,27.737032766430495,0.06781441455030486,8.60432299001774
Madurai,2026-09-30 03:00:00,3,25.636367763632236,0.0,7.2647056,27.646423353741813,0.06564069042096007,7.955850948713892
Madurai,2026-09-30 04:00:00,3,25.250478549521446,0.0,7.0677108,27.358261438976484,0.0671918087339142,7.948890593259023
Madurai,2026-09-30 05:00:00,3,25.03355316644683,0.0,5.9545797,27.275648513082473,0.06981392418482668,7.284456382740726
Madurai,2026-09-30 06:00:00,3,25.25331794668205,0.0,5.536051700000001,27.451815516158828,0.06806149706570984,7.228546127898312
Madurai,2026-09-30 07:00:00,3,26.71251388748611,0.0,5.4427862000000005,28.60472731203236,0.06007729129514064,7.81317643569795
Madurai,2026-09-30 08:00:00,3,28.633497966502027,0.0,5.904556900000001,30.403973042110167,0.05537295253858618,7.670518169346844
Madurai,2026-09-30 09:00:00,3,30.29146300853699,0.0,5.2895497,31.639387194159536,0.05401102889191543,6.222538518377422
Madurai,2026-09-30 10:00:00,3,31.81549048450951,0.0,4.3637762,33.149111627199126,0.05411868091010957,4.567537834757619
Madurai,2026-09-30 11:00:00,3,33.06837053162946,0.0,4.2723465,34.07592839039129,0.05529036655903138,4.761400747278198
Madurai,2026-09-30 12:00:00,3,34.03814496185503,0.0,5.0358899,34.877409014291814,0.05699624585565453,5.55953305654878
Madurai,2026-09-30 13:00:00,3,34.81451948548051,0.0,6.6197924,35.60464507493681,0.05461937048083661,5.594661694985564
Madurai,2026-09-30 14:00:00,3,34.27271332728667,0.7403931999999999,7.848782299999999,33.984287167079664,0.6592692140725795,5.530685420452082
Madurai,2026-09-30 15:00:00,3,33.16719033280966,0.9382752,7.713744800000001,32.789195924621914,0.7199588535273881,6.219763491546256
Madurai,2026-09-30 16:00:00,3,32.003248996751,0.7074531000000001,8.4605384,32.09912033496178,0.7473385561881655,9.219231042507337
Madurai,2026-09-30 17:00:00,3,30.91524928475071,0.223229,8.7446923,31.952857411599915,0.4056171701072272,9.574396381632186
Madurai,2026-09-30 18:00:00,3,28.66100133899866,0.8386090999999999,10.2249343,29.507027853172154,1.1734256530847058,10.673078735934888
Madurai,2026-09-30 19:00:00,3,27.49449260550739,1.0167733,8.4827853,28.92770148282638,1.397288330816453,9.181695145061209
Madurai,2026-09-30 20:00:00,3,26.76256563743436,1.7771832999999997,7.0463291,28.349875758843183,1.5955028211523548,7.847685667139144
Madurai,2026-09-30 21:00:00,3,26.350991749008248,2.221982,6.658971899999999,27.952793880166222,1.943475629991099,6.765039225734318
Madurai,2026-09-30 22:00:00,3,26.294957105042894,1.164317,6.384452799999999,27.730379645640895,1.2862814213384335,6.796452929223349
Madurai,2026-09-30 23:00:00,3,26.177802822197176,0.8871449999999999,6.5584108,27.581474322549138,1.0721212099116675,7.590768733949375
Mumbai,2026-09-28 00:00:00,1,26.5606447,0.0,3.617578117578117,25.811863798708593,0.07998789295715007,4.6654305299232615
Mumbai,2026-09-28 01:00:00,1,26.2194148,0.0,3.3233872233872237,25.448934658063585,0.07911111639188491,4.373304977228818
Mumbai,2026-09-28 02:00:00,1,25.906224,0.0,4.018117218117218,25.135743858063588,0.08500875725740459,4.735699412852927
Mumbai,2026-09-28 03:00:00,1,25.7313731,0.0,4.248161248161248,24.962502726952394,0.07787256155104641,4.924089448755487
Mumbai,2026-09-28 04:00:00,1,25.688892200000005,0.0,3.891686791686791,24.9200218269524,0.08003226926231323,4.761901650416432
Mumbai,2026-09-28 05:00:00,1,25.755690200000004,0.0,3.935270935270935,24.998862644303667,0.0848955131883147,4.794110645867303
Mumbai,2026-09-28 06:00:00,1,25.8766419,0.0,4.385561485561485,25.15912137252294,0.0839960682745845,5.11499485429107
Mumbai,2026-09-28 07:00:00,1,26.2400745,0.0,5.202915002915002,25.54825078116473,0.0671655715920499,4.546312153026595
Mumbai,2026-09-28 08:00:00,1,27.230243100000003,0.0249729750270249,5.588063888063887,26.643898827795507,0.12552813611725533,4.395267947696766
Mumbai,2026-09-28 09:00:00,1,28.5470788,0.0,4.572330172330172,27.851100626851565,0.07661019794658318,3.667615825631817
Mumbai,2026-09-28 10:00:00,1,30.001301400000003,0.0,1.9405863405863408,30.16701174162766,0.08649330883812217,3.0236905168131036
Mumbai,2026-09-28 11:00:00,1,31.061723,0.0,4.232275032275032,31.23314086085667,0.08019468197080665,4.7196993702282795
Mumbai,2026-09-28 12:00:00,1,31.6187021,0.0933008066991932,7.701205501205502,31.295669352632924,0.3496542137937412,5.72721583507298
Mumbai,2026-09-28 13:00:00,1,31.7094232,0.0933008066991932,11.065798165798164,31.104062121277007,0.33791056997810504,7.840249062370297
Mumbai,2026-09-28 14:00:00,1,31.4808316,0.0933008066991932,13.452242252242252,30.622931251428646,0.3378004154710563,9.132705370268226
Mumbai,2026-09-28 15:00:00,1,30.931694799999995,0.1555013444986554,13.62178092178092,30.086261786324936,0.4533084165219655,11.552207819540264
Mumbai,2026-09-28 16:00:00,1,30.1881274,0.1555013444986554,12.095571695571696,29.452759963300352,0.44704555898682774,10.003362932846851
Mumbai,2026-09-28 17:00:00,1,29.3334212,0.1555013444986554,11.3008251008251,28.680804119022813,0.3796967920743921,7.710315423034563
Mumbai,2026-09-28 18:00:00,1,28.3433861,0.031100268899731,10.779672879672878,28.175011546284185,0.1339296345127502,7.532889137458695
Mumbai,2026-09-28 19:00:00,1,27.746276100000003,0.031100268899731,9.023944923944924,27.494624113281997,0.12126207782609,6.036025049057844
Mumbai,2026-09-28 20:00:00,1,27.3751472,0.031100268899731,6.967961067961067,27.027742516137522,0.11771068609726217,4.857880583172463
Mumbai,2026-09-28 21:00:00,1,27.1644274,0.0,6.245760245760245,26.713545096920427,0.061625158290274554,4.3452203187945795
Mumbai,2026-09-28 22:00:00,1,26.9543936,0.0,5.63000993000993,26.425997189933323,0.061625158290274554,4.262379166684035
Mumbai,2026-09-28 23:00:00,1,26.7767298,0.0,4.887399987399987,26.214719115910142,0.06203986671988366,4.145149058646552
Mumbai,2026-09-29 00:00:00,2,26.5592448,0.0,4.7381304,25.840967324773693,0.06415531538806483,4.37063577845444
Mumbai,2026-09-29 01:00:00,2,26.2822134,0.0,5.693166100000001,25.528749296099903,0.060022932202940374,4.694415397911008
Mumbai,2026-09-29 02:00:00,2,26.0242752,0.0,5.8213711,25.29038340227622,0.05955043048830981,4.755581609357893
Mumbai,2026-09-29 03:00:00,2,25.8411045,0.0,5.386445899999999,25.10152899799812,0.06331795907518101,4.829289585264897
Mumbai,2026-09-29 04:00:00,2,25.577027,0.1433052,5.2289418,24.716892629630724,0.23077262163373707,4.655718645967651
Mumbai,2026-09-29 05:00:00,2,25.5201272,0.0,4.9625048,24.763905525905688,0.09018568113762732,4.5385201838761065
Mumbai,2026-09-29 06:00:00,2,25.5327856,0.0,5.6504347,24.81587095412496,0.0852953075946324,4.808941116408153
Mumbai,2026-09-29 07:00:00,2,25.8493423,0.0,5.8090248,25.160291556450755,0.06588401185469293,4.663494457973496
Mumbai,2026-09-29 08:00:00,2,26.871351800000003,0.0,5.631413,26.37050741950373,0.0844886401608213,4.77860499007985
Mumbai,2026-09-29 09:00:00,2,28.693067000000003,0.0,6.6465703000000005,28.416136089799767,0.06586635991740127,4.908293685452788
Mumbai,2026-09-29 10:00:00,2,30.1609065,0.0,6.1903169,30.404154305857944,0.07822392550600932,4.568116454019178
Mumbai,2026-09-29 11:00:00,2,31.3396857,0.0,6.0282457,31.485851969399928,0.07822392550600932,4.457933977620931
Mumbai,2026-09-29 12:00:00,2,32.124167400000005,0.0519426999999999,6.2786302,31.648579454850317,0.21803178816812985,4.556148699908947
Mumbai,2026-09-29 13:00:00,2,32.202793,0.2543866999999999,8.8326843,31.4082021832921,0.3338176865728653,6.064646908014204
Mumbai,2026-09-29 14:00:00,2,31.9633185,0.1,11.6215986,30.90034447402781,0.25054333605354784,7.52474752585957
Mumbai,2026-09-29 15:00:00,2,31.087292,0.5322761,13.655511399999998,30.311730485810617,0.8385672952452208,11.217167066911971
Mumbai,2026-09-29 16:00:00,2,30.0805232,0.4597568,14.4058523,29.40171048142858,0.7264493680296819,12.275304309622694
Mumbai,2026-09-29 17:00:00,2,29.1804098,0.2905451,14.504711,28.541179534422874,0.49787932275155256,12.188965515648109
Mumbai,2026-09-29 18:00:00,2,28.2612311,0.0744056,13.1179435,28.12852072707846,0.1932328136567867,10.45203525426883
Mumbai,2026-09-29 19:00:00,2,27.6596475,0.122174,11.5698485,27.449796879493004,0.22051734099924075,7.747643608818447
Mumbai,2026-09-29 20:00:00,2,27.5406906,0.0266372,9.5751018,27.30845958299266,0.11441946584524511,6.3830590220447
Mumbai,2026-09-29 21:00:00,2,27.3962286,0.0,8.794226,26.894939931841137,0.06066207740927684,5.735770288703867
Mumbai,2026-09-29 22:00:00,2,27.1083938,0.0,7.9685804,26.425419358358457,0.05957894019874788,5.217117623780387
Mumbai,2026-09-29 23:00:00,2,26.7117469,0.2866104,6.645196,25.99890345689985,0.17907269867550835,4.950990605462677
Mumbai,2026-09-30 00:00:00,3,26.5058174941825,0.2689134310865689,5.7210742,25.63589933450025,0.22501042561382778,5.033552599657023
Mumbai,2026-09-30 01:00:00,3,26.27661302338697,0.0977867022132978,4.6702222,25.417655016184323,0.19066206570724809,5.488187267697747
Mumbai,2026-09-30 02:00:00,3,25.96107913892085,0.0244466755533244,3.9728304,25.15203779056028,0.11865732229699814,5.000188301630618
Mumbai,2026-09-30 03:00:00,3,25.747384452615545,0.0506243493756506,3.7554058,24.917770879946293,0.18904448339814975,5.0293945809469225
Mumbai,2026-09-30 04:00:00,3,25.588975511024486,0.0506243493756506,4.0899466,24.759361938355234,0.18904448339814975,5.070683130442263
Mumbai,2026-09-30 05:00:00,3,25.3977078022922,0.2447438552561447,4.8398994,24.539039309032567,0.38347987749902435,4.403885835805929
Mumbai,2026-09-30 06:00:00,3,25.27665632334368,0.1222333777666222,5.3373822,24.452561913500684,0.23287016419806475,4.708043073789403
Mumbai,2026-09-30 07:00:00,3,25.86236783763216,0.4889335110664889,5.121047000000001,25.06012936391861,0.41780865433037784,4.9294385291081815
Mumbai,2026-09-30 08:00:00,3,26.987913312086683,0.0,4.7429948,26.383611874680263,0.08017366137059133,4.346407622867796
Mumbai,2026-09-30 09:00:00,3,28.510335589664408,0.0,4.8768458,28.02263549066601,0.08324033399830252,4.601240912824213
Mumbai,2026-09-30 10:00:00,3,29.97931602068397,0.0,5.1658918,30.1450609131733,0.08591595269430448,5.196618115199655
Mumbai,2026-09-30 11:00:00,3,31.16188023811976,0.0,5.846015,31.315354603752976,0.0858037596627999,4.959297611294504
Mumbai,2026-09-30 12:00:00,3,32.071167728832265,0.0,6.8426574,31.718593125897467,0.0683097960304272,5.050965417946111
Mumbai,2026-09-30 13:00:00,3,32.41599758400241,0.0244466755533244,9.1583186,31.741003465710087,0.12435081258501934,5.907899028165049
Mumbai,2026-09-30 14:00:00,3,32.36944413055586,0.0,12.101811,31.433920874556655,0.061731513318134784,8.159520166446335
Mumbai,2026-09-30 15:00:00,3,31.56319303680696,0.2031873968126032,12.6136474,30.76651876933446,0.49807455246678956,10.272567476875412
Mumbai,2026-09-30 16:00:00,3,30.435712164287832,0.3331982668017332,12.198745,29.82195027623921,0.6196906769218647,9.986724013396547
Mumbai,2026-09-30 17:00:00,3,29.39345030654969,0.2505252494747506,12.2325682,28.712746984543767,0.4742914981118853,10.145602525724172
Mumbai,2026-09-30 18:00:00,3,28.192933707066288,0.3186722813277187,10.701621800000002,27.898062807074357,0.3303466693639132,7.3793979107256025
Mumbai,2026-09-30 19:00:00,3,27.77733712266288,0.171992228007772,8.1027868,27.096549519822087,0.2575552950311999,5.658094928195263
Mumbai,2026-09-30 20:00:00,3,27.620704679295315,0.0253121746878253,5.432193000000001,27.005970840677847,0.10212398023567898,4.589783458535305
Mumbai,2026-09-30 21:00:00,3,27.417581482418512,0.0,4.465699000000001,26.815505732768216,0.07495514637113962,4.953466139432489
Mumbai,2026-09-30 22:00:00,3,27.315100284899717,0.0,3.8012284,26.720051876400454,0.08421854863914056,4.550001115834506
Mumbai,2026-09-30 23:00:00,3,27.21326108673891,0.0,3.1820104,26.618212678239647,0.08421854863914056,4.088981247052559
Nagpur,2026-09-28 00:00:00,1,23.165933465933467,0.0,5.863731200000001,23.745750259314836,0.05431070019385346,6.668340452367978
Nagpur,2026-09-28 01:00:00,1,22.584046784046784,0.0,6.0665206000000005,23.172552311435766,0.064754316388544,6.714377280015351
Nagpur,2026-09-28 02:00:00,1,22.09493269493269,0.0,6.242907400000001,22.648627262941318,0.051586627146199326,6.409121754182733
Nagpur,2026-09-28 03:00:00,1,21.71304601304601,0.0,6.190239300000001,22.249830500064004,0.05213176338283995,6.276436364052572
Nagpur,2026-09-28 04:00:00,1,21.424208324208323,0.0,6.198192900000001,21.945916084412723,0.052302889483290115,6.270390506654702
Nagpur,2026-09-28 05:00:00,1,21.864316664316664,0.0,6.120065700000001,22.390433799397815,0.062347228068012246,6.179089390361437
Nagpur,2026-09-28 06:00:00,1,21.9017308017308,0.0,6.416282600000001,22.456048957359098,0.07342692983055069,6.426426681716889
Nagpur,2026-09-28 07:00:00,1,23.7013648013648,0.0,6.9799886,24.376721043578296,0.06604047739980862,7.098938760838798
Nagpur,2026-09-28 08:00:00,1,25.98085148085148,0.0,7.786197900000001,26.951836129980677,0.06276107669962551,7.382390931384358
Nagpur,2026-09-28 09:00:00,1,27.89122099122099,0.0,8.801093300000002,28.788850217729753,0.057980517253844434,7.851695599042293
Nagpur,2026-09-28 10:00:00,1,29.40973670973671,0.0,9.455244100000002,29.72239937453927,0.05571065128240579,8.282788918719957
Nagpur,2026-09-28 11:00:00,1,30.602991702991705,0.0,9.940565800000002,30.8468194141081,0.055755443363485216,8.72600821243272
Nagpur,2026-09-28 12:00:00,1,31.2994131994132,0.0,10.2119418,31.514540216795467,0.055342877863286205,9.152551286247764
Nagpur,2026-09-28 13:00:00,1,31.836042236042232,0.0,10.494813700000002,31.985306387558506,0.055342877863286205,9.436560546477292
Nagpur,2026-09-28 14:00:00,1,32.02825242825243,0.0,10.6456185,32.147346605541195,0.055342877863286205,9.61813223957397
Nagpur,2026-09-28 15:00:00,1,31.8013045013045,0.0,9.8579033,31.785411887514613,0.055342877863286205,8.992236447384943
Nagpur,2026-09-28 16:00:00,1,31.11238681238681,0.0,8.705252600000001,30.936266653993947,0.055342877863286205,7.959430082387272
Nagpur,2026-09-28 17:00:00,1,29.79643349643349,0.0,6.7538185,30.091459054196935,0.05448325932562057,6.580458891099107
Nagpur,2026-09-28 18:00:00,1,28.154540654540654,0.0,5.528445700000001,28.681940621389472,0.05559309776369539,5.882061563599147
Nagpur,2026-09-28 19:00:00,1,26.95125775125775,0.0,6.181086700000001,27.784576313837267,0.056856421378903385,6.301017178214163
Nagpur,2026-09-28 20:00:00,1,25.97371797371797,0.0,7.334240900000002,26.84912496499393,0.05739374737416031,7.10492910307789
Nagpur,2026-09-28 21:00:00,1,25.176814076814075,0.0,7.613491500000002,26.045414937829634,0.06676250009705939,7.591766512768357
Nagpur,2026-09-28 22:00:00,1,24.43191283191283,0.0,7.084826900000001,25.231212051072657,0.05960013338871621,7.27454728365787
Nagpur,2026-09-28 23:00:00,1,23.645965245965243,0.0,6.358296900000001,24.46293327132074,0.061736566923859704,6.794941231191546
Nagpur,2026-09-29 00:00:00,2,22.9934256,0.0,6.194925900000001,23.77643984785824,0.05578062128046673,6.4165018253440875
Nagpur,2026-09-29 01:00:00,2,22.461528,0.0,6.5166219000000005,23.200191234908587,0.07874427668049684,6.6552655404903165
Nagpur,2026-09-29 02:00:00,2,22.0287935,0.0,6.6372175,22.782788257905032,0.07188008565153632,6.723522604553765
Nagpur,2026-09-29 03:00:00,2,21.6194306,0.0,6.6026419,22.356159897925394,0.05109159457520231,6.666449374458861
Nagpur,2026-09-29 04:00:00,2,21.2489991,0.0,6.3575654,21.968357323118223,0.05276272364920851,6.455148917830153
Nagpur,2026-09-29 05:00:00,2,21.122216100000003,0.0,6.1354171,21.865986926410585,0.09043421747221657,6.178040730220785
Nagpur,2026-09-29 06:00:00,2,21.5115844,0.0,6.002204,22.262918834114817,0.07821500104739773,6.007427898644956
Nagpur,2026-09-29 07:00:00,2,23.309593900000003,0.0,5.562177,24.112949973166714,0.11530572187139677,5.712359218671394
Nagpur,2026-09-29 08:00:00,2,25.6582193,0.0,6.0812702000000005,26.808389706231683,0.09911657610318268,5.80250644779501
Nagpur,2026-09-29 09:00:00,2,27.8694644,0.0,6.488246500000001,28.79021464157056,0.06162763797963544,5.965179785607404
Nagpur,2026-09-29 10:00:00,2,29.6899278,0.0,7.4269561,30.013078307379097,0.057175773375620166,6.809134909953313
Nagpur,2026-09-29 11:00:00,2,30.8579075,0.0,7.7884914,31.155795768529895,0.055187192103106915,7.304981512905025
Nagpur,2026-09-29 12:00:00,2,31.647585,0.0,8.0113305,31.759004775013985,0.054819418683987334,7.556044737650623
Nagpur,2026-09-29 13:00:00,2,32.1278996,0.0,8.382634600000001,32.18240000137709,0.054819418683987334,7.70941390076275
Nagpur,2026-09-29 14:00:00,2,32.336945799999995,0.0,8.172467600000001,32.312578602285775,0.054819418683987334,7.576526011760841
Nagpur,2026-09-29 15:00:00,2,32.242305800000004,0.0,7.415125699999999,32.17924383220555,0.055187192103106915,6.905994304530328
Nagpur,2026-09-29 16:00:00,2,31.7718743,0.0,5.490378399999999,31.781042393134427,0.06793399810577407,4.938909123705351
Nagpur,2026-09-29 17:00:00,2,30.453934,0.0,4.110310500000001,30.657794149510185,0.07080451242201757,4.802007894657577
Nagpur,2026-09-29 18:00:00,2,28.6138984,0.0,4.3542682,29.07170674352791,0.05641969948125185,4.679591839436811
Nagpur,2026-09-29 19:00:00,2,27.1619598,0.0,5.8768256,28.096706468026888,0.05658294194275486,5.552843253652683
Nagpur,2026-09-29 20:00:00,2,26.044112800000004,0.0,7.3925514,27.04422658561288,0.057974994925181614,7.20137612587124
Nagpur,2026-09-29 21:00:00,2,25.2818098,0.0,7.70409,26.288134217114205,0.06676250009705939,7.707657367739961
Nagpur,2026-09-29 22:00:00,2,24.5940809,0.0,7.262786800000001,25.59461086690889,0.06570662611756219,7.427488095071417
Nagpur,2026-09-29 23:00:00,2,23.991629100000004,0.0,6.4740242,24.95106217525978,0.07855490083633965,6.895016283420373
Nagpur,2026-09-30 00:00:00,3,23.53844,0.0,6.024074199999999,24.316337329516568,0.08554630723367822,7.165996306899642
Nagpur,2026-09-30 01:00:00,3,23.017551,0.0,6.226276099999999,23.78751962978413,0.05711441881184291,7.193545703983469
Nagpur,2026-09-30 02:00:00,3,22.6194051,0.0,6.088182299999999,23.41219712970977,0.05563179823864326,6.9346375226658905
Nagpur,2026-09-30 03:00:00,3,22.1876961,0.0,5.793537899999999,22.97165677380415,0.05188025586993786,7.25863278177502
Nagpur,2026-09-30 04:00:00,3,21.7805843,0.0,5.892739599999999,22.576550210663335,0.05285245518565662,7.211224806806008
Nagpur,2026-09-30 05:00:00,3,21.581092400000003,0.0,5.884691299999998,22.397125125947237,0.11432736142066112,7.169084946689484
Nagpur,2026-09-30 06:00:00,3,21.8710817,0.0,5.720581299999999,22.688350253109263,0.11280448149200292,5.821572231818797
Nagpur,2026-09-30 07:00:00,3,23.635784,0.0,5.326397899999999,24.445996993184046,0.12180411088511552,5.971992511250842
Nagpur,2026-09-30 08:00:00,3,25.950929,0.0,5.509481899999999,27.066090995056587,0.07566405869752775,6.3222061545644905
Nagpur,2026-09-30 09:00:00,3,28.091241,0.0,4.7524178,28.986768111581636,0.06688633929459192,8.130691793509152
Nagpur,2026-09-30 10:00:00,3,30.043839,0.0,4.3172966,30.526190396985534,0.0653222345039264,7.467087117520114
Nagpur,2026-09-30 11:00:00,3,31.3991873,0.0,4.479169399999999,31.73777045727242,0.06741353884237328,7.149265459977107
Nagpur,2026-09-30 12:00:00,3,32.2692707,0.0,4.487877299999999,32.31021400086257,0.06741353884237328,5.7795209597155575
Nagpur,2026-09-30 13:00:00,3,32.6574928,0.0,5.357982799999999,32.69971117904559,0.0673013458108687,6.037456667241779
Nagpur,2026-09-30 14:00:00,3,32.792159,0.0,6.3164379,32.63869996922818,0.06055500070227137,6.463280128555552
Nagpur,2026-09-30 15:00:00,3,32.609582700000004,0.0,5.828156399999999,32.52141232791808,0.06163469620528086,6.207041387187654
Nagpur,2026-09-30 16:00:00,3,32.1952974,0.0,4.173986899999999,32.13576906243218,0.0748724719365676,5.026830721745746
Nagpur,2026-09-30 17:00:00,3,31.1585959,0.0,2.3475223,31.186755475081206,0.08257807832380068,4.039857821758539
Nagpur,2026-09-30 18:00:00,3,29.5455119,0.0,4.645873499999999,29.776841148579663,0.056377200909679834,4.658938358489795
Nagpur,2026-09-30 19:00:00,3,28.4262735,0.0,5.365501799999999,28.781374967628075,0.06400222278083671,4.911740970826045
Nagpur,2026-09-30 20:00:00,3,27.6661751,0.0,4.524198799999999,28.112971713737483,0.07455293092064721,5.134807378263574
Nagpur,2026-09-30 21:00:00,3,26.9644662,0.0,3.801557999999999,27.335151139030753,0.06538662221706208,5.0435515681681915
Nagpur,2026-09-30 22:00:00,3,26.3437224,0.0,3.9182156,26.824816048235125,0.06720992088257467,5.195001501514677
Nagpur,2026-09-30 23:00:00,3,25.4525688,0.0,4.743067199999999,26.356188899820573,0.07457136946237647,5.455531108992124
Nashik,2026-09-28 00:00:00,1,20.77292747292747,0.0,8.0518982,20.32162109451405,0.029559453673166904,8.237036723719003
Nashik,2026-09-28 01:00:00,1,20.49660189660189,0.0,7.795272000000001,20.04182874153098,0.029639732082065193,7.886646537964733
Nashik,2026-09-28 02:00:00,1,20.31997351997352,0.0,7.5380602,19.881773196553745,0.03542706238012892,7.555664439633248
Nashik,2026-09-28 03:00:00,1,20.233176433176432,0.0,7.3844398,19.788143234179977,0.05676068969310357,7.417118911938562
Nashik,2026-09-28 04:00:00,1,20.11193521193521,0.0,7.0311816,19.665502530883867,0.09465724569519716,7.084397285814344
Nashik,2026-09-28 05:00:00,1,20.29054259054259,0.0,5.9226204,19.866481368484312,0.09858029391045825,6.09950335492317
Nashik,2026-09-28 06:00:00,1,20.46135796135796,0.0,5.6556782,20.097704780500003,0.12429060480927653,5.496774538216272
Nashik,2026-09-28 07:00:00,1,21.479047979047976,0.0,5.9742952,21.1194127068093,0.10297762992693332,6.106529501503335
Nashik,2026-09-28 08:00:00,1,23.075686375686374,0.0,6.5605544,22.794203630552136,0.05792126691671646,7.06678692746377
Nashik,2026-09-28 09:00:00,1,24.80170830170829,0.0,6.5889856,24.4977808831921,0.11657767126191283,6.437769130777591
Nashik,2026-09-28 10:00:00,1,26.49108539108539,0.0,6.2313048,26.20466126060545,0.0833119623727322,4.445704116495729
Nashik,2026-09-28 11:00:00,1,27.85693945693945,0.0,6.409185600000001,27.548354161445484,0.05644750175423497,4.459490913375182
Nashik,2026-09-28 12:00:00,1,28.890242690242687,0.0,7.949038,28.47112741723545,0.057655609471054484,5.558772108861781
Nashik,2026-09-28 13:00:00,1,29.507905207905203,0.0,9.640921,28.977338086547764,0.05737842355382524,7.157769168108023
Nashik,2026-09-28 14:00:00,1,29.77048337048337,0.0,11.2483316,29.22213889478804,0.05571754618644174,8.182577554634072
Nashik,2026-09-28 15:00:00,1,29.43107793107793,0.1668141668141668,12.370025,28.873429128171395,0.4226289461567959,9.05555938035638
Nashik,2026-09-28 16:00:00,1,28.59022879022879,0.1668141668141668,13.3572182,28.34217637657905,0.3991647174797116,9.892954994825217
Nashik,2026-09-28 17:00:00,1,27.448864348864348,0.1668141668141668,13.271177,27.42566742090549,0.3623206359327707,9.772870543596785
Nashik,2026-09-28 18:00:00,1,25.88288348288348,0.0389138389138389,10.6466998,26.169677905471318,0.10872747177072528,7.621740467412401
Nashik,2026-09-28 19:00:00,1,24.605355905355903,0.2723968723968724,9.1727978,24.73600878689777,0.1257532182896672,6.3211037348144306
Nashik,2026-09-28 20:00:00,1,23.796332696332698,0.0,8.1693528,23.407729902380485,0.052269168934805245,6.218310681615103
Nashik,2026-09-28 21:00:00,1,23.107495507495507,0.1556553556553556,6.0575486000000005,22.68910094661004,0.20186655195580705,5.245770124303419
Nashik,2026-09-28 22:00:00,1,22.698775098775094,0.0,4.9870662,22.330249676096766,0.07937720236987898,5.7051566144117185
Nashik,2026-09-28 23:00:00,1,22.33247143247143,0.0,4.5542498,22.00825039407385,0.09047747137104453,5.271086518534123
Nashik,2026-09-29 00:00:00,2,22.06430536430536,0.0,3.9225486,21.642734807027903,0.10004091938128823,5.054385399181168
Nashik,2026-09-29 01:00:00,2,21.92419772419772,0.0,3.6204298,21.502627166920266,0.11193531126657585,4.93230209703108
Nashik,2026-09-29 02:00:00,2,21.881742581742586,0.0,2.9131466,21.47463652397272,0.12174031493100433,4.205882810527431
Nashik,2026-09-29 03:00:00,2,21.671996871996868,0.4788513,3.370445,21.160455455131245,0.24875699828730724,3.348515514070476
Nashik,2026-09-29 04:00:00,2,21.643771243771244,0.0252027,2.2561084,21.196378100859175,0.1454547176637733,3.6126905812590775
Nashik,2026-09-29 05:00:00,2,21.575231275231275,0.0,2.912501,21.15739831286198,0.1040537821007879,4.182532190019529
Nashik,2026-09-29 06:00:00,2,21.7031878031878,0.0,1.6234864,21.327294555631322,0.12200460062741326,2.9520176174373423
Nashik,2026-09-29 07:00:00,2,22.56774396774396,0.0,3.2086072000000003,22.207582717209768,0.10305972422935557,4.426374245113777
Nashik,2026-09-29 08:00:00,2,24.027694227694223,0.0,5.2641802,23.63983375342948,0.1725550550596241,4.979355788358581
Nashik,2026-09-29 09:00:00,2,25.605979905979904,0.0,6.8564208,25.33658122468732,0.0886274456760177,5.202490655170536
Nashik,2026-09-29 10:00:00,2,27.220476020476017,0.0246088,8.1340205,26.9295524426132,0.11030070856029371,5.196849768260499
Nashik,2026-09-29 11:00:00,2,28.286337186337185,0.2706968,8.5785369,27.879240293373478,0.1868633917619548,5.364827719240317
Nashik,2026-09-29 12:00:00,2,29.127983227983226,0.2081157999999999,7.2354035,28.626131271033177,0.45016991039847365,4.513027492600173
Nashik,2026-09-29 13:00:00,2,29.36089506089506,0.1835069999999999,5.551159200000001,28.949952182337093,0.44207899319267097,4.639362382083765
Nashik,2026-09-29 14:00:00,2,29.27610057610057,0.1835069999999999,4.6972932,28.635019966215182,0.46127474394254864,4.16729861685376
Nashik,2026-09-29 15:00:00,2,28.67027197027197,0.6007094999999999,4.5931399,27.98331782639725,0.8228691012380261,4.706763106415804
Nashik,2026-09-29 16:00:00,2,26.762224962224963,0.7137438999999999,6.9893074,26.71142876029206,0.9123334172529067,5.54158323989329
Nashik,2026-09-29 17:00:00,2,25.089470289470288,0.7037342999999999,7.9452046,25.16746895195186,0.8544183266706854,6.4417603737863995
Nashik,2026-09-29 18:00:00,2,24.11250071250071,0.123044,5.3029888,24.077064019536156,0.22910364979048642,4.128191098716844
Nashik,2026-09-29 19:00:00,2,23.38211208211208,0.5906112,4.3019811,23.346541657054676,0.5379126668993475,3.9344065128112096
Nashik,2026-09-29 20:00:00,2,23.1060294060294,0.7874816,3.7456684,23.062117413663334,0.6492549684159671,3.642178411703091
Nashik,2026-09-29 21:00:00,2,22.867351167351167,0.1968704,3.8941448,22.484156986854806,0.25990286596817647,3.3776964762084463
Nashik,2026-09-29 22:00:00,2,22.55009395009395,0.369132,2.8002627,22.11093204947235,0.2135680633790244,2.7190610821469927
Nashik,2026-09-29 23:00:00,2,22.345816845816845,0.3445232,2.6622099,21.84025221708424,0.21979715626445723,2.705068963175174
Nashik,2026-09-30 00:00:00,3,22.1971614028386,0.4713444,2.403810896189104,21.60238237397054,0.3380242213007849,3.925055165023563
Nashik,2026-09-30 01:00:00,3,21.959867040132963,0.130929,2.805486894513105,21.442077541221632,0.26282570213793677,4.28572475858863
Nashik,2026-09-30 02:00:00,3,21.722698177301822,0.2094864,3.223722776277224,21.27983563724583,0.2954857332641793,4.5986367269891275
Nashik,2026-09-30 03:00:00,3,21.504411295588703,0.0785573999999999,3.416854583145416,21.090545108575185,0.24936024014661623,4.7198516608268175
Nashik,2026-09-30 04:00:00,3,21.473716326283675,0.0,3.5130427869572127,21.24230242463906,0.12368086274197786,4.721608894807438
Nashik,2026-09-30 05:00:00,3,21.43064706935293,0.0,2.8348821651178344,21.334916190633688,0.12169823582754705,4.061266651273105
Nashik,2026-09-30 06:00:00,3,21.35907504092496,0.0,2.094977605022395,21.264575360024608,0.13974281922209542,3.420429498043069
Nashik,2026-09-30 07:00:00,3,22.299239000761,0.0,2.029746770253229,21.92030079867459,0.12822811449930532,2.0245431341471702
Nashik,2026-09-30 08:00:00,3,24.11939948060052,0.0,1.5354922645077351,23.69637275069978,0.2334999050707535,2.728064122900565
Nashik,2026-09-30 09:00:00,3,26.052569247430757,0.0,3.682903017096982,25.56000546438077,0.08991468707589588,4.864539464298744
Nashik,2026-09-30 10:00:00,3,27.73943586056414,0.0261858,6.7336268663731325,27.363215966533467,0.11837454702384391,4.742025951396757
Nashik,2026-09-30 11:00:00,3,29.02054307945692,0.0,7.019752980247018,29.12480252420662,0.06326179908670362,5.027556451078667
Nashik,2026-09-30 12:00:00,3,29.8922636077364,0.0,5.9645662354337645,29.598968400066386,0.08322731924105556,5.24207188803232
Nashik,2026-09-30 13:00:00,3,30.476490023509974,0.0,4.31042708957291,29.877856181299602,0.07564783827321166,5.1257103020988195
Nashik,2026-09-30 14:00:00,3,30.71065298934701,0.0,3.832362567637432,29.860898976926368,0.07564783827321166,4.895203957767607
Nashik,2026-09-30 15:00:00,3,30.2008822991177,0.2343685,5.78086721913278,29.112859157462324,0.5177991015147105,4.498783013169621
Nashik,2026-09-30 16:00:00,3,28.537355462644538,0.2985401,8.682185617814383,27.71599603509753,0.5627785891700887,5.651354722668573
Nashik,2026-09-30 17:00:00,3,27.146626053373947,0.2461685,9.223781876218125,26.629674758961517,0.46870823752812774,6.70400894532205
Nashik,2026-09-30 18:00:00,3,26.085014214985787,0.0628522,7.9036262963737025,26.141255149719232,0.27149109614192013,5.833260212505891
Nashik,2026-09-30 19:00:00,3,25.222675677324325,0.0628522,6.986244113755885,25.265011043322204,0.21915956972500902,5.241184227572663
Nashik,2026-09-30 20:00:00,3,24.68839191160809,0.0628522,6.79061130938869,24.516308893666448,0.20446822756295252,5.145428831048947
Nashik,2026-09-30 21:00:00,3,24.125828674171327,0.2356722,5.477482822517176,23.787775093483035,0.258383156183049,4.614021584456138
Nashik,2026-09-30 22:00:00,3,23.83871716128284,0.2880438,4.052340747659251,23.25386988599318,0.2066856336754619,3.5785446128258322
Nashik,2026-09-30 23:00:00,3,23.81140458859541,0.0785573999999999,3.8228318771681216,23.284606992800665,0.205869413942245,2.717966929631868
Patna,2026-09-28 00:00:00,1,24.8991828991829,0.0,5.894333994333994,25.561179573071794,0.15759850566102832,5.107968926137565
Patna,2026-09-28 01:00:00,1,24.572104772104773,0.0,6.8222887222887225,25.199621392362126,0.1245804278418139,5.864171435922096
Patna,2026-09-28 02:00:00,1,24.29669769669769,0.0,7.049654449654449,24.863347034807948,0.11766666003973997,5.942661778326883
Patna,2026-09-28 03:00:00,1,24.06320626320626,0.0,6.401662501662502,24.60833755402957,0.1132053321780421,5.4816710282167245
Patna,2026-09-28 04:00:00,1,23.863206263206266,0.0,6.118434018434019,24.409017121367608,0.10382385651649546,6.139206291529494
Patna,2026-09-28 05:00:00,1,24.47901237901237,0.0,7.0998842998843,25.111710703382748,0.11897294720590829,5.901490966049207
Patna,2026-09-28 06:00:00,1,24.524531024531026,0.0,7.982846482846483,25.184699641671223,0.11694472140799018,6.702309933501015
Patna,2026-09-28 07:00:00,1,25.89013289013289,0.0,8.655524155524155,26.621336414654067,0.12305959632287938,7.211676214284475
Patna,2026-09-28 08:00:00,1,27.321352521352523,0.0,9.453441653441654,28.311931862006595,0.10760104097475445,7.682091834696861
Patna,2026-09-28 09:00:00,1,28.63036273036273,0.0,10.888170788170788,29.455368750822256,0.07864656617070934,8.478171571444529
Patna,2026-09-28 10:00:00,1,29.648644048644044,0.0,12.038144138144135,30.26923246225222,0.07084668751625198,9.616829031267999
Patna,2026-09-28 11:00:00,1,30.362963362963363,0.0,12.567355967355969,30.791008969995126,0.07764779665053122,10.355146408825863
Patna,2026-09-28 12:00:00,1,30.87824127824128,0.0,12.733803433803434,30.975368990660428,0.08197519138371996,10.503213674388332
Patna,2026-09-28 13:00:00,1,31.214736114736112,0.0,12.353471853471856,31.240596903386237,0.08285331118815135,10.13081688021423
Patna,2026-09-28 14:00:00,1,31.305939305939305,0.0,11.722474922474923,31.304028807126645,0.08188385559516627,9.335280008056092
Patna,2026-09-28 15:00:00,1,30.94199374199374,0.0,11.33899483899484,30.941292788932362,0.08108065593872253,8.736509298628578
Patna,2026-09-28 16:00:00,1,30.08043168043168,0.0,10.808680808680808,30.030595786378118,0.07588128373651105,7.714719719468754
Patna,2026-09-28 17:00:00,1,29.090288790288792,0.0,8.663592963592963,29.39602974718159,0.08256397511457804,6.5147231040025675
Patna,2026-09-28 18:00:00,1,28.16074936074936,0.0,7.654312354312355,28.47568152496369,0.09106137062249829,6.133660767413946
Patna,2026-09-28 19:00:00,1,27.36023116023116,0.0,7.7042997042997055,27.811391601128168,0.10507448330628896,5.851140013656364
Patna,2026-09-28 20:00:00,1,26.59610609610609,0.0,8.199142599142599,27.08508264576468,0.12763586261404922,6.305297290335617
Patna,2026-09-28 21:00:00,1,26.03839433839434,0.0,8.02858672858673,26.586417566268462,0.14382559925775235,6.589031214347606
Patna,2026-09-28 22:00:00,1,25.605343305343304,0.0,7.511878711878712,26.1960895471275,0.13504235660986774,6.284505829414781
Patna,2026-09-28 23:00:00,1,25.25704825704825,0.0,7.4174301174301185,25.957715212332925,0.13689323998955671,6.229676231436805
Patna,2026-09-29 00:00:00,2,25.113584100000004,0.0,7.292755699999999,25.78709187791258,0.12321979657397744,6.092706176968893
Patna,2026-09-29 01:00:00,2,24.822051600000005,0.0,7.128955299999999,25.49373090945974,0.12205374448615626,5.906953078169558
Patna,2026-09-29 02:00:00,2,24.514458500000003,0.0,7.230866199999999,25.157502888052726,0.12010347321429433,5.984746229543478
Patna,2026-09-29 03:00:00,2,24.339972100000004,0.0,7.375647600000001,24.975944291049693,0.1206070240864423,6.075725839946731
Patna,2026-09-29 04:00:00,2,24.12863800000001,0.0,7.3570668,24.762122445777624,0.12038393674142574,6.2232340511296735
Patna,2026-09-29 05:00:00,2,24.129512400000003,0.0,7.3095167,24.796391606919098,0.11576271979729842,6.321201959842819
Patna,2026-09-29 06:00:00,2,24.652359200000003,0.0,7.6575857,25.37683539271087,0.12533092850362026,6.563253369937644
Patna,2026-09-29 07:00:00,2,26.07088030000001,0.0,8.714498,26.81781599203863,0.12792115205269652,7.21944471955787
Patna,2026-09-29 08:00:00,2,27.604682800000003,0.0,8.9591752,28.653439102078803,0.09348710656828443,7.160047967866344
Patna,2026-09-29 09:00:00,2,29.075022100000005,0.0285964,9.4338871,29.95306746789015,0.1495582252431826,7.45224923474763
Patna,2026-09-29 10:00:00,2,30.237478600000003,0.0484295,10.0642681,31.04647339580892,0.17948222145482684,7.7117030840609555
Patna,2026-09-29 11:00:00,2,31.079148000000004,0.0484295,10.8880504,31.45528756041845,0.19347150857740292,8.514093462042833
Patna,2026-09-29 12:00:00,2,31.392794400000007,0.0285964,11.2890808,31.4744950750456,0.22553655683392312,8.806894220580736
Patna,2026-09-29 13:00:00,2,31.521805600000008,0.0285964,11.0125666,31.580604171743104,0.22135194866118352,8.66105788650926
Patna,2026-09-29 14:00:00,2,31.491159400000004,0.0285964,10.7168236,31.48458337040545,0.22135194866118352,8.486263061659537
Patna,2026-09-29 15:00:00,2,31.210761200000004,0.0,10.5192252,31.207761920684586,0.08724575033886095,8.097462788269802
Patna,2026-09-29 16:00:00,2,30.5677279,0.0,10.3459928,30.456133147793565,0.08120020422337552,7.936766166311854
Patna,2026-09-29 17:00:00,2,29.520279,0.0,9.1039117,29.78415646448411,0.08432024226285885,6.646373216857226
Patna,2026-09-29 18:00:00,2,28.611248000000003,0.0,8.4676399,28.86539994517442,0.08369415906993828,6.092499437811737
Patna,2026-09-29 19:00:00,2,27.954035200000007,0.0,7.8249472,28.286496187715354,0.10268563023745646,5.786526740473619
Patna,2026-09-29 20:00:00,2,27.306681500000003,0.0,7.557735300000001,27.755022762959342,0.11403408662553557,5.856093935073676
Patna,2026-09-29 21:00:00,2,26.754779900000003,0.0,7.294904300000001,27.23169541805086,0.14182116417795504,5.934453176061751
Patna,2026-09-29 22:00:00,2,26.302182500000004,0.0,7.7289955,26.79983790532241,0.15085027879968588,6.478268071824544
Patna,2026-09-29 23:00:00,2,25.928102200000005,0.0,7.729905,26.57329896416183,0.13973402004392432,6.508563536415295
Patna,2026-09-30 00:00:00,3,25.698861498861497,0.021882,7.51817918182082,26.325436119403182,0.1471187311072224,6.275340968843765
Patna,2026-09-30 01:00:00,3,25.443679643679644,0.043764,8.214260185739816,26.09139885796521,0.1470220679638405,6.5772277408300726
Patna,2026-09-30 02:00:00,3,25.027155927155924,0.021882,8.500960199039802,25.684774636846033,0.13856779948310338,7.08235273236108
Patna,2026-09-30 03:00:00,3,24.67244617244617,0.0,8.171677628322373,25.32186949160946,0.11626914806296515,6.977634001691914
Patna,2026-09-30 04:00:00,3,24.47244617244617,0.0,7.809547090452911,25.118215919510764,0.1102831286743677,6.805560313811013
Patna,2026-09-30 05:00:00,3,24.324255424255423,0.0,7.66931073068927,25.050903080910917,0.11272708639917303,6.687310871255901
Patna,2026-09-30 06:00:00,3,24.746592746592743,0.0,8.27829182170818,25.48417482744428,0.12290116924297599,7.180618811346399
Patna,2026-09-30 07:00:00,3,26.274214474214475,0.0,9.073869226130777,27.020577956956846,0.13542657951868756,7.435963898620738
Patna,2026-09-30 08:00:00,3,27.96164156164156,0.0,9.976547223452778,28.923899430093883,0.09538582925280518,7.816931666723914
Patna,2026-09-30 09:00:00,3,29.34303584303584,0.0,10.71905398094602,30.145477922665705,0.07471621446284069,8.441645236404868
Patna,2026-09-30 10:00:00,3,30.56462476462476,0.0,12.100168799831202,31.05555487957658,0.07518056482121888,9.855286007256844
Patna,2026-09-30 11:00:00,3,31.37211837211837,0.0,13.122834077165924,31.59104863601332,0.07149235501706398,10.837037094313445
Patna,2026-09-30 12:00:00,3,31.92356862356862,0.0,13.642455157544845,31.71807204671807,0.08261549707715396,10.879042622729122
Patna,2026-09-30 13:00:00,3,32.15985215985216,0.0,13.62934037065963,31.749938119539888,0.08785799470799026,10.834575558509453
Patna,2026-09-30 14:00:00,3,32.14056444056444,0.0,13.287191412808587,31.687004206105975,0.08168728548066705,10.37841272385102
Patna,2026-09-30 15:00:00,3,31.77714057714057,0.0,12.283939816060188,31.497521466971335,0.08674040400481087,9.36835844687624
Patna,2026-09-30 16:00:00,3,30.98424478424478,0.0,10.675564524435478,30.919140039438453,0.07930529861177328,8.031342012972793
Patna,2026-09-30 17:00:00,3,29.670508470508462,0.0,8.776482523517478,29.762970414358524,0.08101317311608228,6.658919111161389
Patna,2026-09-30 18:00:00,3,28.702654702654694,0.0,7.925073474926526,28.76742690108769,0.08384703495855687,6.328040137156261
Patna,2026-09-30 19:00:00,3,27.954201754201755,0.0,6.90916549083451,28.22073883920058,0.10076085189625751,5.532412406794284
Patna,2026-09-30 20:00:00,3,27.37656947656948,0.0,6.330776469223531,27.83275007737623,0.11546161950797305,6.003508848479547
Patna,2026-09-30 21:00:00,3,26.894995694995693,0.0,5.5395868604131415,27.36785049365362,0.1305146889931736,5.382725449382214
Patna,2026-09-30 22:00:00,3,26.333002233002237,0.0,5.033115766884234,26.83431881394025,0.13960871504502909,5.12528064805407
Patna,2026-09-30 23:00:00,3,25.85623145623145,0.0,4.900641699358301,26.519752982257046,0.13075979583008213,4.995909017569702
Pune,2026-09-28 00:00:00,1,21.724257824257823,0.0,4.6471495,21.282285071511918,0.06789461342404697,4.4908562475657074
Pune,2026-09-28 01:00:00,1,21.434434634434638,0.0,5.468152000000001,20.975141948573064,0.045575954127311816,5.044835630489395
Pune,2026-09-28 02:00:00,1,21.03864223864224,0.0,4.439266399999999,20.599229895816787,0.047435528706599825,4.334057905665069
Pune,2026-09-28 03:00:00,1,20.788096788096787,0.0,3.5455741,20.359910848269795,0.1129759552498568,4.692681487594735
Pune,2026-09-28 04:00:00,1,20.54203114203114,0.0,3.7158353,20.113845202204146,0.12381770539033468,4.895920802917094
Pune,2026-09-28 05:00:00,1,20.72888352888353,0.0,3.0490542,20.279977723200773,0.1027624100753728,4.279215358209293
Pune,2026-09-28 06:00:00,1,20.677503377503378,0.0,2.4806508000000003,20.300530949450536,0.11866157381160136,3.770354390706558
Pune,2026-09-28 07:00:00,1,21.496903996903995,0.0,1.9826382,21.146016790947613,0.12653621575819332,3.3179230118920557
Pune,2026-09-28 08:00:00,1,23.52169712169712,0.0,1.7238228,23.11918517804636,0.1341047522120402,2.950618672122258
Pune,2026-09-28 09:00:00,1,25.707544607544605,0.0,2.666612,25.2218430625588,0.11589993794563616,3.771049335862998
Pune,2026-09-28 10:00:00,1,27.597367797367795,0.0,3.2322694000000003,27.095501489435556,0.082630430414857,4.287904102686209
Pune,2026-09-28 11:00:00,1,29.105645105645102,0.0,3.0577239,28.64035554733338,0.08019468197080665,4.059804317820755
Pune,2026-09-28 12:00:00,1,29.72247992247992,0.0559586,4.70152,29.407800039030036,0.2844747829634995,5.2953996577600275
Pune,2026-09-28 13:00:00,1,29.47518397518397,0.598483,6.9344153,29.566641063310744,0.501771939809092,7.3239929044685965
Pune,2026-09-28 14:00:00,1,28.738515238515237,0.6231431999999999,9.701628199999998,29.023126144225447,0.4751966450544568,10.04741133168534
Pune,2026-09-28 15:00:00,1,28.390559590559587,0.267846,10.9058366,28.44708187914963,0.5261580301131707,9.495937390793008
Pune,2026-09-28 16:00:00,1,27.45402435402435,0.3070486,9.1753698,27.87858256895584,0.5947784991459514,6.267788875766273
Pune,2026-09-28 17:00:00,1,26.133121933121927,0.3584233,9.0060731,26.566050997450205,0.5497216688140918,6.392474984384438
Pune,2026-09-28 18:00:00,1,24.969656369656363,0.1269047999999999,7.6884362,24.54870661788062,0.2247191558764732,5.795979170703553
Pune,2026-09-28 19:00:00,1,24.67690707690708,0.0211508,6.307754,24.07718494488181,0.08364563415931178,4.766834650997054
Pune,2026-09-28 20:00:00,1,24.11320241320241,0.0,5.6445096,23.62910013061722,0.0668361794166774,5.666563028522709
Pune,2026-09-28 21:00:00,1,23.58152118152118,0.0,3.0197874,23.21423158501427,0.11780538333129177,3.907658558408866
Pune,2026-09-28 22:00:00,1,23.3031599031599,0.317262,2.6153406,23.05752997294701,0.18757856882163704,3.810863301535019
Pune,2026-09-28 23:00:00,1,22.84203914203914,0.0423016,3.020265,22.45914546242731,0.16119033853253198,3.802282128629477
Pune,2026-09-29 00:00:00,2,22.4904569,0.0,2.852182,22.034173926836324,0.10649931624479203,4.131789925166512
Pune,2026-09-29 01:00:00,2,22.1388241,0.0,2.7872171999999997,21.681803241059644,0.1089149844852545,4.096793085498117
Pune,2026-09-29 02:00:00,2,21.8539134,0.0315294,2.7533683,21.35240024242332,0.15446839626929773,4.126892840961187
Pune,2026-09-29 03:00:00,2,21.7990443,0.0630588,2.7185165,21.26838285329333,0.19434216906023666,4.067426452709355
Pune,2026-09-29 04:00:00,2,21.7960323,0.2566738,2.3640452,21.226487715327195,0.23901015933283426,3.756276619573594
Pune,2026-09-29 05:00:00,2,21.8243497,0.0720508,1.6103303,21.34199926094952,0.2549940539270107,2.989519053723673
Pune,2026-09-29 06:00:00,2,22.0340589,0.0,1.7767671,21.655741405651572,0.1180791299359974,3.056062538136242
Pune,2026-09-29 07:00:00,2,22.603793,0.0,2.031105,22.22718955552263,0.11682381088055709,2.166902424404225
Pune,2026-09-29 08:00:00,2,24.0603863,0.0,4.0698722,23.751799249859175,0.17285912131949804,3.326656089395438
Pune,2026-09-29 09:00:00,2,25.7119986,0.0,6.2945353,25.211902697954343,0.06829228981178727,4.562193547004795
Pune,2026-09-29 10:00:00,2,27.4191239,0.184623,7.442469299999999,27.014901075497455,0.2970115329578858,5.642139336147824
Pune,2026-09-29 11:00:00,2,28.6577239,0.1351096,7.025777,28.085013855525585,0.23280858479338756,5.491314666135068
Pune,2026-09-29 12:00:00,2,29.1370177,0.5556664,5.4066102,28.868235770453296,0.7998735635667016,4.24622996805713
Pune,2026-09-29 13:00:00,2,28.7816207,0.4178665,7.683976499999999,28.214291371058447,0.6676783074712938,5.435999001934949
Pune,2026-09-29 14:00:00,2,28.0014667,0.6392638,9.292023,28.152120030834187,0.9018443070372109,8.913901019746698
Pune,2026-09-29 15:00:00,2,27.2565891,0.8080879,7.629340299999999,27.33370788475495,0.9569147588273674,5.735350757215381
Pune,2026-09-29 16:00:00,2,26.1266637,1.1426641,9.4290962,26.34636109265107,1.1950722397234428,6.40153977547725
Pune,2026-09-29 17:00:00,2,25.2903155,1.4668353,8.3163159,25.3592580273623,1.5707204886491561,5.41721097408753
Pune,2026-09-29 18:00:00,2,24.5756083,0.1466023,6.8008386000000005,24.144331565233028,0.36887616030946846,4.728150286593219
Pune,2026-09-29 19:00:00,2,23.950656,0.1218456,5.5679149,23.35240941382745,0.3053893862224662,4.132738506717528
Pune,2026-09-29 20:00:00,2,23.4896671,0.1218456,3.2425455000000003,22.931494047055164,0.2776225653996022,2.738185445948652
Pune,2026-09-29 21:00:00,2,23.169422,0.0,1.307334,22.79783501990835,0.12857005053648982,2.325733229430254
Pune,2026-09-29 22:00:00,2,22.9735848,0.0,1.7854327,22.60199781990835,0.13455755838609237,2.794692992037798
Pune,2026-09-29 23:00:00,2,22.8691977,0.0,2.4026268,22.504292223450765,0.12175314904892037,3.374950932715951
Pune,2026-09-30 00:00:00,3,22.6860656,0.0,3.5065301,22.17476427550969,0.10860981972763055,4.883145590852206
Pune,2026-09-30 01:00:00,3,22.2781368,0.0,3.2125608,21.777037134801446,0.09817839677824987,4.734566806130232
Pune,2026-09-30 02:00:00,3,21.801449500000004,0.0208349,3.6529466,21.286215186717484,0.11747936056583363,3.5784248277420243
Pune,2026-09-30 03:00:00,3,21.7089186,0.0208349,2.4103003000000003,21.18382945732849,0.11976005123221699,3.8098957077212408
Pune,2026-09-30 04:00:00,3,21.5665548,0.0,1.5530948000000002,21.07691997231382,0.1006270413813841,2.927654446718935
Pune,2026-09-30 05:00:00,3,21.4841078,0.0208349,1.7043036000000005,20.981638381950965,0.12009704232939394,3.1177901285003657
Pune,2026-09-30 06:00:00,3,21.570865,0.0416698,1.9906444,21.107841749325708,0.14979710202967322,3.450627134787272
Pune,2026-09-30 07:00:00,3,22.342415,0.0,1.0111905,21.92649988858852,0.11795242755118618,2.412559214002777
Pune,2026-09-30 08:00:00,3,24.135773,0.0,1.8000424000000002,23.68203214988468,0.2575154136101332,3.030904097351246
Pune,2026-09-30 09:00:00,3,25.880131800000004,0.0,3.1531287,25.36614464356727,0.0987605471057517,4.345041829196651
Pune,2026-09-30 10:00:00,3,27.3934721,0.0,4.0895314,27.05015634999848,0.08446248514383768,4.915124369160845
Pune,2026-09-30 11:00:00,3,28.7403368,0.0208349,5.272552200000001,28.214999578275286,0.12211325734706034,5.721364291468209
Pune,2026-09-30 12:00:00,3,29.1809283,0.4923427999999999,6.3106157,28.68018683399716,0.7504885228668494,5.270379662020099
Pune,2026-09-30 13:00:00,3,29.353131300000005,0.1381495,5.911286800000001,28.871400392501226,0.4041039883876004,5.1211833129671085
Pune,2026-09-30 14:00:00,3,29.307607200000003,0.6149911,3.2030144,29.426119189072438,0.6856223453950224,4.543210950513892
Pune,2026-09-30 15:00:00,3,28.8091079,1.2251263,3.932069900000001,28.877580083672484,1.0280707093951573,4.886144380788134
Pune,2026-09-30 16:00:00,3,28.1102921,0.9014431,4.2724082,28.070986471114836,0.8275621293682888,4.906085266717158
Pune,2026-09-30 17:00:00,3,26.922930500000007,1.1184209,7.1947367,26.976497211068313,1.1367787712544974,5.369295225322957
Pune,2026-09-30 18:00:00,3,25.4870577,0.2090724,6.190374800000001,25.152283780621577,0.4295183950805576,5.890579264633778
Pune,2026-09-30 19:00:00,3,24.561973,0.2631589,4.9530121000000005,23.98579232064285,0.4453517524383984,4.027338306462365
Pune,2026-09-30 20:00:00,3,23.674114800000005,0.4884768,6.9385222,23.104556581129636,0.5923138212685424,6.189568781637884
Pune,2026-09-30 21:00:00,3,23.078678600000003,0.4952346,5.917589100000001,22.561253166118348,0.36598116194885316,5.541447388135613
Pune,2026-09-30 22:00:00,3,22.939283000000003,0.1639519,3.4947872,22.445119006989458,0.27820230615671787,4.453772800110596
Pune,2026-09-30 23:00:00,3,22.7822063,0.1734742,2.2404902,22.28146796283185,0.2589580467767493,3.3307197771587598
Raipur,2026-09-28 00:00:00,1,23.8002267,0.0,5.007418100000001,24.413329502634724,0.14026676099498445,5.683010792620439
Raipur,2026-09-28 01:00:00,1,23.4401662,0.0,4.730086,24.01526435551187,0.13787461926851527,6.07234705288236
Raipur,2026-09-28 02:00:00,1,23.1331062,0.0,3.8529766000000008,23.6457316247062,0.15692214669976853,5.144345950097848
Raipur,2026-09-28 03:00:00,1,22.7969094,0.0,3.2780761000000007,23.26299277905683,0.16199918092975113,4.634486074702371
Raipur,2026-09-28 04:00:00,1,22.5354442,0.0,3.5630713000000007,23.00729294241008,0.17415513722344142,4.887338405743897
Raipur,2026-09-28 05:00:00,1,22.9709956,0.0,4.162302100000001,23.498101882296087,0.16556088418824114,5.448622432166461
Raipur,2026-09-28 06:00:00,1,23.1488156,0.0,3.2961060000000004,23.643093708985155,0.17015234606269708,4.659733828337304
Raipur,2026-09-28 07:00:00,1,24.843668200000003,0.0,2.8368188000000005,25.391529274778954,0.1595754397222013,4.214039024263084
Raipur,2026-09-28 08:00:00,1,26.6604208,0.0,3.3381936000000008,27.383947532377093,0.12712795881975075,4.654897686054138
Raipur,2026-09-28 09:00:00,1,28.3411023,0.0,4.9874011000000005,29.31374228172073,0.09780478918903654,7.401284937882769
Raipur,2026-09-28 10:00:00,1,29.5525818,0.0,6.5431487000000015,30.283778503807408,0.09339360414138104,6.444197922852576
Raipur,2026-09-28 11:00:00,1,30.4248497,0.0,7.289038300000002,30.899754137127612,0.0902239613407864,7.0481046060046335
Raipur,2026-09-28 12:00:00,1,31.0441171,0.0194199,7.4660654000000015,31.38863736602327,0.11015921855526085,7.141463279382878
Raipur,2026-09-28 13:00:00,1,31.4023907,0.1747791,7.849949100000002,31.73991562999805,0.20296229398991023,7.498681380463716
Raipur,2026-09-28 14:00:00,1,31.5541919,0.0194199,6.423393100000001,31.795037302474576,0.11991442870066114,6.359028053228443
Raipur,2026-09-28 15:00:00,1,31.41240490000001,0.0,5.437880900000001,31.576616782611413,0.10397837435947138,7.948710919908006
Raipur,2026-09-28 16:00:00,1,30.9034177,0.0,4.396380000000001,31.000221892927637,0.1145911309569896,6.921121590302574
Raipur,2026-09-28 17:00:00,1,29.3544433,0.0194199,3.9368811,29.669105462876598,0.11804154195314971,4.897242001527179
Raipur,2026-09-28 18:00:00,1,27.6756458,0.0,5.063748900000001,28.448161652877186,0.09254689324354266,6.013469335877927
Raipur,2026-09-28 19:00:00,1,26.7327712,0.0,4.8667493,27.570072291451815,0.11273339957610254,5.8622658123492
Raipur,2026-09-28 20:00:00,1,26.1108633,0.0,5.0410854,26.96728746962542,0.0884060535456571,5.330500093692089
Raipur,2026-09-28 21:00:00,1,25.7479423,0.0,5.693303000000001,26.602702298711133,0.09114643623721654,5.751537743475668
Raipur,2026-09-28 22:00:00,1,25.4442282,0.0,5.2609703,26.29146691699961,0.1424253756394976,6.104687130814391
Raipur,2026-09-28 23:00:00,1,25.0103183,0.0,5.2300555000000015,25.809989434607715,0.15287593423037102,6.217061906334402
Raipur,2026-09-29 00:00:00,2,24.25745035745036,0.0,5.825679,25.034190218243864,0.14506490566650906,6.641370432131777
Raipur,2026-09-29 01:00:00,2,23.610739110739107,0.0,5.426583999999999,24.40442616591759,0.13491874278439653,6.6864472735453075
Raipur,2026-09-29 02:00:00,2,23.115735315735314,0.0,5.0295778,23.9247764315652,0.13513198551627367,6.266936762620377
Raipur,2026-09-29 03:00:00,2,22.637537837537835,0.0,4.957685700000001,23.439393940765406,0.14484261372611787,6.115268514505868
Raipur,2026-09-29 04:00:00,2,22.11049031049031,0.0,4.9152397,22.90076791428503,0.1593626745975714,6.60484235081947
Raipur,2026-09-29 05:00:00,2,21.817639617639617,0.0,4.798287800000001,22.61223688624313,0.15335680999818133,7.350865910134934
Raipur,2026-09-29 06:00:00,2,22.17785747785748,0.0,4.4238737,22.892412937164675,0.15271066078126497,5.622707251972657
Raipur,2026-09-29 07:00:00,2,23.747894247894244,0.0,4.249897499999999,24.458398080245747,0.1687914651421526,5.609186447757535
Raipur,2026-09-29 08:00:00,2,25.683733383733383,0.0,4.2837082,26.647630774501703,0.11704952887696132,7.403399064596679
Raipur,2026-09-29 09:00:00,2,27.58213698213698,0.0,4.3255846,28.578899300129812,0.10110714484679097,7.415023147034313
Raipur,2026-09-29 10:00:00,2,29.168964968964968,0.0,3.7535321,29.851562062134267,0.1163345245832719,6.738709691415556
Raipur,2026-09-29 11:00:00,2,30.3068695068695,0.0,4.143459999999999,30.827314149879786,0.10265720938330126,4.5620929809039055
Raipur,2026-09-29 12:00:00,2,31.01226131226131,0.0,5.0520288,31.355022182222175,0.10726232090467427,5.136085101765167
Raipur,2026-09-29 13:00:00,2,31.463968763968765,0.0,6.0874033,31.72069556287738,0.09548908636403607,5.8865379874716925
Raipur,2026-09-29 14:00:00,2,31.564526264526258,0.0,6.3982213,31.79144654015802,0.09991203990297602,6.064657471828384
Raipur,2026-09-29 15:00:00,2,31.30908440908441,0.0,5.9787474000000005,31.441094044644036,0.09991203990297602,6.237161881296434
Raipur,2026-09-29 16:00:00,2,30.666887966887963,0.0,4.5335611,30.730873669629133,0.1066238579511145,5.049890516220975
Raipur,2026-09-29 17:00:00,2,29.17822557822557,0.0,3.4096913,29.53884320774365,0.11228312614183755,4.909029207262643
Raipur,2026-09-29 18:00:00,2,27.69204009204009,0.0,3.5415063,28.19445041031945,0.09436975199975714,4.698269086802664
Raipur,2026-09-29 19:00:00,2,26.54985524985525,0.0,3.573163,27.292703721626108,0.09797154099982766,4.050997024924025
Raipur,2026-09-29 20:00:00,2,25.69291789291789,0.0,4.283129199999999,26.586615378823513,0.08667634150032519,4.8665959408558095
Raipur,2026-09-29 21:00:00,2,25.010047210047208,0.0,5.304349199999999,26.02848484721899,0.08244037209353845,5.415277312636148
Raipur,2026-09-29 22:00:00,2,24.230033930033933,0.0,3.9317592,25.061512128788955,0.13378983004408107,4.844034557941313
Raipur,2026-09-29 23:00:00,2,23.649375449375448,0.0,5.4420986,24.610796898266113,0.1308223565937937,5.797586179414626
Raipur,2026-09-30 00:00:00,3,23.2650097,0.0,5.490062109937889,24.08305220242307,0.14086302144929477,6.390883149188202
Raipur,2026-09-30 01:00:00,3,22.948836900000003,0.0,5.598400501599498,23.762751511988093,0.13272677959576742,6.601193875125277
Raipur,2026-09-30 02:00:00,3,22.6511028,0.0,5.6894890105109885,23.45480303199842,0.151952060820031,6.6641112539438385
Raipur,2026-09-30 03:00:00,3,22.4721281,0.0,6.06988453011547,23.263372234666388,0.17800442567643276,5.370161461281499
Raipur,2026-09-30 04:00:00,3,22.204153,0.0,5.0614275385724605,23.014759406747814,0.1929645425602738,5.676543400262382
Raipur,2026-09-30 05:00:00,3,22.1175401,0.0,4.741143958856041,22.90776646651743,0.18358176814114213,5.429707667507056
Raipur,2026-09-30 06:00:00,3,22.6117604,0.0,3.8742288257711737,23.253177484670115,0.1842316233267107,5.646398817749851
Raipur,2026-09-30 07:00:00,3,24.2355314,0.0,2.947571352428647,24.82365624643973,0.22584534919868893,4.782613910505046
Raipur,2026-09-30 08:00:00,3,26.2225866,0.0,3.116538783461216,26.990089428870128,0.14144246756080558,6.525870735574205
Raipur,2026-09-30 09:00:00,3,27.9774953,0.0,3.715135384864615,28.77622160865789,0.09988743403023667,7.1031017672900685
Raipur,2026-09-30 10:00:00,3,29.409112800000003,0.0,4.646629653370346,30.241079345638628,0.10006400396348178,8.041071570954955
Raipur,2026-09-30 11:00:00,3,30.4478487,0.0,5.211871688128311,31.012338896734413,0.09701333397619884,8.24253684696459
Raipur,2026-09-30 12:00:00,3,31.14158,0.0,5.783169116830883,31.52687974149632,0.10652671039620192,8.071174377681688
Raipur,2026-09-30 13:00:00,3,31.566608100000003,0.0,6.594481005518993,31.846954626248664,0.1038303948721454,6.228617959628039
Raipur,2026-09-30 14:00:00,3,31.614077700000003,0.0,6.365989734010265,31.860012861021705,0.10543062625574808,6.136114293167443
Raipur,2026-09-30 15:00:00,3,31.4473105,0.0,5.1383617616382375,31.661871884824222,0.11156758423251502,8.260201121537941
Raipur,2026-09-30 16:00:00,3,31.009574200000003,0.0,3.51090838909161,30.978278782672266,0.11102850572694307,6.646886835200522
Raipur,2026-09-30 17:00:00,3,29.418043000000004,0.0,2.2968591031408967,29.73097408678395,0.12280707459762277,3.992784377774753
Raipur,2026-09-30 18:00:00,3,28.241542500000005,0.0,2.389950110049889,28.57486244922542,0.1111854556022553,3.8763584336689343
Raipur,2026-09-30 19:00:00,3,27.1142136,0.0,3.267272232727767,27.668214651833658,0.12434532627921666,4.4359452174999765
Raipur,2026-09-30 20:00:00,3,26.275272,0.0276991723008276,5.751610648389351,27.1280145451305,0.12303916650520866,4.668850106544774
Raipur,2026-09-30 21:00:00,3,25.7240362,0.0,5.419410180589819,26.5955783543324,0.0964525634038075,4.475189929622507
Raipur,2026-09-30 22:00:00,3,25.356948300000003,0.0,4.8137448862551135,26.143428035473203,0.12369636422328029,5.053287219821904
Raipur,2026-09-30 23:00:00,3,24.969684800000003,0.0,4.963148836851163,25.814885965772078,0.15909597464523145,5.246371022905437
Ranchi,2026-09-28 00:00:00,1,21.5864292,0.0,7.463278800000001,21.76783121084604,0.053133402633329684,7.131424666634219
Ranchi,2026-09-28 01:00:00,1,21.3921516,0.0,7.604214200000001,21.506004900976638,0.05250182757865332,7.254430971483755
Ranchi,2026-09-28 02:00:00,1,21.2461561,0.0,7.963992200000001,21.327113072760277,0.04819722671804563,7.419476290544513
Ranchi,2026-09-28 03:00:00,1,21.0944382,0.0,8.0066074,21.21223605579151,0.04850546623871022,7.312396664542018
Ranchi,2026-09-28 04:00:00,1,20.946156100000003,0.0,8.3395464,21.033330240103247,0.04850546623871022,7.605341766672359
Ranchi,2026-09-28 05:00:00,1,21.3875091,0.0,8.8501026,21.69751853508049,0.061567914905811726,8.555468206477311
Ranchi,2026-09-28 06:00:00,1,21.7027801,0.0,9.3901018,21.94660501859112,0.04861825352999387,9.445233794568543
Ranchi,2026-09-28 07:00:00,1,23.2798043,0.0,11.5500804,23.516585524432443,0.08471023367990044,10.71439940161586
Ranchi,2026-09-28 08:00:00,1,24.7397492,0.0,13.3654894,25.410370844684827,0.13183059365485642,13.573468469537355
Ranchi,2026-09-28 09:00:00,1,25.8122881,0.0,13.3646556,26.611265192110444,0.1429971721265265,13.524032139086907
Ranchi,2026-09-28 10:00:00,1,26.7680536,0.0,13.574157199999998,27.354684801076274,0.17433004062471116,13.58802204938687
Ranchi,2026-09-28 11:00:00,1,27.514355,0.0,13.7384236,28.008343441508195,0.11914748982641477,13.958301076828073
Ranchi,2026-09-28 12:00:00,1,28.0569147,0.0182852817147182,13.1730624,28.461223941225583,0.13644014957015826,13.221668825622595
Ranchi,2026-09-28 13:00:00,1,28.2991685,0.0,12.8145326,28.706457213762757,0.10376645373097584,11.4416855780799
Ranchi,2026-09-28 14:00:00,1,27.972800900000003,0.0,12.0424644,28.37938909007582,0.10723619950242246,10.974469936315963
Ranchi,2026-09-28 15:00:00,1,27.4984131,0.0,11.2537772,27.6421830663229,0.11217510732312848,10.538955123731787
Ranchi,2026-09-28 16:00:00,1,26.6243312,0.0,10.9409602,26.703909261304055,0.17373070254261702,9.942670354280127
Ranchi,2026-09-28 17:00:00,1,25.0933904,0.0182852817147182,9.139648800000002,25.431189433456513,0.12665225740569172,7.618524822930803
Ranchi,2026-09-28 18:00:00,1,23.9531156,0.0,8.7364508,24.312324576984203,0.09604326231323763,7.120079307915542
Ranchi,2026-09-28 19:00:00,1,23.2179379,0.0,9.1069866,23.522927538777846,0.08354122029546511,6.847036095591905
Ranchi,2026-09-28 20:00:00,1,22.7415694,0.0,8.7585826,23.067820698269053,0.07486312779022028,7.307639732350921
Ranchi,2026-09-28 21:00:00,1,22.298092,0.0,7.4526354,22.5652710780609,0.07919520871548155,7.291451748298507
Ranchi,2026-09-28 22:00:00,1,21.9334877,0.0,7.942090199999999,22.132143065553418,0.08255829600104331,7.844386988407008
Ranchi,2026-09-28 23:00:00,1,21.6794832,0.0,8.324832,21.927214161106257,0.08813439201154451,7.786201620094995
Ranchi,2026-09-29 00:00:00,2,21.5090445,0.0,8.581685799999999,21.638580905835887,0.05435150487857003,8.617064063917915
Ranchi,2026-09-29 01:00:00,2,21.340156,0.0,8.5561754,21.504231961058927,0.05552865556636459,8.667102240906367
Ranchi,2026-09-29 02:00:00,2,21.2480906,0.0,8.6458862,21.384028665038226,0.05060424124035403,8.575823668624455
Ranchi,2026-09-29 03:00:00,2,21.0626907,0.0,8.6021337,21.189593981099083,0.049977773290198355,8.720653066677759
Ranchi,2026-09-29 04:00:00,2,20.8788077,0.0,8.3833856,21.007216566937426,0.04652008290151339,8.65012137358083
Ranchi,2026-09-29 05:00:00,2,20.8815937,0.0,8.208232500000001,21.1654545690084,0.04703227844688511,8.638772910648518
Ranchi,2026-09-29 06:00:00,2,21.6119038,0.0,8.315643900000001,21.941381619496873,0.06130601430134832,8.72878969322705
Ranchi,2026-09-29 07:00:00,2,23.5639308,0.0,10.1994831,23.81635706486034,0.0703536602963137,10.1588928247096
Ranchi,2026-09-29 08:00:00,2,25.1602258,0.0,13.132645,25.789645242178345,0.11338833743980749,14.921079943570403
Ranchi,2026-09-29 09:00:00,2,26.3617427,0.0,14.2016184,27.096337387917497,0.14224360928347252,15.772290527078521
Ranchi,2026-09-29 10:00:00,2,27.2913373,0.0,14.1261438,27.794712997254365,0.12159674531186983,14.433922770105994
Ranchi,2026-09-29 11:00:00,2,28.1129973,0.0,14.1743981,28.590615430387082,0.11380923626221293,14.365078679437978
Ranchi,2026-09-29 12:00:00,2,28.49405,0.0335548,14.9397032,28.86355267542244,0.15757848689413131,14.889840731929
Ranchi,2026-09-29 13:00:00,2,28.2782804,0.0167774,14.9407581,28.595366833520423,0.1300252221644361,14.702834394626432
Ranchi,2026-09-29 14:00:00,2,28.0361562,0.0335548,14.778309,28.426574631164524,0.1629314964598878,14.620873516498976
Ranchi,2026-09-29 15:00:00,2,27.8500145,0.0335548,14.3095707,27.963733294577075,0.17037326589267085,14.783971963168243
Ranchi,2026-09-29 16:00:00,2,26.7795358,0.0167774,13.3126034,26.820770848536547,0.17466596397431464,13.041388212472024
Ranchi,2026-09-29 17:00:00,2,25.202303,0.0,10.0001924,25.494460177889415,0.1094407490189005,8.248335573397384
Ranchi,2026-09-29 18:00:00,2,24.0847867,0.0,8.532189800000001,24.424286231155197,0.10031283431490015,7.080249110235068
Ranchi,2026-09-29 19:00:00,2,23.3144256,0.0,8.2740791,23.577464438605432,0.08164764165794641,6.7722151026458075
Ranchi,2026-09-29 20:00:00,2,22.6885803,0.0,7.8644811,22.946843609052166,0.0776355901294175,6.961443786705463
Ranchi,2026-09-29 21:00:00,2,22.2748992,0.0,7.132215,22.571458830155038,0.07416812417627892,7.0037040123548335
Ranchi,2026-09-29 22:00:00,2,21.8923296,0.0,6.8239279,22.200398820930218,0.07930812472115206,6.729369570988501
Ranchi,2026-09-29 23:00:00,2,21.6368454,0.0,7.056528199999999,22.00220754846035,0.08523922704042387,6.997383439283254
Ranchi,2026-09-30 00:00:00,3,21.406374093625907,0.0,7.444630744630744,21.650447768223096,0.06832531049131432,7.380793800415897
Ranchi,2026-09-30 01:00:00,3,21.23607426392574,0.0,8.098593598593599,21.470859181876246,0.06799560629854988,8.12984432950222
Ranchi,2026-09-30 02:00:00,3,21.09096890903109,0.0,8.018152518152517,21.270174619448476,0.06549228725345696,8.180548466971558
Ranchi,2026-09-30 03:00:00,3,21.01087978912021,0.0,7.975703075703076,21.18618013898117,0.07060007914307376,8.142381509091566
Ranchi,2026-09-30 04:00:00,3,20.92974847025153,0.0,8.053667353667354,21.105554568020562,0.06586329557266035,8.338912402333888
Ranchi,2026-09-30 05:00:00,3,21.020898679101325,0.0,8.071314771314771,21.387989304829635,0.07672705763872313,8.193921789823367
Ranchi,2026-09-30 06:00:00,3,21.77818132181868,0.0,8.077196177196177,22.36252644532839,0.06164484698839123,8.410163128679788
Ranchi,2026-09-30 07:00:00,3,23.688925211074796,0.0,9.56920216920217,24.013663404913945,0.07629109971509136,9.777394242716563
Ranchi,2026-09-30 08:00:00,3,25.34049835950164,0.0,11.786003486003484,25.961211424066725,0.12366750102562435,12.397580687837975
Ranchi,2026-09-30 09:00:00,3,26.51079818920181,0.0,12.506310306310304,27.215868316836655,0.16589770712620505,13.0707388860482
Ranchi,2026-09-30 10:00:00,3,27.48560371439629,0.0,12.452250852250852,27.952886252602667,0.1298556735748778,13.118399501073773
Ranchi,2026-09-30 11:00:00,3,28.22579707420293,0.0,12.285833485833486,28.69494840993012,0.1209378157039453,13.360622361457352
Ranchi,2026-09-30 12:00:00,3,28.751627448372552,0.0,13.047926847926847,29.154145130350003,0.1173347167081198,14.816721575263532
Ranchi,2026-09-30 13:00:00,3,28.913483786516217,0.0,14.034289534289533,29.283830470197927,0.12087668246611492,15.607558255132595
Ranchi,2026-09-30 14:00:00,3,28.601948398051604,0.0,14.157184057184056,28.93684762009389,0.11307021512514215,13.940368680831737
Ranchi,2026-09-30 15:00:00,3,27.76666563333437,0.0,12.02083602083602,27.876784495576665,0.12271185326233047,11.694617582605726
Ranchi,2026-09-30 16:00:00,3,26.740903259096743,0.0,10.836495936495936,26.769810888517146,0.19860130186773872,10.024351349611877
Ranchi,2026-09-30 17:00:00,3,25.085905914094088,0.0,9.24951324951325,25.310775989112116,0.11984724702723412,8.771322553800784
Ranchi,2026-09-30 18:00:00,3,23.97463482536518,0.0,7.688956888956889,24.242997425958414,0.10162817798706597,7.599691048287989
Ranchi,2026-09-30 19:00:00,3,23.24806125193875,0.0,6.677973777973778,23.529477588531012,0.08272867233426742,7.518560071532566
Ranchi,2026-09-30 20:00:00,3,22.833394666605333,0.0,5.879166979166978,23.075440351642598,0.08125729305558047,6.755174836650569
Ranchi,2026-09-30 21:00:00,3,22.422191577808427,0.0,5.481111981111981,22.693370584691703,0.07380092922698958,6.401091294481859
Ranchi,2026-09-30 22:00:00,3,22.13823266176734,0.0,4.975124875124876,22.434732062079597,0.07424421054673219,5.889753125357364
Ranchi,2026-09-30 23:00:00,3,21.811624388375613,0.0,4.974970374970376,22.236609369888683,0.08021986855943747,5.945998517926356
Shillong,2026-09-28 00:00:00,1,18.6760873,0.2365007,3.0003411000000004,19.398650041041353,0.1291100547127242,3.2364415635233446
Shillong,2026-09-28 01:00:00,1,18.3647144,0.0175662,3.048389,19.193456806161276,0.11408331743175064,3.283119897051989
Shillong,2026-09-28 02:00:00,1,18.1709045,0.0,2.9819255000000005,19.00366692993529,0.07673878954179064,3.3189057562233075
Shillong,2026-09-28 03:00:00,1,18.0207586,0.0257063,2.8416711,18.849932767389536,0.09066961573385424,3.284532304148854
Shillong,2026-09-28 04:00:00,1,17.9836869,0.0,2.7120882,18.846320179631036,0.06726478126734783,3.169691086335077
Shillong,2026-09-28 05:00:00,1,18.331177500000003,0.0257063,2.6588212000000007,19.28660070944799,0.08509482289995055,3.3293412884565465
Shillong,2026-09-28 06:00:00,1,19.3550469,0.0,2.0042060000000004,20.31416273146779,0.07426080616934257,2.753276703387786
Shillong,2026-09-28 07:00:00,1,21.0006348,0.0,2.0602808,22.194295693261573,0.07248244095198211,2.665397547618988
Shillong,2026-09-28 08:00:00,1,22.5655562,0.0,3.406737000000001,23.863158215471415,0.07988728308913996,3.8874014326831863
Shillong,2026-09-28 09:00:00,1,24.0663409,0.0470948,3.9758636,25.768164348745646,0.1549888535635286,4.863245175726236
Shillong,2026-09-28 10:00:00,1,25.266510500000003,0.0470948,4.730481800000001,27.028956551692534,0.1579724038840982,5.188024134657163
Shillong,2026-09-28 11:00:00,1,25.8106359,0.0470948,5.0815863000000006,27.61145550157746,0.16315296888100256,5.602031024393392
Shillong,2026-09-28 12:00:00,1,25.696777,0.1314808999999999,4.9081942000000005,27.604944959416116,0.23475655543763335,6.535359408175394
Shillong,2026-09-28 13:00:00,1,24.9655029,0.5247914,3.9271442000000008,26.820337846408925,0.39492658158522387,4.900293666695062
Shillong,2026-09-28 14:00:00,1,24.207518900000004,0.4720928,3.989879700000001,26.102564042275837,0.36521700656777806,4.997066601514139
Shillong,2026-09-28 15:00:00,1,23.1684659,0.4399922,3.4128787000000003,24.92503065975554,0.32407314415446414,4.2078818465796735
Shillong,2026-09-28 16:00:00,1,21.915246600000003,0.7047712,2.833060400000001,23.229124834812712,0.33668650834800107,3.032570467640038
Shillong,2026-09-28 17:00:00,1,20.7055217,0.1276586,2.0332550000000005,21.707226382292223,0.1904880730893233,2.47083263764536
Shillong,2026-09-28 18:00:00,1,20.0081929,0.0,2.0518277,20.796138447595304,0.06095420402360358,2.3857598233135193
Shillong,2026-09-28 19:00:00,1,19.5952883,0.0175662,2.0544866000000006,20.387071416826934,0.07057082206532728,2.259497776864346
Shillong,2026-09-28 20:00:00,1,19.3131431,0.0175662,2.0533729000000003,20.11499335582737,0.07041873687314935,2.214682310788736
Shillong,2026-09-28 21:00:00,1,19.3059831,0.0526986,2.0625444,20.105992211147093,0.10249595906330772,2.2082439975581454
Shillong,2026-09-28 22:00:00,1,19.2267417,0.087831,2.0654349000000005,20.03559232717007,0.13037137293215864,2.2490847966222254
Shillong,2026-09-28 23:00:00,1,19.1306687,0.0702648,1.9909767000000005,19.970561606004342,0.13860384667291076,2.468499134382114
Shillong,2026-09-29 00:00:00,2,18.9352009,0.0709684,2.36960136960137,19.699820572980567,0.1306142015888547,2.784816156071855
Shillong,2026-09-29 01:00:00,2,18.6581703,0.0532263,2.677937877937878,19.465454683941516,0.126373545750464,3.053141096638715
Shillong,2026-09-29 02:00:00,2,18.3553018,0.0177421,3.215772415772416,19.47397822393888,0.10237640747058689,3.488529241979229
Shillong,2026-09-29 03:00:00,2,17.9314166,0.0177421,3.2605083605083607,18.82110664114385,0.09117603064983014,3.5332427158617596
Shillong,2026-09-29 04:00:00,2,17.5740499,0.0,3.462741762741764,18.77128833327851,0.06879442334377915,3.717844244474302
Shillong,2026-09-29 05:00:00,2,17.6276398,0.0,3.251757751757752,18.725607452247363,0.06371296884348078,3.6708078920201577
Shillong,2026-09-29 06:00:00,2,19.1216627,0.0,2.4205407205407203,20.083289720957946,0.08553236483374875,3.1182386179139447
Shillong,2026-09-29 07:00:00,2,21.1831778,0.0,3.4823781823781825,22.41910548128307,0.06431027518082535,4.064698078585218
Shillong,2026-09-29 08:00:00,2,22.9591372,0.0,4.638090138090138,24.28261225875188,0.09185712447876408,5.248924422959176
Shillong,2026-09-29 09:00:00,2,24.4590257,0.0221739,4.853414853414854,26.012650342459505,0.078106740388534,5.091423183189362
Shillong,2026-09-29 10:00:00,2,25.5044621,0.0221739,5.38951828951829,27.091802108941263,0.08694241716324158,5.963397918199277
Shillong,2026-09-29 11:00:00,2,26.0136214,0.0221739,6.046804246804247,27.606603589677317,0.09866724306744243,6.614197120670151
Shillong,2026-09-29 12:00:00,2,26.0936641,0.0964337999999999,5.93978473978474,27.908935695856307,0.21961414805804866,6.6340637336878405
Shillong,2026-09-29 13:00:00,2,25.4082978,0.7917129,4.667843067843068,27.164789071614805,0.48900535847089316,4.987822005142353
Shillong,2026-09-29 14:00:00,2,23.9344241,1.5207877,3.2647229647229645,25.66791222661238,0.6068969953798545,4.052762320456053
Shillong,2026-09-29 15:00:00,2,22.8009619,1.3758058000000002,3.444572644572645,24.569863489344677,0.5537799262720433,3.795505933715605
Shillong,2026-09-29 16:00:00,2,21.5477629,0.7334932000000001,2.5035052035052034,22.988884046243786,0.5369180579989208,2.776275972751755
Shillong,2026-09-29 17:00:00,2,20.3139677,0.2297668,1.1466212466212466,21.141864187559268,0.24974726117616297,1.6658966183742365
Shillong,2026-09-29 18:00:00,2,19.8345206,0.0,1.605003105003105,20.63616688532074,0.06179800953361794,1.991731700621103
Shillong,2026-09-29 19:00:00,2,19.6756457,0.0,2.3228474228474227,20.48954845828141,0.0739035350716947,2.2793155320271286
Shillong,2026-09-29 20:00:00,2,19.4631809,0.2715471,2.838022538022538,20.318223977444767,0.19180154879203762,2.7137416585218386
Shillong,2026-09-29 21:00:00,2,19.2579152,0.2635491,2.921790121790122,20.12837247351461,0.2966117840277965,2.5350959690157593
Shillong,2026-09-29 22:00:00,2,19.0086827,0.4144086,3.8302278302278303,19.92925472508254,0.23554902248521248,3.5885486143538827
Shillong,2026-09-29 23:00:00,2,18.8025741,0.2333772,3.632477432477432,19.739558990996883,0.2990574433682076,3.7776360081021823
Shillong,2026-09-30 00:00:00,3,18.526062,0.2631979,3.3823346,19.27106978169679,0.2627557869210487,3.259341308621728
Shillong,2026-09-30 01:00:00,3,18.1383736,0.0,3.4801281,18.973168673981625,0.08820745113300264,3.346420904556478
Shillong,2026-09-30 02:00:00,3,17.820657100000002,0.0,3.804597,18.655608447892547,0.07176408529207454,3.7054551911766813
Shillong,2026-09-30 03:00:00,3,17.6098532,0.0,4.0799089,18.435473480840574,0.05938896607422938,3.9612994401431076
Shillong,2026-09-30 04:00:00,3,17.4597987,0.0,4.683915900000001,18.573009431674805,0.048756530318110725,4.480073075149802
Shillong,2026-09-30 05:00:00,3,17.6512694,0.0,4.521954900000001,18.75645230222353,0.04560771798634741,4.473427573311408
Shillong,2026-09-30 06:00:00,3,18.9693311,0.0,3.7403366,19.914526479351977,0.053853260276271096,3.7775926152707244
Shillong,2026-09-30 07:00:00,3,20.9636012,0.0,2.51047,22.158100156756582,0.08204010270419218,3.2173857978423452
Shillong,2026-09-30 08:00:00,3,22.7572204,0.0,2.0345057,24.068793831770936,0.07987611288459054,3.1206514012086366
Shillong,2026-09-30 09:00:00,3,23.8614426,0.1117094,3.8868767,25.63825117260918,0.17041196145449927,4.628497547408399
Shillong,2026-09-30 10:00:00,3,24.0717416,0.2997078999999999,4.9525185,26.162674115564066,0.23915024867209111,5.5941593248266965
Shillong,2026-09-30 11:00:00,3,23.9182004,0.4801731,5.5585346,26.10613926438627,0.3244462202002877,6.338809853379853
Shillong,2026-09-30 12:00:00,3,23.4690411,1.4808116,4.7205791,25.45843284961555,0.9496673596065227,5.121510237464039
Shillong,2026-09-30 13:00:00,3,22.566256000000003,2.0211706000000005,3.815349700000001,24.90083819136892,1.1330492890782429,4.293545907395405
Shillong,2026-09-30 14:00:00,3,21.7711969,1.8098371,3.5641297,24.150317036645657,1.0113866129396427,4.182866708645075
Shillong,2026-09-30 15:00:00,3,21.260097400000003,0.9035165,2.5232424,22.946517332757303,0.44364661879308237,3.021681579666037
Shillong,2026-09-30 16:00:00,3,20.4391234,0.6791896,2.3845657,21.252360924778394,0.29699685172276125,2.841467708958408
Shillong,2026-09-30 17:00:00,3,19.4222444,1.1205448,2.7646885,20.357389572668307,0.24907995993924958,3.079244948674516
Shillong,2026-09-30 18:00:00,3,19.0893222,1.0124847,3.1181303,19.962437143109447,0.23820900082290097,3.18616357342296
Shillong,2026-09-30 19:00:00,3,18.910821,1.0294599,3.7473714,19.837094922451083,0.17295645294419093,3.8475501662206706
Shillong,2026-09-30 20:00:00,3,18.7048731,0.8693845,4.1772,19.65656126179663,0.19907400956342114,4.55642872761949
Shillong,2026-09-30 21:00:00,3,18.5837548,0.8597079000000001,4.2303225,19.47284743728417,0.2750246171214201,4.6008046294410105
Shillong,2026-09-30 22:00:00,3,18.3277524,0.7335828999999999,4.3257115,19.22111878292734,0.17211157709163472,4.709177887413919
Shillong,2026-09-30 23:00:00,3,18.133844600000003,0.7202569999999999,4.424997100000001,19.02318451423488,0.22743119529068595,4.839651087101544
Shimla,2026-09-28 00:00:00,1,11.36682,0.0852542,4.371019499999999,11.611871737850104,0.17634567914863775,2.295540786671171
Shimla,2026-09-28 01:00:00,1,11.3922578,0.0852542,4.394755,11.619103629240398,0.17605408723660743,2.3431838666043614
Shimla,2026-09-28 02:00:00,1,11.3948546,0.0852542,4.6659682,11.716369969206013,0.17970644947879377,2.6143970666043614
Shimla,2026-09-28 03:00:00,1,11.1596866,0.0852542,5.2819312,11.558001875914194,0.17447586162127274,3.2303600666043613
Shimla,2026-09-28 04:00:00,1,11.0837296,0.0852542,5.5091508000000005,11.457197638709,0.1697240668891372,3.513228187918113
Shimla,2026-09-28 05:00:00,1,11.3310738,0.0989614,5.9105545,11.738470685426542,0.19097268863253578,4.044274096219545
Shimla,2026-09-28 06:00:00,1,11.0831536,0.0548288,6.208122100000001,11.49710751250945,0.09853128168224098,4.594664609052835
Shimla,2026-09-28 07:00:00,1,12.3012566,0.0411216,5.4007697,12.699343877984143,0.08387218754900314,3.214040526998422
Shimla,2026-09-28 08:00:00,1,13.889934399999998,0.0137072,4.0899127,14.160380823510605,0.05553030268614678,1.9984525797681996
Shimla,2026-09-28 09:00:00,1,15.689934,0.1705084,2.8514491,15.906364821938327,0.25036474423835725,3.1996690047777916
Shimla,2026-09-28 10:00:00,1,16.7717782,0.1705084,3.8036399,16.945483056950586,0.2674872509747913,4.739875977453984
Shimla,2026-09-28 11:00:00,1,16.83915,0.2141741,4.4947387,17.14045664645182,0.3080346258429786,6.210464930808781
Shimla,2026-09-28 12:00:00,1,15.781564199999998,0.8428771,4.8943112,16.06779615565169,0.8244225868469409,5.057445204331826
Shimla,2026-09-28 13:00:00,1,15.253236,0.7117026,4.883097599999999,15.556070276582911,0.7198844834078436,3.1152311627592852
Shimla,2026-09-28 14:00:00,1,14.2426002,1.0308923,5.1516182,14.581350799458548,0.8942289210418495,3.3894830855154017
Shimla,2026-09-28 15:00:00,1,13.5742326,0.4404228999999999,4.334374,13.71915764540737,0.4411698875459503,2.49088941109797
Shimla,2026-09-28 16:00:00,1,13.4543798,0.940531,3.6280733,13.523493913269254,0.4081853689275543,2.631076975589641
Shimla,2026-09-28 17:00:00,1,13.4018462,0.6285125,3.8933022,13.502305947334643,0.41328817405937224,2.2006368201236652
Shimla,2026-09-28 18:00:00,1,12.8315602,0.202432,3.9504256,12.910625774516332,0.11906005910830927,1.9888140025227636
Shimla,2026-09-28 19:00:00,1,12.4981602,0.257896,3.7471367,12.501272965424517,0.14769626787774803,2.179256928887585
Shimla,2026-09-28 20:00:00,1,12.1488162,0.0809728,3.9019358,12.223062125046482,0.06719395478237324,1.8254436181888698
Shimla,2026-09-28 21:00:00,1,11.7424474,0.0700415,4.1324433,11.843219544195875,0.08711461341691995,2.311371957109198
Shimla,2026-09-28 22:00:00,1,11.4658044,0.0700415,4.1666881,11.585303372899478,0.08643854310184641,2.3589312904395907
Shimla,2026-09-28 23:00:00,1,11.2226096,0.0563343,4.1144193,11.416147925335698,0.07777803993756943,2.2352445763613087
Shimla,2026-09-29 00:00:00,2,10.9701367,0.0430562,4.348099851900148,11.227823301542937,0.07954556961787793,2.0858910955063545
Shimla,2026-09-29 01:00:00,2,10.6794938,0.0215281,4.585902614097386,11.032565091919878,0.06119944051327484,2.2950772413544165
Shimla,2026-09-29 02:00:00,2,10.3875657,0.0215281,5.120972279027721,10.807179084616473,0.06888552535631223,2.854054486217941
Shimla,2026-09-29 03:00:00,2,10.0985595,0.0430562,5.246384953615047,10.521178151114214,0.09177343963755882,3.036833397482213
Shimla,2026-09-29 04:00:00,2,9.880288099999998,0.0,5.292917507082493,10.306720654546769,0.04887025207573324,3.1060186348874708
Shimla,2026-09-29 05:00:00,2,9.819413,0.0,5.327531772468228,10.238214770072618,0.050786647080700964,3.1454095040585868
Shimla,2026-09-29 06:00:00,2,10.0880658,0.0,5.086706013293987,10.49770428400753,0.06408139468236963,2.904583744884346
Shimla,2026-09-29 07:00:00,2,11.9631655,0.0,4.634995165004836,12.363480515824559,0.056250769895988706,2.479386325318313
Shimla,2026-09-29 08:00:00,2,14.579889,0.0,2.944792355207645,14.710975537271953,0.055038075832123716,2.737351344456031
Shimla,2026-09-29 09:00:00,2,16.994973299999998,0.0,2.084708715291285,17.048916325094417,0.05217917700231458,3.285771532526999
Shimla,2026-09-29 10:00:00,2,18.5815207,0.0,4.827109972890027,18.946270160881493,0.05283773752360923,6.657529698853153
Shimla,2026-09-29 11:00:00,2,19.5759026,0.0,6.312392387607614,19.583391593580902,0.06022663878061294,8.689371890085203
Shimla,2026-09-29 12:00:00,2,19.9971872,0.0580404,6.136692463307537,19.84921629978368,0.19238650571535743,8.595330114497383
Shimla,2026-09-29 13:00:00,2,19.8944707,0.1238826,5.4383826616173385,19.80818839686701,0.23930508253732252,7.5809691843726235
Shimla,2026-09-29 14:00:00,2,19.461781,0.1405533,5.591491108508892,19.378452425944737,0.2636069436530758,7.965415777845312
Shimla,2026-09-29 15:00:00,2,18.997244,0.0290202,5.502556697443303,19.017109389083156,0.13163834048357248,6.663380005070852
Shimla,2026-09-29 16:00:00,2,17.785470099999998,0.3911523,4.248241451758549,17.72508578623066,0.34686832044125854,6.020527392988147
Shimla,2026-09-29 17:00:00,2,16.376409099999996,0.1797168999999999,3.5834841165158835,16.362643563909955,0.19441335632337922,4.122724159825745
Shimla,2026-09-29 18:00:00,2,14.4597997,0.0,2.7693373306626694,14.411489187644479,0.05593829744651453,2.2213955976913824
Shimla,2026-09-29 19:00:00,2,13.3651896,0.0,2.856811943188057,13.321879430302086,0.043808531848216,2.121554946553991
Shimla,2026-09-29 20:00:00,2,12.6389351,0.0,3.9141167858832144,12.73380302528994,0.03198571157384604,1.8170180426749125
Shimla,2026-09-29 21:00:00,2,12.0732387,0.0,4.408231491768508,12.239045850141336,0.03198571157384604,2.3113882047373093
Shimla,2026-09-29 22:00:00,2,11.5577751,0.0,4.938197461802538,11.880110167857291,0.032806164175069624,2.848370805979719
Shimla,2026-09-29 23:00:00,2,11.1913732,0.0,5.070772729227271,11.53608384752137,0.032806164175069624,2.961814424237715
Shimla,2026-09-30 00:00:00,3,10.8262267,0.0,5.264104364104364,11.21049231607049,0.044174106859520085,2.9674356381405373
Shimla,2026-09-30 01:00:00,3,10.5268185,0.0,5.307348007348008,10.914827852135339,0.043927245838375664,3.010679281384181
Shimla,2026-09-30 02:00:00,3,10.251745,0.0,5.620694020694021,10.644496043078185,0.04502797222255208,3.3620908560658873
Shimla,2026-09-30 03:00:00,3,9.9304863,0.0,5.791087591087591,10.317978051925696,0.04510825979295532,3.4944188651237647
Shimla,2026-09-30 04:00:00,3,9.6565964,0.0,5.811957911957912,10.056224554848797,0.047245991583638715,3.5884676751673066
Shimla,2026-09-30 05:00:00,3,9.6409262,0.0,5.955088855088856,10.041385618617902,0.048457193946940806,3.8172508492308013
Shimla,2026-09-30 06:00:00,3,10.172415699999998,0.0,5.868613368613369,10.562462662084751,0.07510915197984425,6.647794513214514
Shimla,2026-09-30 07:00:00,3,12.4358733,0.0,4.928006828006828,12.868771135659857,0.06325858456911612,2.752406681048809
Shimla,2026-09-30 08:00:00,3,15.6199336,0.0,3.1991634991634994,15.756039673405159,0.06373481845228927,3.2984132182748334
Shimla,2026-09-30 09:00:00,3,18.1957404,0.0,1.889089489089489,18.25724113459336,0.06608175885425416,3.0603478705233624
Shimla,2026-09-30 10:00:00,3,19.8480738,0.0,4.660523460523461,20.168198155785724,0.05669961959572649,6.424073916959637
Shimla,2026-09-30 11:00:00,3,20.7480738,0.0,6.178340878340879,20.744988070648088,0.0724065270620659,8.541137531084603
Shimla,2026-09-30 12:00:00,3,21.1382257,0.0253039,6.838142538142538,20.86388992759632,0.14008506964665055,10.179707358396925
Shimla,2026-09-30 13:00:00,3,21.0102515,0.0253039,7.382085582085582,20.715533547056623,0.14418822342821017,9.201580871634008
Shimla,2026-09-30 14:00:00,3,20.5256843,0.0479054,7.164506164506165,20.267009508714725,0.1693469737008281,8.41117881198307
Shimla,2026-09-30 15:00:00,3,19.9056658,0.0,6.701349901349902,19.713057304561776,0.06845545855831364,9.277403193926538
Shimla,2026-09-30 16:00:00,3,19.0644452,0.0,5.756617156617157,19.15242647191812,0.0583044642242414,8.068520582746123
Shimla,2026-09-30 17:00:00,3,17.5083798,0.0,4.554461554461555,17.705792520445655,0.061418561110193524,6.377601150750476
Shimla,2026-09-30 18:00:00,3,15.4891622,0.0,3.2232744232744235,15.421608808091245,0.06054393021492688,2.327528371220304
Shimla,2026-09-30 19:00:00,3,14.058485,0.0,3.436733236733237,14.107385703066116,0.041607199455932026,2.4871791367230784
Shimla,2026-09-30 20:00:00,3,13.0983522,0.0,3.930956330956331,13.244799575954813,0.03145177483075315,1.8147391161524729
Shimla,2026-09-30 21:00:00,3,12.508820399999998,0.0,4.735092235092235,12.798180735605138,0.03145177483075315,2.645265579269416
Shimla,2026-09-30 22:00:00,3,11.9912861,0.0,4.871861671861671,12.277086734423229,0.03208118262041276,2.782035016038852
Shimla,2026-09-30 23:00:00,3,11.6014565,0.0,5.08933388933389,11.935759501926814,0.03227222743197674,3.018441145680026
Srinagar,2026-09-28 00:00:00,1,15.2561545,0.0,1.5637347,15.563378115736638,0.08066832400922261,1.8414210027226927
Srinagar,2026-09-28 01:00:00,1,14.5812701,0.0,1.9687171,14.885206576880503,0.07487781969168238,1.7800178574342014
Srinagar,2026-09-28 02:00:00,1,14.007771900000002,0.0,2.3292606,14.273701786696611,0.07735232164066433,2.0310093375096074
Srinagar,2026-09-28 03:00:00,1,13.5713263,0.0,2.1642940000000004,13.825891920159906,0.07368653354723266,1.9006696544132915
Srinagar,2026-09-28 04:00:00,1,13.2186081,0.0,1.0801054,13.464256661705553,0.08213705301247957,1.2209358983744334
Srinagar,2026-09-28 05:00:00,1,13.5416761,0.0,2.4120978,14.04511298300318,0.08229852495425705,2.45082594151284
Srinagar,2026-09-28 06:00:00,1,13.4541182,0.0,1.4293272,13.889580378186428,0.07962613949980302,1.58664403493371
Srinagar,2026-09-28 07:00:00,1,14.5205966,0.1430898,2.2710583,14.912502105129933,0.23636368857179785,2.37639685256234
Srinagar,2026-09-28 08:00:00,1,16.3001767,0.0613242,2.3286782,16.72656786795691,0.10741122000155565,2.537346450973103
Srinagar,2026-09-28 09:00:00,1,18.5394107,0.0408828,3.1905048,18.655828929416703,0.09284039432037955,3.7216066367909253
Srinagar,2026-09-28 10:00:00,1,20.6168478,0.0,4.3009125,20.75018637289194,0.06662977037942548,5.3998859567322555
Srinagar,2026-09-28 11:00:00,1,21.8761435,0.0,3.6060082,21.58703270383434,0.07456382622474428,4.310045672810066
Srinagar,2026-09-28 12:00:00,1,22.32485,0.1617118,3.6003081,21.352767853326352,0.5159557758562304,4.15468725949939
Srinagar,2026-09-28 13:00:00,1,22.3307869,0.2434774,5.4844525,21.433931604389958,0.6208480520172525,5.952390135817822
Srinagar,2026-09-28 14:00:00,1,22.3734435,0.2025945999999999,6.7654601,21.559665144356458,0.5729511642873091,5.741563288591715
Srinagar,2026-09-28 15:00:00,1,22.278370100000004,0.0613242,5.829490600000001,21.319951009814993,0.14499345626871424,4.9080506277330205
Srinagar,2026-09-28 16:00:00,1,22.0311902,0.0811874,3.2151998,20.803129134395157,0.1520527565542055,3.8993511534240173
Srinagar,2026-09-28 17:00:00,1,20.5571483,0.0839674,6.948332800000001,19.717962076307067,0.16932391522744888,6.552606403884495
Srinagar,2026-09-28 18:00:00,1,17.9392047,0.3575376,5.7817314,18.094334593753665,0.15491999811628152,5.161702682897483
Srinagar,2026-09-28 19:00:00,1,16.7608136,0.0,2.6328336,16.927022281699102,0.07361431931469287,2.416669151077096
Srinagar,2026-09-28 20:00:00,1,15.3407537,0.0794528,3.2003634000000005,15.55190428072349,0.08375062845188422,2.6614661151910504
Srinagar,2026-09-28 21:00:00,1,14.392457,0.0595896,2.7189298,14.712012590989167,0.10183811420010967,2.3905337822230233
Srinagar,2026-09-28 22:00:00,1,13.5860376,0.0397264,2.5241623,13.897703168084288,0.09148314051257997,2.0977087906390133
Srinagar,2026-09-28 23:00:00,1,12.9231174,0.0,1.4616877,13.771463122453298,0.06151357838854296,1.5045450388851118
Srinagar,2026-09-29 00:00:00,2,12.296842803157196,0.0499878,1.2249852,12.508829971423328,0.13070255924100405,1.1432008087965404
Srinagar,2026-09-29 01:00:00,2,11.708355991644009,0.0,1.2487814,12.01890125537758,0.08405564244690746,1.1187623112218328
Srinagar,2026-09-29 02:00:00,2,11.162696737303264,0.0,1.765962,11.448475853006345,0.08225341541817882,1.5997089835892349
Srinagar,2026-09-29 03:00:00,2,10.804644895355104,0.0,1.7444750999999998,11.076879062668457,0.0721382974111557,1.6132774148654112
Srinagar,2026-09-29 04:00:00,2,10.48942061057939,0.0,1.9429505,10.766930824384936,0.07309038690865592,2.0288440779738
Srinagar,2026-09-29 05:00:00,2,10.045626954373043,0.0,2.2388303,10.545139881370968,0.07707200931610403,2.2959449053593635
Srinagar,2026-09-29 06:00:00,2,9.9989482010518,0.0,1.1924738,10.270644549664325,0.08463874288125937,1.3322622654291478
Srinagar,2026-09-29 07:00:00,2,11.346933553066448,0.0,1.3223525,11.492526868576523,0.08257408049540321,1.462140965429148
Srinagar,2026-09-29 08:00:00,2,13.889234210765787,0.0,1.3143796,14.316742921423486,0.07840146269565113,1.4612964835242255
Srinagar,2026-09-29 09:00:00,2,16.45121684878315,0.0,1.7542361,16.68444401222678,0.07983817331582768,2.350450908465016
Srinagar,2026-09-29 10:00:00,2,19.216963983036017,0.0,2.5310247,19.28094296932749,0.048446057951852334,3.618921819795406
Srinagar,2026-09-29 11:00:00,2,21.64945805054195,0.0,3.0592071,21.76650362843058,0.05222400642097325,3.9083828589774794
Srinagar,2026-09-29 12:00:00,2,23.605711294288703,0.0,3.1525017,23.472726974547083,0.05471276111896099,3.912611787968307
Srinagar,2026-09-29 13:00:00,2,24.97136522863477,0.0,3.754684,24.784534883725513,0.05376225681370451,4.640140322840379
Srinagar,2026-09-29 14:00:00,2,25.7977425022575,0.0,3.5086744,25.396966612863984,0.06321967919688765,4.4559482599693006
Srinagar,2026-09-29 15:00:00,2,26.05835904164096,0.0249939,2.6543811,25.655518103813815,0.07772921342935962,3.707062231889537
Srinagar,2026-09-29 16:00:00,2,25.81635748364252,0.0,2.6175579,25.421612418779045,0.05618058883618377,3.5007347472599584
Srinagar,2026-09-29 17:00:00,2,24.693224306775697,0.0,3.5932002,24.58517652989663,0.05413034064736957,4.003472718645699
Srinagar,2026-09-29 18:00:00,2,21.384655115344884,0.0,3.4987536999999995,21.716011579576442,0.05396077363292104,2.4301700158418207
Srinagar,2026-09-29 19:00:00,2,19.15718484281516,0.0,2.3647620000000003,19.243874472543336,0.04737369991815249,2.373917808897286
Srinagar,2026-09-29 20:00:00,2,17.281557618442385,0.0,1.4228959,17.27776119513251,0.06358840911714617,1.6043386007352305
Srinagar,2026-09-29 21:00:00,2,16.013299186700813,0.0,1.6086227000000002,16.258959004515614,0.056883622582778674,1.6495315849959407
Srinagar,2026-09-29 22:00:00,2,15.093571506428496,0.0,1.5080658999999998,15.403666695649644,0.05629494959312373,1.6249783833433649
Srinagar,2026-09-29 23:00:00,2,14.312706887293114,0.0,1.2660023,15.151665442372124,0.05926464655037353,1.4998933971916222
Srinagar,2026-09-30 00:00:00,3,13.5018638,0.0,1.5104006,13.808784240807919,0.08327065146364936,1.4414428536093007
Srinagar,2026-09-30 01:00:00,3,12.8116002,0.0,1.4089846,13.117835627956522,0.08497741556620025,1.3071346106874573
Srinagar,2026-09-30 02:00:00,3,12.1618743,0.0,1.3453617,12.443343579926031,0.08368764982352671,1.2468254287345775
Srinagar,2026-09-30 03:00:00,3,11.460589400000002,0.0,1.2730134000000002,11.732823567313355,0.07602878891886249,1.1974715015670294
Srinagar,2026-09-30 04:00:00,3,10.8629707,0.0,1.5921176,11.135204867313353,0.07261292492683755,1.6987707417827336
Srinagar,2026-09-30 05:00:00,3,10.502412,0.0,1.6085884,10.994454280768144,0.07379973119766259,1.7160995567901893
Srinagar,2026-09-30 06:00:00,3,10.4060484,0.0,1.4457256,10.677744748612525,0.07726861032103849,1.594191960706125
Srinagar,2026-09-30 07:00:00,3,11.8349771,0.0,0.8985844000000001,11.977072229915695,0.07636601983580725,1.0617321184424269
Srinagar,2026-09-30 08:00:00,3,14.664193400000002,0.0,1.0943573,15.041496822308137,0.07707292708173656,1.3285437865219027
Srinagar,2026-09-30 09:00:00,3,17.7567494,0.0,1.7665592,17.877523355497885,0.07926254094514015,2.5785679908731716
Srinagar,2026-09-30 10:00:00,3,20.5710261,0.0,2.9627368999999995,20.68627328898353,0.05367023636232506,3.9822355130448206
Srinagar,2026-09-30 11:00:00,3,23.0334179,0.0,3.3664115,23.176976296148002,0.05624186989388865,4.0397918281162655
Srinagar,2026-09-30 12:00:00,3,24.9167897,0.0,3.2869424,24.87225486937299,0.06310095955555582,4.229067624644623
Srinagar,2026-09-30 13:00:00,3,26.2517205,0.0,3.3965936,25.964798940259143,0.056577751691849205,4.620299379195529
Srinagar,2026-09-30 14:00:00,3,26.9781998,0.0,3.6184155,26.63568817966677,0.05636490320718504,4.663635096693197
Srinagar,2026-09-30 15:00:00,3,27.1030456,0.0281430281430281,3.5061206,26.818041888290953,0.078652267638188,4.6019181521215735
Srinagar,2026-09-30 16:00:00,3,26.8166705,0.0,6.900468499999999,26.644895791101664,0.07483636947249485,5.372498300164072
Srinagar,2026-09-30 17:00:00,3,24.8880885,0.0,6.4606555,24.96796306313671,0.1060394894020498,5.021015039162656
Srinagar,2026-09-30 18:00:00,3,21.5451681,0.0281430281430281,3.714472,21.946173213913987,0.08021989180860288,2.7157336246692125
Srinagar,2026-09-30 19:00:00,3,19.2761184,0.0281430281430281,2.1216352,19.566817078489265,0.06907243413276919,2.185449302350492
Srinagar,2026-09-30 20:00:00,3,17.4746566,0.0,2.3306299,17.582962691219066,0.06062918385000904,2.192651543070315
Srinagar,2026-09-30 21:00:00,3,16.254469800000003,0.0,2.2159399,16.42798997984974,0.06354853396976554,2.0911309612430062
Srinagar,2026-09-30 22:00:00,3,15.4471374,0.0,1.6770221,15.723363791973966,0.05480583509892898,1.7430739514317808
Srinagar,2026-09-30 23:00:00,3,14.7340607,0.0,1.681572,15.566894146077685,0.055556499562290605,1.8765290259685858
Surat,2026-09-28 00:00:00,1,26.3887527,0.0,13.3702984,26.298115358777725,0.062494218776731704,8.258800643694475
Surat,2026-09-28 01:00:00,1,26.1821452,0.0,11.8711379,26.17612112435595,0.062494218776731704,8.316623374093407
Surat,2026-09-28 02:00:00,1,25.9517272,0.0,10.3854003,26.055166562778453,0.062494218776731704,7.452596256332017
Surat,2026-09-28 03:00:00,1,25.7508718,0.0,8.521903299999998,25.88827013305082,0.06559413398416647,6.2022088124412615
Surat,2026-09-28 04:00:00,1,25.5477392,0.0,6.4633038,25.706419057706913,0.06500492615226822,4.784497756853723
Surat,2026-09-28 05:00:00,1,25.3794936,0.0,3.5489974,25.726567868517954,0.07420608257255334,4.432993932540835
Surat,2026-09-28 06:00:00,1,25.4982571,0.0248403,3.2214287,25.849392787572544,0.13030728232589373,4.25293604022036
Surat,2026-09-28 07:00:00,1,26.0981184,0.0248403,3.6962638,26.321023928208888,0.1345263715325148,4.776351244131336
Surat,2026-09-28 08:00:00,1,27.1527213,0.0248403,4.7346851,27.390172190452343,0.13326722400539842,5.309226932385838
Surat,2026-09-28 09:00:00,1,28.359275499999995,0.0248403,5.3337029,28.828192424358473,0.13542094102203395,5.52210990725497
Surat,2026-09-28 10:00:00,1,29.4344914,0.0248403,6.6734337,29.935948033243307,0.1392341922378606,6.341744746559624
Surat,2026-09-28 11:00:00,1,30.421789500000003,0.0248403,10.7291817,30.7263813198298,0.14242559003640282,8.423436452777791
Surat,2026-09-28 12:00:00,1,30.8421251,0.0,13.7191971,31.1804604968082,0.06556239950425694,10.592313542896319
Surat,2026-09-28 13:00:00,1,30.9412697,0.0,14.8831802,31.266541758121466,0.06787184223626604,10.950755057016496
Surat,2026-09-28 14:00:00,1,30.793221,0.0,14.9356825,31.130439164241604,0.06851709611443915,10.86995686315865
Surat,2026-09-28 15:00:00,1,30.437143,0.0,14.4459885,30.90798707955386,0.06851709611443915,10.216125517413419
Surat,2026-09-28 16:00:00,1,29.9357212,0.0,13.9596083,30.454544609918244,0.059145894497307026,10.045609171781994
Surat,2026-09-28 17:00:00,1,29.1684164,0.0,13.3725201,29.65299923895237,0.05658390327444856,9.453402999767158
Surat,2026-09-28 18:00:00,1,28.0799206,0.0,12.173385200000002,28.151269201872505,0.05796206864863072,8.840869718563507
Surat,2026-09-28 19:00:00,1,27.160933,0.0,10.092797,27.22586852409027,0.05586371940026714,7.519149680341849
Surat,2026-09-28 20:00:00,1,26.5376151,0.0,8.9253287,26.73022543661437,0.05546968444793212,6.740765654201571
Surat,2026-09-28 21:00:00,1,26.1141469,0.0,8.5357762,26.44166103499318,0.056072321686369116,6.184376956177921
Surat,2026-09-28 22:00:00,1,25.8176218,0.0,7.968808899999999,26.157998144238455,0.05595359155270608,5.665748008147595
Surat,2026-09-28 23:00:00,1,25.6233739,0.0,7.5018061,25.97684169013856,0.06241303100743213,5.304603214855201
Surat,2026-09-29 00:00:00,2,25.402945,0.0,6.817864182135818,25.56554523157552,0.0645220269751278,5.094532185745303
Surat,2026-09-29 01:00:00,2,25.2077201,0.0,5.923000376999623,25.44472656902644,0.06410731854551868,4.855780680454834
Surat,2026-09-29 02:00:00,2,24.9599387,0.0,5.076064923935075,25.192204625480656,0.07846517452999362,4.434947716342917
Surat,2026-09-29 03:00:00,2,24.6372069,0.0,3.978665521334478,24.87871842186588,0.1275168220139311,4.775194085371957
Surat,2026-09-29 04:00:00,2,24.3681905,0.0,3.028190771809228,24.57324451275353,0.24294533622316894,4.3217798459761365
Surat,2026-09-29 05:00:00,2,24.2541879,0.0,2.2618447381552618,24.465244493653156,0.2270536941334261,3.5780747240054787
Surat,2026-09-29 06:00:00,2,24.3588026,0.0,1.4786672213327785,24.57934406776763,0.21221360695080668,2.7459191656459288
Surat,2026-09-29 07:00:00,2,25.1782409,0.0,2.761192438807561,25.431007374517623,0.23699421164755693,4.057713142345905
Surat,2026-09-29 08:00:00,2,26.7466936,0.0,3.41020798979201,27.08330247124134,0.07100124645684468,4.546840170812115
Surat,2026-09-29 09:00:00,2,28.430447300000004,0.0,3.4101043898956096,28.855540144917768,0.07434992219443061,4.42030760248864
Surat,2026-09-29 10:00:00,2,29.8503839,0.0,3.303561796438204,30.290151575194294,0.0814267038632213,3.9548424897608863
Surat,2026-09-29 11:00:00,2,30.9189761,0.0,5.3409424590575405,31.2884015558973,0.07260289446318004,4.529671943968026
Surat,2026-09-29 12:00:00,2,31.617070299999995,0.1813003813003812,8.004799095200903,31.687406811547156,0.4365932354074661,6.29990443908289
Surat,2026-09-29 13:00:00,2,31.859329700000004,0.1813003813003812,10.822891577108422,31.593785010189755,0.4262504064454399,8.058269201825407
Surat,2026-09-29 14:00:00,2,31.85119,0.1813003813003812,13.180057919942078,31.465188702276564,0.42108950668241596,9.82706055569843
Surat,2026-09-29 15:00:00,2,31.6392205,0.0,13.82231177768822,31.317687136919584,0.056598084634506655,10.177635296067638
Surat,2026-09-29 16:00:00,2,31.0989079,0.0269714269714269,13.636198763801236,30.697835676456492,0.1202856304280617,9.417514610109542
Surat,2026-09-29 17:00:00,2,30.3664123,0.0,12.466631733368263,30.43246276030053,0.056171337774249555,8.403613365120748
Surat,2026-09-29 18:00:00,2,29.1748899,0.0,10.968800631199366,29.56534330475575,0.056171337774249555,7.5782029929244175
Surat,2026-09-29 19:00:00,2,28.0309125,0.0,9.337599062400937,28.105047866370768,0.059841357070282514,6.592870708383486
Surat,2026-09-29 20:00:00,2,27.335252800000003,0.0,8.475595024404974,27.415677584309304,0.06331184625952258,6.075692350678904
Surat,2026-09-29 21:00:00,2,26.881961600000004,0.0,8.619913080086919,27.0737861676214,0.05895355097284439,6.225724455184796
Surat,2026-09-29 22:00:00,2,26.532485,0.0,8.886743113256886,26.81216027036793,0.05563806341131136,6.507976175115426
Surat,2026-09-29 23:00:00,2,26.2883198,0.0,8.559406040593958,26.60182934587664,0.056052771840920466,6.418922028008035
Surat,2026-09-30 00:00:00,3,26.0963016,0.0,7.319377419377419,26.133660731638077,0.07396971633109066,5.684242241647178
Surat,2026-09-30 01:00:00,3,25.8963016,0.0,4.612703612703613,25.9866122143898,0.0670506891623813,4.219864615569853
Surat,2026-09-30 02:00:00,3,25.6435868,0.0,3.0427252427252425,25.800944569078872,0.09065461656937032,4.244187891837648
Surat,2026-09-30 03:00:00,3,25.290973,0.0,3.559387359387359,25.445501241238404,0.11378645752554924,4.821663106917642
Surat,2026-09-30 04:00:00,3,25.0096981,0.0,3.6215638215638215,25.22999830348634,0.10236331830863044,4.811653751266016
Surat,2026-09-30 05:00:00,3,24.9624129,0.0,2.6078140078140075,25.202243925723426,0.08447132378233091,3.863530954115224
Surat,2026-09-30 06:00:00,3,25.1118692,0.0,2.9387169387169383,25.356266059685368,0.09837063025311694,4.094950614783796
Surat,2026-09-30 07:00:00,3,25.876156800000004,0.0,3.7226013226013226,26.122617437287424,0.07781747080601314,4.846776460366353
Surat,2026-09-30 08:00:00,3,27.5160726,0.0,3.434479934479934,27.860567828364864,0.061821840472249444,4.414602851524241
Surat,2026-09-30 09:00:00,3,29.203634200000003,0.0,4.765233965233965,29.703512050201603,0.05827351421478311,4.300757176701741
Surat,2026-09-30 10:00:00,3,30.796625400000003,0.0,5.652983652983652,31.184568330109855,0.08492679369366578,4.860659811780671
Surat,2026-09-30 11:00:00,3,31.986646,0.0,7.4354014354014355,32.21225038356321,0.05919678902689152,5.844563424530637
Surat,2026-09-30 12:00:00,3,32.4681654,0.24757,9.21986161986162,32.07177222829497,0.49691507632816645,6.977774033135095
Surat,2026-09-30 13:00:00,3,32.5664125,0.24757,10.976315776315776,31.84541282742848,0.5188484954975973,7.569640035875551
Surat,2026-09-30 14:00:00,3,32.5550993,0.24757,11.795000495000494,31.80333207835901,0.5228268125432034,8.47029236521902
Surat,2026-09-30 15:00:00,3,32.5552579,0.074271,12.033865933865934,31.826499554695356,0.3506473497510705,8.967056440048676
Surat,2026-09-30 16:00:00,3,32.3380686,0.074271,11.868049168049168,31.601792508359292,0.35728971455153125,8.793537415718726
Surat,2026-09-30 17:00:00,3,31.3648626,0.2540366,11.39192429192429,30.725839131736983,0.4828589084520172,7.842165916785332
Surat,2026-09-30 18:00:00,3,29.7882102,0.0224707,9.100959600959602,29.927430611232058,0.1006644900252438,6.553294944377104
Surat,2026-09-30 19:00:00,3,28.7394184,0.0,8.17024417024417,29.037210811519053,0.0610301831049218,6.0604269131722734
Surat,2026-09-30 20:00:00,3,27.9417622,0.0,8.454212054212054,28.015897566370768,0.06230089840718273,6.55578369420604
Surat,2026-09-30 21:00:00,3,27.3983132,0.0,9.133669833669837,27.47065683145284,0.06353371135803405,6.645884493004836
Surat,2026-09-30 22:00:00,3,27.0727237,0.0,10.366314766314764,27.099017255082916,0.06250914649099701,7.147400018585764
Surat,2026-09-30 23:00:00,3,26.8471342,0.0,9.338175238175236,26.907194772569202,0.059992311694947294,6.5876426851171965
Thane,2026-09-28 00:00:00,1,25.47931992068008,0.0,2.235645235645236,24.735007901174754,0.10774416502354146,3.3697376909498016
Thane,2026-09-28 01:00:00,1,25.072777027222976,0.0,2.972953072953073,24.37233715616708,0.09949363303049637,4.0893241941854175
Thane,2026-09-28 02:00:00,1,24.800614699385303,0.0,3.046548346548347,24.22516861091968,0.09510300726913573,4.141993052113449
Thane,2026-09-28 03:00:00,1,24.61828288171712,0.0,3.2628548628548626,23.873970862211795,0.09785218522360407,4.359732921278255
Thane,2026-09-28 04:00:00,1,24.58374011625988,0.0,3.465196265196265,23.83960185448531,0.09959086881099553,4.479721194732033
Thane,2026-09-28 05:00:00,1,24.73779066220934,0.0,3.385004185004185,23.986804474652992,0.09327695432163736,4.375584031308968
Thane,2026-09-28 06:00:00,1,24.93807036192964,0.0,3.8272433272433273,24.226391202592566,0.09327695432163736,4.658281089603335
Thane,2026-09-28 07:00:00,1,25.530344569655437,0.0,4.233409833409834,24.83529744576562,0.07831516075859193,4.010439230545567
Thane,2026-09-28 08:00:00,1,26.713729486270516,0.0,5.241618641618642,26.13896666327585,0.07517166572542862,4.328170292531577
Thane,2026-09-28 09:00:00,1,28.23836056163944,0.0311063,5.054466854466854,27.56594228714421,0.14299520496124704,4.138915601789787
Thane,2026-09-28 10:00:00,1,29.97039472960527,0.0311063,2.323020323020323,30.18163658405583,0.16090610778011555,3.408507394650602
Thane,2026-09-28 11:00:00,1,31.231988668011333,0.0311063,1.5465787465787464,31.34550283229873,0.16918014352258098,2.654253893077046
Thane,2026-09-28 12:00:00,1,31.843189356810647,0.1244252,3.127814127814128,31.301739925073036,0.39718158500204087,3.9215492779471184
Thane,2026-09-28 13:00:00,1,31.953948146051857,0.1244252,6.35004185004185,30.98982824160998,0.3939803616579066,4.503507705548802
Thane,2026-09-28 14:00:00,1,31.6915458084542,0.1244252,9.06011026011026,30.479982748970613,0.3988381853010133,6.810820446725067
Thane,2026-09-28 15:00:00,1,31.168571931428072,0.0887402,10.161110861110862,29.966056713857288,0.35916148997528785,6.707619471302511
Thane,2026-09-28 16:00:00,1,30.27003452996547,0.0622126,10.394135094135097,29.11299977786811,0.326477696548761,6.653702408724557
Thane,2026-09-28 17:00:00,1,29.14854515145485,0.0622126,9.510195010195009,28.283334471006473,0.2991453591578103,5.802148578504948
Thane,2026-09-28 18:00:00,1,28.02479787520213,0.1555315,8.385636585636586,27.57422028479268,0.38249665848743997,5.338663241646905
Thane,2026-09-28 19:00:00,1,27.25822264177736,0.1555315,6.059518959518959,26.67866572475537,0.3216606063277263,4.157420022960218
Thane,2026-09-28 20:00:00,1,26.715320984679018,0.1555315,3.815547615547615,26.06203107952419,0.3011505854523405,3.24694615267084
Thane,2026-09-28 21:00:00,1,26.31906678093322,0.0,3.433883533883534,25.734298771455848,0.08187179537933947,4.295972209106574
Thane,2026-09-28 22:00:00,1,26.04578645421355,0.0,3.2924599924599924,25.439930938128263,0.08004394693866308,4.174301135465499
Thane,2026-09-28 23:00:00,1,25.65353414646585,0.081112,3.17015777015777,24.974801280425595,0.15585665124157538,4.26360373301474
Thane,2026-09-29 00:00:00,2,25.402713200000008,0.321273,3.559750100000001,24.53152043043806,0.21499233079502256,4.92893631732145
Thane,2026-09-29 01:00:00,2,25.250173300000004,0.0,3.242735400000001,24.504516301490735,0.09701274167726869,4.426254675454227
Thane,2026-09-29 02:00:00,2,25.0791475,0.0,2.8289509000000006,24.327806797212634,0.10854647049961631,3.994272187234251
Thane,2026-09-29 03:00:00,2,24.9468926,0.0,2.7296266000000005,24.179325418391617,0.10759972256404554,3.907626610280225
Thane,2026-09-29 04:00:00,2,24.7102931,0.214182,3.0460006000000006,23.832795811464376,0.2168857322553808,4.3393953491257395
Thane,2026-09-29 05:00:00,2,24.713201500000004,0.0,3.1147522000000003,23.94702230188223,0.12689799160576368,4.238155672352429
Thane,2026-09-29 06:00:00,2,24.749385100000005,0.0,3.2673587,24.02251293010151,0.13164882843960363,4.3364614476898895
Thane,2026-09-29 07:00:00,2,25.2812677,0.0,3.5297467000000005,24.586220576110183,0.10851480383798773,4.584747219794958
Thane,2026-09-29 08:00:00,2,26.5140145,0.0,3.889986500000001,25.935931445638847,0.0769091591929774,4.838659599989023
Thane,2026-09-29 09:00:00,2,28.152950400000005,0.0,5.2501195,28.19757741062583,0.07937058062869616,4.355148580437021
Thane,2026-09-29 10:00:00,2,30.07377630000001,0.0,5.408051900000001,30.161108273651575,0.0691841369878459,4.853115791883714
Thane,2026-09-29 11:00:00,2,31.431485,0.0428364,4.971459800000001,31.31343475050188,0.1396828946523388,4.646336863193657
Thane,2026-09-29 12:00:00,2,32.4393207,0.0525036,4.1802736000000005,31.57010426563744,0.21035875675572657,4.85494353109173
Thane,2026-09-29 13:00:00,2,32.8467045,0.0525036,5.186980700000001,31.786657369997144,0.21554605183402487,5.849647821412314
Thane,2026-09-29 14:00:00,2,32.72613440000001,0.1300708,6.4103267000000015,31.402024755316088,0.30455578685213425,4.761680710389715
Thane,2026-09-29 15:00:00,2,31.482650200000005,1.8634956,6.564781700000001,30.30254119591077,2.03763413633731,5.326406471172923
Thane,2026-09-29 16:00:00,2,30.431138200000003,0.8404014,6.7261024,29.47325890277941,0.9408757491998923,5.236994574173226
Thane,2026-09-29 17:00:00,2,29.535853300000007,0.4538883999999999,8.4865165,28.82118597259716,0.6282986574816206,5.7484810015157315
Thane,2026-09-29 18:00:00,2,28.271788700000005,0.0428364,9.390266600000002,27.802096196563667,0.12372963893371203,6.215117783755069
Thane,2026-09-29 19:00:00,2,27.298751600000006,0.0856728,9.210589100000002,26.993434718961566,0.16013355241631494,6.205195633547289
Thane,2026-09-29 20:00:00,2,26.828054500000004,0.0214182,7.439599100000001,26.403695993773507,0.09474939672542045,5.168636373546598
Thane,2026-09-29 21:00:00,2,26.419650400000005,0.3426912,5.577256800000001,25.992507069028665,0.19485156412343688,4.307249260988463
Thane,2026-09-29 22:00:00,2,26.176820000000003,0.0,3.600701700000001,25.592844048396575,0.08779746254374395,4.447114852794179
Thane,2026-09-29 23:00:00,2,25.825300400000003,0.0214182,3.0945471,25.216896271365062,0.10191497436054806,4.053450796251715
Thane,2026-09-30 00:00:00,3,25.4554809,0.3571691428308571,2.6742453742453742,24.597833554142387,0.2664823202049428,4.169454098186159
Thane,2026-09-30 01:00:00,3,25.2690476,0.0476225523774476,1.9684369684369685,24.472723961549672,0.19876491182517814,3.3281910308006615
Thane,2026-09-30 02:00:00,3,25.0374444,0.0,1.4766185766185769,24.25668662510445,0.12722592514763614,2.712789233170187
Thane,2026-09-30 03:00:00,3,24.8565546,0.1787273212726786,2.091414191414191,23.999410267677558,0.31416485520106313,3.487062648281228
Thane,2026-09-30 04:00:00,3,24.6468944,0.1787273212726786,2.7459462459462456,23.789576309946806,0.31359283306900326,4.123299813000935
Thane,2026-09-30 05:00:00,3,24.5071503,0.1787273212726786,2.9846178846178844,23.6616916403815,0.313628522899023,4.327060075577603
Thane,2026-09-30 06:00:00,3,24.4700036,0.051064948935051,3.3147810147810146,23.70412465584822,0.20423690746286802,4.533822983612447
Thane,2026-09-30 07:00:00,3,25.0635834,0.0986875013124986,3.0306939306939302,24.2825450222305,0.24678086010220204,4.345818045562199
Thane,2026-09-30 08:00:00,3,26.5768367,0.051064948935051,3.355660855660856,25.917922005998044,0.20042002110398716,4.446300829419087
Thane,2026-09-30 09:00:00,3,28.441885900000003,0.0,3.968487168487168,28.416766292426246,0.09962308286122903,3.9647368536071186
Thane,2026-09-30 10:00:00,3,30.2502326,0.0,4.24058564058564,30.338365145853707,0.08324607186313258,4.6427150390371805
Thane,2026-09-30 11:00:00,3,31.5872616,0.0,4.18973518973519,31.488939219831856,0.07811208566345144,4.878400782130253
Thane,2026-09-30 12:00:00,3,32.3874926,0.051064948935051,3.695659695659695,31.507167998407624,0.30237980056814884,4.864061141729021
Thane,2026-09-30 13:00:00,3,32.7370398,0.051064948935051,4.645607845607845,31.664697726313335,0.310335957182768,5.191266116748766
Thane,2026-09-30 14:00:00,3,32.6192683,0.051064948935051,6.651712351712351,31.29262877119992,0.3222744664858415,4.806878799256566
Thane,2026-09-30 15:00:00,3,31.5454501,0.7693864306135693,7.644430844430843,30.210417311656894,1.0376624534197092,5.873155532823438
Thane,2026-09-30 16:00:00,3,30.5370606,0.742142457857542,8.68993988993989,29.187194344443853,0.9839879679199918,5.657792582570188
Thane,2026-09-30 17:00:00,3,29.3394522,0.6187553812446187,8.444597044597042,28.501446166372098,0.8131912976979935,5.2444777706734005
Thane,2026-09-30 18:00:00,3,27.8349163,0.2476535523464476,7.244025444025443,27.191762083279297,0.32910361636908125,5.216328920891685
Thane,2026-09-30 19:00:00,3,26.9166872,0.4047916952083047,5.594392994392994,26.890481314561647,0.25352001514118483,4.836614349484822
Thane,2026-09-30 20:00:00,3,26.679414,0.1428676571323428,4.256495056495056,26.525971963027928,0.22937267676590467,4.528922025420369
Thane,2026-09-30 21:00:00,3,26.4162032,0.0,3.627808327808327,26.057054042149073,0.09983764103223791,4.467999938566834
Thane,2026-09-30 22:00:00,3,26.2176004,0.0,1.823361123361123,25.842306279140214,0.10120824450239604,2.8454565607061975
Thane,2026-09-30 23:00:00,3,26.032686400000003,0.0,2.3565074565074564,25.540546185396845,0.10543648636688584,3.333790986280826
Thiruvananthapuram,2026-09-28 00:00:00,1,26.209374809374804,0.0,7.087507199999999,25.96961184298175,0.06937148526361453,7.681152339909602
Thiruvananthapuram,2026-09-28 01:00:00,1,25.94157444157444,0.0,7.1917423,25.701811475181383,0.07097501064479529,7.730105272418884
Thiruvananthapuram,2026-09-28 02:00:00,1,25.792279792279796,0.0,7.6546492,25.55251682588674,0.07036989155852054,7.933210462618053
Thiruvananthapuram,2026-09-28 03:00:00,1,25.666034766034763,0.0,8.0177506,25.426271799641707,0.06626043142669479,8.244612627871199
Thiruvananthapuram,2026-09-28 04:00:00,1,25.634586834586838,0.0,8.416019599999998,25.37902896476029,0.06366253181897327,8.60596934158528
Thiruvananthapuram,2026-09-28 05:00:00,1,25.601933901933904,0.0,8.5276959,25.361837885379156,0.06905049628210798,8.988420262347988
Thiruvananthapuram,2026-09-28 06:00:00,1,25.96993996993997,0.0,9.2121024,25.858982560922325,0.07078567348270927,9.777725698827457
Thiruvananthapuram,2026-09-28 07:00:00,1,27.31141401141401,0.0,10.8684398,27.254669952274625,0.05738362111295776,11.414903863335685
Thiruvananthapuram,2026-09-28 08:00:00,1,28.864797264797264,0.0,12.7458829,28.730696747665018,0.05597254544278974,12.535971866099477
Thiruvananthapuram,2026-09-28 09:00:00,1,30.247558747558745,0.0524422,12.8390166,30.00014175208218,0.23987245851435585,13.435431917863596
Thiruvananthapuram,2026-09-28 10:00:00,1,31.406158306158304,0.0524422,13.4856677,31.176206851500257,0.24826678796146845,14.23577869438929
Thiruvananthapuram,2026-09-28 11:00:00,1,32.14863364863365,0.0524422,15.036962,31.95689078881884,0.2233810955559443,15.94608399759186
Thiruvananthapuram,2026-09-28 12:00:00,1,32.2015522015522,0.0,16.809749,32.527595248478036,0.060957358200604536,16.57793104394698
Thiruvananthapuram,2026-09-28 13:00:00,1,31.89128989128989,0.0,17.6795413,32.33336072217061,0.0760807858750967,17.618155525911266
Thiruvananthapuram,2026-09-28 14:00:00,1,31.659543559543557,0.0,17.659112099999998,31.356425956185074,0.0760807858750967,17.542889589267382
Thiruvananthapuram,2026-09-28 15:00:00,1,30.982891582891583,0.0,17.3101928,30.359002357039977,0.0647323366782035,17.609533253948
Thiruvananthapuram,2026-09-28 16:00:00,1,30.15233885233885,0.0,15.7637776,29.500014107892433,0.05666495242392003,15.989482899611449
Thiruvananthapuram,2026-09-28 17:00:00,1,29.275388475388475,0.0,13.4407655,29.621946786216007,0.05621289871980723,14.23685657560467
Thiruvananthapuram,2026-09-28 18:00:00,1,28.309516309516308,0.0,10.8677674,28.507773747216277,0.059292950729013576,11.694564726521687
Thiruvananthapuram,2026-09-28 19:00:00,1,27.657853557853556,0.0,8.446885000000002,27.521590307176208,0.05929424881384928,10.302882232655765
Thiruvananthapuram,2026-09-28 20:00:00,1,27.13414493414493,0.0,6.999380800000001,27.10866356516457,0.08026050251063432,8.836702389581825
Thiruvananthapuram,2026-09-28 21:00:00,1,26.72403752403752,0.0,6.4759623,26.709620202817252,0.07284265510784148,6.9744848078104
Thiruvananthapuram,2026-09-28 22:00:00,1,26.436681336681332,0.0,6.1371134000000005,26.421339538582522,0.08227182257473872,5.943315404308399
Thiruvananthapuram,2026-09-28 23:00:00,1,26.09512599512599,0.0,6.0720897,26.01213731113087,0.08330729357383335,5.9621526257814725
Thiruvananthapuram,2026-09-29 00:00:00,2,25.7766944,0.0,5.8551986,25.542076218524908,0.0919141059670323,5.831959756218048
Thiruvananthapuram,2026-09-29 01:00:00,2,25.5168096,0.0,5.4555291,25.278805022812364,0.09346522427998644,5.569829800516534
Thiruvananthapuram,2026-09-29 02:00:00,2,25.304502000000003,0.0,5.3271034,25.06649742281237,0.09365781294804855,5.408147065999503
Thiruvananthapuram,2026-09-29 03:00:00,2,25.1488352,0.0,5.6989091,24.88594052576614,0.0890136937759813,5.589323152890814
Thiruvananthapuram,2026-09-29 04:00:00,2,25.001656,0.0,6.0506773,24.73238378661486,0.08863176794583318,5.856199263558777
Thiruvananthapuram,2026-09-29 05:00:00,2,25.0228488,0.0,5.8038071,24.75321821408506,0.09327588711790043,5.603801603183235
Thiruvananthapuram,2026-09-29 06:00:00,2,25.3666572,0.0264611,5.9767364,25.124302201549312,0.1597678260150101,5.802888000535921
Thiruvananthapuram,2026-09-29 07:00:00,2,26.8292308,0.0,6.326977599999999,26.76056239884673,0.08819833389385968,6.485722004806308
Thiruvananthapuram,2026-09-29 08:00:00,2,28.622062,0.0,8.399655999999998,28.426604743457947,0.07601005222367259,8.784669150977965
Thiruvananthapuram,2026-09-29 09:00:00,2,30.0314708,0.0261379,9.663668499999998,29.801825068678962,0.1473011142092028,10.510858991486186
Thiruvananthapuram,2026-09-29 10:00:00,2,31.184688800000004,0.0261379,11.6619214,30.966907089367258,0.1493482353441142,12.253158555936693
Thiruvananthapuram,2026-09-29 11:00:00,2,31.7365356,0.0261379,13.8458303,31.538956152801234,0.1537483396854604,14.669232764726111
Thiruvananthapuram,2026-09-29 12:00:00,2,31.930894800000004,0.0261379,15.611666999999995,32.24126643573151,0.14956924335776234,15.206212991266948
Thiruvananthapuram,2026-09-29 13:00:00,2,31.818189600000004,0.0261379,16.676670699999995,32.250391869362794,0.14956924335776234,16.60756227464951
Thiruvananthapuram,2026-09-29 14:00:00,2,31.5167664,0.0261379,17.0707215,31.527659219477556,0.15027646280593177,17.059534183246765
Thiruvananthapuram,2026-09-29 15:00:00,2,30.8597284,0.0,16.8377481,30.452708197101284,0.05864791546859543,17.1730770778465
Thiruvananthapuram,2026-09-29 16:00:00,2,30.0583576,0.0,15.3092035,29.411481155990636,0.05734449587087212,16.09361595933755
Thiruvananthapuram,2026-09-29 17:00:00,2,29.06268,0.0,13.005799199999998,29.498394104878905,0.05621289871980723,13.839600138330248
Thiruvananthapuram,2026-09-29 18:00:00,2,27.996285200000003,0.0,10.0180939,28.21667627095326,0.05752832687755654,10.91709792511555
Thiruvananthapuram,2026-09-29 19:00:00,2,27.356798,0.0,7.9657088,27.28057891944434,0.07715299973741527,8.612492995070266
Thiruvananthapuram,2026-09-29 20:00:00,2,26.838054,0.0,6.8755381,26.803888631403378,0.06449759936176105,6.150290583535883
Thiruvananthapuram,2026-09-29 21:00:00,2,26.4197076,0.0,6.4461341,26.39660627916347,0.07284265510784148,5.799755702226925
Thiruvananthapuram,2026-09-29 22:00:00,2,26.0178868,0.0,6.4106752,25.94954571517355,0.07101480666716509,5.653177675509445
Thiruvananthapuram,2026-09-29 23:00:00,2,25.727348000000003,0.0,6.397878,25.63367744604054,0.07179989571317613,5.7172329520844345
Thiruvananthapuram,2026-09-30 00:00:00,3,25.4803667,0.0,6.284321800000001,25.256284197307465,0.1078183711014618,6.472758625871544
Thiruvananthapuram,2026-09-30 01:00:00,3,25.3411222,0.0232832,6.6074877,25.103117622812366,0.1257260190962542,6.9680087118942735
Thiruvananthapuram,2026-09-30 02:00:00,3,25.1429865,0.0,6.9056911,24.904981922812365,0.08464769557643863,7.051663734727769
Thiruvananthapuram,2026-09-30 03:00:00,3,24.9346359,0.0,7.0558839,24.700110716138138,0.0756744958527577,7.150926256524533
Thiruvananthapuram,2026-09-30 04:00:00,3,24.7085029,0.0,7.1361451,24.440507548203122,0.08501699476740915,7.042889607074377
Thiruvananthapuram,2026-09-30 05:00:00,3,24.7011171,0.0,7.3862201,24.46718149127868,0.08341494368230881,7.452156504960826
Thiruvananthapuram,2026-09-30 06:00:00,3,25.1153301,0.0,7.4145898,24.876967150282567,0.08523601987072438,7.674083264440996
Thiruvananthapuram,2026-09-30 07:00:00,3,26.7742529,0.0,8.2102055,26.680062021226878,0.06469053200358175,8.268518912366929
Thiruvananthapuram,2026-09-30 08:00:00,3,28.6670376,0.0,10.0287765,28.6378910501304,0.05752838088525018,10.672659104468542
Thiruvananthapuram,2026-09-30 09:00:00,3,30.206861,0.0268393,11.3089148,29.960157544272434,0.1541555559103969,11.825848453011524
Thiruvananthapuram,2026-09-30 10:00:00,3,31.456320400000003,0.0268393,12.7860908,31.216434573277724,0.152376967107522,13.460203086634271
Thiruvananthapuram,2026-09-30 11:00:00,3,32.1919077,0.0268393,14.7791709,31.982369095638045,0.14994967436250478,14.232978443536977
Thiruvananthapuram,2026-09-30 12:00:00,3,32.2162928,0.0805178999999999,16.8854335,32.43029039946108,0.25935794803032786,16.80699542991437
Thiruvananthapuram,2026-09-30 13:00:00,3,31.8619133,0.0805178999999999,17.8490656,32.200621949381585,0.24505937419883433,17.862396202146595
Thiruvananthapuram,2026-09-30 14:00:00,3,31.3459952,0.0805178999999999,18.3261726,30.984515706831786,0.23567773235347006,18.324153274325106
Thiruvananthapuram,2026-09-30 15:00:00,3,30.7376446,0.0268393,17.9958042,30.05814859319233,0.1512875126022843,18.281018003790013
Thiruvananthapuram,2026-09-30 16:00:00,3,29.8409985,0.0268393,16.670675600000003,29.169217682682703,0.15069307690992512,16.872051012367443
Thiruvananthapuram,2026-09-30 17:00:00,3,28.9116167,0.0268393,14.621312500000002,29.192687043469338,0.15063464332558135,15.434467245023107
Thiruvananthapuram,2026-09-30 18:00:00,3,28.0008229,0.0,12.0302048,28.215309019848046,0.059484313866680114,12.727793342277685
Thiruvananthapuram,2026-09-30 19:00:00,3,27.4811762,0.0,9.8077927,27.75468865375644,0.06051641725612088,11.597571470689775
Thiruvananthapuram,2026-09-30 20:00:00,3,26.9654623,0.0477586,7.8852531,26.900892710081475,0.1421713993469432,9.740850077874784
Thiruvananthapuram,2026-09-30 21:00:00,3,26.5031406,0.0,7.1372374,26.40547491827208,0.08402309834763912,9.300628186167105
Thiruvananthapuram,2026-09-30 22:00:00,3,26.2107306,0.0,6.838275100000001,26.0129692972305,0.08449183208899705,9.041342934600044
Thiruvananthapuram,2026-09-30 23:00:00,3,25.96019,0.0,6.6938365,25.76178116243119,0.07045856232111788,8.844680067700738
Vadodara,2026-09-28 00:00:00,1,25.8960703,0.0,14.2407602,25.986502318924373,0.057019082490500736,11.079388449276511
Vadodara,2026-09-28 01:00:00,1,25.7540537,0.0,12.2564802,25.852912952527905,0.060512219300529344,9.496745299271709
Vadodara,2026-09-28 02:00:00,1,25.5468499,0.0,10.078087,25.710539047605813,0.06091674622728954,8.225411421114565
Vadodara,2026-09-28 03:00:00,1,25.3517882,0.0,8.354673,25.56713356517217,0.06606105922106074,7.371777935077317
Vadodara,2026-09-28 04:00:00,1,25.1758913,0.0,7.2546266,25.45733058147936,0.06790139236616806,6.509301896727095
Vadodara,2026-09-28 05:00:00,1,25.7571503,0.0,6.941606799999999,26.027755654057234,0.062213973045053474,5.766406346397011
Vadodara,2026-09-28 06:00:00,1,25.2667335,0.0,5.808434399999999,25.62612352439534,0.0855197893403274,5.9847405897953925
Vadodara,2026-09-28 07:00:00,1,25.835557,0.0,6.355091,26.16305010051773,0.06515698516635583,6.422826119495243
Vadodara,2026-09-28 08:00:00,1,27.1627587,0.0,8.9378702,27.392275979676715,0.055362210348680135,7.281422975844112
Vadodara,2026-09-28 09:00:00,1,28.487919500000004,0.0,10.820576,28.9145840929882,0.05251698050769405,8.408438391960122
Vadodara,2026-09-28 10:00:00,1,29.8988538,0.0,11.5971672,30.18932030521761,0.05186682340935613,9.04197911127708
Vadodara,2026-09-28 11:00:00,1,31.2253238,0.0,12.7003766,31.398178126599102,0.05186682340935613,9.927641710935768
Vadodara,2026-09-28 12:00:00,1,32.3079681,0.0,13.307772600000002,32.413661018329165,0.06060656511485689,10.366005780301336
Vadodara,2026-09-28 13:00:00,1,33.062384,0.0,14.413287999999998,32.9550752648766,0.052310839987651715,10.647793137955517
Vadodara,2026-09-28 14:00:00,1,33.353534100000005,0.0,14.834420599999998,33.00092579623921,0.05419006010790699,10.129594184578036
Vadodara,2026-09-28 15:00:00,1,33.1904313,0.0,13.9124016,32.83779002975904,0.05205481574530561,9.54108336645189
Vadodara,2026-09-28 16:00:00,1,32.7484835,0.0,12.4445508,32.61516821639584,0.05205481574530561,9.07646242138152
Vadodara,2026-09-28 17:00:00,1,32.080116399999994,0.0,10.5354144,32.147994984016684,0.05143739117939978,8.163458762633805
Vadodara,2026-09-28 18:00:00,1,30.7552237,0.0,7.4912974,30.695077398090508,0.05111809855079036,5.990168495507246
Vadodara,2026-09-28 19:00:00,1,29.2985858,0.0,6.232239000000001,29.337924718414257,0.05035834813831592,4.415958995415857
Vadodara,2026-09-28 20:00:00,1,28.1192844,0.0,6.955733,28.178730494246377,0.05182016415554186,4.490522882480355
Vadodara,2026-09-28 21:00:00,1,27.1753464,0.0,7.8373304,27.31841719888724,0.05436545841634242,5.175362183802008
Vadodara,2026-09-28 22:00:00,1,26.3158111,0.0,8.0788724,26.621237338887216,0.05547359689820314,5.6403202009504145
Vadodara,2026-09-28 23:00:00,1,25.6210754,0.0,8.2654262,25.95145631672311,0.06341824585069425,6.327898673984411
Vadodara,2026-09-29 00:00:00,2,25.1955783,0.0,8.542836957163043,25.508288235788562,0.09297155869091771,6.413175987406982
Vadodara,2026-09-29 01:00:00,2,24.815318,0.0,7.944728955271046,25.12697223108215,0.08662927084136478,6.307382428583542
Vadodara,2026-09-29 02:00:00,2,24.555981100000004,0.0,7.456358243641757,24.88238331587023,0.07157764416762281,6.384409232475377
Vadodara,2026-09-29 03:00:00,2,24.2995369,0.0,7.553418946581055,24.655830419313364,0.07157764416762281,6.989599519459385
Vadodara,2026-09-29 04:00:00,2,24.0516874,0.0,7.294123605876394,24.44251658621754,0.06174004573285972,6.781642230348374
Vadodara,2026-09-29 05:00:00,2,23.9347987,0.0,6.704404695595304,24.344686878895534,0.0584447938016406,6.3946119591089845
Vadodara,2026-09-29 06:00:00,2,24.0458603,0.0,6.587496012503989,24.456197858998394,0.07097072817399479,6.300118717042216
Vadodara,2026-09-29 07:00:00,2,24.780738000000003,0.0,6.876683223316777,25.153920798793308,0.07080470580678115,6.177709598374868
Vadodara,2026-09-29 08:00:00,2,26.4664179,0.0,6.522458677541323,27.225339267387636,0.06495669256002393,4.678962387978249
Vadodara,2026-09-29 09:00:00,2,28.2760551,0.0,5.378266921733079,28.707216068839916,0.05368936170656652,4.47236064020833
Vadodara,2026-09-29 10:00:00,2,30.218061400000003,0.0,4.6125005874994125,30.558542803972035,0.056323209818265975,3.840461990494113
Vadodara,2026-09-29 11:00:00,2,31.8814747,0.0,4.566427933572067,31.98917698849404,0.05542602471687415,3.7600592542307005
Vadodara,2026-09-29 12:00:00,2,33.1138855,0.0,4.906408693591306,32.93472088959027,0.05542602471687415,4.199194538519043
Vadodara,2026-09-29 13:00:00,2,33.9365179,0.0,5.780585919414081,33.2760886751513,0.05293394818258323,4.560000420222212
Vadodara,2026-09-29 14:00:00,2,34.3943704,0.0,6.911848788151212,33.732159315954014,0.05293394818258323,5.111595837097932
Vadodara,2026-09-29 15:00:00,2,34.4480053,0.0,7.803086296913705,33.791195936450805,0.05172875845668711,5.389018351827113
Vadodara,2026-09-29 16:00:00,2,34.1228643,0.0,9.230970769029232,33.35166874720319,0.05172875845668711,6.259827480189534
Vadodara,2026-09-29 17:00:00,2,33.3442062,0.0,10.066816633183368,32.81239178229483,0.051024825679200775,6.714060626167585
Vadodara,2026-09-29 18:00:00,2,31.924566,0.0,9.6979091020909,31.87594240011981,0.05143953410880988,6.393130043853038
Vadodara,2026-09-29 19:00:00,2,30.5192115,0.0,7.749009350990651,30.53726223573954,0.05072612155743549,5.450174151364166
Vadodara,2026-09-29 20:00:00,2,29.5012042,0.0,5.94881455118545,29.46901080418076,0.06782414518236718,4.154697050495138
Vadodara,2026-09-29 21:00:00,2,28.8423509,0.0,4.81012538987461,28.919874005044615,0.06907274081648401,3.2920360162465654
Vadodara,2026-09-29 22:00:00,2,28.193276,0.0,5.244584155415845,28.27052451143185,0.07746219982440042,3.7118447435064947
Vadodara,2026-09-29 23:00:00,2,27.5072069,0.0,5.439166160833839,27.639250835278794,0.0830060533489178,4.202024038808124
Vadodara,2026-09-30 00:00:00,3,26.8604141,0.0,4.842219057780942,27.200173715130404,0.06551409088050686,5.640172965300758
Vadodara,2026-09-30 01:00:00,3,26.2592497,0.0,3.862869537130463,26.609971079895075,0.07642200421419983,4.85610864717371
Vadodara,2026-09-30 02:00:00,3,25.718585999999995,0.0,3.9497271502728495,26.107635858503055,0.09351958106113464,4.908849489163961
Vadodara,2026-09-30 03:00:00,3,25.1779537,0.0,4.031594468405531,25.607947327810457,0.09638266251648812,5.001955897563971
Vadodara,2026-09-30 04:00:00,3,24.6873486,0.0,3.94032705967294,25.004842879020625,0.12748683902273708,4.890022257685651
Vadodara,2026-09-30 05:00:00,3,24.2872199,0.0,3.983398016601983,24.590481383711392,0.16366874059703437,3.584194162007819
Vadodara,2026-09-30 06:00:00,3,24.2287477,0.0,4.568661231338768,24.54855443286893,0.13900473777065614,4.043896103208599
Vadodara,2026-09-30 07:00:00,3,25.1832808,0.0,5.175740524259475,25.496916632073766,0.21951876365285228,4.471330818653383
Vadodara,2026-09-30 08:00:00,3,27.477874,0.0,3.9709684290315694,27.83080801994325,0.08932527578288971,3.7914398396102333
Vadodara,2026-09-30 09:00:00,3,29.4071603,0.0,5.917824182175817,29.875416893580514,0.0877459229798518,4.247158517577219
Vadodara,2026-09-30 10:00:00,3,31.1153594,0.0,6.927434972565028,31.413989426708948,0.0877459229798518,5.17434042685544
Vadodara,2026-09-30 11:00:00,3,32.534020500000004,0.0,7.905906894093105,32.53621042650707,0.08802042352738178,5.96746362278431
Vadodara,2026-09-30 12:00:00,3,33.5735742,0.0,8.603485296514702,33.15501222881644,0.08802042352738178,6.288183872111796
Vadodara,2026-09-30 13:00:00,3,34.3735742,0.0,9.42089607910392,33.764395369933986,0.07912780287986718,6.946962732466838
Vadodara,2026-09-30 14:00:00,3,34.7236014,0.0,10.06057053942946,34.052591534265524,0.06563548690303417,7.3530748319150305
Vadodara,2026-09-30 15:00:00,3,34.6224799,0.0,10.44990465009535,33.950904793557356,0.062233089350656225,7.076613971023873
Vadodara,2026-09-30 16:00:00,3,34.19115669999999,0.0,10.34068715931284,33.54601676264828,0.06024450807814297,6.921562824997249
Vadodara,2026-09-30 17:00:00,3,33.4213584,0.0,9.96047423952576,32.84800192948772,0.05362353007158564,7.05809635831414
Vadodara,2026-09-30 18:00:00,3,32.0408575,0.0,8.307752892247105,32.00872104418571,0.05362353007158564,6.422014377550397
Vadodara,2026-09-30 19:00:00,3,30.7476401,0.0,6.375722824277175,30.64844561848499,0.07417970434719244,5.06031457560765
Vadodara,2026-09-30 20:00:00,3,29.6556645,0.0,5.433658366341634,29.653793392319816,0.07767061938939433,4.181962925310358
Vadodara,2026-09-30 21:00:00,3,28.8753383,0.0,5.497254402745597,28.9309549227926,0.10220083850354866,4.294001585594039
Vadodara,2026-09-30 22:00:00,3,28.2858118,0.0,5.163318436681562,28.37998614988219,0.1054705408531563,4.129651406379779
Vadodara,2026-09-30 23:00:00,3,27.7370034,0.0,4.635283064716935,27.94987373240353,0.10199338141151464,4.085812111781891
Varanasi,2026-09-28 00:00:00,1,23.43773536226464,0.0,4.612797012797012,24.064014974230066,0.13180325496837011,4.5215481802185415
Varanasi,2026-09-28 01:00:00,1,23.20810649189351,0.0,4.965258165258165,23.774371144523986,0.13802733070410594,4.873954562036677
Varanasi,2026-09-28 02:00:00,1,23.11216978783021,0.0,4.792424392424392,23.67250723280456,0.1179095073926255,4.6566719695429075
Varanasi,2026-09-28 03:00:00,1,23.012058287941716,0.0,3.86039836039836,23.539140409798204,0.12441899296807596,3.812305104665937
Varanasi,2026-09-28 04:00:00,1,22.910535789464213,0.0,3.353197553197553,23.422293425829185,0.12849652739349632,3.559238138165873
Varanasi,2026-09-28 05:00:00,1,23.368721931278078,0.0,3.1183638183638185,23.8949979946529,0.12291810619506979,3.316234633521187
Varanasi,2026-09-28 06:00:00,1,23.354188745811257,0.0817857,3.837817337817338,23.924522799829035,0.2505984736419224,3.90014090704456
Varanasi,2026-09-28 07:00:00,1,24.33496396503604,0.0817857,5.218733718733718,25.072154818047427,0.31206430063893403,5.340382384779466
Varanasi,2026-09-28 08:00:00,1,25.534219265780735,0.0817857,6.765528265528265,26.624046465161925,0.2627680911418891,6.9993947981056985
Varanasi,2026-09-28 09:00:00,1,26.68845361154639,0.1090476,7.231359731359731,27.91260460937176,0.31054654031525586,6.92755338479332
Varanasi,2026-09-28 10:00:00,1,27.85301594698406,0.1364031,8.746954246954246,28.935171432744202,0.2954225598027449,6.93801058776402
Varanasi,2026-09-28 11:00:00,1,28.20484389515611,0.2458251,9.997351997351997,29.5045772478751,0.4013177281785748,7.765336994046294
Varanasi,2026-09-28 12:00:00,1,29.017198582801417,0.0545238,9.383983983983985,30.314072468845474,0.31591990876211984,8.235858466015028
Varanasi,2026-09-28 13:00:00,1,29.56866913133087,0.1795213,11.52215312215312,30.497604750601006,0.43005058071231844,9.271349255832513
Varanasi,2026-09-28 14:00:00,1,30.172362527637475,0.0545238,11.437079437079436,30.87199754650633,0.30538792584049235,9.079160410315575
Varanasi,2026-09-28 15:00:00,1,30.103143996856005,0.0,11.144930744930743,30.65827823377312,0.09869464482309652,8.764474164037706
Varanasi,2026-09-28 16:00:00,1,29.47411292588708,0.0749985,8.572565172565172,30.00977876585873,0.17064569590613674,6.439970228788442
Varanasi,2026-09-28 17:00:00,1,28.320202779797224,0.0249995,6.662995862995862,29.119292271562088,0.14025317813094507,5.235602594940766
Varanasi,2026-09-28 18:00:00,1,27.282652417347585,0.0,7.502235502235502,28.01774157944193,0.1631879880192639,5.492322355079307
Varanasi,2026-09-28 19:00:00,1,26.54007105992894,0.0,6.298987498987499,27.30762798042937,0.13982169912277223,5.059646096779632
Varanasi,2026-09-28 20:00:00,1,25.998900701099306,0.0,5.915782115782116,26.837278916106328,0.15035184891739725,5.136981233204996
Varanasi,2026-09-28 21:00:00,1,25.524038175961827,0.0,5.203377603377603,26.38112217124653,0.14377946036908504,4.801035710414869
Varanasi,2026-09-28 22:00:00,1,25.10719209280791,0.0,4.726318726318726,25.94170402927653,0.13553200101485433,4.57429407233847
Varanasi,2026-09-28 23:00:00,1,24.707192092807908,0.0,4.438739438739439,25.522126272779875,0.1433540370816306,3.7746693870001296
Varanasi,2026-09-29 00:00:00,2,24.4412365,0.0,4.9975894,25.215086674596503,0.12644380946700193,5.011399531003767
Varanasi,2026-09-29 01:00:00,2,24.1804966,0.0,5.7851189000000005,24.948300372391,0.13720630203760317,4.777180478706729
Varanasi,2026-09-29 02:00:00,2,23.907326500000003,0.0,6.992006999999999,24.646033532223605,0.13425754085989863,5.809751519716055
Varanasi,2026-09-29 03:00:00,2,23.7436986,0.0,7.3233729,24.469174155143392,0.12975687449872564,6.15927086832534
Varanasi,2026-09-29 04:00:00,2,23.5150852,0.0,7.02327,24.246643482300843,0.12555639358606574,5.943387798905872
Varanasi,2026-09-29 05:00:00,2,23.4477907,0.0,6.981802400000001,24.222291497477013,0.12432113092011164,5.934954752817912
Varanasi,2026-09-29 06:00:00,2,23.8444636,0.0,7.1671332,24.6367958250291,0.13100344262412889,6.014704989616101
Varanasi,2026-09-29 07:00:00,2,25.117973600000003,0.0,8.095248600000001,25.970895739335944,0.14422459798289208,6.87953595852117
Varanasi,2026-09-29 08:00:00,2,26.6741955,0.0,8.6385234,27.817490758621812,0.15134699301940513,7.009819651565979
Varanasi,2026-09-29 09:00:00,2,28.009889,0.0311871999999999,9.0922299,29.209315167834635,0.15892275080626628,7.4360154551632585
Varanasi,2026-09-29 10:00:00,2,29.3050315,0.0823834,10.1309448,30.337037592406045,0.21975577576201755,8.025395457437398
Varanasi,2026-09-29 11:00:00,2,30.3466006,0.0311871999999999,11.5838534,31.181218989154836,0.18833068301499328,9.254892229315846
Varanasi,2026-09-29 12:00:00,2,31.0451566,0.0,12.8024488,31.50169688558086,0.08860487491289337,10.416800050957972
Varanasi,2026-09-29 13:00:00,2,31.4186658,0.0,13.0625118,31.770915926527305,0.08661682528403414,9.88454279135816
Varanasi,2026-09-29 14:00:00,2,31.4550379,0.0,11.9801697,31.81664040928234,0.09091106574062272,9.534210654713547
Varanasi,2026-09-29 15:00:00,2,31.127103500000004,0.0,11.1699427,31.46974012620244,0.09121791601151649,8.715241417298655
Varanasi,2026-09-29 16:00:00,2,30.374122300000003,0.0,9.3168629,30.63495168915039,0.09944665019950928,6.799230397419416
Varanasi,2026-09-29 17:00:00,2,28.9828851,0.0,6.786648399999999,29.526492055630396,0.09879983853557574,5.675003548307252
Varanasi,2026-09-29 18:00:00,2,27.8431859,0.0,6.698295300000001,28.459074361888803,0.11452139768329726,5.40167362782185
Varanasi,2026-09-29 19:00:00,2,26.9693372,0.0,6.374938700000001,27.739461785591885,0.13873534363079268,5.809928945727013
Varanasi,2026-09-29 20:00:00,2,26.295828000000004,0.0,6.494214500000001,27.126166761815057,0.16496406598717533,5.929750642906229
Varanasi,2026-09-29 21:00:00,2,25.6745346,0.0,6.6620966,26.632522444480102,0.15242972512737532,5.7704024261116595
Varanasi,2026-09-29 22:00:00,2,25.2113326,0.0,6.725360900000001,26.202482186833898,0.1449848497581576,5.936909615452547
Varanasi,2026-09-29 23:00:00,2,24.7797316,0.0,6.948232000000001,25.785309131584505,0.1461027053908473,5.571306856300173
Varanasi,2026-09-30 00:00:00,3,24.4685142,0.0,7.327572999999999,25.203100397977757,0.13228993153905602,6.096502557479579
Varanasi,2026-09-30 01:00:00,3,24.2297931,0.0,7.1841095,24.96869993670537,0.13051693433362443,6.240462068220216
Varanasi,2026-09-30 02:00:00,3,24.0242722,0.0,7.370573800000001,24.76942353061373,0.13106660141726156,6.335192401805127
Varanasi,2026-09-30 03:00:00,3,23.7778529,0.0,7.579792999999999,24.505013285210662,0.13546754423017343,6.593728281496295
Varanasi,2026-09-30 04:00:00,3,23.6145797,0.0,7.503247900000001,24.337661860767994,0.1365207287275464,6.43116941412881
Varanasi,2026-09-30 05:00:00,3,23.6289505,0.0,7.652638900000001,24.3788729765625,0.13338827757421823,6.676556874758003
Varanasi,2026-09-30 06:00:00,3,24.0988963,0.0,7.652638900000001,24.872698398829428,0.13914472708527648,6.72803773840494
Varanasi,2026-09-30 07:00:00,3,25.3694495,0.0,8.8686784,26.20697052814189,0.12691654027209678,7.294571129944023
Varanasi,2026-09-30 08:00:00,3,26.81585,0.0,9.9795846,27.96119068420379,0.12505090281346776,7.867624336844166
Varanasi,2026-09-30 09:00:00,3,28.1805619,0.0311171311171311,11.1600532,29.242195142601773,0.16154641577048945,8.910361401690928
Varanasi,2026-09-30 10:00:00,3,29.3617137,0.0311171311171311,12.1915316,30.22491956714896,0.16992562663969027,9.358047886746
Varanasi,2026-09-30 11:00:00,3,30.352129400000003,0.0311171311171311,13.2382864,30.81469717053932,0.17505663290220436,10.350390436935395
Varanasi,2026-09-30 12:00:00,3,30.9612851,0.0311171311171311,13.6937091,31.272948494700447,0.21494874682833315,11.523951714817255
Varanasi,2026-09-30 13:00:00,3,31.3168601,0.0311171311171311,13.7876811,31.577231222163668,0.2126711032776896,11.528077317500355
Varanasi,2026-09-30 14:00:00,3,31.3168601,0.0311171311171311,13.6719467,31.595454652664177,0.21464184814930393,11.298766730165422
Varanasi,2026-09-30 15:00:00,3,30.9780308,0.0,12.3856511,31.318893352631267,0.08906951762056091,9.9981258116904
Varanasi,2026-09-30 16:00:00,3,30.2371178,0.0,10.0001497,30.5004647990337,0.0904850494724664,7.757321615282393
Varanasi,2026-09-30 17:00:00,3,28.8239217,0.0,7.8737101,29.369906711659794,0.10274713967162824,6.512557788581304
Varanasi,2026-09-30 18:00:00,3,27.7480744,0.0,7.7977653,28.36077269992888,0.11923278332805415,6.325468085935584
Varanasi,2026-09-30 19:00:00,3,27.0906279,0.0,8.0674504,27.770745974855885,0.1753901663530963,6.330169848881964
Varanasi,2026-09-30 20:00:00,3,26.3945831,0.0,7.888059299999999,27.20506299427271,0.19302374057562902,6.446346046928646
Varanasi,2026-09-30 21:00:00,3,25.8485924,0.0,7.3315714,26.71216520785636,0.13406232573451907,6.170792727473656
Varanasi,2026-09-30 22:00:00,3,25.373050900000003,0.0,6.5380102,26.35188138422791,0.12560337227070473,5.523501626890342
Varanasi,2026-09-30 23:00:00,3,24.9511983,0.0,6.493391000000001,25.952458038124746,0.1350038292541746,5.6575575917674845
Vijayawada,2026-09-28 00:00:00,1,25.793631806368182,0.0,4.6154411,26.954048934818957,0.0899798854975602,6.360941630734582
Vijayawada,2026-09-28 01:00:00,1,25.261128338871657,0.0,4.2764006000000006,26.40202966626703,0.10206716859196335,5.982619755953523
Vijayawada,2026-09-28 02:00:00,1,24.75091654908345,0.0,4.4253647,25.89181787647882,0.09254622826815123,5.978044142317289
Vijayawada,2026-09-28 03:00:00,1,24.279745820254178,0.0,4.5026786,25.420520002121446,0.09199205477256298,5.37654532462474
Vijayawada,2026-09-28 04:00:00,1,23.994938705061287,0.0,4.4972576,25.14677020810694,0.10321094554147564,5.4101866557428115
Vijayawada,2026-09-28 05:00:00,1,24.409301190698805,0.0,4.544068800000001,25.525044153660073,0.20132239110580127,5.513079864064194
Vijayawada,2026-09-28 06:00:00,1,24.44080915919084,0.0,4.978955,25.58766232656696,0.17575376171215087,6.033562373780747
Vijayawada,2026-09-28 07:00:00,1,26.568059431940565,0.0,5.7057574,27.503753193056742,0.0642142254942764,7.032047554759336
Vijayawada,2026-09-28 08:00:00,1,28.987568812431185,0.0,7.184991800000001,29.09029372603149,0.05560190053271602,8.256864567183126
Vijayawada,2026-09-28 09:00:00,1,30.805563094436906,0.0,8.833194299999999,31.19493764484381,0.054819418683987334,9.093519708546308
Vijayawada,2026-09-28 10:00:00,1,32.16658423341576,0.0,10.321249300000002,32.19793597640493,0.054819418683987334,10.51214288177318
Vijayawada,2026-09-28 11:00:00,1,33.17218872781127,0.0,11.097147,32.962973895228814,0.054819418683987334,11.136952425107555
Vijayawada,2026-09-28 12:00:00,1,33.89759340240659,0.0,11.7949637,33.5016995927148,0.055342877863286205,10.291262306176394
Vijayawada,2026-09-28 13:00:00,1,34.32299807700191,0.0,12.1536819,33.89485732177241,0.06492997823535161,10.69984698589278
Vijayawada,2026-09-28 14:00:00,1,34.409361690638306,0.0,12.2850125,33.899071201193685,0.06492997823535161,10.94501723488385
Vijayawada,2026-09-28 15:00:00,1,34.1053758946241,0.0,11.5621435,33.300077333706646,0.055342877863286205,12.555673803334429
Vijayawada,2026-09-28 16:00:00,1,33.310647989352006,0.0,9.5151618,32.58840936464402,0.055342877863286205,10.742505208257684
Vijayawada,2026-09-28 17:00:00,1,31.766879033120965,0.0221533,6.8370448,31.0627338114439,0.09774090830672261,7.282371348785887
Vijayawada,2026-09-28 18:00:00,1,30.28049651950348,0.0,5.7689447000000005,29.7812924129726,0.05730925690491036,6.8753319735850615
Vijayawada,2026-09-28 19:00:00,1,29.249029750970244,0.0,5.636506300000001,29.464586168672984,0.0738171049980556,7.709463060031775
Vijayawada,2026-09-28 20:00:00,1,28.31440858559141,0.0,5.8890136,28.60130067411032,0.0608715150426058,8.108389895137195
Vijayawada,2026-09-28 21:00:00,1,27.51750078249921,0.0,5.9598235,27.81217509942942,0.07669393797995525,8.460285132595438
Vijayawada,2026-09-28 22:00:00,1,26.929580670419327,0.0,5.0135671,27.651760995205862,0.07060499420206284,6.615300762486071
Vijayawada,2026-09-28 23:00:00,1,26.52308447691552,0.0,3.7512191,27.314338359974563,0.07384789139035525,4.608787457447557
Vijayawada,2026-09-29 00:00:00,2,26.105752094247908,0.0,2.8748643,27.267886691030675,0.09150422384281212,4.665165095116766
Vijayawada,2026-09-29 01:00:00,2,25.83535746464253,0.0,3.2062946000000005,26.986814800437017,0.09351888525181616,6.4343866627872925
Vijayawada,2026-09-29 02:00:00,2,25.547865952134053,0.0,3.4672799000000003,26.686391941633808,0.08934955889417193,4.722241695130877
Vijayawada,2026-09-29 03:00:00,2,25.17328152671848,0.0,3.897436000000001,26.30920140754064,0.1045966346110091,5.222589609059581
Vijayawada,2026-09-29 04:00:00,2,24.91369908630092,0.0,4.0288466,26.04961896712308,0.0939126850107153,5.0270959155058135
Vijayawada,2026-09-29 05:00:00,2,24.81922578077422,0.0,3.3896598000000004,25.95054149317801,0.0881133716047218,4.164746985480044
Vijayawada,2026-09-29 06:00:00,2,25.353006346993656,0.0,3.5184731,26.50661986264611,0.07825829284351289,4.353119984553619
Vijayawada,2026-09-29 07:00:00,2,26.833619666380336,0.0,3.7498045000000007,27.51213706824383,0.06851666473623569,5.287902187158301
Vijayawada,2026-09-29 08:00:00,2,28.76747213252787,0.0,4.471731000000001,28.977004300789545,0.06503700891096624,7.673339723508972
Vijayawada,2026-09-29 09:00:00,2,30.611366488633514,0.0,5.909517200000001,31.087492456237005,0.06305248760506407,6.743540261486767
Vijayawada,2026-09-29 10:00:00,2,32.06086073913926,0.0,6.044823200000001,32.38705417980686,0.06455184469835298,6.29100086783807
Vijayawada,2026-09-29 11:00:00,2,33.01158828841172,0.0,5.6922283,33.115337376786684,0.06455184469835298,5.894783724957803
Vijayawada,2026-09-29 12:00:00,2,33.78343801656198,0.0,5.893699300000001,33.196391423783346,0.06455184469835298,5.9940012836331364
Vijayawada,2026-09-29 13:00:00,2,34.22348387651613,0.0,6.1229006,33.42979973228998,0.06455184469835298,6.1446226239927295
Vijayawada,2026-09-29 14:00:00,2,34.2965669034331,0.0,6.3591693000000005,33.30908022867751,0.06455184469835298,5.827291470845312
Vijayawada,2026-09-29 15:00:00,2,33.85758634241366,0.1906688,6.4808725,32.82842194651367,0.25369490430647545,6.8832122350935805
Vijayawada,2026-09-29 16:00:00,2,33.26437323562676,0.272384,5.7204546,32.324353110089966,0.2399093178225415,6.499538287257634
Vijayawada,2026-09-29 17:00:00,2,31.85419204580796,0.1906688,4.4344115,31.17280474416854,0.25673216819332384,5.5312019898492455
Vijayawada,2026-09-29 18:00:00,2,30.413820786179212,0.2451456,3.3719660000000005,30.416864742682147,0.2209647070917719,5.2518779320554785
Vijayawada,2026-09-29 19:00:00,2,29.284556715443284,0.1906688,3.364214200000001,29.826453755663074,0.21273518540285757,5.052230267122951
Vijayawada,2026-09-29 20:00:00,2,28.412140387859612,0.0817152,3.9450942,29.018785263962336,0.14275082756818241,5.088053081810943
Vijayawada,2026-09-29 21:00:00,2,27.74068925931074,0.0,3.0364288000000004,28.461228492597574,0.07795354128968525,3.858393217420435
Vijayawada,2026-09-29 22:00:00,2,27.20373039626961,0.0,1.777098,28.03868152014736,0.08779968374994059,3.3413842579470514
Vijayawada,2026-09-29 23:00:00,2,26.75053624946375,0.0,1.2437461,27.911207715774427,0.09648853025866531,2.841850680974784
Vijayawada,2026-09-30 00:00:00,3,26.3044309,0.0,1.8679173,27.472127151491353,0.10962037123467035,3.595089338065415
Vijayawada,2026-09-30 01:00:00,3,25.8890917,0.0,2.2079095,27.054824494596364,0.09199386321911664,3.8682608514408225
Vijayawada,2026-09-30 02:00:00,3,25.4920937,0.0,1.9685199,26.62426021157557,0.10775693933210338,3.654403482565221
Vijayawada,2026-09-30 03:00:00,3,25.1379799,0.0,2.205873,26.266867100165147,0.11349208469488334,3.8802231545417847
Vijayawada,2026-09-30 04:00:00,3,24.8718951,0.0,2.0730228,25.99889112230218,0.11204556433684922,3.6676803041533406
Vijayawada,2026-09-30 05:00:00,3,24.7891287,0.0,2.1232177,25.91152055388381,0.10244674169626954,3.7271092490402378
Vijayawada,2026-09-30 06:00:00,3,25.2723437,0.0,2.3264825,26.414427248454885,0.09538617920072681,3.958060801333211
Vijayawada,2026-09-30 07:00:00,3,26.9081903,0.0,2.1660702,27.557852436235112,0.08420541707092477,3.8354990790983963
Vijayawada,2026-09-30 08:00:00,3,29.0105916,0.0,3.6744922,29.18303762136055,0.0789885207695528,5.4925057663445465
Vijayawada,2026-09-30 09:00:00,3,30.764705700000004,0.0,4.7548944,31.210739213317126,0.07184431753608313,5.769853007502325
Vijayawada,2026-09-30 10:00:00,3,32.2441409,0.0,5.3636277,32.487485087891834,0.06521004147242182,6.250824785495062
Vijayawada,2026-09-30 11:00:00,3,33.282540600000004,0.0,5.517583200000001,33.31013851085002,0.06521004147242182,5.845082420764329
Vijayawada,2026-09-30 12:00:00,3,33.921821800000004,0.0,5.7123599,33.29203784309063,0.06179298981290801,5.734924077339372
Vijayawada,2026-09-30 13:00:00,3,34.3719577,0.0,5.7316343,33.49572280930517,0.06018983513059967,5.68142480949262
Vijayawada,2026-09-30 14:00:00,3,34.4848015,0.0,6.136011900000001,33.38725198692337,0.058390592260530054,5.839086956208343
Vijayawada,2026-09-30 15:00:00,3,34.1921479,0.0,6.6905867,33.13581886153213,0.0564020109880168,6.044971830810323
Vijayawada,2026-09-30 16:00:00,3,33.3916416,0.0,7.097690300000001,32.479169436897514,0.055632201171385634,7.720725858808725
Vijayawada,2026-09-30 17:00:00,3,31.8453979,0.0,6.0540042,30.95375282616569,0.05492826839389929,6.534463056914298
Vijayawada,2026-09-30 18:00:00,3,30.5396284,0.0,5.2967299,29.98320629425353,0.05508973662160928,5.985162610940748
Vijayawada,2026-09-30 19:00:00,3,29.5652787,0.0,4.5481459,29.306227209094022,0.05668634090076767,5.257860514186512
Vijayawada,2026-09-30 20:00:00,3,28.6728596,0.0,4.6284326,28.929013153067416,0.05641846718883969,5.28384384897703
Vijayawada,2026-09-30 21:00:00,3,27.9548846,0.0,3.8705976,28.183078982176564,0.06369776978935014,4.566362886898044
Vijayawada,2026-09-30 22:00:00,3,27.3294231,0.0,2.5247769,27.77917875527778,0.08389242659953895,4.027289503811559
Vijayawada,2026-09-30 23:00:00,3,26.8021129,0.0,1.3604334,27.53307485370594,0.09100950718016441,3.02084965830079
Visakhapatnam,2026-09-28 00:00:00,1,27.3750939,0.0,4.878212278212278,26.746928149059965,0.16060162330857808,6.837359772187985
Visakhapatnam,2026-09-28 01:00:00,1,27.084329600000004,0.0,4.698956198956198,26.468146023835107,0.1545787094863742,6.52632125449172
Visakhapatnam,2026-09-28 02:00:00,1,26.7018298,0.0,4.282931082931083,26.132936201137476,0.17083694417524803,5.784138335921939
Visakhapatnam,2026-09-28 03:00:00,1,26.4498689,0.0,3.937933437933438,25.9165898969406,0.1842198113366782,5.462367885672912
Visakhapatnam,2026-09-28 04:00:00,1,26.2349797,0.0,3.5185977185977184,25.733899550728704,0.1850356316408385,4.726062944006756
Visakhapatnam,2026-09-28 05:00:00,1,26.5376228,0.0,3.271026171026171,25.955053787111027,0.1834099236351237,4.496551742979404
Visakhapatnam,2026-09-28 06:00:00,1,26.7563199,0.0,3.598445198445198,26.264781119204294,0.1736438843275932,4.9485049547574205
Visakhapatnam,2026-09-28 07:00:00,1,28.1012567,0.0,3.606153806153806,27.4754925493247,0.16553243834825018,4.885011108429325
Visakhapatnam,2026-09-28 08:00:00,1,29.5620539,0.0,3.896342396342397,28.82788080265814,0.16665129154644973,4.9128964907066015
Visakhapatnam,2026-09-28 09:00:00,1,30.7573716,0.0,3.449655649655649,31.28623759915298,0.18159517060414718,4.808764492843494
Visakhapatnam,2026-09-28 10:00:00,1,31.6724011,0.0,4.025921025921026,32.16646798199779,0.1942894081196812,4.860721622249295
Visakhapatnam,2026-09-28 11:00:00,1,32.186551300000005,0.0,5.999138899138899,32.6773383351837,0.1695773154026662,5.841683147070911
Visakhapatnam,2026-09-28 12:00:00,1,32.195787,0.0525910525910525,6.8457492457492455,32.28774127127193,0.3256012712544787,6.554488358502523
Visakhapatnam,2026-09-28 13:00:00,1,31.8626371,0.0525910525910525,8.164985764985765,31.68662026963392,0.35345845108581947,6.98750900763804
Visakhapatnam,2026-09-28 14:00:00,1,31.3490587,0.077087177087177,9.078778678778678,30.893644724952015,0.385292409895676,7.475174168561775
Visakhapatnam,2026-09-28 15:00:00,1,30.9661709,0.0525910525910525,8.337497837497837,30.531576419059277,0.35423591743397725,7.0744523732267535
Visakhapatnam,2026-09-28 16:00:00,1,30.3445281,0.0525910525910525,6.014329414329414,29.88490378472252,0.3091506520363197,5.703792616401668
Visakhapatnam,2026-09-28 17:00:00,1,29.3532404,0.0767993767993768,5.0289466289466285,28.687175897625707,0.25434469632663076,5.520963433344608
Visakhapatnam,2026-09-28 18:00:00,1,28.4350765,0.5906425906425905,5.351781751781751,28.051327530450926,0.4951082874162933,3.4975276248798366
Visakhapatnam,2026-09-28 19:00:00,1,27.8032268,0.2492085492085492,5.630203230203231,27.965380650115414,0.29194282783698455,3.4766735096832857
Visakhapatnam,2026-09-28 20:00:00,1,27.4994238,0.0492083492083492,5.567536567536567,27.65619610075589,0.15277357620460963,3.4766366188454563
Visakhapatnam,2026-09-28 21:00:00,1,27.169597,0.1000001000001,4.208604208604209,27.209290763612895,0.21934719514005552,3.6541872692839488
Visakhapatnam,2026-09-28 22:00:00,1,27.0668457,0.0494961494961495,3.708147508147508,26.904939581963855,0.17495349019211293,4.378769132633419
Visakhapatnam,2026-09-28 23:00:00,1,26.8301136,1.2737984737984738,5.335133835133835,26.356802161667524,0.8763194098845839,5.652350041731975
Visakhapatnam,2026-09-29 00:00:00,2,26.446858646858647,0.3472742,5.3169278,25.888693585161676,0.2684609525630103,7.244796182137831
Visakhapatnam,2026-09-29 01:00:00,2,26.15811095811096,0.0992212,4.3849292,25.583429497017118,0.3080994478773156,5.992746754919006
Visakhapatnam,2026-09-29 02:00:00,2,25.904386304386307,0.0248053,3.737281,25.373367105394586,0.21600359477804007,5.268932855139461
Visakhapatnam,2026-09-29 03:00:00,2,25.73940933940934,0.0,3.5594574,25.198101505487976,0.20502056030285798,5.232120419298378
Visakhapatnam,2026-09-29 04:00:00,2,25.57153307153307,0.0,3.5956708,25.07386597044626,0.20164747309049477,5.0967066168229165
Visakhapatnam,2026-09-29 05:00:00,2,25.562510862510862,0.0,4.0021134,25.093557501423746,0.18835069548730213,5.692565222185619
Visakhapatnam,2026-09-29 06:00:00,2,25.97793717793718,0.0,4.0939346,25.517541298065613,0.18894503076759112,5.16216663723313
Visakhapatnam,2026-09-29 07:00:00,2,27.05687095687096,0.0,4.3074708,26.633903576951585,0.17121018055011183,6.864673702976628
Visakhapatnam,2026-09-29 08:00:00,2,28.491153991153997,0.0,4.3867398,27.741923913235755,0.17095294647703713,7.453793891219787
Visakhapatnam,2026-09-29 09:00:00,2,29.88252838252838,0.0,3.6854096,29.14303828074705,0.17561127834650997,6.649983670653051
Visakhapatnam,2026-09-29 10:00:00,2,31.07783527783528,0.0,2.4211012,31.54453102556918,0.19539737909284757,3.4911856406335393
Visakhapatnam,2026-09-29 11:00:00,2,31.769280469280478,0.0,3.1145238,32.21316377639148,0.19632676815632377,3.9005739603110836
Visakhapatnam,2026-09-29 12:00:00,2,32.05873005873006,0.0,4.985942799999999,31.94947215088684,0.1854427101137491,5.097278456446371
Visakhapatnam,2026-09-29 13:00:00,2,32.11547651547652,0.0,6.991234199999999,31.65271064427874,0.16476008015902205,6.729412040614222
Visakhapatnam,2026-09-29 14:00:00,2,31.75809195809196,0.0,8.2064694,30.94556110997376,0.16429808497642737,7.449876695079022
Visakhapatnam,2026-09-29 15:00:00,2,30.91520391520392,0.0251422,8.407281999999999,30.18051304181272,0.20158825166913721,7.826656259965746
Visakhapatnam,2026-09-29 16:00:00,2,30.02855522855523,0.0251422,7.865296000000001,29.373341601447507,0.1979798636046395,7.63615967185909
Visakhapatnam,2026-09-29 17:00:00,2,29.2981855981856,0.0251422,6.8803394,28.6083626206964,0.17900439845342658,6.776132495759591
Visakhapatnam,2026-09-29 18:00:00,2,28.72011082011082,0.0,5.9461852,27.95936659324381,0.1839353959891057,5.929842563672931
Visakhapatnam,2026-09-29 19:00:00,2,28.480718980718983,0.0,5.38219,27.724133715894766,0.165816857526784,5.302427099499627
Visakhapatnam,2026-09-29 20:00:00,2,28.22471252471253,0.0,5.9377002,27.483009353670045,0.1041486014144117,5.71235157577585
Visakhapatnam,2026-09-29 21:00:00,2,27.86000816000816,0.0,5.900311800000001,27.305301585544534,0.0891783212996765,5.703612736486249
Visakhapatnam,2026-09-29 22:00:00,2,27.50869480869481,0.0,5.8265288,27.045848141529785,0.08864252844108275,5.734341052519259
Visakhapatnam,2026-09-29 23:00:00,2,27.205795505795507,0.0,5.646480199999999,26.73915962233097,0.10062553837617638,5.753210592945124
Visakhapatnam,2026-09-30 00:00:00,3,26.8700941,0.0,5.330265,26.379017269116087,0.13011744164094108,7.478176707423293
Visakhapatnam,2026-09-30 01:00:00,3,26.6092279,0.0,5.6039029000000005,26.156760232797343,0.14974842149247872,7.829445099162678
Visakhapatnam,2026-09-30 02:00:00,3,26.3066661,0.0,5.139219799999999,25.831695465192382,0.14852911996616971,7.062250359480393
Visakhapatnam,2026-09-30 03:00:00,3,25.9843731,0.0,4.9101061,25.46656884765092,0.1807462125624995,6.519429316312176
Visakhapatnam,2026-09-30 04:00:00,3,25.7553852,0.0,4.7823261,25.235806746190864,0.19140022286252564,5.939152573522074
Visakhapatnam,2026-09-30 05:00:00,3,25.7449107,0.0,4.722643699999999,25.21771226911146,0.2085908845519283,5.90242990552701
Visakhapatnam,2026-09-30 06:00:00,3,26.2621299,0.0,4.7573452,25.816020099829004,0.182590411865722,6.00531115145871
Visakhapatnam,2026-09-30 07:00:00,3,27.527991799999995,0.0,3.8238464,26.988265592701882,0.16693590423320034,5.2176667825033185
Visakhapatnam,2026-09-30 08:00:00,3,29.0355244,0.0,3.1682194,28.20230582474365,0.17670182588425956,4.59202479303415
Visakhapatnam,2026-09-30 09:00:00,3,30.2759009,0.0,2.3284157,29.47826478561226,0.18093121249931127,3.8737421668491185
Visakhapatnam,2026-09-30 10:00:00,3,31.1869609,0.0,3.9291836,31.655784445300068,0.17894299525256263,4.829367564056114
Visakhapatnam,2026-09-30 11:00:00,3,31.7725089,0.0,6.173189499999999,32.21634134489293,0.16913924785721274,5.952560041473281
Visakhapatnam,2026-09-30 12:00:00,3,32.1024624,0.0,7.910388599999999,31.815332339759383,0.14815665071032044,7.764908933969848
Visakhapatnam,2026-09-30 13:00:00,3,32.1617324,0.0,9.3432537,31.548196769012463,0.16639296806451218,8.40573322151635
Visakhapatnam,2026-09-30 14:00:00,3,31.8381203,0.0,11.0294813,30.683595514426255,0.1642266664861986,9.143957439441715
Visakhapatnam,2026-09-30 15:00:00,3,30.9930529,0.0,10.6261948,30.022015643775248,0.15008918066362184,9.151808943039283
Visakhapatnam,2026-09-30 16:00:00,3,30.0762913,0.0,9.026463,29.208347705866665,0.1587275855024926,8.724169837980458
Visakhapatnam,2026-09-30 17:00:00,3,29.3116206,0.0,7.285092799999999,28.550837046264,0.1522298553929915,7.28738302790672
Visakhapatnam,2026-09-30 18:00:00,3,28.7795618,0.0,5.7905465,27.925809626772445,0.19689776884570892,5.784080621955275
Visakhapatnam,2026-09-30 19:00:00,3,28.3736005,0.0,4.1234153,27.591041872670008,0.18989822391663702,5.204000723728923
Visakhapatnam,2026-09-30 20:00:00,3,27.970606,0.0,4.8999123,27.305768720392695,0.10547962689265394,4.837063690612023
Visakhapatnam,2026-09-30 21:00:00,3,27.6226969,0.0,5.291923799999999,27.002159923115585,0.10305621877454522,5.219393295705497
Visakhapatnam,2026-09-30 22:00:00,3,27.2810777,0.0,4.8810048,26.723935647304405,0.09461768883235527,4.871161356261108
Visakhapatnam,2026-09-30 23:00:00,3,26.9865299,0.0,4.109652199999999,26.44559089942543,0.10633678113139969,4.692526650769553
